{
  "tokenizer":{
    "token_acc":0.9996132525,
    "token_p":0.9992265051,
    "token_r":0.9990547798,
    "token_f":0.9991406351
  },
  "transformer":{

  },
  "parser":{
    "sents_p":0.8637372392,
    "sents_r":0.9284351145,
    "sents_f":0.894918372,
    "dep_uas":0.7418509132,
    "dep_las":0.6733374115,
    "dep_las_per_type":{
      "ccomp":{
        "p":0.4790575916,
        "r":0.4245939675,
        "f":0.4501845018
      },
      "nsubj":{
        "p":0.6532967033,
        "r":0.6433982684,
        "f":0.6483097056
      },
      "root":{
        "p":0.8033732801,
        "r":0.8635496183,
        "f":0.8323752587
      },
      "cop":{
        "p":0.6319845857,
        "r":0.6418786693,
        "f":0.6368932039
      },
      "advmod":{
        "p":0.6740056818,
        "r":0.6455782313,
        "f":0.659485754
      },
      "advcl":{
        "p":0.5765765766,
        "r":0.5465414176,
        "f":0.5611573871
      },
      "obj":{
        "p":0.7059182428,
        "r":0.7072127139,
        "f":0.7065648855
      },
      "case":{
        "p":0.930259366,
        "r":0.938372093,
        "f":0.9342981187
      },
      "obl":{
        "p":0.6512605042,
        "r":0.6386109476,
        "f":0.6448736999
      },
      "discourse":{
        "p":0.7456492637,
        "r":0.7377483444,
        "f":0.741677763
      },
      "nmod":{
        "p":0.5949494949,
        "r":0.6479647965,
        "f":0.6203264876
      },
      "nsubj:pass":{
        "p":0.6161369193,
        "r":0.6131386861,
        "f":0.6146341463
      },
      "acl":{
        "p":0.4219409283,
        "r":0.3795066414,
        "f":0.3996003996
      },
      "xcomp":{
        "p":0.5191256831,
        "r":0.5322128852,
        "f":0.5255878285
      },
      "cc":{
        "p":0.7620178042,
        "r":0.7772397094,
        "f":0.7695534912
      },
      "conj":{
        "p":0.5037707391,
        "r":0.483357453,
        "f":0.4933530281
      },
      "det":{
        "p":0.7523900574,
        "r":0.7502383222,
        "f":0.7513126492
      },
      "nsubj:outer":{
        "p":0.0,
        "r":0.0,
        "f":0.0
      },
      "mark":{
        "p":0.7426108374,
        "r":0.7671755725,
        "f":0.7546933667
      },
      "amod":{
        "p":0.5528455285,
        "r":0.5222734255,
        "f":0.5371248025
      },
      "aux":{
        "p":0.7666666667,
        "r":0.6764705882,
        "f":0.71875
      },
      "obl:agent":{
        "p":0.5365853659,
        "r":0.3548387097,
        "f":0.427184466
      },
      "parataxis":{
        "p":0.4090909091,
        "r":0.1607142857,
        "f":0.2307692308
      },
      "obl:arg":{
        "p":0.6638225256,
        "r":0.6451077944,
        "f":0.6543313709
      },
      "advcl:cmp":{
        "p":0.3103448276,
        "r":0.25,
        "f":0.2769230769
      },
      "orphan":{
        "p":0.1898734177,
        "r":0.1388888889,
        "f":0.1604278075
      },
      "dep":{
        "p":0.0,
        "r":0.0,
        "f":0.0
      },
      "advmod:neg":{
        "p":0.7777777778,
        "r":0.7777777778,
        "f":0.7777777778
      },
      "nummod":{
        "p":0.75,
        "r":0.7647058824,
        "f":0.7572815534
      },
      "vocative":{
        "p":0.6923076923,
        "r":0.5294117647,
        "f":0.6
      },
      "appos":{
        "p":0.3509933775,
        "r":0.3251533742,
        "f":0.3375796178
      },
      "aux:pass":{
        "p":0.795,
        "r":0.8594594595,
        "f":0.825974026
      },
      "dislocated":{
        "p":0.25,
        "r":0.0724637681,
        "f":0.1123595506
      },
      "fixed":{
        "p":0.5747126437,
        "r":0.6849315068,
        "f":0.625
      },
      "csubj":{
        "p":0.3823529412,
        "r":0.3513513514,
        "f":0.3661971831
      },
      "advmod:tmod":{
        "p":0.6538461538,
        "r":0.5862068966,
        "f":0.6181818182
      },
      "csubj:pass":{
        "p":0.3333333333,
        "r":0.3888888889,
        "f":0.358974359
      },
      "acl:relcl":{
        "p":0.5384615385,
        "r":0.2413793103,
        "f":0.3333333333
      },
      "flat:name":{
        "p":0.525,
        "r":0.7924528302,
        "f":0.6315789474
      },
      "advmod:emph":{
        "p":0.0,
        "r":0.0,
        "f":0.0
      },
      "advcl:abs":{
        "p":0.5,
        "r":0.5384615385,
        "f":0.5185185185
      },
      "flat:foreign":{
        "p":0.0,
        "r":0.0,
        "f":0.0
      },
      "advmod:lmod":{
        "p":0.0,
        "r":0.0,
        "f":0.0
      },
      "conj:expl":{
        "p":0.0,
        "r":0.0,
        "f":0.0
      }
    }
  },
  "trainable_lemmatizer":{
    "lemma_acc":0.9205578357
  },
  "tagger":{
    "tag_acc":0.8590217485
  },
  "speed":2480.7587237507
}