{
  "tokenizer":{
    "token_acc":0.9987632593,
    "token_p":0.9895828378,
    "token_r":0.9929125403,
    "token_f":0.9912448929
  },
  "transformer":{

  },
  "parser":{
    "sents_p":0.2735261809,
    "sents_r":0.4819354839,
    "sents_f":0.3489838823,
    "dep_uas":0.1835748792,
    "dep_las":0.0402368947,
    "dep_las_per_type":{
      "nsubj":{
        "p":0.0269277846,
        "r":0.007994186,
        "f":0.0123283833
      },
      "case":{
        "p":0.1002949853,
        "r":0.0126582278,
        "f":0.0224793388
      },
      "obl":{
        "p":0.0227905358,
        "r":0.0486446342,
        "f":0.0310389764
      },
      "root":{
        "p":0.1854219949,
        "r":0.3274193548,
        "f":0.2367623046
      },
      "det":{
        "p":0.1264044944,
        "r":0.0097318339,
        "f":0.0180722892
      },
      "flat:name":{
        "p":0.0,
        "r":0.0,
        "f":0.0
      },
      "advcl":{
        "p":0.0504587156,
        "r":0.0053921569,
        "f":0.0097431355
      },
      "cop":{
        "p":0.0133333333,
        "r":0.0019723866,
        "f":0.0034364261
      },
      "acl":{
        "p":0.0,
        "r":0.0,
        "f":0.0
      },
      "advmod":{
        "p":0.0481522956,
        "r":0.0212503089,
        "f":0.0294873993
      },
      "flat:foreign":{
        "p":0.0,
        "r":0.0,
        "f":0.0
      },
      "appos":{
        "p":0.0033185841,
        "r":0.012295082,
        "f":0.0052264808
      },
      "amod":{
        "p":0.0075233223,
        "r":0.0501002004,
        "f":0.0130821559
      },
      "nmod":{
        "p":0.0470119522,
        "r":0.0193506068,
        "f":0.0274163569
      },
      "obj":{
        "p":0.0234939759,
        "r":0.0124282983,
        "f":0.0162567737
      },
      "cc":{
        "p":0.1111111111,
        "r":0.001977066,
        "f":0.0038850039
      },
      "conj":{
        "p":0.0135664757,
        "r":0.0213878327,
        "f":0.0166021029
      },
      "xcomp":{
        "p":0.00643915,
        "r":0.0103305785,
        "f":0.0079333598
      },
      "dep":{
        "p":0.0,
        "r":0.0,
        "f":0.0
      },
      "fixed":{
        "p":0.003868472,
        "r":0.08,
        "f":0.0073800738
      },
      "mark":{
        "p":0.1481481481,
        "r":0.0059347181,
        "f":0.0114122682
      },
      "nsubj:pass":{
        "p":0.0,
        "r":0.0,
        "f":0.0
      },
      "orphan":{
        "p":0.0,
        "r":0.0,
        "f":0.0
      },
      "dislocated":{
        "p":0.0,
        "r":0.0,
        "f":0.0
      },
      "csubj":{
        "p":0.0149253731,
        "r":0.0188679245,
        "f":0.0166666667
      },
      "nummod":{
        "p":0.0,
        "r":0.0,
        "f":0.0
      },
      "obl:arg":{
        "p":0.4225352113,
        "r":0.0503355705,
        "f":0.0899550225
      },
      "vocative":{
        "p":0.0166666667,
        "r":0.0056497175,
        "f":0.0084388186
      },
      "discourse":{
        "p":0.1715976331,
        "r":0.0234248788,
        "f":0.0412224591
      },
      "ccomp":{
        "p":0.0044345898,
        "r":0.0051020408,
        "f":0.0047449585
      },
      "parataxis":{
        "p":0.0,
        "r":0.0,
        "f":0.0
      },
      "acl:relcl":{
        "p":0.0,
        "r":0.0,
        "f":0.0
      },
      "iobj":{
        "p":0.0,
        "r":0.0,
        "f":0.0
      },
      "obl:agent":{
        "p":0.0,
        "r":0.0,
        "f":0.0
      },
      "advcl:cmp":{
        "p":0.0,
        "r":0.0,
        "f":0.0
      },
      "advmod:tmod":{
        "p":0.0,
        "r":0.0,
        "f":0.0
      },
      "advmod:emph":{
        "p":0.0,
        "r":0.0,
        "f":0.0
      },
      "advmod:lmod":{
        "p":0.0,
        "r":0.0,
        "f":0.0
      },
      "nsubj:outer":{
        "p":0.0,
        "r":0.0,
        "f":0.0
      },
      "csubj:pass":{
        "p":0.0,
        "r":0.0,
        "f":0.0
      },
      "aux:pass":{
        "p":0.0,
        "r":0.0,
        "f":0.0
      },
      "aux":{
        "p":0.0,
        "r":0.0,
        "f":0.0
      },
      "advmod:neg":{
        "p":0.0,
        "r":0.0,
        "f":0.0
      }
    }
  },
  "trainable_lemmatizer":{
    "lemma_acc":0.1872727923
  },
  "tagger":{
    "tag_acc":0.0611018882
  },
  "morphologizer":{
    "pos_acc":0.2175400942,
    "morph_acc":0.2759749179,
    "morph_micro_p":0.3159530387,
    "morph_micro_r":0.0841597405,
    "morph_micro_f":0.1329151535,
    "morph_per_feat":{
      "Case":{
        "p":0.214340589,
        "r":0.0755312909,
        "f":0.1117005305
      },
      "Gender":{
        "p":0.2752816263,
        "r":0.0965661337,
        "f":0.1429772353
      },
      "Number":{
        "p":0.5718265504,
        "r":0.1737834057,
        "f":0.2665575066
      },
      "Aspect":{
        "p":0.0919148936,
        "r":0.0355731225,
        "f":0.0512942294
      },
      "Mood":{
        "p":0.2745098039,
        "r":0.0251647693,
        "f":0.0461031833
      },
      "Person":{
        "p":0.2321699545,
        "r":0.0233196159,
        "f":0.0423822715
      },
      "Tense":{
        "p":0.2299717248,
        "r":0.0299313052,
        "f":0.0529686313
      },
      "VerbForm":{
        "p":0.24375,
        "r":0.0430463576,
        "f":0.0731707317
      },
      "Voice":{
        "p":0.2363378282,
        "r":0.040899042,
        "f":0.0697309182
      },
      "Definite":{
        "p":0.0,
        "r":0.0,
        "f":0.0
      },
      "PronType":{
        "p":0.5,
        "r":0.0326923077,
        "f":0.0613718412
      },
      "Degree":{
        "p":0.0542082739,
        "r":0.0591900312,
        "f":0.0565897245
      },
      "Polarity":{
        "p":0.0,
        "r":0.0,
        "f":0.0
      },
      "Poss":{
        "p":0.0,
        "r":0.0,
        "f":0.0
      },
      "Reflex":{
        "p":0.0,
        "r":0.0,
        "f":0.0
      },
      "NumForm":{
        "p":0.0,
        "r":0.0,
        "f":0.0
      },
      "NumType":{
        "p":0.0,
        "r":0.0,
        "f":0.0
      },
      "AdvType":{
        "p":0.0,
        "r":0.0,
        "f":0.0
      },
      "Compound":{
        "p":0.0,
        "r":0.0,
        "f":0.0
      }
    }
  },
  "speed":4071.0811402252
}