{
  "tokenizer":{
    "token_acc":0.9996152111,
    "token_p":0.9922378791,
    "token_r":0.9963360691,
    "token_f":0.9942827512
  },
  "transformer":{

  },
  "parser":{
    "sents_p":0.739298725,
    "sents_r":0.8608165429,
    "sents_f":0.7954434101,
    "dep_uas":0.5422383508,
    "dep_las":0.3992560925,
    "dep_las_per_type":{
      "root":{
        "p":0.5244373721,
        "r":0.611611877,
        "f":0.5646799657
      },
      "cc":{
        "p":0.6204044118,
        "r":0.6024992562,
        "f":0.6113207547
      },
      "mark":{
        "p":0.575794621,
        "r":0.4040606234,
        "f":0.4748781717
      },
      "amod":{
        "p":0.2363996044,
        "r":0.2588447653,
        "f":0.247113562
      },
      "nsubj:pass":{
        "p":0.3565830721,
        "r":0.3987730061,
        "f":0.3764997931
      },
      "advmod:neg":{
        "p":0.7395437262,
        "r":0.7137614679,
        "f":0.7264239029
      },
      "advcl":{
        "p":0.2072072072,
        "r":0.162035225,
        "f":0.1818581155
      },
      "case":{
        "p":0.7915662651,
        "r":0.8448802443,
        "f":0.8173547936
      },
      "nsubj":{
        "p":0.325684678,
        "r":0.302544121,
        "f":0.3136882129
      },
      "obl":{
        "p":0.2797369994,
        "r":0.3789473684,
        "f":0.3218707015
      },
      "acl:relcl":{
        "p":0.2255033557,
        "r":0.1315583399,
        "f":0.1661721068
      },
      "nmod":{
        "p":0.3275701803,
        "r":0.396311291,
        "f":0.3586768448
      },
      "obj":{
        "p":0.2973589827,
        "r":0.4569138277,
        "f":0.360260715
      },
      "acl":{
        "p":0.0471380471,
        "r":0.0104321908,
        "f":0.0170835876
      },
      "advmod":{
        "p":0.3298627544,
        "r":0.3115780063,
        "f":0.3204597701
      },
      "csubj:pass":{
        "p":0.1428571429,
        "r":0.0106951872,
        "f":0.0199004975
      },
      "cop":{
        "p":0.3374233129,
        "r":0.5642727821,
        "f":0.4223125565
      },
      "csubj":{
        "p":0.2652519894,
        "r":0.1644736842,
        "f":0.2030456853
      },
      "advmod:lmod":{
        "p":0.3895582329,
        "r":0.4511627907,
        "f":0.4181034483
      },
      "det":{
        "p":0.5763562245,
        "r":0.4438541415,
        "f":0.5015006821
      },
      "fixed":{
        "p":0.0,
        "r":0.0,
        "f":0.0
      },
      "obl:arg":{
        "p":0.5684210526,
        "r":0.1066666667,
        "f":0.1796257796
      },
      "appos":{
        "p":0.0788732394,
        "r":0.0330578512,
        "f":0.0465890183
      },
      "conj":{
        "p":0.2349025202,
        "r":0.2794908062,
        "f":0.2552641778
      },
      "xcomp":{
        "p":0.298048492,
        "r":0.4444444444,
        "f":0.3568141593
      },
      "ccomp:relcl":{
        "p":0.0,
        "r":0.0,
        "f":0.0
      },
      "dep":{
        "p":0.0,
        "r":0.0,
        "f":0.0
      },
      "advmod:emph":{
        "p":0.1805555556,
        "r":0.0395738204,
        "f":0.0649188514
      },
      "advmod:tmod":{
        "p":0.2357142857,
        "r":0.2844827586,
        "f":0.2578125
      },
      "discourse":{
        "p":0.4501295337,
        "r":0.5472440945,
        "f":0.4939587775
      },
      "orphan":{
        "p":0.0,
        "r":0.0,
        "f":0.0
      },
      "flat":{
        "p":0.0,
        "r":0.0,
        "f":0.0
      },
      "dislocated:obj":{
        "p":0.0,
        "r":0.0,
        "f":0.0
      },
      "nummod":{
        "p":0.3010204082,
        "r":0.233201581,
        "f":0.2628062361
      },
      "compound":{
        "p":0.0,
        "r":0.0,
        "f":0.0
      },
      "flat:name":{
        "p":0.0,
        "r":0.0,
        "f":0.0
      },
      "ccomp":{
        "p":0.2905405405,
        "r":0.1769547325,
        "f":0.2199488491
      },
      "ccomp:reported":{
        "p":0.0,
        "r":0.0,
        "f":0.0
      },
      "aux:pass":{
        "p":0.5171232877,
        "r":0.3416289593,
        "f":0.4114441417
      },
      "csubj:relcl":{
        "p":0.0,
        "r":0.0,
        "f":0.0
      },
      "advcl:abs":{
        "p":0.0101010101,
        "r":0.0714285714,
        "f":0.017699115
      },
      "aux":{
        "p":0.0,
        "r":0.0,
        "f":0.0
      },
      "conj:expl":{
        "p":0.0,
        "r":0.0,
        "f":0.0
      },
      "advcl:cmp":{
        "p":0.0,
        "r":0.0,
        "f":0.0
      },
      "advcl:pred":{
        "p":0.0,
        "r":0.0,
        "f":0.0
      },
      "obl:agent":{
        "p":0.0,
        "r":0.0,
        "f":0.0
      },
      "obl:lmod":{
        "p":0.0,
        "r":0.0,
        "f":0.0
      },
      "dislocated:nsubj":{
        "p":0.0,
        "r":0.0,
        "f":0.0
      },
      "parataxis":{
        "p":0.0,
        "r":0.0,
        "f":0.0
      },
      "expl:pass":{
        "p":0.0,
        "r":0.0,
        "f":0.0
      },
      "reparandum":{
        "p":0.0,
        "r":0.0,
        "f":0.0
      },
      "advcl:relcl":{
        "p":0.0,
        "r":0.0,
        "f":0.0
      },
      "obl:tmod":{
        "p":0.0,
        "r":0.0,
        "f":0.0
      },
      "nsubj:outer":{
        "p":0.0,
        "r":0.0,
        "f":0.0
      },
      "obl:cmp":{
        "p":0.0,
        "r":0.0,
        "f":0.0
      },
      "vocative":{
        "p":0.0,
        "r":0.0,
        "f":0.0
      },
      "cop:outer":{
        "p":0.0,
        "r":0.0,
        "f":0.0
      },
      "dislocated":{
        "p":0.0,
        "r":0.0,
        "f":0.0
      },
      "csubj:outer":{
        "p":0.0,
        "r":0.0,
        "f":0.0
      },
      "flat:foreign":{
        "p":0.0,
        "r":0.0,
        "f":0.0
      },
      "parataxis:reporting":{
        "p":0.0,
        "r":0.0,
        "f":0.0
      },
      "csubj:cleft":{
        "p":0.0,
        "r":0.0,
        "f":0.0
      },
      "csubj:reported":{
        "p":0.0,
        "r":0.0,
        "f":0.0
      },
      "iobj":{
        "p":0.0,
        "r":0.0,
        "f":0.0
      },
      "dislocated:csubj":{
        "p":0.0,
        "r":0.0,
        "f":0.0
      }
    }
  },
  "trainable_lemmatizer":{
    "lemma_acc":0.7846266374
  },
  "tagger":{
    "tag_acc":0.0
  },
  "morphologizer":{
    "pos_acc":0.8259358858,
    "morph_acc":0.4053552298,
    "morph_micro_p":0.7656460214,
    "morph_micro_r":0.6646794219,
    "morph_micro_f":0.7115991081,
    "morph_per_feat":{
      "Case":{
        "p":0.7239343873,
        "r":0.7067238084,
        "f":0.7152255777
      },
      "Gender":{
        "p":0.7544635902,
        "r":0.7112684331,
        "f":0.7322295305
      },
      "InflClass":{
        "p":0.0,
        "r":0.0,
        "f":0.0
      },
      "Number":{
        "p":0.900775602,
        "r":0.8843893955,
        "f":0.8925072935
      },
      "Polarity":{
        "p":0.7971014493,
        "r":0.0403521643,
        "f":0.0768156425
      },
      "Aspect":{
        "p":0.632012432,
        "r":0.8147851347,
        "f":0.7118540235
      },
      "Mood":{
        "p":0.6208791209,
        "r":0.8046609484,
        "f":0.7009233806
      },
      "Person":{
        "p":0.6955405534,
        "r":0.8757332695,
        "f":0.7753047165
      },
      "Tense":{
        "p":0.5022738757,
        "r":0.8043372714,
        "f":0.6183899465
      },
      "VerbForm":{
        "p":0.8378107921,
        "r":0.8566706021,
        "f":0.847135741
      },
      "Voice":{
        "p":0.7991568805,
        "r":0.8328451883,
        "f":0.815653332
      },
      "PronType":{
        "p":0.8739495798,
        "r":0.6870588235,
        "f":0.7693165121
      },
      "Reflex":{
        "p":0.9959183673,
        "r":0.4128595601,
        "f":0.5837320574
      },
      "InflClass[nominal]":{
        "p":0.0,
        "r":0.0,
        "f":0.0
      },
      "AdvType":{
        "p":0.7135802469,