{
  "tokenizer":{
    "token_acc":0.9995570601,
    "token_p":0.9645015345,
    "token_r":0.9836092021,
    "token_f":0.9739616613
  },
  "transformer":{

  },
  "parser":{
    "sents_p":0.3696239352,
    "sents_r":0.5747980614,
    "sents_f":0.4499241275,
    "dep_uas":0.3003039715,
    "dep_las":0.1039162083,
    "dep_las_per_type":{
      "discourse":{
        "p":0.1534154535,
        "r":0.1908077994,
        "f":0.1700806952
      },
      "vocative":{
        "p":0.0,
        "r":0.0,
        "f":0.0
      },
      "root":{
        "p":0.2314401623,
        "r":0.3686591276,
        "f":0.2843613707
      },
      "advmod":{
        "p":0.0305543431,
        "r":0.0437226733,
        "f":0.035971223
      },
      "advcl":{
        "p":0.0170940171,
        "r":0.0021857923,
        "f":0.003875969
      },
      "expl:pv":{
        "p":0.0,
        "r":0.0,
        "f":0.0
      },
      "obl:arg":{
        "p":0.0173913043,
        "r":0.007797271,
        "f":0.0107671602
      },
      "nsubj":{
        "p":0.0554984584,
        "r":0.0284960422,
        "f":0.0376569038
      },
      "obl":{
        "p":0.1017653167,
        "r":0.037276531,
        "f":0.0545657016
      },
      "acl":{
        "p":0.0026595745,
        "r":0.0088105727,
        "f":0.0040858018
      },
      "fixed":{
        "p":0.0011500863,
        "r":0.027027027,
        "f":0.0022062879
      },
      "dep":{
        "p":0.0051342812,
        "r":0.0860927152,
        "f":0.0096906448
      },
      "case":{
        "p":0.5711645102,
        "r":0.1842576029,
        "f":0.2786293959
      },
      "nummod":{
        "p":0.0,
        "r":0.0,
        "f":0.0
      },
      "conj":{
        "p":0.0710749646,
        "r":0.0857142857,
        "f":0.0777111927
      },
      "appos":{
        "p":0.0077145612,
        "r":0.0112676056,
        "f":0.0091585575
      },
      "obl:agent":{
        "p":0.0,
        "r":0.0,
        "f":0.0
      },
      "mark":{
        "p":0.0,
        "r":0.0,
        "f":0.0
      },
      "orphan":{
        "p":0.0072585148,
        "r":0.0537190083,
        "f":0.0127889818
      },
      "cc":{
        "p":0.3723608445,
        "r":0.1938707528,
        "f":0.2549835706
      },
      "nmod":{
        "p":0.0199321459,
        "r":0.0496828753,
        "f":0.0284503632
      },
      "obj":{
        "p":0.0274841438,
        "r":0.007793765,
        "f":0.012143858
      },
      "dislocated":{
        "p":0.0,
        "r":0.0,
        "f":0.0
      },
      "det":{
        "p":0.0465657742,
        "r":0.0311041991,
        "f":0.0372960373
      },
      "amod":{
        "p":0.0610247553,
        "r":0.0715249663,
        "f":0.0658589624
      },
      "xcomp":{
        "p":0.0092592593,
        "r":0.0086206897,
        "f":0.0089285714
      },
      "parataxis":{
        "p":0.0,
        "r":0.0,
        "f":0.0
      },
      "expl":{
        "p":0.0,
        "r":0.0,
        "f":0.0
      },
      "cop":{
        "p":0.0107526882,
        "r":0.0031055901,
        "f":0.0048192771
      },
      "nsubj:pass":{
        "p":0.0,
        "r":0.0,
        "f":0.0
      },
      "ccomp":{
        "p":0.0,
        "r":0.0,
        "f":0.0
      },
      "aux":{
        "p":0.0,
        "r":0.0,
        "f":0.0
      },
      "flat:foreign":{
        "p":0.0,
        "r":0.0,
        "f":0.0
      },
      "aux:pass":{
        "p":0.0,
        "r":0.0,
        "f":0.0
      },
      "iobj":{
        "p":0.0,
        "r":0.0,
        "f":0.0
      },
      "flat:name":{
        "p":0.0,
        "r":0.0,
        "f":0.0
      },
      "advmod:emph":{
        "p":0.0,
        "r":0.0,
        "f":0.0
      },
      "nummod:gov":{
        "p":0.0,
        "r":0.0,
        "f":0.0
      },
      "list":{
        "p":0.0,
        "r":0.0,
        "f":0.0
      },
      "advcl:cmp":{
        "p":0.0,
        "r":0.0,
        "f":0.0
      },
      "advmod:lmod":{
        "p":0.0,
        "r":0.0,
        "f":0.0
      },
      "csubj":{
        "p":0.0,
        "r":0.0,
        "f":0.0
      },
      "flat":{
        "p":0.0,
        "r":0.0,
        "f":0.0
      },
      "acl:relcl":{
        "p":0.0,
        "r":0.0,
        "f":0.0
      },
      "nsubj:outer":{
        "p":0.0,
        "r":0.0,
        "f":0.0
      },
      "compound":{
        "p":0.0,
        "r":0.0,
        "f":0.0
      },
      "advmod:neg":{
        "p":0.0,
        "r":0.0,
        "f":0.0
      },
      "csubj:pass":{
        "p":0.0,
        "r":0.0,
        "f":0.0
      },
      "reparandum":{
        "p":0.0,
        "r":0.0,
        "f":0.0
      },
      "goeswith":{
        "p":0.0,
        "r":0.0,
        "f":0.0
      },
      "advcl:abs":{
        "p":0.0,
        "r":0.0,
        "f":0.0
      }
    }
  },
  "trainable_lemmatizer":{
    "lemma_acc":0.2954647221
  },
  "tagger":{
    "tag_acc":0.0796158463
  },
  "speed":2125.1367749277
}