{
  "tokenizer":{
    "token_acc":1.0,
    "token_p":0.9963401882,
    "token_r":0.998777079,
    "token_f":0.9975571453
  },
  "transformer":{

  },
  "parser":{
    "sents_p":0.1083617747,
    "sents_r":0.2351851852,
    "sents_f":0.148364486,
    "dep_uas":0.2592754256,
    "dep_las":0.1146496815,
    "dep_las_per_type":{
      "cc":{
        "p":0.4221105528,
        "r":0.1609195402,
        "f":0.2330097087
      },
      "xcomp":{
        "p":0.0199430199,
        "r":0.0322580645,
        "f":0.0246478873
      },
      "root":{
        "p":0.2064846416,
        "r":0.4481481481,
        "f":0.2827102804
      },
      "nsubj":{
        "p":0.0717131474,
        "r":0.0399113082,
        "f":0.0512820513
      },
      "nsubj:pass":{
        "p":0.0,
        "r":0.0,
        "f":0.0
      },
      "advmod":{
        "p":0.0267857143,
        "r":0.0248618785,
        "f":0.0257879656
      },
      "acl":{
        "p":0.0076923077,
        "r":0.0102040816,
        "f":0.0087719298
      },
      "case":{
        "p":0.6054421769,
        "r":0.3538767396,
        "f":0.4466750314
      },
      "obl":{
        "p":0.1202346041,
        "r":0.0931818182,
        "f":0.104993598
      },
      "obl:arg":{
        "p":0.0,
        "r":0.0,
        "f":0.0
      },
      "dep":{
        "p":0.0,
        "r":0.0,
        "f":0.0
      },
      "advcl":{
        "p":0.0157480315,
        "r":0.0071428571,
        "f":0.0098280098
      },
      "det":{
        "p":0.1340206186,
        "r":0.0278969957,
        "f":0.0461811723
      },
      "amod":{
        "p":0.0169491525,
        "r":0.0365853659,
        "f":0.0231660232
      },
      "appos":{
        "p":0.0057471264,
        "r":0.0487804878,
        "f":0.0102827763
      },
      "obj":{
        "p":0.0625,
        "r":0.0248618785,
        "f":0.0355731225
      },
      "ccomp":{
        "p":0.0,
        "r":0.0,
        "f":0.0
      },
      "conj":{
        "p":0.0217391304,
        "r":0.0117302053,
        "f":0.0152380952
      },
      "fixed":{
        "p":0.0,
        "r":0.0,
        "f":0.0
      },
      "nmod":{
        "p":0.0967741935,
        "r":0.0743801653,
        "f":0.0841121495
      },
      "discourse":{
        "p":0.2110091743,
        "r":0.1554054054,
        "f":0.1789883268
      },
      "mark":{
        "p":0.0285714286,
        "r":0.0098522167,
        "f":0.0146520147
      },
      "orphan":{
        "p":0.0,
        "r":0.0,
        "f":0.0
      },
      "nummod":{
        "p":0.0,
        "r":0.0,
        "f":0.0
      },
      "dislocated":{
        "p":0.0,
        "r":0.0,
        "f":0.0
      },
      "flat:foreign":{
        "p":0.0,
        "r":0.0,
        "f":0.0
      },
      "vocative":{
        "p":0.0,
        "r":0.0,
        "f":0.0
      },
      "parataxis":{
        "p":0.0,
        "r":0.0,
        "f":0.0
      },
      "flat:name":{
        "p":0.25,
        "r":0.0769230769,
        "f":0.1176470588
      },
      "advcl:cmp":{
        "p":0.0,
        "r":0.0,
        "f":0.0
      },
      "expl:pv":{
        "p":0.0,
        "r":0.0,
        "f":0.0
      },
      "aux:pass":{
        "p":0.0,
        "r":0.0,
        "f":0.0
      },
      "cop":{
        "p":0.0,
        "r":0.0,
        "f":0.0
      },
      "obl:agent":{
        "p":0.0,
        "r":0.0,
        "f":0.0
      },
      "aux":{
        "p":0.0,
        "r":0.0,
        "f":0.0
      },
      "csubj:pass":{
        "p":0.0,
        "r":0.0,
        "f":0.0
      },
      "nsubj:outer":{
        "p":0.0,
        "r":0.0,
        "f":0.0
      }
    }
  },
  "trainable_lemmatizer":{
    "lemma_acc":0.4012566542
  },
  "tagger":{
    "tag_acc":0.1523560209
  },
  "morphologizer":{
    "pos_acc":0.3295514051,
    "morph_acc":0.2349655233,
    "morph_micro_p":0.3347022587,
    "morph_micro_r":0.2032995068,
    "morph_micro_f":0.252953832,
    "morph_per_feat":{
      "Case":{
        "p":0.1708015267,
        "r":0.1246952281,
        "f":0.1441513992
      },
      "Degree":{
        "p":0.0648464164,
        "r":0.1637931034,
        "f":0.0929095355
      },
      "Gender":{
        "p":0.3260764393,
        "r":0.2378263938,
        "f":0.275045909
      },
      "Number":{
        "p":0.6290584416,
        "r":0.4057591623,
        "f":0.493316359
      },
      "Strength":{
        "p":0.0,
        "r":0.0,
        "f":0.0
      },
      "Mood":{
        "p":0.1849865952,
        "r":0.0727081138,
        "f":0.104387292
      },
      "Person":{
        "p":0.3682310469,
        "r":0.1316129032,
        "f":0.1939163498
      },
      "Tense":{
        "p":0.2467902996,
        "r":0.1334876543,
        "f":0.1732598898
      },
      "VerbForm":{
        "p":0.2272727273,
        "r":0.1234567901,
        "f":0.16
      },
      "Voice":{
        "p":0.3166904422,
        "r":0.1712962963,
        "f":0.2223335003
      },
      "PronType":{
        "p":0.5826086957,
        "r":0.2154340836,
        "f":0.3145539906
      },
      "Polarity":{
        "p":0.0,
        "r":0.0,
        "f":0.0
      },
      "Aspect":{
        "p":0.0162162162,
        "r":0.0441176471,
        "f":0.023715415
      },
      "Poss":{
        "p":0.3333333333,
        "r":0.0070921986,
        "f":0.0138888889
      },
      "Reflex":{
        "p":0.0,
        "r":0.0,
        "f":0.0
      }
    }
  },
  "speed":1710.8375167133
}