{
  "tokenizer":{
    "token_acc":0.9987632593,
    "token_p":0.9895828378,
    "token_r":0.9929125403,
    "token_f":0.9912448929
  },
  "transformer":{

  },
  "parser":{
    "sents_p":0.3837529088,
    "sents_r":0.5851612903,
    "sents_f":0.4635237,
    "dep_uas":0.1748593912,
    "dep_las":0.0397242492,
    "dep_las_per_type":{
      "nsubj":{
        "p":0.0339855819,
        "r":0.0119912791,
        "f":0.017727639
      },
      "case":{
        "p":0.0760869565,
        "r":0.0104244229,
        "f":0.0183366077
      },
      "obl":{
        "p":0.0281290323,
        "r":0.0404753063,
        "f":0.0331912302
      },
      "root":{
        "p":0.1961570946,
        "r":0.2996774194,
        "f":0.2371107708
      },
      "det":{
        "p":0.0626865672,
        "r":0.009083045,
        "f":0.0158670193
      },
      "flat:name":{
        "p":0.0,
        "r":0.0,
        "f":0.0
      },
      "advcl":{
        "p":0.0941176471,
        "r":0.0039215686,
        "f":0.0075294118
      },
      "cop":{
        "p":0.0303030303,
        "r":0.0019723866,
        "f":0.0037037037
      },
      "acl":{
        "p":0.0011325028,
        "r":0.002016129,
        "f":0.0014503263
      },
      "advmod":{
        "p":0.0764499121,
        "r":0.0214974055,
        "f":0.0335583414
      },
      "amod":{
        "p":0.0060279871,
        "r":0.0561122244,
        "f":0.0108864697
      },
      "flat:foreign":{
        "p":0.0,
        "r":0.0,
        "f":0.0
      },
      "conj":{
        "p":0.0199281281,
        "r":0.0289923954,
        "f":0.0236205227
      },
      "nmod":{
        "p":0.0433035714,
        "r":0.0318137094,
        "f":0.0366799017
      },
      "obj":{
        "p":0.0555004955,
        "r":0.0178457616,
        "f":0.0270074753
      },
      "cc":{
        "p":0.0952380952,
        "r":0.0023724792,
        "f":0.0046296296
      },
      "xcomp":{
        "p":0.012145749,
        "r":0.0061983471,
        "f":0.0082079343
      },
      "orphan":{
        "p":0.0007955449,
        "r":0.0090909091,
        "f":0.0014630578
      },
      "dep":{
        "p":0.0,
        "r":0.0,
        "f":0.0
      },
      "mark":{
        "p":0.0,
        "r":0.0,
        "f":0.0
      },
      "appos":{
        "p":0.0033898305,
        "r":0.012295082,
        "f":0.0053144376
      },
      "nsubj:pass":{
        "p":0.0,
        "r":0.0,
        "f":0.0
      },
      "obl:arg":{
        "p":0.2424242424,
        "r":0.067114094,
        "f":0.1051248357
      },
      "dislocated":{
        "p":0.0,
        "r":0.0,
        "f":0.0
      },
      "csubj":{
        "p":0.0,
        "r":0.0,
        "f":0.0
      },
      "fixed":{
        "p":0.0,
        "r":0.0,
        "f":0.0
      },
      "discourse":{
        "p":0.1716738197,
        "r":0.0323101777,
        "f":0.0543847723
      },
      "vocative":{
        "p":0.0,
        "r":0.0,
        "f":0.0
      },
      "nummod":{
        "p":0.0,
        "r":0.0,
        "f":0.0
      },
      "ccomp":{
        "p":0.0,
        "r":0.0,
        "f":0.0
      },
      "iobj":{
        "p":0.0,
        "r":0.0,
        "f":0.0
      },
      "obl:agent":{
        "p":0.0,
        "r":0.0,
        "f":0.0
      },
      "advmod:lmod":{
        "p":0.0,
        "r":0.0,
        "f":0.0
      },
      "parataxis":{
        "p":0.0,
        "r":0.0,
        "f":0.0
      },
      "advmod:emph":{
        "p":0.0,
        "r":0.0,
        "f":0.0
      },
      "advmod:tmod":{
        "p":0.0,
        "r":0.0,
        "f":0.0
      },
      "acl:relcl":{
        "p":0.0,
        "r":0.0,
        "f":0.0
      },
      "advcl:cmp":{
        "p":0.0,
        "r":0.0,
        "f":0.0
      },
      "nsubj:outer":{
        "p":0.0,
        "r":0.0,
        "f":0.0
      },
      "csubj:pass":{
        "p":0.0,
        "r":0.0,
        "f":0.0
      },
      "advmod:neg":{
        "p":0.0,
        "r":0.0,
        "f":0.0
      },
      "advcl:abs":{
        "p":0.0,
        "r":0.0,
        "f":0.0
      },
      "aux:pass":{
        "p":0.0,
        "r":0.0,
        "f":0.0
      },
      "aux":{
        "p":0.0,
        "r":0.0,
        "f":0.0
      }
    }
  },
  "trainable_lemmatizer":{
    "lemma_acc":0.1871297632
  },
  "tagger":{
    "tag_acc":0.0609607529
  },
  "speed":2704.0040632546
}