{
  "tokenizer":{
    "token_acc":0.9996152111,
    "token_p":0.9922378791,
    "token_r":0.9963360691,
    "token_f":0.9942827512
  },
  "transformer":{

  },
  "parser":{
    "sents_p":0.8282755299,
    "sents_r":0.9117179215,
    "sents_f":0.8679959616,
    "dep_uas":0.5511074702,
    "dep_las":0.4063434191,
    "dep_las_per_type":{
      "root":{
        "p":0.5433317285,
        "r":0.5983563097,
        "f":0.5695180419
      },
      "cc":{
        "p":0.6390620362,
        "r":0.6405831598,
        "f":0.6398216939
      },
      "mark":{
        "p":0.5855932203,
        "r":0.3951958822,
        "f":0.4719139491
      },
      "amod":{
        "p":0.2434008594,
        "r":0.2862815884,
        "f":0.2631055076
      },
      "nsubj:pass":{
        "p":0.3159898477,
        "r":0.4364592463,
        "f":0.3665807876
      },
      "advmod:neg":{
        "p":0.7318435754,
        "r":0.7211009174,
        "f":0.7264325323
      },
      "advcl":{
        "p":0.2063067878,
        "r":0.1510763209,
        "f":0.174423859
      },
      "case":{
        "p":0.7846983081,
        "r":0.8424690564,
        "f":0.8125581395
      },
      "nsubj":{
        "p":0.3196701431,
        "r":0.3020857208,
        "f":0.3106292717
      },
      "obl":{
        "p":0.2857817667,
        "r":0.3674089069,
        "f":0.321494996
      },
      "acl:relcl":{
        "p":0.2161547213,
        "r":0.1487862177,
        "f":0.1762523191
      },
      "nmod":{
        "p":0.3185552893,
        "r":0.4185784975,
        "f":0.3617807154
      },
      "obj":{
        "p":0.3208955224,
        "r":0.495490982,
        "f":0.3895234344
      },
      "advcl:cmp":{
        "p":0.0223463687,
        "r":0.0287769784,
        "f":0.0251572327
      },
      "advmod":{
        "p":0.3266375546,
        "r":0.334376397,
        "f":0.3304616744
      },
      "csubj:pass":{
        "p":0.2777777778,
        "r":0.0267379679,
        "f":0.0487804878
      },
      "cop":{
        "p":0.3584758942,
        "r":0.5564272782,
        "f":0.4360368882
      },
      "csubj":{
        "p":0.2762430939,
        "r":0.1644736842,
        "f":0.206185567
      },
      "advmod:lmod":{
        "p":0.4615384615,
        "r":0.4465116279,
        "f":0.4539007092
      },
      "det":{
        "p":0.5918560606,
        "r":0.4527891814,
        "f":0.5130660829
      },
      "fixed":{
        "p":0.0,
        "r":0.0,
        "f":0.0
      },
      "obl:arg":{
        "p":0.4942307692,
        "r":0.1269135802,
        "f":0.2019646365
      },
      "appos":{
        "p":0.0627615063,
        "r":0.0177095632,
        "f":0.0276243094
      },
      "conj":{
        "p":0.2404214559,
        "r":0.2840169731,
        "f":0.2604072105
      },
      "xcomp":{
        "p":0.3406813627,
        "r":0.4497354497,
        "f":0.3876852908
      },
      "ccomp:relcl":{
        "p":0.0,
        "r":0.0,
        "f":0.0
      },
      "acl":{
        "p":0.0344827586,
        "r":0.0044709389,
        "f":0.0079155673
      },
      "nummod":{
        "p":0.2669039146,
        "r":0.2964426877,
        "f":0.2808988764
      },
      "dep":{
        "p":0.0,
        "r":0.0,
        "f":0.0
      },
      "discourse":{
        "p":0.4201732673,
        "r":0.5346456693,
        "f":0.4705474705
      },
      "orphan":{
        "p":0.0,
        "r":0.0,
        "f":0.0
      },
      "advmod:emph":{
        "p":0.1463414634,
        "r":0.0273972603,
        "f":0.0461538462
      },
      "flat":{
        "p":0.0,
        "r":0.0,
        "f":0.0
      },
      "dislocated:obj":{
        "p":0.0,
        "r":0.0,
        "f":0.0
      },
      "compound":{
        "p":0.0,
        "r":0.0,
        "f":0.0
      },
      "ccomp:reported":{
        "p":0.0,
        "r":0.0,
        "f":0.0
      },
      "ccomp":{
        "p":0.3113772455,
        "r":0.2139917695,
        "f":0.2536585366
      },
      "aux:pass":{
        "p":0.5218658892,
        "r":0.4049773756,
        "f":0.4560509554
      },
      "nsubj:outer":{
        "p":0.0,
        "r":0.0,
        "f":0.0
      },
      "csubj:relcl":{
        "p":0.0,
        "r":0.0,
        "f":0.0
      },
      "advcl:abs":{
        "p":0.0243902439,
        "r":0.2142857143,
        "f":0.0437956204
      },
      "aux":{
        "p":0.0,
        "r":0.0,
        "f":0.0
      },
      "conj:expl":{
        "p":0.0,
        "r":0.0,
        "f":0.0
      },
      "advmod:tmod":{
        "p":0.2340425532,
        "r":0.2844827586,
        "f":0.2568093385
      },
      "advcl:pred":{
        "p":0.0,
        "r":0.0,
        "f":0.0
      },
      "obl:agent":{
        "p":0.0,
        "r":0.0,
        "f":0.0
      },
      "obl:lmod":{
        "p":0.0,
        "r":0.0,
        "f":0.0
      },
      "flat:name":{
        "p":0.0,
        "r":0.0,
        "f":0.0
      },
      "dislocated:nsubj":{
        "p":0.0,
        "r":0.0,
        "f":0.0
      },
      "expl:pass":{
        "p":0.0,
        "r":0.0,
        "f":0.0
      },
      "reparandum":{
        "p":0.0,
        "r":0.0,
        "f":0.0
      },
      "advcl:relcl":{
        "p":0.0,
        "r":0.0,
        "f":0.0
      },
      "obl:tmod":{
        "p":0.0,
        "r":0.0,
        "f":0.0
      },
      "vocative":{
        "p":0.0,
        "r":0.0,
        "f":0.0
      },
      "parataxis":{
        "p":0.0,
        "r":0.0,
        "f":0.0
      },
      "dislocated":{
        "p":0.0,
        "r":0.0,
        "f":0.0
      },
      "obl:cmp":{
        "p":0.0,
        "r":0.0,
        "f":0.0
      },
      "cop:outer":{
        "p":0.0,
        "r":0.0,
        "f":0.0
      },
      "flat:foreign":{
        "p":0.0,
        "r":0.0,
        "f":0.0
      },
      "csubj:outer":{
        "p":0.0,
        "r":0.0,
        "f":0.0
      },
      "parataxis:reporting":{
        "p":0.0,
        "r":0.0,
        "f":0.0
      },
      "csubj:cleft":{
        "p":0.0,
        "r":0.0,
        "f":0.0
      },
      "csubj:reported":{
        "p":0.0,
        "r":0.0,
        "f":0.0
      },
      "iobj":{
        "p":0.0,
        "r":0.0,
        "f":0.0
      },
      "dislocated:csubj":{
        "p":0.0,
        "r":0.0,
        "f":0.0
      }
    }
  },
  "trainable_lemmatizer":{
    "lemma_acc":0.7865069919
  },
  "tagger":{
    "tag_acc":0.0
  },
  "speed":4212.0235841431
}