{
  "tokenizer":{
    "token_acc":1.0,
    "token_p":1.0,
    "token_r":1.0,
    "token_f":1.0
  },
  "transformer":{

  },
  "parser":{
    "sents_p":0.0313111546,
    "sents_r":0.08,
    "sents_f":0.0450070323,
    "dep_uas":0.1986439436,
    "dep_las":0.08209639,
    "dep_las_per_type":{
      "obl":{
        "p":0.0344827586,
        "r":0.0164835165,
        "f":0.0223048327
      },
      "vocative":{
        "p":0.0,
        "r":0.0,
        "f":0.0
      },
      "advmod":{
        "p":0.0256410256,
        "r":0.0173611111,
        "f":0.0207039337
      },
      "case":{
        "p":0.0,
        "r":0.0,
        "f":0.0
      },
      "acl":{
        "p":0.0175438596,
        "r":0.0086206897,
        "f":0.0115606936
      },
      "conj":{
        "p":0.0266666667,
        "r":0.0113636364,
        "f":0.015936255
      },
      "amod":{
        "p":0.0086956522,
        "r":0.0153846154,
        "f":0.0111111111
      },
      "obj":{
        "p":0.0333333333,
        "r":0.0138248848,
        "f":0.0195439739
      },
      "root":{
        "p":0.1937377691,
        "r":0.495,
        "f":0.2784810127
      },
      "nsubj":{
        "p":0.0222222222,
        "r":0.0062695925,
        "f":0.0097799511
      },
      "nmod":{
        "p":0.0,
        "r":0.0,
        "f":0.0
      },
      "fixed":{
        "p":0.0097087379,
        "r":0.3333333333,
        "f":0.0188679245
      },
      "orphan":{
        "p":0.0083333333,
        "r":0.0416666667,
        "f":0.0138888889
      },
      "det":{
        "p":0.0888888889,
        "r":0.0512820513,
        "f":0.0650406504
      },
      "cop":{
        "p":0.0,
        "r":0.0,
        "f":0.0
      },
      "iobj":{
        "p":0.0,
        "r":0.0,
        "f":0.0
      },
      "xcomp":{
        "p":0.0,
        "r":0.0,
        "f":0.0
      },
      "discourse":{
        "p":0.15,
        "r":0.032967033,
        "f":0.0540540541
      },
      "nummod":{
        "p":0.0,
        "r":0.0,
        "f":0.0
      },
      "cc":{
        "p":0.0,
        "r":0.0,
        "f":0.0
      },
      "ccomp":{
        "p":0.0,
        "r":0.0,
        "f":0.0
      },
      "dep":{
        "p":0.0,
        "r":0.0,
        "f":0.0
      },
      "appos":{
        "p":0.0,
        "r":0.0,
        "f":0.0
      },
      "advcl":{
        "p":0.0,
        "r":0.0,
        "f":0.0
      },
      "mark":{
        "p":0.0,
        "r":0.0,
        "f":0.0
      },
      "parataxis":{
        "p":0.0,
        "r":0.0,
        "f":0.0
      },
      "aux":{
        "p":0.0,
        "r":0.0,
        "f":0.0
      },
      "dislocated":{
        "p":0.0,
        "r":0.0,
        "f":0.0
      },
      "flat:foreign":{
        "p":0.0,
        "r":0.0,
        "f":0.0
      },
      "obl:arg":{
        "p":0.0,
        "r":0.0,
        "f":0.0
      },
      "compound":{
        "p":0.0,
        "r":0.0,
        "f":0.0
      },
      "flat":{
        "p":0.0,
        "r":0.0,
        "f":0.0
      },
      "csubj":{
        "p":0.0,
        "r":0.0,
        "f":0.0
      },
      "nsubj:pass":{
        "p":0.0,
        "r":0.0,
        "f":0.0
      },
      "flat:name":{
        "p":0.0,
        "r":0.0,
        "f":0.0
      }
    }
  },
  "trainable_lemmatizer":{
    "lemma_acc":0.2227922316
  },
  "tagger":{
    "tag_acc":0.0
  },
  "speed":820.5020157368
}