{
  "tokenizer":{
    "token_acc":0.9464403791,
    "token_p":0.9418117699,
    "token_r":0.8969353484,
    "token_f":0.9188259327
  },
  "transformer":{

  },
  "parser":{
    "sents_p":0.3264659271,
    "sents_r":0.529562982,
    "sents_f":0.4039215686,
    "dep_uas":0.2483180428,
    "dep_las":0.0902752294,
    "dep_las_per_type":{
      "advmod":{
        "p":0.1764705882,
        "r":0.0737704918,
        "f":0.1040462428
      },
      "iobj":{
        "p":0.0,
        "r":0.0,
        "f":0.0
      },
      "root":{
        "p":0.2117647059,
        "r":0.323907455,
        "f":0.256097561
      },
      "cc:nc":{
        "p":0.0,
        "r":0.0,
        "f":0.0
      },
      "expl":{
        "p":0.0,
        "r":0.0,
        "f":0.0
      },
      "nsubj":{
        "p":0.1419354839,
        "r":0.0580474934,
        "f":0.0823970037
      },
      "case":{
        "p":0.2912087912,
        "r":0.2111553785,
        "f":0.2448036952
      },
      "obl":{
        "p":0.0604026846,
        "r":0.031358885,
        "f":0.0412844037
      },
      "ccomp":{
        "p":0.0,
        "r":0.0,
        "f":0.0
      },
      "dep":{
        "p":0.0,
        "r":0.0,
        "f":0.0
      },
      "obj":{
        "p":0.07239819,
        "r":0.043715847,
        "f":0.0545144804
      },
      "mark":{
        "p":0.0,
        "r":0.0,
        "f":0.0
      },
      "aux":{
        "p":0.0,
        "r":0.0,
        "f":0.0
      },
      "det":{
        "p":0.1585365854,
        "r":0.0386904762,
        "f":0.0622009569
      },
      "acl":{
        "p":0.025,
        "r":0.0196078431,
        "f":0.021978022
      },
      "xcomp":{
        "p":0.0,
        "r":0.0,
        "f":0.0
      },
      "advcl":{
        "p":0.0,
        "r":0.0,
        "f":0.0
      },
      "acl:relcl":{
        "p":0.125,
        "r":0.0175438596,
        "f":0.0307692308
      },
      "cc":{
        "p":0.1684210526,
        "r":0.4,
        "f":0.237037037
      },
      "conj":{
        "p":0.1083916084,
        "r":0.2313432836,
        "f":0.1476190476
      },
      "amod":{
        "p":0.0141843972,
        "r":0.0188679245,
        "f":0.016194332
      },
      "nmod":{
        "p":0.0173611111,
        "r":0.0892857143,
        "f":0.0290697674
      },
      "flat:name":{
        "p":0.0,
        "r":0.0,
        "f":0.0
      },
      "flat":{
        "p":0.0,
        "r":0.0,
        "f":0.0
      },
      "appos":{
        "p":0.0,
        "r":0.0,
        "f":0.0
      },
      "orphan":{
        "p":0.0,
        "r":0.0,
        "f":0.0
      },
      "fixed":{
        "p":0.0,
        "r":0.0,
        "f":0.0
      },
      "csubj":{
        "p":0.0,
        "r":0.0,
        "f":0.0
      },
      "vocative":{
        "p":0.0333333333,
        "r":0.1111111111,
        "f":0.0512820513
      },
      "case:det":{
        "p":0.0,
        "r":0.0,
        "f":0.0
      },
      "discourse":{
        "p":0.0,
        "r":0.0,
        "f":0.0
      },
      "cop":{
        "p":0.1219512195,
        "r":0.1666666667,
        "f":0.1408450704
      },
      "dislocated":{
        "p":0.0,
        "r":0.0,
        "f":0.0
      },
      "obl:advmod":{
        "p":0.0,
        "r":0.0,
        "f":0.0
      },
      "advcl:cmp":{
        "p":0.0,
        "r":0.0,
        "f":0.0
      },
      "aux:pass":{
        "p":0.0,
        "r":0.0,
        "f":0.0
      },
      "parataxis":{
        "p":0.0,
        "r":0.0,
        "f":0.0
      },
      "nummod":{
        "p":0.0,
        "r":0.0,
        "f":0.0
      },
      "advmod:emph":{
        "p":0.0,
        "r":0.0,
        "f":0.0
      },
      "obl:agent":{
        "p":0.0,
        "r":0.0,
        "f":0.0
      },
      "nsubj:pass":{
        "p":0.0,
        "r":0.0,
        "f":0.0
      },
      "flat:foreign":{
        "p":0.0,
        "r":0.0,
        "f":0.0
      },
      "advmod:lmod":{
        "p":0.0,
        "r":0.0,
        "f":0.0
      },
      "advmod:neg":{
        "p":0.0,
        "r":0.0,
        "f":0.0
      },
      "obl:arg":{
        "p":0.0,
        "r":0.0,
        "f":0.0
      },
      "nsubj:outer":{
        "p":0.0,
        "r":0.0,
        "f":0.0
      },
      "advmod:tmod":{
        "p":0.0,
        "r":0.0,
        "f":0.0
      },
      "nsubj:obj":{
        "p":0.0,
        "r":0.0,
        "f":0.0
      }
    }
  },
  "trainable_lemmatizer":{
    "lemma_acc":0.4270258335
  },
  "tagger":{
    "tag_acc":0.0
  },
  "speed":1252.4651406341
}