{
  "tokenizer":{
    "token_acc":1.0,
    "token_p":0.9963401882,
    "token_r":0.998777079,
    "token_f":0.9975571453
  },
  "transformer":{

  },
  "parser":{
    "sents_p":0.0974610975,
    "sents_r":0.2203703704,
    "sents_f":0.1351504827,
    "dep_uas":0.2760848686,
    "dep_las":0.1270616982,
    "dep_las_per_type":{
      "cc":{
        "p":0.4356060606,
        "r":0.2203065134,
        "f":0.2926208651
      },
      "xcomp":{
        "p":0.0186335404,
        "r":0.0138248848,
        "f":0.0158730159
      },
      "root":{
        "p":0.2008163265,
        "r":0.4555555556,
        "f":0.2787535411
      },
      "nsubj":{
        "p":0.063973064,
        "r":0.0421286031,
        "f":0.050802139
      },
      "nsubj:pass":{
        "p":0.0,
        "r":0.0,
        "f":0.0
      },
      "advmod":{
        "p":0.04375,
        "r":0.0386740331,
        "f":0.0410557185
      },
      "acl":{
        "p":0.0258064516,
        "r":0.0408163265,
        "f":0.0316205534
      },
      "case":{
        "p":0.6169491525,
        "r":0.3618290258,
        "f":0.4561403509
      },
      "obl":{
        "p":0.1354466859,
        "r":0.1068181818,
        "f":0.1194409149
      },
      "dep":{
        "p":0.0,
        "r":0.0,
        "f":0.0
      },
      "orphan":{
        "p":0.0082304527,
        "r":0.05,
        "f":0.0141342756
      },
      "det":{
        "p":0.1944444444,
        "r":0.0600858369,
        "f":0.0918032787
      },
      "amod":{
        "p":0.004587156,
        "r":0.012195122,
        "f":0.0066666667
      },
      "appos":{
        "p":0.005730659,
        "r":0.0487804878,
        "f":0.0102564103
      },
      "obj":{
        "p":0.0588235294,
        "r":0.0220994475,
        "f":0.0321285141
      },
      "ccomp":{
        "p":0.0428571429,
        "r":0.0291262136,
        "f":0.0346820809
      },
      "conj":{
        "p":0.0264900662,
        "r":0.0117302053,
        "f":0.0162601626
      },
      "nmod":{
        "p":0.0774647887,
        "r":0.0909090909,
        "f":0.0836501901
      },
      "advcl":{
        "p":0.0266666667,
        "r":0.0071428571,
        "f":0.0112676056
      },
      "obl:arg":{
        "p":0.0093457944,
        "r":0.0066225166,
        "f":0.007751938
      },
      "discourse":{
        "p":0.1968503937,
        "r":0.1689189189,
        "f":0.1818181818
      },
      "mark":{
        "p":0.0,
        "r":0.0,
        "f":0.0
      },
      "fixed":{
        "p":0.0,
        "r":0.0,
        "f":0.0
      },
      "vocative":{
        "p":0.0,
        "r":0.0,
        "f":0.0
      },
      "nummod":{
        "p":0.0,
        "r":0.0,
        "f":0.0
      },
      "advmod:neg":{
        "p":0.0,
        "r":0.0,
        "f":0.0
      },
      "dislocated":{
        "p":0.0,
        "r":0.0,
        "f":0.0
      },
      "aux":{
        "p":0.0,
        "r":0.0,
        "f":0.0
      },
      "cop":{
        "p":0.0,
        "r":0.0,
        "f":0.0
      },
      "flat:name":{
        "p":0.0,
        "r":0.0,
        "f":0.0
      },
      "advcl:cmp":{
        "p":0.0,
        "r":0.0,
        "f":0.0
      },
      "parataxis":{
        "p":0.0,
        "r":0.0,
        "f":0.0
      },
      "expl:pv":{
        "p":0.0,
        "r":0.0,
        "f":0.0
      },
      "aux:pass":{
        "p":0.0,
        "r":0.0,
        "f":0.0
      },
      "obl:agent":{
        "p":0.0,
        "r":0.0,
        "f":0.0
      },
      "csubj:pass":{
        "p":0.0,
        "r":0.0,
        "f":0.0
      },
      "nsubj:outer":{
        "p":0.0,
        "r":0.0,
        "f":0.0
      },
      "flat:foreign":{
        "p":0.0,
        "r":0.0,
        "f":0.0
      },
      "csubj":{
        "p":0.0,
        "r":0.0,
        "f":0.0
      },
      "advmod:lmod":{
        "p":0.0,
        "r":0.0,
        "f":0.0
      }
    }
  },
  "trainable_lemmatizer":{
    "lemma_acc":0.4038746837
  },
  "tagger":{
    "tag_acc":0.1534031414
  },
  "speed":1426.797768259
}