{
  "tokenizer":{
    "token_acc":0.9981644203,
    "token_p":0.9974335877,
    "token_r":0.9959947049,
    "token_f":0.996713627
  },
  "transformer":{

  },
  "parser":{
    "sents_p":0.5479041916,
    "sents_r":0.7379032258,
    "sents_f":0.6288659794,
    "dep_uas":0.2707092273,
    "dep_las":0.0625434859,
    "dep_las_per_type":{
      "root":{
        "p":0.1885964912,
        "r":0.2521069989,
        "f":0.215775443
      },
      "nsubj":{
        "p":0.0610831234,
        "r":0.0162424648,
        "f":0.0256613757
      },
      "advmod":{
        "p":0.0548682087,
        "r":0.0245546461,
        "f":0.0339264926
      },
      "mark":{
        "p":0.2658823529,
        "r":0.0361831572,
        "f":0.0636978579
      },
      "acl":{
        "p":0.0,
        "r":0.0,
        "f":0.0
      },
      "compound:prt":{
        "p":0.0,
        "r":0.0,
        "f":0.0
      },
      "obj":{
        "p":0.0344677138,
        "r":0.0279250619,
        "f":0.030853349
      },
      "advcl":{
        "p":0.008356546,
        "r":0.0025906736,
        "f":0.0039551747
      },
      "nmod":{
        "p":0.0016374269,
        "r":0.1573033708,
        "f":0.0032411159
      },
      "amod":{
        "p":0.0251357642,
        "r":0.0658001625,
        "f":0.0363758841
      },
      "cc":{
        "p":0.3867276888,
        "r":0.3369410424,
        "f":0.3601217656
      },
      "conj":{
        "p":0.0597826087,
        "r":0.1055243136,
        "f":0.0763249192
      },
      "case":{
        "p":0.1333333333,
        "r":0.0333876221,
        "f":0.0534028004
      },
      "obl":{
        "p":0.0654150777,
        "r":0.0390406162,
        "f":0.0488981471
      },
      "nmod:poss":{
        "p":0.0,
        "r":0.0,
        "f":0.0
      },
      "dep":{
        "p":0.000426318,
        "r":0.0141509434,
        "f":0.0008277004
      },
      "discourse":{
        "p":0.0,
        "r":0.0,
        "f":0.0
      },
      "det":{
        "p":0.0285714286,
        "r":0.0568271507,
        "f":0.0380248218
      },
      "aux":{
        "p":0.0,
        "r":0.0,
        "f":0.0
      },
      "iobj":{
        "p":0.0,
        "r":0.0,
        "f":0.0
      },
      "acl:relcl":{
        "p":0.0108695652,
        "r":0.0011248594,
        "f":0.002038736
      },
      "xcomp":{
        "p":0.0009017133,
        "r":0.0024937656,
        "f":0.0013245033
      },
      "cop":{
        "p":0.14375,
        "r":0.0277442702,
        "f":0.0465116279
      },
      "fixed":{
        "p":0.0,
        "r":0.0,
        "f":0.0
      },
      "advmod:emph":{
        "p":0.0,
        "r":0.0,
        "f":0.0
      },
      "ccomp":{
        "p":0.0,
        "r":0.0,
        "f":0.0
      },
      "advmod:lmod":{
        "p":0.0,
        "r":0.0,
        "f":0.0
      },
      "expl":{
        "p":0.0,
        "r":0.0,
        "f":0.0
      },
      "nummod":{
        "p":0.0194552529,
        "r":0.0255102041,
        "f":0.0220750552
      },
      "appos":{
        "p":0.0072463768,
        "r":0.0031298905,
        "f":0.0043715847
      },
      "vocative":{
        "p":0.0,
        "r":0.0,
        "f":0.0
      },
      "advcl:cmp":{
        "p":0.0,
        "r":0.0,
        "f":0.0
      },
      "nsubj:pass":{
        "p":0.0,
        "r":0.0,
        "f":0.0
      },
      "parataxis":{
        "p":0.0,
        "r":0.0,
        "f":0.0
      },
      "flat:name":{
        "p":0.04,
        "r":0.0193236715,
        "f":0.0260586319
      },
      "csubj":{
        "p":0.0,
        "r":0.0,
        "f":0.0
      },
      "flat:foreign":{
        "p":0.0,
        "r":0.0,
        "f":0.0
      },
      "dislocated":{
        "p":0.0,
        "r":0.0,
        "f":0.0
      },
      "advmod:neg":{
        "p":0.0,
        "r":0.0,
        "f":0.0
      },
      "obl:arg":{
        "p":0.0,
        "r":0.0,
        "f":0.0
      },
      "advcl:abs":{
        "p":0.0,
        "r":0.0,
        "f":0.0
      },
      "obl:agent":{
        "p":0.0,
        "r":0.0,
        "f":0.0
      },
      "advmod:tmod":{
        "p":0.0,
        "r":0.0,
        "f":0.0
      },
      "csubj:pass":{
        "p":0.0,
        "r":0.0,
        "f":0.0
      },
      "orphan":{
        "p":0.0,
        "r":0.0,
        "f":0.0
      },
      "aux:pass":{
        "p":0.0,
        "r":0.0,
        "f":0.0
      },
      "nsubj:outer":{
        "p":0.0,
        "r":0.0,
        "f":0.0
      }
    }
  },
  "trainable_lemmatizer":{
    "lemma_acc":0.4967913575
  },
  "tagger":{
    "tag_acc":0.0
  },
  "speed":4043.9758118885
}