{
  "tokenizer":{
    "token_acc":1.0,
    "token_p":0.997476277,
    "token_r":0.9991405026,
    "token_f":0.9983076962
  },
  "transformer":{

  },
  "parser":{
    "sents_p":0.3232724384,
    "sents_r":0.5395492709,
    "sents_f":0.4043046358,
    "dep_uas":0.2863427213,
    "dep_las":0.0952814214,
    "dep_las_per_type":{
      "discourse":{
        "p":0.1688311688,
        "r":0.1733333333,
        "f":0.1710526316
      },
      "case":{
        "p":0.5106382979,
        "r":0.2407523511,
        "f":0.3272262463
      },
      "root":{
        "p":0.2434644838,
        "r":0.4074237738,
        "f":0.3047933884
      },
      "nsubj":{
        "p":0.0535077289,
        "r":0.0315789474,
        "f":0.039717564
      },
      "det":{
        "p":0.0347003155,
        "r":0.010805501,
        "f":0.0164794007
      },
      "orphan":{
        "p":0.002038736,
        "r":0.0168067227,
        "f":0.0036363636
      },
      "obl":{
        "p":0.1166380789,
        "r":0.0465116279,
        "f":0.0665036675
      },
      "nmod":{
        "p":0.0237315876,
        "r":0.0622317597,
        "f":0.0343601896
      },
      "obj":{
        "p":0.0488599349,
        "r":0.0099403579,
        "f":0.0165198238
      },
      "mark":{
        "p":0.0236220472,
        "r":0.0079787234,
        "f":0.0119284294
      },
      "advcl":{
        "p":0.0285714286,
        "r":0.0030549898,
        "f":0.0055197792
      },
      "amod":{
        "p":0.0243902439,
        "r":0.0167310167,
        "f":0.0198473282
      },
      "advmod":{
        "p":0.0474910394,
        "r":0.0406441718,
        "f":0.0438016529
      },
      "acl":{
        "p":0.0052493438,
        "r":0.0116618076,
        "f":0.007239819
      },
      "dep":{
        "p":0.000499002,
        "r":0.0294117647,
        "f":0.0009813543
      },
      "fixed":{
        "p":0.0013947001,
        "r":0.0408163265,
        "f":0.0026972353
      },
      "conj":{
        "p":0.0326944758,
        "r":0.0530649588,
        "f":0.0404604116
      },
      "cc":{
        "p":0.2619047619,
        "r":0.0876494024,
        "f":0.1313432836
      },
      "expl:pv":{
        "p":0.0,
        "r":0.0,
        "f":0.0
      },
      "obl:arg":{
        "p":0.0390070922,
        "r":0.0176282051,
        "f":0.0242825607
      },
      "ccomp":{
        "p":0.0,
        "r":0.0,
        "f":0.0
      },
      "appos":{
        "p":0.011002445,
        "r":0.0456852792,
        "f":0.0177339901
      },
      "nsubj:pass":{
        "p":0.0,
        "r":0.0,
        "f":0.0
      },
      "dislocated":{
        "p":0.0,
        "r":0.0,
        "f":0.0
      },
      "xcomp":{
        "p":0.0186335404,
        "r":0.0094936709,
        "f":0.0125786164
      },
      "cop":{
        "p":0.0,
        "r":0.0,
        "f":0.0
      },
      "vocative":{
        "p":0.0,
        "r":0.0,
        "f":0.0
      },
      "flat:name":{
        "p":0.0,
        "r":0.0,
        "f":0.0
      },
      "aux":{
        "p":0.0,
        "r":0.0,
        "f":0.0
      },
      "advcl:cmp":{
        "p":0.0,
        "r":0.0,
        "f":0.0
      },
      "flat:foreign":{
        "p":0.0,
        "r":0.0,
        "f":0.0
      },
      "parataxis":{
        "p":0.0,
        "r":0.0,
        "f":0.0
      },
      "nummod":{
        "p":0.0,
        "r":0.0,
        "f":0.0
      },
      "obl:agent":{
        "p":0.0,
        "r":0.0,
        "f":0.0
      },
      "csubj":{
        "p":0.0,
        "r":0.0,
        "f":0.0
      },
      "nsubj:outer":{
        "p":0.0,
        "r":0.0,
        "f":0.0
      },
      "csubj:pass":{
        "p":0.0,
        "r":0.0,
        "f":0.0
      },
      "aux:pass":{
        "p":0.0,
        "r":0.0,
        "f":0.0
      },
      "advmod:emph":{
        "p":0.0,
        "r":0.0,
        "f":0.0
      }
    }
  },
  "trainable_lemmatizer":{
    "lemma_acc":0.2190112916
  },
  "tagger":{
    "tag_acc":0.0861415652
  },
  "speed":1620.7152162012
}