{
  "tokenizer":{
    "token_acc":0.9996132525,
    "token_p":0.9992265051,
    "token_r":0.9990547798,
    "token_f":0.9991406351
  },
  "transformer":{

  },
  "parser":{
    "sents_p":0.9792256846,
    "sents_r":0.9895038168,
    "sents_f":0.9843379212,
    "dep_uas":0.6139160135,
    "dep_las":0.4546907499,
    "dep_las_per_type":{
      "ccomp":{
        "p":0.1642710472,
        "r":0.1856148492,
        "f":0.174291939
      },
      "nsubj":{
        "p":0.4606481481,
        "r":0.4307359307,
        "f":0.4451901566
      },
      "root":{
        "p":0.7171860246,
        "r":0.7247137405,
        "f":0.7209302326
      },
      "cop":{
        "p":0.4278606965,
        "r":0.3365949119,
        "f":0.3767798467
      },
      "advmod":{
        "p":0.4291970803,
        "r":0.2,
        "f":0.2728538283
      },
      "det":{
        "p":0.5217391304,
        "r":0.5605338418,
        "f":0.5404411765
      },
      "xcomp":{
        "p":0.3041474654,
        "r":0.3697478992,
        "f":0.3337547408
      },
      "advmod:neg":{
        "p":0.0610932476,
        "r":0.7037037037,
        "f":0.1124260355
      },
      "obj":{
        "p":0.5189117452,
        "r":0.47799511,
        "f":0.4976137448
      },
      "case":{
        "p":0.8625730994,
        "r":0.8575581395,
        "f":0.860058309
      },
      "obl":{
        "p":0.3869509044,
        "r":0.3525603296,
        "f":0.3689559593
      },
      "discourse":{
        "p":0.6215213358,
        "r":0.4437086093,
        "f":0.5177743431
      },
      "nmod":{
        "p":0.3499597747,
        "r":0.4785478548,
        "f":0.4042750929
      },
      "nsubj:pass":{
        "p":0.391521197,
        "r":0.3819951338,
        "f":0.3866995074
      },
      "acl":{
        "p":0.0901856764,
        "r":0.064516129,
        "f":0.0752212389
      },
      "cc":{
        "p":0.6805031447,
        "r":0.6549636804,
        "f":0.6674892042
      },
      "conj":{
        "p":0.3515944399,
        "r":0.3111432706,
        "f":0.330134357
      },
      "advcl":{
        "p":0.2945544554,
        "r":0.2032450897,
        "f":0.2405255179
      },
      "acl:relcl":{
        "p":0.018735363,
        "r":0.275862069,
        "f":0.0350877193
      },
      "advmod:lmod":{
        "p":0.0,
        "r":0.0,
        "f":0.0
      },
      "advcl:relcl":{
        "p":0.0,
        "r":0.0,
        "f":0.0
      },
      "obl:arg":{
        "p":0.3365973072,
        "r":0.456053068,
        "f":0.3873239437
      },
      "nsubj:outer":{
        "p":0.0,
        "r":0.0,
        "f":0.0
      },
      "mark":{
        "p":0.4593175853,
        "r":0.6679389313,
        "f":0.5443234837
      },
      "amod":{
        "p":0.321875,
        "r":0.3164362519,
        "f":0.3191324555
      },
      "aux":{
        "p":0.0,
        "r":0.0,
        "f":0.0
      },
      "obl:agent":{
        "p":0.0714285714,
        "r":0.0161290323,
        "f":0.0263157895
      },
      "parataxis":{
        "p":0.0,
        "r":0.0,
        "f":0.0
      },
      "csubj":{
        "p":0.0555555556,
        "r":0.1891891892,
        "f":0.0858895706
      },
      "dep":{
        "p":0.0,
        "r":0.0,
        "f":0.0
      },
      "orphan":{
        "p":0.0980392157,
        "r":0.0462962963,
        "f":0.0628930818
      },
      "appos":{
        "p":0.1290322581,
        "r":0.0245398773,
        "f":0.0412371134
      },
      "ccomp:relcl":{
        "p":0.0,
        "r":0.0,
        "f":0.0
      },
      "advmod:emph":{
        "p":0.0048543689,
        "r":0.1666666667,
        "f":0.0094339623
      },
      "advcl:pred":{
        "p":0.0,
        "r":0.0,
        "f":0.0
      },
      "nummod":{
        "p":0.5714285714,
        "r":0.3921568627,
        "f":0.4651162791
      },
      "vocative":{
        "p":0.0,
        "r":0.0,
        "f":0.0
      },
      "csubj:relcl":{
        "p":0.0,
        "r":0.0,
        "f":0.0
      },
      "aux:pass":{
        "p":0.5198412698,
        "r":0.7081081081,
        "f":0.5995423341
      },
      "advmod:tmod":{
        "p":0.1176470588,
        "r":0.3448275862,
        "f":0.1754385965
      },
      "advcl:cmp":{
        "p":0.0666666667,
        "r":0.0833333333,
        "f":0.0740740741
      },
      "fixed":{
        "p":0.0175438596,
        "r":0.0136986301,
        "f":0.0153846154
      },
      "dislocated":{
        "p":0.0,
        "r":0.0,
        "f":0.0
      },
      "flat":{
        "p":0.0,
        "r":0.0,
        "f":0.0
      },
      "csubj:pass":{
        "p":0.0,
        "r":0.0,
        "f":0.0
      },
      "flat:name":{
        "p":0.0,
        "r":0.0,
        "f":0.0
      },
      "advcl:abs":{
        "p":0.0,
        "r":0.0,
        "f":0.0
      },
      "flat:foreign":{
        "p":0.0,
        "r":0.0,
        "f":0.0
      },
      "ccomp:reported":{
        "p":0.0,
        "r":0.0,
        "f":0.0
      },
      "conj:expl":{
        "p":0.0,
        "r":0.0,
        "f":0.0
      },
      "obl:lmod":{
        "p":0.0,
        "r":0.0,
        "f":0.0
      },
      "expl:pass":{
        "p":0.0,
        "r":0.0,
        "f":0.0
      },
      "dislocated:obj":{
        "p":0.0,
        "r":0.0,
        "f":0.0
      }
    }
  },
  "trainable_lemmatizer":{
    "lemma_acc":0.7643380536
  },
  "tagger":{
    "tag_acc":0.0
  },
  "morphologizer":{
    "pos_acc":0.7826628846,
    "morph_acc":0.2664116724,
    "morph_micro_p":0.6434315391,
    "morph_micro_r":0.7535843927,
    "morph_micro_f":0.6941652627,
    "morph_per_feat":{
      "Case":{
        "p":0.797103993,
        "r":0.7897574124,
        "f":0.7934136967
      },
      "Gender":{
        "p":0.7666295058,
        "r":0.7365884138,
        "f":0.7513087814
      },
      "Number":{
        "p":0.9240591398,
        "r":0.8915834522,
        "f":0.907530856
      },
      "PronType":{
        "p":0.5494000511,
        "r":0.8801635992,
        "f":0.6765168186
      },
      "Person":{
        "p":0.9357124779,
        "r":0.6466678328,
        "f":0.7647910633
      },
      "Mood":{
        "p":0.9081632653,
        "r":0.6965412775,
        "f":0.7883983426
      },
      "Tense":{
        "p":0.8245556287,
        "r":0.4726415094,
        "f":0.6008635164
      },
      "VerbForm":{
        "p":0.8705315799,
        "r":0.849448762,
        "f":0.8598609587
      },
      "Voice":{
        "p":0.849281768,
        "r":0.7132516704,
        "f":0.7753455059
      },
      "Polarity":{
        "p":0.7626728111,
        "r":0.9511494253,
        "f":0.8465473146
      },
      "InflClass":{
        "p":0.0,
        "r":0.0,
        "f":0.0
      },
      "Aspect":{
        "p":0.3787242971,
        "r":0.7609612142,
        "f":0.5057439059
      },
      "InflClass[nominal]":{
        "p":0.0,
        "r":0.0,
        "f":0.0
      },
      "Degree":{
        "p":0.4885496183,
        "r":0.0953090097,
        "f":0.1595015576
      },
      "NameType":{
        "p":0.0,
        "r":0.0,
        "f":0.0
      },
      "AdvType":{
        "p":0.3673469388,
        "r":0.5625,
        "f":0.4444444444
      },
      "Reflex":{
        "p":0.9198312236,
        "r":0.9775784753,
        "f":0.947826087
      },
      "NumType":{
        "p":0.0658914729,
        "r":0.7727272727,
        "f":0.1214285714
      },
      "Form":{
        "p":0.0,
        "r":0.0,
        "f":0.0
      },
      "Compound":{
        "p":0.0227272727,
        "r":1.0,
        "f":0.0444444444
      },
      "Poss":{
        "p":0.9773755656,
        "r":0.9795918367,
        "f":0.9784824462
      },
      "Number[psor]":{
        "p":0.0971786834,
        "r":0.96875,
        "f":0.1766381766
      },
      "Person[psor]":{
        "p":0.1063348416,
        "r":0.9791666667,
        "f":0.1918367347
      },
      "NumForm":{
        "p":0.0,
        "r":0.0,
        "f":0.0
      },
      "NumValue":{
        "p":0.0,
        "r":0.0,