{
  "tokenizer":{
    "token_acc":0.9996132525,
    "token_p":0.9992265051,
    "token_r":0.9990547798,
    "token_f":0.9991406351
  },
  "transformer":{

  },
  "parser":{
    "sents_p":0.9820330969,
    "sents_r":0.9909351145,
    "sents_f":0.9864640228,
    "dep_uas":0.6081451136,
    "dep_las":0.4492299603,
    "dep_las_per_type":{
      "ccomp":{
        "p":0.1510989011,
        "r":0.1276102088,
        "f":0.1383647799
      },
      "nsubj":{
        "p":0.4635761589,
        "r":0.4166666667,
        "f":0.4388714734
      },
      "root":{
        "p":0.6988179669,
        "r":0.7051526718,
        "f":0.7019710283
      },
      "cop":{
        "p":0.4240196078,
        "r":0.3385518591,
        "f":0.3764961915
      },
      "advmod":{
        "p":0.4376899696,
        "r":0.1959183673,
        "f":0.2706766917
      },
      "det":{
        "p":0.4991708126,
        "r":0.5738798856,
        "f":0.533924612
      },
      "xcomp":{
        "p":0.3369565217,
        "r":0.3473389356,
        "f":0.3420689655
      },
      "advmod:neg":{
        "p":0.0612903226,
        "r":0.7037037037,
        "f":0.1127596439
      },
      "obj":{
        "p":0.5240289664,
        "r":0.4865525672,
        "f":0.5045958796
      },
      "case":{
        "p":0.8633431085,
        "r":0.8558139535,
        "f":0.8595620438
      },
      "obl":{
        "p":0.4007858546,
        "r":0.3602118893,
        "f":0.379417235
      },
      "discourse":{
        "p":0.6163636364,
        "r":0.4490066225,
        "f":0.5195402299
      },
      "nmod":{
        "p":0.3520536463,
        "r":0.4620462046,
        "f":0.3996194101
      },
      "nsubj:pass":{
        "p":0.3753026634,
        "r":0.3771289538,
        "f":0.3762135922
      },
      "acl":{
        "p":0.0839506173,
        "r":0.064516129,
        "f":0.0729613734
      },
      "cc":{
        "p":0.6618204804,
        "r":0.6337772397,
        "f":0.6474953618
      },
      "conj":{
        "p":0.3377952756,
        "r":0.3104196816,
        "f":0.3235294118
      },
      "advcl":{
        "p":0.2858880779,
        "r":0.2006831768,
        "f":0.2358253889
      },
      "acl:relcl":{
        "p":0.0168269231,
        "r":0.2413793103,
        "f":0.0314606742
      },
      "advmod:lmod":{
        "p":0.0,
        "r":0.0,
        "f":0.0
      },
      "obl:arg":{
        "p":0.3329268293,
        "r":0.4527363184,
        "f":0.383696416
      },
      "nsubj:outer":{
        "p":0.0,
        "r":0.0,
        "f":0.0
      },
      "mark":{
        "p":0.4662522202,
        "r":0.6679389313,
        "f":0.5491631799
      },
      "amod":{
        "p":0.2882615156,
        "r":0.2980030722,
        "f":0.2930513595
      },
      "aux":{
        "p":0.0,
        "r":0.0,
        "f":0.0
      },
      "obl:agent":{
        "p":0.25,
        "r":0.064516129,
        "f":0.1025641026
      },
      "parataxis":{
        "p":0.0,
        "r":0.0,
        "f":0.0
      },
      "csubj":{
        "p":0.0511363636,
        "r":0.2432432432,
        "f":0.0845070423
      },
      "orphan":{
        "p":0.0731707317,
        "r":0.0277777778,
        "f":0.0402684564
      },
      "appos":{
        "p":0.1025641026,
        "r":0.0245398773,
        "f":0.0396039604
      },
      "advmod:emph":{
        "p":0.0047619048,
        "r":0.1666666667,
        "f":0.0092592593
      },
      "nummod":{
        "p":0.5873015873,
        "r":0.362745098,
        "f":0.4484848485
      },
      "vocative":{
        "p":0.0,
        "r":0.0,
        "f":0.0
      },
      "dep":{
        "p":0.0,
        "r":0.0,
        "f":0.0
      },
      "advcl:pred":{
        "p":0.0,
        "r":0.0,
        "f":0.0
      },
      "csubj:relcl":{
        "p":0.0,
        "r":0.0,
        "f":0.0
      },
      "advmod:tmod":{
        "p":0.1157894737,
        "r":0.3793103448,
        "f":0.1774193548
      },
      "aux:pass":{
        "p":0.5238095238,
        "r":0.7135135135,
        "f":0.6041189931
      },
      "advcl:cmp":{
        "p":0.0465116279,
        "r":0.0555555556,
        "f":0.0506329114
      },
      "fixed":{
        "p":0.0144927536,
        "r":0.0136986301,
        "f":0.014084507
      },
      "ccomp:relcl":{
        "p":0.0,
        "r":0.0,
        "f":0.0
      },
      "dislocated":{
        "p":0.0,
        "r":0.0,
        "f":0.0
      },
      "flat":{
        "p":0.0,
        "r":0.0,
        "f":0.0
      },
      "conj:expl":{
        "p":0.0,
        "r":0.0,
        "f":0.0
      },
      "csubj:pass":{
        "p":0.0,
        "r":0.0,
        "f":0.0
      },
      "flat:name":{
        "p":0.0,
        "r":0.0,
        "f":0.0
      },
      "advcl:abs":{
        "p":0.1176470588,
        "r":0.1538461538,
        "f":0.1333333333
      },
      "dislocated:obj":{
        "p":0.0,
        "r":0.0,
        "f":0.0
      },
      "flat:foreign":{
        "p":0.0,
        "r":0.0,
        "f":0.0
      },
      "advcl:relcl":{
        "p":0.0,
        "r":0.0,
        "f":0.0
      },
      "reparandum":{
        "p":0.0,
        "r":0.0,
        "f":0.0
      },
      "obl:lmod":{
        "p":0.0,
        "r":0.0,
        "f":0.0
      },
      "ccomp:reported":{
        "p":0.0,
        "r":0.0,
        "f":0.0
      },
      "expl:pass":{
        "p":0.0,
        "r":0.0,
        "f":0.0
      }
    }
  },
  "trainable_lemmatizer":{
    "lemma_acc":0.7620602961
  },
  "tagger":{
    "tag_acc":0.0
  },
  "speed":2440.7863513662
}