{
  "tokenizer":{
    "token_acc":0.9981644203,
    "token_p":0.9974335877,
    "token_r":0.9959947049,
    "token_f":0.996713627
  },
  "transformer":{

  },
  "parser":{
    "sents_p":0.7018404908,
    "sents_r":0.8387096774,
    "sents_f":0.7641950568,
    "dep_uas":0.2701859166,
    "dep_las":0.0633422272,
    "dep_las_per_type":{
      "root":{
        "p":0.2043571648,
        "r":0.2440454379,
        "f":0.2224448898
      },
      "nsubj":{
        "p":0.0478601012,
        "r":0.0174146015,
        "f":0.0255371393
      },
      "advmod":{
        "p":0.0367018602,
        "r":0.0175734232,
        "f":0.0237668891
      },
      "mark":{
        "p":0.0861423221,
        "r":0.0073647134,
        "f":0.0135693215
      },
      "acl":{
        "p":0.0054995417,
        "r":0.0156046814,
        "f":0.0081328363
      },
      "compound:prt":{
        "p":0.0,
        "r":0.0,
        "f":0.0
      },
      "obj":{
        "p":0.0265560166,
        "r":0.0113114175,
        "f":0.0158651463
      },
      "advcl":{
        "p":0.0025236593,
        "r":0.0034542314,
        "f":0.0029165148
      },
      "dep":{
        "p":0.0003025719,
        "r":0.0047169811,
        "f":0.0005686665
      },
      "cc":{
        "p":0.3786099651,
        "r":0.3397892338,
        "f":0.3581507055
      },
      "conj":{
        "p":0.0660802403,
        "r":0.1018855442,
        "f":0.0801665799
      },
      "case":{
        "p":0.2665525114,
        "r":0.0950732899,
        "f":0.1401560624
      },
      "amod":{
        "p":0.0281578426,
        "r":0.0576766856,
        "f":0.037841439
      },
      "obl":{
        "p":0.0517529215,
        "r":0.0217086835,
        "f":0.0305870745
      },
      "nmod:poss":{
        "p":0.0,
        "r":0.0,
        "f":0.0
      },
      "nmod":{
        "p":0.0012217471,
        "r":0.1123595506,
        "f":0.0024172105
      },
      "orphan":{
        "p":0.0,
        "r":0.0,
        "f":0.0
      },
      "discourse":{
        "p":0.0,
        "r":0.0,
        "f":0.0
      },
      "aux":{
        "p":0.0,
        "r":0.0,
        "f":0.0
      },
      "iobj":{
        "p":0.0,
        "r":0.0,
        "f":0.0
      },
      "det":{
        "p":0.0247383444,
        "r":0.0410418311,
        "f":0.0308696943
      },
      "acl:relcl":{
        "p":0.0,
        "r":0.0,
        "f":0.0
      },
      "xcomp":{
        "p":0.0021459227,
        "r":0.0049875312,
        "f":0.0030007502
      },
      "flat":{
        "p":0.0,
        "r":0.0,
        "f":0.0
      },
      "advcl:pred":{
        "p":0.0,
        "r":0.0,
        "f":0.0
      },
      "advmod:emph":{
        "p":0.0,
        "r":0.0,
        "f":0.0
      },
      "advmod:lmod":{
        "p":0.0,
        "r":0.0,
        "f":0.0
      },
      "cop":{
        "p":0.1028806584,
        "r":0.0301568154,
        "f":0.046641791
      },
      "ccomp":{
        "p":0.0032051282,
        "r":0.000698324,
        "f":0.001146789
      },
      "expl":{
        "p":0.0,
        "r":0.0,
        "f":0.0
      },
      "obl:arg":{
        "p":0.0,
        "r":0.0,
        "f":0.0
      },
      "nummod":{
        "p":0.0294117647,
        "r":0.0459183673,
        "f":0.0358565737
      },
      "csubj":{
        "p":0.0,
        "r":0.0,
        "f":0.0
      },
      "appos":{
        "p":0.0216606498,
        "r":0.0187793427,
        "f":0.0201173512
      },
      "vocative":{
        "p":0.0,
        "r":0.0,
        "f":0.0
      },
      "nsubj:pass":{
        "p":0.0,
        "r":0.0,
        "f":0.0
      },
      "parataxis":{
        "p":0.0,
        "r":0.0,
        "f":0.0
      },
      "fixed":{
        "p":0.0164835165,
        "r":0.046875,
        "f":0.0243902439
      },
      "ccomp:relcl":{
        "p":0.0,
        "r":0.0,
        "f":0.0
      },
      "conj:expl":{
        "p":0.0,
        "r":0.0,
        "f":0.0
      },
      "obl:agent":{
        "p":0.0,
        "r":0.0,
        "f":0.0
      },
      "flat:name":{
        "p":0.0,
        "r":0.0,
        "f":0.0
      },
      "flat:foreign":{
        "p":0.0,
        "r":0.0,
        "f":0.0
      },
      "aux:pass":{
        "p":0.0,
        "r":0.0,
        "f":0.0
      },
      "advcl:cmp":{
        "p":0.0,
        "r":0.0,
        "f":0.0
      },
      "advmod:neg":{
        "p":0.0,
        "r":0.0,
        "f":0.0
      },
      "advcl:abs":{
        "p":0.0,
        "r":0.0,
        "f":0.0
      },
      "csubj:pass":{
        "p":0.0,
        "r":0.0,
        "f":0.0
      },
      "csubj:relcl":{
        "p":0.0,
        "r":0.0,
        "f":0.0
      },
      "advmod:tmod":{
        "p":0.0,
        "r":0.0,
        "f":0.0
      },
      "reparandum":{
        "p":0.0,
        "r":0.0,
        "f":0.0
      },
      "obl:lmod":{
        "p":0.0,
        "r":0.0,
        "f":0.0
      },
      "dislocated:obj":{
        "p":0.0,
        "r":0.0,
        "f":0.0
      },
      "ccomp:reported":{
        "p":0.0,
        "r":0.0,
        "f":0.0
      },
      "compound":{
        "p":0.0,
        "r":0.0,
        "f":0.0
      },
      "advcl:relcl":{
        "p":0.0,
        "r":0.0,
        "f":0.0
      },
      "dislocated":{
        "p":0.0,
        "r":0.0,
        "f":0.0
      }
    }
  },
  "trainable_lemmatizer":{
    "lemma_acc":0.5034381348
  },
  "tagger":{
    "tag_acc":0.0
  },
  "morphologizer":{
    "pos_acc":0.3177641589,
    "morph_acc":0.2304501564,
    "morph_micro_p":0.2416083422,
    "morph_micro_r":0.2127503504,
    "morph_micro_f":0.2262629077,
    "morph_per_feat":{
      "Mood":{
        "p":0.3984263233,
        "r":0.0707211783,
        "f":0.1201207677
      },
      "Number":{
        "p":0.5646462882,
        "r":0.5005729505,
        "f":0.5306826017
      },
      "Person":{
        "p":0.3234092236,
        "r":0.0574688797,
        "f":0.0975953492
      },
      "Tense":{
        "p":0.1280400572,
        "r":0.0227272727,
        "f":0.0386025447
      },
      "VerbForm":{
        "p":0.257980846,
        "r":0.1224431818,
        "f":0.1660673003
      },
      "Voice":{
        "p":0.1166278769,
        "r":0.0427083333,
        "f":0.0625216608
      },
      "Case":{
        "p":0.2232017186,
        "r":0.2467750522,
        "f":0.2343971838
      },
      "Gender":{
        "p":0.2573060128,
        "r":0.3049497943,
        "f":0.2791093117
      },
      "PronType":{
        "p":0.1599630143,
        "r":0.0375311856,
        "f":0.0607977508
      },
      "Definite":{
        "p":0.0,
        "r":0.0,
        "f":0.0
      },
      "InflClass":{
        "p":0.0,
        "r":0.0,
        "f":0.0
      },
      "Degree":{
        "p":0.0036900369,
        "r":0.0006973501,
        "f":0.0011730205
      },
      "Aspect":{
        "p":0.0,
        "r":0.0,
        "f":0.0
      },
      "InflClass[nominal]":{
        "p":0.0,
        "r":0.0,
        "f":0.0
      },
      "Compound":{
        "p":0.0,
        "r":0.0,
        "f":0.0
      },
      "NameType":{
        "p":0.0,
        "r":0.0,
        "f":0.0
      },
      "Foreign":{
        "p":0.0111524164,
        "r":0.0108695652,
        "f":0.0110091743
      },
      "NumType":{
        "p":0.0213049268,
        "r":0.0467836257,
        "f":0.0292772187
      },
      "AdvType":{
        "p":0.0,
        "r":0.0,
        "f":0.0
      },
      "Abbr":{
        "p":0.0,
        "r":0.0,
        "f":0.0
      },
      "Proper":{
        "p":0.0,
        "r":0.0,
        "f":0.0
      },
      "NumForm":{
        "p":0.0,
        "r":0.0,
        "f":0.0
      },
      "PartType":{
        "p":0.0,
        "r":0.0,
        "f":0.0
      },
      "Form":{
        "p":0.0,
        "r":0.0,
        "f":0.0
      },
      "Number[psor]":{
        "p":0.0,
        "r":0.0,
        "f":0.0
      },
      "Person[psor]":{
        "p":0.0,
        "r":0.0,
        "f":0.0
      },
      "Poss":{
        "p":0.0,
        "r":0.0,