{
  "tokenizer":{
    "token_acc":0.9995570601,
    "token_p":0.9645015345,
    "token_r":0.9836092021,
    "token_f":0.9739616613
  },
  "transformer":{

  },
  "parser":{
    "sents_p":0.9141445337,
    "sents_r":0.9563812601,
    "sents_f":0.9347860414,
    "dep_uas":0.2836362386,
    "dep_las":0.0736101579,
    "dep_las_per_type":{
      "discourse":{
        "p":0.2105263158,
        "r":0.1448467967,
        "f":0.1716171617
      },
      "vocative":{
        "p":0.0,
        "r":0.0,
        "f":0.0
      },
      "root":{
        "p":0.2637904468,
        "r":0.2765751212,
        "f":0.2700315457
      },
      "advmod":{
        "p":0.0092250923,
        "r":0.0031230481,
        "f":0.0046663556
      },
      "advcl":{
        "p":0.0061708347,
        "r":0.0207650273,
        "f":0.0095142714
      },
      "expl:pv":{
        "p":0.0,
        "r":0.0,
        "f":0.0
      },
      "obl:arg":{
        "p":0.0,
        "r":0.0,
        "f":0.0
      },
      "obj":{
        "p":0.0187969925,
        "r":0.0029976019,
        "f":0.0051706308
      },
      "advmod:emph":{
        "p":0.0,
        "r":0.0,
        "f":0.0
      },
      "ccomp:relcl":{
        "p":0.0,
        "r":0.0,
        "f":0.0
      },
      "case":{
        "p":0.4861294584,
        "r":0.2194394753,
        "f":0.3023829088
      },
      "dep":{
        "p":0.0013888889,
        "r":0.0264900662,
        "f":0.0026393929
      },
      "nmod":{
        "p":0.0097259063,
        "r":0.0348837209,
        "f":0.0152108781
      },
      "fixed":{
        "p":0.0361445783,
        "r":0.0405405405,
        "f":0.0382165605
      },
      "obl":{
        "p":0.0685082873,
        "r":0.0235831114,
        "f":0.0350877193
      },
      "nummod":{
        "p":0.0,
        "r":0.0,
        "f":0.0
      },
      "conj":{
        "p":0.0309085233,
        "r":0.042217484,
        "f":0.0356885364
      },
      "nsubj":{
        "p":0.0394321767,
        "r":0.0131926121,
        "f":0.0197706603
      },
      "appos":{
        "p":0.0212765957,
        "r":0.0014084507,
        "f":0.0026420079
      },
      "obl:agent":{
        "p":0.0,
        "r":0.0,
        "f":0.0
      },
      "mark":{
        "p":0.0010598834,
        "r":0.00625,
        "f":0.001812415
      },
      "advcl:pred":{
        "p":0.0,
        "r":0.0,
        "f":0.0
      },
      "cc":{
        "p":0.0784313725,
        "r":0.0306462358,
        "f":0.0440718563
      },
      "dislocated":{
        "p":0.0,
        "r":0.0,
        "f":0.0
      },
      "det":{
        "p":0.0406871609,
        "r":0.034992224,
        "f":0.0376254181
      },
      "amod":{
        "p":0.0415309446,
        "r":0.0344129555,
        "f":0.0376383764
      },
      "conj:expl":{
        "p":0.0,
        "r":0.0,
        "f":0.0
      },
      "parataxis":{
        "p":0.0,
        "r":0.0,
        "f":0.0
      },
      "expl":{
        "p":0.0,
        "r":0.0,
        "f":0.0
      },
      "cop":{
        "p":0.02,
        "r":0.0031055901,
        "f":0.0053763441
      },
      "nsubj:pass":{
        "p":0.0,
        "r":0.0,
        "f":0.0
      },
      "ccomp":{
        "p":0.0,
        "r":0.0,
        "f":0.0
      },
      "xcomp":{
        "p":0.0081300813,
        "r":0.0028735632,
        "f":0.0042462845
      },
      "csubj":{
        "p":0.0,
        "r":0.0,
        "f":0.0
      },
      "acl":{
        "p":0.0,
        "r":0.0,
        "f":0.0
      },
      "orphan":{
        "p":0.0035087719,
        "r":0.0041322314,
        "f":0.0037950664
      },
      "aux":{
        "p":0.0,
        "r":0.0,
        "f":0.0
      },
      "flat":{
        "p":0.0,
        "r":0.0,
        "f":0.0
      },
      "acl:relcl":{
        "p":0.0,
        "r":0.0,
        "f":0.0
      },
      "aux:pass":{
        "p":0.0,
        "r":0.0,
        "f":0.0
      },
      "iobj":{
        "p":0.0,
        "r":0.0,
        "f":0.0
      },
      "flat:name":{
        "p":0.0,
        "r":0.0,
        "f":0.0
      },
      "advcl:relcl":{
        "p":0.0,
        "r":0.0,
        "f":0.0
      },
      "advcl:cmp":{
        "p":0.0,
        "r":0.0,
        "f":0.0
      },
      "advmod:neg":{
        "p":0.0,
        "r":0.0,
        "f":0.0
      },
      "nummod:gov":{
        "p":0.0,
        "r":0.0,
        "f":0.0
      },
      "list":{
        "p":0.0,
        "r":0.0,
        "f":0.0
      },
      "advmod:tmod":{
        "p":0.0,
        "r":0.0,
        "f":0.0
      },
      "ccomp:reported":{
        "p":0.0,
        "r":0.0,
        "f":0.0
      },
      "nsubj:outer":{
        "p":0.0,
        "r":0.0,
        "f":0.0
      },
      "advmod:lmod":{
        "p":0.0,
        "r":0.0,
        "f":0.0
      },
      "csubj:relcl":{
        "p":0.0,
        "r":0.0,
        "f":0.0
      },
      "advcl:abs":{
        "p":0.0,
        "r":0.0,
        "f":0.0
      },
      "reparandum":{
        "p":0.0,
        "r":0.0,
        "f":0.0
      },
      "compound":{
        "p":0.0,
        "r":0.0,
        "f":0.0
      },
      "csubj:pass":{
        "p":0.0,
        "r":0.0,
        "f":0.0
      },
      "flat:foreign":{
        "p":0.0,
        "r":0.0,
        "f":0.0
      },
      "expl:pass":{
        "p":0.0,
        "r":0.0,
        "f":0.0
      },
      "goeswith":{
        "p":0.0,
        "r":0.0,
        "f":0.0
      },
      "obl:lmod":{
        "p":0.0,
        "r":0.0,
        "f":0.0
      }
    }
  },
  "trainable_lemmatizer":{
    "lemma_acc":0.2987046218
  },
  "tagger":{
    "tag_acc":0.0002560819
  },
  "speed":2114.5689549716
}