{
  "tokenizer":{
    "token_acc":0.9996152111,
    "token_p":0.9922378791,
    "token_r":0.9963360691,
    "token_f":0.9942827512
  },
  "transformer":{

  },
  "parser":{
    "sents_p":0.9918184217,
    "sents_r":0.9962884411,
    "sents_f":0.9940484063,
    "dep_uas":0.8689953276,
    "dep_las":0.830370261,
    "dep_las_per_type":{
      "root":{
        "p":0.9163146779,
        "r":0.9202014846,
        "f":0.9182539683
      },
      "cc":{
        "p":0.8618671349,
        "r":0.8762273133,
        "f":0.868987902
      },
      "mark":{
        "p":0.8649666763,
        "r":0.8535887904,
        "f":0.8592400691
      },
      "amod":{
        "p":0.875,
        "r":0.8819494585,
        "f":0.8784609853
      },
      "nsubj:pass":{
        "p":0.8287197232,
        "r":0.8396143734,
        "f":0.8341314758
      },
      "advmod:neg":{
        "p":0.8792943361,
        "r":0.8688073394,
        "f":0.8740193816
      },
      "advcl":{
        "p":0.6750658142,
        "r":0.7025440313,
        "f":0.6885308784
      },
      "case":{
        "p":0.9675710387,
        "r":0.968815303,
        "f":0.9681927711
      },
      "nsubj":{
        "p":0.8362049161,
        "r":0.8342883337,
        "f":0.8352455255
      },
      "obl":{
        "p":0.797338173,
        "r":0.8004048583,
        "f":0.7988685726
      },
      "acl:relcl":{
        "p":0.661003861,
        "r":0.670321065,
        "f":0.66562986
      },
      "nmod":{
        "p":0.8400986768,
        "r":0.8425551057,
        "f":0.8413250983
      },
      "obj":{
        "p":0.8259766616,
        "r":0.8156312625,
        "f":0.8207713638
      },
      "advmod":{
        "p":0.8325852783,
        "r":0.8292355834,
        "f":0.8309070549
      },
      "csubj:pass":{
        "p":0.6601941748,
        "r":0.7272727273,
        "f":0.6921119593
      },
      "cop":{
        "p":0.8222748815,
        "r":0.8376584188,
        "f":0.8298953662
      },
      "advmod:lmod":{
        "p":0.8525345622,
        "r":0.8604651163,
        "f":0.8564814815
      },
      "det":{
        "p":0.9180993314,
        "r":0.9285196812,
        "f":0.9232801057
      },
      "fixed":{
        "p":0.9505208333,
        "r":0.9455958549,
        "f":0.9480519481
      },
      "obl:arg":{
        "p":0.8238238238,
        "r":0.8128395062,
        "f":0.8182948049
      },
      "appos":{
        "p":0.9492502884,
        "r":0.9716646989,
        "f":0.9603267211
      },
      "conj":{
        "p":0.6895358893,
        "r":0.6766619519,
        "f":0.6830382638
      },
      "xcomp":{
        "p":0.798206278,
        "r":0.7848324515,
        "f":0.7914628724
      },
      "ccomp:relcl":{
        "p":0.3653846154,
        "r":0.3275862069,
        "f":0.3454545455
      },
      "acl":{
        "p":0.753894081,
        "r":0.7213114754,
        "f":0.7372429551
      },
      "discourse":{
        "p":0.8538704581,
        "r":0.8511811024,
        "f":0.8525236593
      },
      "orphan":{
        "p":0.3333333333,
        "r":0.3082191781,
        "f":0.3202846975
      },
      "csubj":{
        "p":0.7248322148,
        "r":0.7105263158,
        "f":0.7176079734
      },
      "advmod:emph":{
        "p":0.6951612903,
        "r":0.6560121766,
        "f":0.6750195771
      },
      "flat":{
        "p":0.9093959732,
        "r":0.9033333333,
        "f":0.9063545151
      },
      "dislocated:obj":{
        "p":0.8115942029,
        "r":0.7,
        "f":0.7516778523
      },
      "nummod":{
        "p":0.8534482759,
        "r":0.7826086957,
        "f":0.8164948454
      },
      "compound":{
        "p":0.8571428571,
        "r":0.6,
        "f":0.7058823529
      },
      "ccomp:reported":{
        "p":0.5555555556,
        "r":0.2777777778,
        "f":0.3703703704
      },
      "advcl:pred":{
        "p":0.2328767123,
        "r":0.2098765432,
        "f":0.2207792208
      },
      "ccomp":{
        "p":0.5970464135,
        "r":0.5823045267,
        "f":0.5895833333
      },
      "dep":{
        "p":0.0147058824,
        "r":0.2352941176,
        "f":0.0276816609
      },
      "aux:pass":{
        "p":0.9105145414,
        "r":0.9208144796,
        "f":0.9156355456
      },
      "csubj:relcl":{
        "p":0.4765625,
        "r":0.4485294118,
        "f":0.4621212121
      },
      "advcl:abs":{
        "p":0.3333333333,
        "r":0.1428571429,
        "f":0.2
      },
      "aux":{
        "p":0.0,
        "r":0.0,
        "f":0.0
      },
      "conj:expl":{
        "p":0.3384615385,
        "r":0.2471910112,
        "f":0.2857142857
      },
      "advcl:cmp":{
        "p":0.4583333333,
        "r":0.3165467626,
        "f":0.3744680851
      },
      "obl:agent":{
        "p":0.4285714286,
        "r":0.1153846154,
        "f":0.1818181818
      },
      "obl:lmod":{
        "p":0.0,
        "r":0.0,
        "f":0.0
      },
      "dislocated:nsubj":{
        "p":1.0,
        "r":0.4444444444,
        "f":0.6153846154
      },
      "advmod:tmod":{
        "p":0.7818181818,
        "r":0.7413793103,
        "f":0.7610619469
      },
      "expl:pass":{
        "p":0.8064516129,
        "r":0.7352941176,
        "f":0.7692307692
      },
      "reparandum":{
        "p":1.0,
        "r":0.2666666667,
        "f":0.4210526316
      },
      "advcl:relcl":{
        "p":0.1764705882,
        "r":0.0447761194,
        "f":0.0714285714
      },
      "obl:tmod":{
        "p":0.0,
        "r":0.0,
        "f":0.0
      },
      "nsubj:outer":{
        "p":0.0,
        "r":0.0,
        "f":0.0
      },
      "flat:name":{
        "p":0.0,
        "r":0.0,
        "f":0.0
      },
      "obl:cmp":{
        "p":0.0,
        "r":0.0,
        "f":0.0
      },
      "vocative":{
        "p":0.4285714286,
        "r":0.2142857143,
        "f":0.2857142857
      },
      "parataxis":{
        "p":0.6,
        "r":0.2368421053,
        "f":0.3396226415
      },
      "cop:outer":{
        "p":0.0,
        "r":0.0,
        "f":0.0
      },
      "csubj:outer":{
        "p":0.0,
        "r":0.0,
        "f":0.0
      },
      "flat:foreign":{
        "p":0.0,
        "r":0.0,
        "f":0.0
      },
      "parataxis:reporting":{
        "p":0.0,
        "r":0.0,
        "f":0.0
      },
      "dislocated":{
        "p":0.0,
        "r":0.0,
        "f":0.0
      },
      "csubj:cleft":{
        "p":0.0,
        "r":0.0,
        "f":0.0
      },
      "csubj:reported":{
        "p":0.0,
        "r":0.0,
        "f":0.0
      },
      "iobj":{
        "p":0.0,
        "r":0.0,
        "f":0.0
      },
      "dislocated:csubj":{
        "p":0.0,
        "r":0.0,
        "f":0.0
      }
    }
  },
  "trainable_lemmatizer":{
    "lemma_acc":0.967357985
  },
  "tagger":{
    "tag_acc":0.9382859199
  },
  "morphologizer":{
    "pos_acc":0.9833004585,
    "morph_acc":0.9467960337,
    "morph_micro_p":0.9728502315,
    "morph_micro_r":0.9696331493,
    "morph_micro_f":0.9712390264,
    "morph_per_feat":{
      "Case":{
        "p":0.9483228877,
        "r":0.9464006486,
        "f":0.9473607931
      },
      "Gender":{
        "p":0.9577655473,
        "r":0.955936784,
        "f":0.9568502918
      },
      "InflClass":{
        "p":0.9727964787,
        "r":0.969090321,
        "f":0.9709398632
      },
      "Number":{
        "p":0.9854891522,
        "r":0.9832424556,
        "f":0.9843645219
      },
      "Polarity":{
        "p":0.993993994,
        "r":0.9713866471,
        "f":0.9825602968
      },
      "Aspect":{
        "p":0.9785377595,
        "r":0.9773615146,
        "f":0.9779492834
      },
      "Mood":{
        "p":0.9866710013,
        "r":0.9823596051,
        "f":0.9845105831
      },
      "Person":{
        "p":0.9903926985,
        "r":0.9873099485,
        "f":0.9888489209
      },
      "Tense":{
        "p":0.9839076723,
        "r":0.9796083509,
        "f":0.9817533047
      },
      "VerbForm":{
        "p":0.9853068963,
        "r":0.9817394726,