{
  "tokenizer":{
    "token_acc":0.9981644203,
    "token_p":0.9974335877,
    "token_r":0.9959947049,
    "token_f":0.996713627
  },
  "transformer":{

  },
  "parser":{
    "sents_p":0.6878806334,
    "sents_r":0.8280791789,
    "sents_f":0.751497006,
    "dep_uas":0.2624861319,
    "dep_las":0.0601763423,
    "dep_las_per_type":{
      "root":{
        "p":0.2051829268,
        "r":0.24661048,
        "f":0.2239973373
      },
      "nsubj":{
        "p":0.0449185851,
        "r":0.0133958473,
        "f":0.0206371727
      },
      "advmod":{
        "p":0.0278157775,
        "r":0.0146846413,
        "f":0.0192216795
      },
      "mark":{
        "p":0.0418250951,
        "r":0.0035222542,
        "f":0.006497342
      },
      "acl":{
        "p":0.0046868343,
        "r":0.0143042913,
        "f":0.0070603338
      },
      "compound:prt":{
        "p":0.0,
        "r":0.0,
        "f":0.0
      },
      "obj":{
        "p":0.0166340509,
        "r":0.0060091905,
        "f":0.0088288756
      },
      "dep":{
        "p":0.0002610285,
        "r":0.0047169811,
        "f":0.0004946822
      },
      "case":{
        "p":0.2262678804,
        "r":0.1062703583,
        "f":0.1446183682
      },
      "amod":{
        "p":0.0321136629,
        "r":0.067018684,
        "f":0.0434210526
      },
      "nmod":{
        "p":0.0008231582,
        "r":0.0674157303,
        "f":0.001626457
      },
      "cc":{
        "p":0.3676470588,
        "r":0.3061805753,
        "f":0.3341103341
      },
      "conj":{
        "p":0.0584508482,
        "r":0.0946080053,
        "f":0.0722587165
      },
      "obl":{
        "p":0.0485436893,
        "r":0.0192577031,
        "f":0.0275758335
      },
      "nmod:poss":{
        "p":0.0,
        "r":0.0,
        "f":0.0
      },
      "orphan":{
        "p":0.0,
        "r":0.0,
        "f":0.0
      },
      "discourse":{
        "p":0.0,
        "r":0.0,
        "f":0.0
      },
      "aux":{
        "p":0.0,
        "r":0.0,
        "f":0.0
      },
      "advcl":{
        "p":0.001525553,
        "r":0.0017271157,
        "f":0.0016200891
      },
      "iobj":{
        "p":0.0,
        "r":0.0,
        "f":0.0
      },
      "det":{
        "p":0.0269106566,
        "r":0.0394632991,
        "f":0.032
      },
      "acl:relcl":{
        "p":0.0,
        "r":0.0,
        "f":0.0
      },
      "xcomp":{
        "p":0.0012360939,
        "r":0.0024937656,
        "f":0.0016528926
      },
      "advmod:emph":{
        "p":0.0,
        "r":0.0,
        "f":0.0
      },
      "advcl:pred":{
        "p":0.0,
        "r":0.0,
        "f":0.0
      },
      "ccomp":{
        "p":0.0070422535,
        "r":0.000698324,
        "f":0.001270648
      },
      "cop":{
        "p":0.0789473684,
        "r":0.0108564536,
        "f":0.019088017
      },
      "advmod:lmod":{
        "p":0.0,
        "r":0.0,
        "f":0.0
      },
      "expl":{
        "p":0.0,
        "r":0.0,
        "f":0.0
      },
      "obl:lmod":{
        "p":0.0,
        "r":0.0,
        "f":0.0
      },
      "nsubj:pass":{
        "p":0.0,
        "r":0.0,
        "f":0.0
      },
      "appos":{
        "p":0.0215053763,
        "r":0.0250391236,
        "f":0.0231381056
      },
      "obl:arg":{
        "p":0.0,
        "r":0.0,
        "f":0.0
      },
      "ccomp:relcl":{
        "p":0.0,
        "r":0.0,
        "f":0.0
      },
      "nummod":{
        "p":0.0418250951,
        "r":0.056122449,
        "f":0.0479302832
      },
      "vocative":{
        "p":0.0,
        "r":0.0,
        "f":0.0
      },
      "advmod:neg":{
        "p":0.0,
        "r":0.0,
        "f":0.0
      },
      "flat":{
        "p":0.0,
        "r":0.0,
        "f":0.0
      },
      "parataxis":{
        "p":0.0,
        "r":0.0,
        "f":0.0
      },
      "conj:expl":{
        "p":0.0,
        "r":0.0,
        "f":0.0
      },
      "obl:agent":{
        "p":0.0,
        "r":0.0,
        "f":0.0
      },
      "aux:pass":{
        "p":0.0,
        "r":0.0,
        "f":0.0
      },
      "flat:name":{
        "p":0.0,
        "r":0.0,
        "f":0.0
      },
      "fixed":{
        "p":0.0104166667,
        "r":0.03125,
        "f":0.015625
      },
      "advmod:tmod":{
        "p":0.0,
        "r":0.0,
        "f":0.0
      },
      "advcl:cmp":{
        "p":0.0,
        "r":0.0,
        "f":0.0
      },
      "flat:foreign":{
        "p":0.0,
        "r":0.0,
        "f":0.0
      },
      "csubj:pass":{
        "p":0.0,
        "r":0.0,
        "f":0.0
      },
      "csubj":{
        "p":0.0,
        "r":0.0,
        "f":0.0
      },
      "csubj:relcl":{
        "p":0.0,
        "r":0.0,
        "f":0.0
      },
      "advcl:relcl":{
        "p":0.0,
        "r":0.0,
        "f":0.0
      },
      "dislocated:obj":{
        "p":0.0,
        "r":0.0,
        "f":0.0
      },
      "advcl:abs":{
        "p":0.0,
        "r":0.0,
        "f":0.0
      },
      "ccomp:reported":{
        "p":0.0,
        "r":0.0,
        "f":0.0
      },
      "compound":{
        "p":0.0,
        "r":0.0,
        "f":0.0
      },
      "reparandum":{
        "p":0.0,
        "r":0.0,
        "f":0.0
      },
      "expl:pass":{
        "p":0.0,
        "r":0.0,
        "f":0.0
      },
      "dislocated":{
        "p":0.0,
        "r":0.0,
        "f":0.0
      }
    }
  },
  "trainable_lemmatizer":{
    "lemma_acc":0.5042371081
  },
  "tagger":{
    "tag_acc":0.0
  },
  "speed":3913.1783348317
}