{
  "tokenizer":{
    "token_acc":1.0,
    "token_p":1.0,
    "token_r":1.0,
    "token_f":1.0
  },
  "transformer":{

  },
  "parser":{
    "sents_p":0.8981042654,
    "sents_r":0.9475,
    "sents_f":0.9221411192,
    "dep_uas":0.1679142221,
    "dep_las":0.0368197451,
    "dep_las_per_type":{
      "obl":{
        "p":0.02,
        "r":0.0054945055,
        "f":0.0086206897
      },
      "vocative":{
        "p":0.0,
        "r":0.0,
        "f":0.0
      },
      "advmod":{
        "p":0.0408163265,
        "r":0.0069444444,
        "f":0.0118694362
      },
      "case":{
        "p":0.0204081633,
        "r":0.0487804878,
        "f":0.0287769784
      },
      "acl":{
        "p":0.0377358491,
        "r":0.0172413793,
        "f":0.0236686391
      },
      "conj":{
        "p":0.1,
        "r":0.0511363636,
        "f":0.0676691729
      },
      "amod":{
        "p":0.0227272727,
        "r":0.0307692308,
        "f":0.0261437908
      },
      "obj":{
        "p":0.0,
        "r":0.0,
        "f":0.0
      },
      "root":{
        "p":0.1516587678,
        "r":0.16,
        "f":0.1557177616
      },
      "nsubj":{
        "p":0.0120481928,
        "r":0.0031347962,
        "f":0.0049751244
      },
      "nmod":{
        "p":0.0125,
        "r":0.0128205128,
        "f":0.0126582278
      },
      "dep":{
        "p":0.0,
        "r":0.0,
        "f":0.0
      },
      "advcl":{
        "p":0.004040404,
        "r":0.0243902439,
        "f":0.006932409
      },
      "nummod":{
        "p":0.0,
        "r":0.0,
        "f":0.0
      },
      "appos":{
        "p":0.0,
        "r":0.0,
        "f":0.0
      },
      "obl:agent":{
        "p":0.0,
        "r":0.0,
        "f":0.0
      },
      "orphan":{
        "p":0.0,
        "r":0.0,
        "f":0.0
      },
      "advmod:neg":{
        "p":0.0,
        "r":0.0,
        "f":0.0
      },
      "ccomp":{
        "p":0.0,
        "r":0.0,
        "f":0.0
      },
      "cop":{
        "p":0.0,
        "r":0.0,
        "f":0.0
      },
      "iobj":{
        "p":0.0,
        "r":0.0,
        "f":0.0
      },
      "xcomp":{
        "p":0.0,
        "r":0.0,
        "f":0.0
      },
      "discourse":{
        "p":0.0,
        "r":0.0,
        "f":0.0
      },
      "det":{
        "p":0.085106383,
        "r":0.0512820513,
        "f":0.064
      },
      "cc":{
        "p":0.0,
        "r":0.0,
        "f":0.0
      },
      "advcl:relcl":{
        "p":0.0,
        "r":0.0,
        "f":0.0
      },
      "advcl:pred":{
        "p":0.0,
        "r":0.0,
        "f":0.0
      },
      "flat":{
        "p":0.0,
        "r":0.0,
        "f":0.0
      },
      "mark":{
        "p":0.0,
        "r":0.0,
        "f":0.0
      },
      "fixed":{
        "p":0.0,
        "r":0.0,
        "f":0.0
      },
      "obl:arg":{
        "p":0.0,
        "r":0.0,
        "f":0.0
      },
      "advmod:emph":{
        "p":0.0,
        "r":0.0,
        "f":0.0
      },
      "aux":{
        "p":0.0,
        "r":0.0,
        "f":0.0
      },
      "parataxis":{
        "p":0.0,
        "r":0.0,
        "f":0.0
      },
      "acl:relcl":{
        "p":0.0,
        "r":0.0,
        "f":0.0
      },
      "advcl:cmp":{
        "p":0.0,
        "r":0.0,
        "f":0.0
      },
      "compound":{
        "p":0.0,
        "r":0.0,
        "f":0.0
      },
      "nsubj:pass":{
        "p":0.0,
        "r":0.0,
        "f":0.0
      },
      "dislocated:obj":{
        "p":0.0,
        "r":0.0,
        "f":0.0
      },
      "csubj":{
        "p":0.0,
        "r":0.0,
        "f":0.0
      },
      "flat:foreign":{
        "p":0.0,
        "r":0.0,
        "f":0.0
      },
      "advcl:abs":{
        "p":0.0,
        "r":0.0,
        "f":0.0
      }
    }
  },
  "trainable_lemmatizer":{
    "lemma_acc":0.2374496152
  },
  "tagger":{
    "tag_acc":0.0
  },
  "speed":806.3851260925
}