{
  "tokenizer":{
    "token_acc":1.0,
    "token_p":0.9963401882,
    "token_r":0.998777079,
    "token_f":0.9975571453
  },
  "transformer":{

  },
  "parser":{
    "sents_p":0.8503401361,
    "sents_r":0.9259259259,
    "sents_f":0.8865248227,
    "dep_uas":0.2885364749,
    "dep_las":0.127728961,
    "dep_las_per_type":{
      "cc":{
        "p":0.4728682171,
        "r":0.3505747126,
        "f":0.402640264
      },
      "xcomp":{
        "p":0.0,
        "r":0.0,
        "f":0.0
      },
      "root":{
        "p":0.306122449,
        "r":0.3333333333,
        "f":0.3191489362
      },
      "nsubj":{
        "p":0.0330578512,
        "r":0.0088691796,
        "f":0.013986014
      },
      "nsubj:pass":{
        "p":0.0,
        "r":0.0,
        "f":0.0
      },
      "advmod":{
        "p":0.0704225352,
        "r":0.0276243094,
        "f":0.0396825397
      },
      "acl":{
        "p":0.0,
        "r":0.0,
        "f":0.0
      },
      "case":{
        "p":0.554517134,
        "r":0.3538767396,
        "f":0.432038835
      },
      "obl":{
        "p":0.0822368421,
        "r":0.0568181818,
        "f":0.0672043011
      },
      "amod":{
        "p":0.0188679245,
        "r":0.0365853659,
        "f":0.0248962656
      },
      "det":{
        "p":0.145,
        "r":0.0622317597,
        "f":0.0870870871
      },
      "advmod:neg":{
        "p":0.0,
        "r":0.0,
        "f":0.0
      },
      "advcl":{
        "p":0.0141843972,
        "r":0.0357142857,
        "f":0.0203045685
      },
      "appos":{
        "p":0.0217391304,
        "r":0.0243902439,
        "f":0.0229885057
      },
      "mark":{
        "p":0.0256410256,
        "r":0.0197044335,
        "f":0.0222841226
      },
      "dep":{
        "p":0.0,
        "r":0.0,
        "f":0.0
      },
      "obj":{
        "p":0.0,
        "r":0.0,
        "f":0.0
      },
      "conj":{
        "p":0.1085409253,
        "r":0.1788856305,
        "f":0.1351052049
      },
      "nmod":{
        "p":0.0444444444,
        "r":0.0495867769,
        "f":0.046875
      },
      "flat":{
        "p":0.0,
        "r":0.0,
        "f":0.0
      },
      "obl:arg":{
        "p":0.0101010101,
        "r":0.0066225166,
        "f":0.008
      },
      "fixed":{
        "p":0.0,
        "r":0.0,
        "f":0.0
      },
      "discourse":{
        "p":0.0882352941,
        "r":0.0202702703,
        "f":0.032967033
      },
      "cop":{
        "p":0.0,
        "r":0.0,
        "f":0.0
      },
      "acl:relcl":{
        "p":0.0,
        "r":0.0,
        "f":0.0
      },
      "ccomp":{
        "p":0.0,
        "r":0.0,
        "f":0.0
      },
      "nummod":{
        "p":0.0,
        "r":0.0,
        "f":0.0
      },
      "advcl:pred":{
        "p":0.0,
        "r":0.0,
        "f":0.0
      },
      "orphan":{
        "p":0.0,
        "r":0.0,
        "f":0.0
      },
      "csubj":{
        "p":0.0,
        "r":0.0,
        "f":0.0
      },
      "vocative":{
        "p":0.0,
        "r":0.0,
        "f":0.0
      },
      "advmod:emph":{
        "p":0.0,
        "r":0.0,
        "f":0.0
      },
      "advmod:tmod":{
        "p":0.0,
        "r":0.0,
        "f":0.0
      },
      "dislocated":{
        "p":0.0,
        "r":0.0,
        "f":0.0
      },
      "flat:name":{
        "p":0.0,
        "r":0.0,
        "f":0.0
      },
      "advcl:abs":{
        "p":0.0,
        "r":0.0,
        "f":0.0
      },
      "advcl:cmp":{
        "p":0.0625,
        "r":0.0714285714,
        "f":0.0666666667
      },
      "ccomp:relcl":{
        "p":0.0,
        "r":0.0,
        "f":0.0
      },
      "flat:foreign":{
        "p":0.0,
        "r":0.0,
        "f":0.0
      },
      "obl:agent":{
        "p":0.0,
        "r":0.0,
        "f":0.0
      },
      "expl:pv":{
        "p":0.0,
        "r":0.0,
        "f":0.0
      },
      "aux":{
        "p":0.0,
        "r":0.0,
        "f":0.0
      },
      "aux:pass":{
        "p":0.0,
        "r":0.0,
        "f":0.0
      },
      "advmod:lmod":{
        "p":0.0,
        "r":0.0,
        "f":0.0
      },
      "parataxis":{
        "p":0.0,
        "r":0.0,
        "f":0.0
      },
      "advcl:relcl":{
        "p":0.0,
        "r":0.0,
        "f":0.0
      },
      "csubj:pass":{
        "p":0.0,
        "r":0.0,
        "f":0.0
      },
      "expl:pass":{
        "p":0.0,
        "r":0.0,
        "f":0.0
      },
      "reparandum":{
        "p":0.0,
        "r":0.0,
        "f":0.0
      },
      "nsubj:outer":{
        "p":0.0,
        "r":0.0,
        "f":0.0
      },
      "dislocated:obj":{
        "p":0.0,
        "r":0.0,
        "f":0.0
      },
      "obl:lmod":{
        "p":0.0,
        "r":0.0,
        "f":0.0
      },
      "ccomp:reported":{
        "p":0.0,
        "r":0.0,
        "f":0.0
      }
    }
  },
  "trainable_lemmatizer":{
    "lemma_acc":0.4037001484
  },
  "tagger":{
    "tag_acc":0.0
  },
  "morphologizer":{
    "pos_acc":0.284018504,
    "morph_acc":0.1871181707,
    "morph_micro_p":0.2629860267,
    "morph_micro_r":0.1963263224,
    "morph_micro_f":0.2248190346,
    "morph_per_feat":{
      "Case":{
        "p":0.1680784663,
        "r":0.1313131313,
        "f":0.1474384044
      },
      "Degree":{
        "p":0.0,
        "r":0.0,
        "f":0.0
      },
      "Gender":{
        "p":0.3139034878,
        "r":0.2318278052,
        "f":0.2666937284
      },
      "Number":{
        "p":0.6274065685,
        "r":0.435078534,
        "f":0.5138352141
      },
      "Strength":{
        "p":0.0,
        "r":0.0,
        "f":0.0
      },
      "Mood":{
        "p":0.178807947,
        "r":0.0569020021,
        "f":0.0863309353
      },
      "Person":{
        "p":0.2905982906,
        "r":0.0877419355,
        "f":0.1347869177
      },
      "Tense":{
        "p":0.2218543046,
        "r":0.0516975309,
        "f":0.0838548185
      },
      "VerbForm":{
        "p":0.1975683891,
        "r":0.100308642,
        "f":0.1330603889
      },
      "Voice":{
        "p":0.2748414376,
        "r":0.100308642,
        "f":0.1469756925
      },
      "PronType":{
        "p":0.3356807512,
        "r":0.229903537,
        "f":0.2729007634
      },
      "Polarity":{
        "p":0.8706896552,
        "r":0.7651515152,
        "f":0.814516129
      },
      "InflClass":{
        "p":0.0,
        "r":0.0,
        "f":0.0
      },
      "Form":{
        "p":0.0,
        "r":0.0,
        "f":0.0
      },
      "AdvType":{
        "p":0.0,
        "r":0.0,
        "f":0.0
      },
      "Foreign":{
        "p":0.0,
        "r":0.0,
        "f":0.0
      },
      "Poss":{
        "p":0.0,
        "r":0.0,
        "f":0.0
      },
      "Aspect":{
        "p":0.0122199593,
        "r":0.0882352941,
        "f":0.0214669052
      },
      "InflClass[nominal]":{
        "p":0.0,
        "r":0.0,
        "f":0.0
      },
      "NumType":{
        "p":0.0,
        "r":0.0,
        "f":0.0
      },
      "Reflex":{
        "p":0.0,
        "r":0.0,
        "f":0.0
      },
      "Abbr":{
        "p":0.0,
        "r":0.0,
        "f":0.0
      },
      "Proper":{
        "p":0.0,
        "r":0.0,
        "f":0.0
      },
      "NameType":{
        "p":0.0,
        "r":0.0,
        "f":0.0
      },
      "Number[psor]":{
        "p":0.0,
        "r":0.0,
        "f":0.0
      },
      "Person[psor]":{
        "p":0.0,
        "r":0.0,
        "f":0.0
      },
      "NumForm":{
        "p":0.0,
        "r":0.0,
        "f":0.0
      },
      "Compound":{
        "p":0.0,
        "r":0.0,
        "f":0.0
      },
      "PartType":{
        "p":0.0,
        "r":0.0,
        "f":0.0
      },
      "NumValue":{
        "p":0.0,
        "r":0.0,
        "f":0.0
      },
      "Variant":{
        "p":0.0,
        "r":0.0,
        "f":0.0
      }
    }
  },
  "speed":1751.9589597195
}