{
  "tokenizer":{
    "token_acc":1.0,
    "token_p":0.997476277,
    "token_r":0.9991405026,
    "token_f":0.9983076962
  },
  "transformer":{

  },
  "parser":{
    "sents_p":0.9321382843,
    "sents_r":0.9650905877,
    "sents_f":0.9483282675,
    "dep_uas":0.2771757849,
    "dep_las":0.0820089002,
    "dep_las_per_type":{
      "discourse":{
        "p":0.2379679144,
        "r":0.1318518519,
        "f":0.1696854147
      },
      "case":{
        "p":0.5704607046,
        "r":0.2639498433,
        "f":0.3609087012
      },
      "root":{
        "p":0.3019189765,
        "r":0.3128590367,
        "f":0.3072916667
      },
      "nsubj":{
        "p":0.0829694323,
        "r":0.0266666667,
        "f":0.0403611259
      },
      "det":{
        "p":0.0404040404,
        "r":0.0196463654,
        "f":0.0264375413
      },
      "advcl":{
        "p":0.0061845861,
        "r":0.0132382892,
        "f":0.0084306096
      },
      "flat":{
        "p":0.0,
        "r":0.0,
        "f":0.0
      },
      "acl":{
        "p":0.0091533181,
        "r":0.0116618076,
        "f":0.0102564103
      },
      "obj":{
        "p":0.0632911392,
        "r":0.0066269052,
        "f":0.0119976005
      },
      "mark":{
        "p":0.0,
        "r":0.0,
        "f":0.0
      },
      "amod":{
        "p":0.0505050505,
        "r":0.0386100386,
        "f":0.0437636761
      },
      "obl":{
        "p":0.1105769231,
        "r":0.0314637483,
        "f":0.0489882854
      },
      "nmod":{
        "p":0.0130272953,
        "r":0.0450643777,
        "f":0.0202117421
      },
      "dep":{
        "p":0.0003741115,
        "r":0.0294117647,
        "f":0.0007388253
      },
      "xcomp":{
        "p":0.0128205128,
        "r":0.003164557,
        "f":0.0050761421
      },
      "conj":{
        "p":0.026029526,
        "r":0.0612991766,
        "f":0.0365421325
      },
      "cc":{
        "p":0.1340206186,
        "r":0.0431606906,
        "f":0.0652938222
      },
      "advmod":{
        "p":0.0242718447,
        "r":0.0076687117,
        "f":0.0116550117
      },
      "expl:pv":{
        "p":0.0,
        "r":0.0,
        "f":0.0
      },
      "obl:arg":{
        "p":0.0120481928,
        "r":0.0016025641,
        "f":0.0028288543
      },
      "advcl:pred":{
        "p":0.0,
        "r":0.0,
        "f":0.0
      },
      "ccomp":{
        "p":0.0178571429,
        "r":0.005988024,
        "f":0.0089686099
      },
      "fixed":{
        "p":0.012195122,
        "r":0.0204081633,
        "f":0.0152671756
      },
      "nsubj:pass":{
        "p":0.0,
        "r":0.0,
        "f":0.0
      },
      "dislocated":{
        "p":0.0,
        "r":0.0,
        "f":0.0
      },
      "cop":{
        "p":0.0,
        "r":0.0,
        "f":0.0
      },
      "vocative":{
        "p":0.0,
        "r":0.0,
        "f":0.0
      },
      "flat:name":{
        "p":0.0,
        "r":0.0,
        "f":0.0
      },
      "appos":{
        "p":0.0,
        "r":0.0,
        "f":0.0
      },
      "advmod:neg":{
        "p":0.0,
        "r":0.0,
        "f":0.0
      },
      "aux":{
        "p":0.0,
        "r":0.0,
        "f":0.0
      },
      "orphan":{
        "p":0.0,
        "r":0.0,
        "f":0.0
      },
      "advcl:cmp":{
        "p":0.0,
        "r":0.0,
        "f":0.0
      },
      "conj:expl":{
        "p":0.0,
        "r":0.0,
        "f":0.0
      },
      "parataxis":{
        "p":0.0303030303,
        "r":0.0217391304,
        "f":0.0253164557
      },
      "acl:relcl":{
        "p":0.0,
        "r":0.0,
        "f":0.0
      },
      "obl:agent":{
        "p":0.0,
        "r":0.0,
        "f":0.0
      },
      "csubj":{
        "p":0.0,
        "r":0.0,
        "f":0.0
      },
      "nsubj:outer":{
        "p":0.0,
        "r":0.0,
        "f":0.0
      },
      "nummod":{
        "p":0.0,
        "r":0.0,
        "f":0.0
      },
      "advmod:emph":{
        "p":0.0,
        "r":0.0,
        "f":0.0
      },
      "advcl:relcl":{
        "p":0.0,
        "r":0.0,
        "f":0.0
      },
      "ccomp:relcl":{
        "p":0.0,
        "r":0.0,
        "f":0.0
      },
      "dislocated:obj":{
        "p":0.0,
        "r":0.0,
        "f":0.0
      },
      "compound":{
        "p":0.0,
        "r":0.0,
        "f":0.0
      },
      "reparandum":{
        "p":0.0,
        "r":0.0,
        "f":0.0
      },
      "csubj:pass":{
        "p":0.0,
        "r":0.0,
        "f":0.0
      },
      "ccomp:reported":{
        "p":0.0,
        "r":0.0,
        "f":0.0
      },
      "advmod:tmod":{
        "p":0.0,
        "r":0.0,
        "f":0.0
      },
      "advmod:lmod":{
        "p":0.0,
        "r":0.0,
        "f":0.0
      },
      "aux:pass":{
        "p":0.0,
        "r":0.0,
        "f":0.0
      },
      "csubj:relcl":{
        "p":0.0,
        "r":0.0,
        "f":0.0
      },
      "flat:foreign":{
        "p":0.0,
        "r":0.0,
        "f":0.0
      }
    }
  },
  "trainable_lemmatizer":{
    "lemma_acc":0.2231540657
  },
  "tagger":{
    "tag_acc":0.0
  },
  "speed":1611.9796537367
}