{
  "tokenizer":{
    "token_acc":0.9995570601,
    "token_p":0.9645015345,
    "token_r":0.9836092021,
    "token_f":0.9739616613
  },
  "transformer":{

  },
  "parser":{
    "sents_p":0.9265712508,
    "sents_r":0.9621970921,
    "sents_f":0.9440481851,
    "dep_uas":0.2867136429,
    "dep_las":0.0709116486,
    "dep_las_per_type":{
      "discourse":{
        "p":0.2028688525,
        "r":0.1378830084,
        "f":0.1641791045
      },
      "vocative":{
        "p":0.0,
        "r":0.0,
        "f":0.0
      },
      "root":{
        "p":0.2558211735,
        "r":0.2662358643,
        "f":0.2609246358
      },
      "advmod":{
        "p":0.0132231405,
        "r":0.004996877,
        "f":0.0072529465
      },
      "advcl":{
        "p":0.0031562336,
        "r":0.0131147541,
        "f":0.0050879796
      },
      "expl:pv":{
        "p":0.0,
        "r":0.0,
        "f":0.0
      },
      "obl:arg":{
        "p":0.0175438596,
        "r":0.0019493177,
        "f":0.0035087719
      },
      "nsubj":{
        "p":0.0368509213,
        "r":0.0116094987,
        "f":0.0176565008
      },
      "nmod":{
        "p":0.012,
        "r":0.044397463,
        "f":0.0188933873
      },
      "dep":{
        "p":0.0013504389,
        "r":0.0264900662,
        "f":0.0025698683
      },
      "advcl:pred":{
        "p":0.0,
        "r":0.0,
        "f":0.0
      },
      "xcomp":{
        "p":0.0169491525,
        "r":0.0114942529,
        "f":0.0136986301
      },
      "fixed":{
        "p":0.0089285714,
        "r":0.0135135135,
        "f":0.0107526882
      },
      "case":{
        "p":0.5123626374,
        "r":0.2224209899,
        "f":0.3101871102
      },
      "obl":{
        "p":0.0816326531,
        "r":0.024343857,
        "f":0.0375036625
      },
      "nummod":{
        "p":0.0,
        "r":0.0,
        "f":0.0
      },
      "conj":{
        "p":0.0284686844,
        "r":0.0405117271,
        "f":0.03343893
      },
      "appos":{
        "p":0.0571428571,
        "r":0.0028169014,
        "f":0.0053691275
      },
      "obl:agent":{
        "p":0.0,
        "r":0.0,
        "f":0.0
      },
      "mark":{
        "p":0.0004805382,
        "r":0.003125,
        "f":0.0008329863
      },
      "cc":{
        "p":0.0580524345,
        "r":0.0206528981,
        "f":0.0304668305
      },
      "obj":{
        "p":0.0360655738,
        "r":0.0065947242,
        "f":0.0111505322
      },
      "dislocated":{
        "p":0.0,
        "r":0.0,
        "f":0.0
      },
      "det":{
        "p":0.0345744681,
        "r":0.0303265941,
        "f":0.0323115162
      },
      "amod":{
        "p":0.0425361156,
        "r":0.0357624831,
        "f":0.038856305
      },
      "parataxis":{
        "p":0.0,
        "r":0.0,
        "f":0.0
      },
      "acl":{
        "p":0.0,
        "r":0.0,
        "f":0.0
      },
      "expl":{
        "p":0.0,
        "r":0.0,
        "f":0.0
      },
      "cop":{
        "p":0.0,
        "r":0.0,
        "f":0.0
      },
      "nsubj:pass":{
        "p":0.0,
        "r":0.0,
        "f":0.0
      },
      "ccomp":{
        "p":0.0,
        "r":0.0,
        "f":0.0
      },
      "flat":{
        "p":0.0,
        "r":0.0,
        "f":0.0
      },
      "advmod:emph":{
        "p":0.0,
        "r":0.0,
        "f":0.0
      },
      "advmod:lmod":{
        "p":0.0,
        "r":0.0,
        "f":0.0
      },
      "orphan":{
        "p":0.0079365079,
        "r":0.0082644628,
        "f":0.008097166
      },
      "aux":{
        "p":0.0,
        "r":0.0,
        "f":0.0
      },
      "acl:relcl":{
        "p":0.0,
        "r":0.0,
        "f":0.0
      },
      "aux:pass":{
        "p":0.0,
        "r":0.0,
        "f":0.0
      },
      "advcl:cmp":{
        "p":0.0,
        "r":0.0,
        "f":0.0
      },
      "iobj":{
        "p":0.0,
        "r":0.0,
        "f":0.0
      },
      "flat:name":{
        "p":0.0,
        "r":0.0,
        "f":0.0
      },
      "conj:expl":{
        "p":0.0,
        "r":0.0,
        "f":0.0
      },
      "nummod:gov":{
        "p":0.0,
        "r":0.0,
        "f":0.0
      },
      "list":{
        "p":0.0,
        "r":0.0,
        "f":0.0
      },
      "advcl:relcl":{
        "p":0.0,
        "r":0.0,
        "f":0.0
      },
      "flat:foreign":{
        "p":0.0,
        "r":0.0,
        "f":0.0
      },
      "csubj":{
        "p":0.0,
        "r":0.0,
        "f":0.0
      },
      "advmod:neg":{
        "p":0.0,
        "r":0.0,
        "f":0.0
      },
      "csubj:relcl":{
        "p":0.0,
        "r":0.0,
        "f":0.0
      },
      "nsubj:outer":{
        "p":0.0,
        "r":0.0,
        "f":0.0
      },
      "csubj:pass":{
        "p":0.0,
        "r":0.0,
        "f":0.0
      },
      "advmod:tmod":{
        "p":0.0,
        "r":0.0,
        "f":0.0
      },
      "compound":{
        "p":0.0,
        "r":0.0,
        "f":0.0
      },
      "obl:lmod":{
        "p":0.0,
        "r":0.0,
        "f":0.0
      },
      "ccomp:relcl":{
        "p":0.0,
        "r":0.0,
        "f":0.0
      },
      "reparandum":{
        "p":0.0,
        "r":0.0,
        "f":0.0
      },
      "dislocated:obj":{
        "p":0.0,
        "r":0.0,
        "f":0.0
      },
      "advcl:abs":{
        "p":0.0,
        "r":0.0,
        "f":0.0
      },
      "dislocated:nsubj":{
        "p":0.0,
        "r":0.0,
        "f":0.0
      },
      "expl:pass":{
        "p":0.0,
        "r":0.0,
        "f":0.0
      },
      "goeswith":{
        "p":0.0,
        "r":0.0,
        "f":0.0
      },
      "ccomp:reported":{
        "p":0.0,
        "r":0.0,
        "f":0.0
      }
    }
  },
  "trainable_lemmatizer":{
    "lemma_acc":0.297548416
  },
  "tagger":{
    "tag_acc":0.0002560737
  },
  "morphologizer":{
    "pos_acc":0.2230195086,
    "morph_acc":0.2030272905,
    "morph_micro_p":0.2376189276,
    "morph_micro_r":0.1774455371,
    "morph_micro_f":0.2031704558,
    "morph_per_feat":{
      "Case":{
        "p":0.1814268633,
        "r":0.1400874008,
        "f":0.1580994721
      },
      "Gender":{
        "p":0.2983638905,
        "r":0.2341894682,
        "f":0.2624100654
      },
      "Number":{
        "p":0.6035756501,
        "r":0.428107315,
        "f":0.5009196812
      },
      "Mood":{
        "p":0.0997536946,
        "r":0.0284310284,
        "f":0.0442502049
      },
      "Person":{
        "p":0.1476793249,
        "r":0.0268662445,
        "f":0.0454619256
      },
      "Tense":{
        "p":0.1131611316,
        "r":0.018714402,
        "f":0.032117298
      },
      "VerbForm":{
        "p":0.0792785235,
        "r":0.0371535286,
        "f":0.0505956365
      },
      "Voice":{
        "p":0.1047094188,
        "r":0.041231012,
        "f":0.0591648974
      },
      "PronType":{
        "p":0.0317152104,
        "r":0.0201729107,
        "f":0.0246602919
      },
      "Variant":{
        "p":0.0,
        "r":0.0,
        "f":0.0
      },
      "Reflex":{
        "p":0.25,
        "r":0.0069686411,
        "f":0.013559322
      },
      "Aspect":{
        "p":0.0442565888,
        "r":0.0477211796,
        "f":0.0459236326
      },
      "InflClass":{
        "p":0.0,
        "r":0.0,
        "f":0.0
      },
      "AdvType":{
        "p":0.0,
        "r":0.0,
        "f":0.0
      },
      "NumType":{
        "p":0.0,
        "r":0.0,
        "f":0.0
      },
      "Polarity":{
        "p":0.6133333333,
        "r":0.3301435407,
        "f":0.4292379471
      },
      "Degree":{
        "p":0.0043668122,
        "r":0.0004723666,
        "f":0.0008525149
      },
      "InflClass[nominal]":{
        "p":0.0,
        "r":0.0,
        "f":0.0
      },
      "Clitic":{
        "p":0.0,
        "r":0.0,
        "f":0.0
      },
      "Poss":{
        "p":0.0,
        "r":0.0,
        "f":0.0
      },
      "NumForm":{
        "p":0.0,
        "r":0.0,
        "f":0.0
      },
      "Analyt":{
        "p":0.0,
        "r":0.0,
        "f":0.0
      },