{
  "tokenizer":{
    "token_acc":0.9987632593,
    "token_p":0.9895828378,
    "token_r":0.9929125403,
    "token_f":0.9912448929
  },
  "transformer":{

  },
  "parser":{
    "sents_p":0.8993288591,
    "sents_r":0.9509677419,
    "sents_f":0.9244277203,
    "dep_uas":0.2808083138,
    "dep_las":0.0844839511,
    "dep_las_per_type":{
      "nsubj":{
        "p":0.0434782609,
        "r":0.0130813953,
        "f":0.0201117318
      },
      "case":{
        "p":0.2508493771,
        "r":0.1649292628,
        "f":0.1990116801
      },
      "obl":{
        "p":0.0664003994,
        "r":0.0493873004,
        "f":0.0566439523
      },
      "root":{
        "p":0.2587625724,
        "r":0.2738709677,
        "f":0.2661024918
      },
      "det":{
        "p":0.2546125461,
        "r":0.089532872,
        "f":0.13248
      },
      "flat:name":{
        "p":0.0,
        "r":0.0,
        "f":0.0
      },
      "advcl":{
        "p":0.0076133731,
        "r":0.0112745098,
        "f":0.0090891128
      },
      "cop":{
        "p":0.0,
        "r":0.0,
        "f":0.0
      },
      "acl":{
        "p":0.0018853695,
        "r":0.0100806452,
        "f":0.0031766201
      },
      "dep":{
        "p":0.0,
        "r":0.0,
        "f":0.0
      },
      "amod":{
        "p":0.0087747806,
        "r":0.0541082164,
        "f":0.0151006711
      },
      "advmod":{
        "p":0.0694223635,
        "r":0.0323696565,
        "f":0.0441523424
      },
      "mark":{
        "p":0.0167310167,
        "r":0.0192878338,
        "f":0.0179186768
      },
      "nmod":{
        "p":0.0404730618,
        "r":0.0505083634,
        "f":0.0449372629
      },
      "advmod:lmod":{
        "p":0.0,
        "r":0.0,
        "f":0.0
      },
      "obj":{
        "p":0.0657894737,
        "r":0.0191204589,
        "f":0.0296296296
      },
      "cc":{
        "p":0.3144081414,
        "r":0.2321075524,
        "f":0.2670609645
      },
      "conj":{
        "p":0.0657706606,
        "r":0.1093155894,
        "f":0.0821281914
      },
      "xcomp":{
        "p":0.0150214592,
        "r":0.007231405,
        "f":0.009762901
      },
      "appos":{
        "p":0.0,
        "r":0.0,
        "f":0.0
      },
      "orphan":{
        "p":0.0011363636,
        "r":0.0090909091,
        "f":0.002020202
      },
      "nummod":{
        "p":0.0,
        "r":0.0,
        "f":0.0
      },
      "obl:arg":{
        "p":0.1147540984,
        "r":0.0234899329,
        "f":0.0389972145
      },
      "vocative":{
        "p":0.0,
        "r":0.0,
        "f":0.0
      },
      "nsubj:pass":{
        "p":0.0025839793,
        "r":0.0054347826,
        "f":0.003502627
      },
      "dislocated":{
        "p":0.0,
        "r":0.0,
        "f":0.0
      },
      "csubj":{
        "p":0.0,
        "r":0.0,
        "f":0.0
      },
      "parataxis":{
        "p":0.0,
        "r":0.0,
        "f":0.0
      },
      "csubj:pass":{
        "p":0.0,
        "r":0.0,
        "f":0.0
      },
      "acl:relcl":{
        "p":0.0,
        "r":0.0,
        "f":0.0
      },
      "advcl:pred":{
        "p":0.0,
        "r":0.0,
        "f":0.0
      },
      "obl:agent":{
        "p":0.0,
        "r":0.0,
        "f":0.0
      },
      "discourse":{
        "p":0.1843003413,
        "r":0.1308562197,
        "f":0.1530467643
      },
      "fixed":{
        "p":0.0327868852,
        "r":0.16,
        "f":0.0544217687
      },
      "ccomp":{
        "p":0.0201005025,
        "r":0.0102040816,
        "f":0.013536379
      },
      "flat":{
        "p":0.0,
        "r":0.0,
        "f":0.0
      },
      "advcl:cmp":{
        "p":0.0,
        "r":0.0,
        "f":0.0
      },
      "iobj":{
        "p":0.0,
        "r":0.0,
        "f":0.0
      },
      "advmod:neg":{
        "p":0.0,
        "r":0.0,
        "f":0.0
      },
      "advmod:emph":{
        "p":0.0,
        "r":0.0,
        "f":0.0
      },
      "ccomp:relcl":{
        "p":0.0,
        "r":0.0,
        "f":0.0
      },
      "conj:expl":{
        "p":0.0,
        "r":0.0,
        "f":0.0
      },
      "csubj:relcl":{
        "p":0.0,
        "r":0.0,
        "f":0.0
      },
      "advcl:abs":{
        "p":0.0,
        "r":0.0,
        "f":0.0
      },
      "compound":{
        "p":0.0,
        "r":0.0,
        "f":0.0
      },
      "nsubj:outer":{
        "p":0.0,
        "r":0.0,
        "f":0.0
      },
      "dislocated:obj":{
        "p":0.0,
        "r":0.0,
        "f":0.0
      },
      "aux":{
        "p":0.0,
        "r":0.0,
        "f":0.0
      },
      "ccomp:reported":{
        "p":0.0,
        "r":0.0,
        "f":0.0
      },
      "aux:pass":{
        "p":0.0,
        "r":0.0,
        "f":0.0
      },
      "reparandum":{
        "p":0.0,
        "r":0.0,
        "f":0.0
      },
      "advmod:tmod":{
        "p":0.0,
        "r":0.0,
        "f":0.0
      },
      "advcl:relcl":{
        "p":0.0,
        "r":0.0,
        "f":0.0
      }
    }
  },
  "trainable_lemmatizer":{
    "lemma_acc":0.2103958331
  },
  "tagger":{
    "tag_acc":0.0
  },
  "morphologizer":{
    "pos_acc":0.344967339,
    "morph_acc":0.1745214427,
    "morph_micro_p":0.2268518089,
    "morph_micro_r":0.2046340117,
    "morph_micro_f":0.2151708979,
    "morph_per_feat":{
      "Case":{
        "p":0.2163714696,
        "r":0.2039435095,
        "f":0.2099737533
      },
      "Gender":{
        "p":0.2693568605,
        "r":0.2537699855,
        "f":0.2613312129
      },
      "Number":{
        "p":0.5261609195,
        "r":0.4212618715,
        "f":0.4679041622
      },
      "Aspect":{
        "p":0.1063174114,
        "r":0.1590909091,
        "f":0.1274574482
      },
      "Mood":{
        "p":0.3091133005,
        "r":0.0501298183,
        "f":0.0862691184
      },
      "Person":{
        "p":0.2621145374,
        "r":0.0362749581,
        "f":0.0637300843
      },
      "Tense":{
        "p":0.2857142857,
        "r":0.0284592738,
        "f":0.051762606
      },
      "VerbForm":{
        "p":0.1687251413,
        "r":0.0988471916,
        "f":0.1246616658
      },
      "Voice":{
        "p":0.1343847179,
        "r":0.0743060673,
        "f":0.0956975641
      },
      "Definite":{
        "p":0.0,
        "r":0.0,
        "f":0.0
      },
      "PronType":{
        "p":0.1861179361,
        "r":0.0647435897,
        "f":0.0960684845
      },
      "InflClass":{
        "p":0.0,
        "r":0.0,
        "f":0.0
      },
      "InflClass[nominal]":{
        "p":0.0,
        "r":0.0,
        "f":0.0
      },
      "Abbr":{
        "p":0.0,
        "r":0.0,
        "f":0.0
      },
      "Degree":{
        "p":0.002621232,
        "r":0.0015576324,
        "f":0.0019540791
      },
      "NumType":{
        "p":0.0,
        "r":0.0,
        "f":0.0
      },
      "Polarity":{
        "p":0.0051413882,
        "r":0.0051020408,
        "f":0.0051216389
      },
      "AdvType":{
        "p":0.0,
        "r":0.0,
        "f":0.0
      },
      "Compound":{
        "p":0.0,
        "r":0.0,
        "f":0.0
      },
      "Form":{
        "p":0.0,
        "r":0.0,
        "f":0.0
      },
      "Proper":{
        "p":0.0,
        "r":0.0,
        "f":0.0
      },
      "Poss":{
        "p":0.0,
        "r":0.0,
        "f":0.0
      },
      "NameType":{
        "p":0.0,
        "r":0.0,
        "f":0.0
      },
      "Reflex":{
        "p":0.0,
        "r":0.0,
        "f":0.0
      },
      "NumValue":{
        "p":0.0,
        "r":0.0,
        "f":0.0
      },
      "NumForm":{
        "p":0.0,
        "r":0.0,
        "f":0.0
      },
      "Foreign":{
        "p":0.0,
        "r":0.0,
        "f":0.0
      },
      "Person[psor]":{
        "p":0.0,
        "r":0.0,
        "f":0.0
      },
      "Number[psor]":{
        "p":0.0,
        "r":0.0,
        "f":0.0
      },
      "PartType":{
        "p":0.0,
        "r":0.0,
        "f":0.0
      }
    }
  },
  "speed":4030.3769864301
}