{
  "tokenizer":{
    "token_acc":0.9996152111,
    "token_p":0.9922378791,
    "token_r":0.9963360691,
    "token_f":0.9942827512
  },
  "transformer":{

  },
  "parser":{
    "sents_p":0.9905038248,
    "sents_r":0.9954931071,
    "sents_f":0.9929921989,
    "dep_uas":0.8710349546,
    "dep_las":0.8315997326,
    "dep_las_per_type":{
      "root":{
        "p":0.9131926121,
        "r":0.9175503712,
        "f":0.9153663052
      },
      "cc":{
        "p":0.8679906542,
        "r":0.8842606367,
        "f":0.8760501105
      },
      "mark":{
        "p":0.8662605164,
        "r":0.8538747498,
        "f":0.8600230415
      },
      "amod":{
        "p":0.8774632748,
        "r":0.8841155235,
        "f":0.8807768387
      },
      "nsubj:pass":{
        "p":0.8352524358,
        "r":0.8264680105,
        "f":0.8308370044
      },
      "advmod:neg":{
        "p":0.8724584104,
        "r":0.8660550459,
        "f":0.8692449355
      },
      "advcl":{
        "p":0.6869699306,
        "r":0.6974559687,
        "f":0.6921732375
      },
      "case":{
        "p":0.9657161166,
        "r":0.9689760489,
        "f":0.9673433363
      },
      "nsubj":{
        "p":0.8312785388,
        "r":0.8345175338,
        "f":0.8328948873
      },
      "obl":{
        "p":0.7938640465,
        "r":0.801417004,
        "f":0.7976226453
      },
      "acl:relcl":{
        "p":0.673390225,
        "r":0.6797180893,
        "f":0.6765393609
      },
      "nmod":{
        "p":0.8410476406,
        "r":0.8378317589,
        "f":0.8394366197
      },
      "obj":{
        "p":0.8308711156,
        "r":0.8171342685,
        "f":0.8239454408
      },
      "advmod":{
        "p":0.8294329433,
        "r":0.8238712561,
        "f":0.826642745
      },
      "csubj:pass":{
        "p":0.6666666667,
        "r":0.7165775401,
        "f":0.6907216495
      },
      "cop":{
        "p":0.8241954708,
        "r":0.8346409173,
        "f":0.8293853073
      },
      "advmod:lmod":{
        "p":0.8571428571,
        "r":0.8651162791,
        "f":0.8611111111
      },
      "det":{
        "p":0.916090584,
        "r":0.9280367061,
        "f":0.922024952
      },
      "fixed":{
        "p":0.962962963,
        "r":0.9430051813,
        "f":0.9528795812
      },
      "obl:arg":{
        "p":0.829925187,
        "r":0.8217283951,
        "f":0.8258064516
      },
      "appos":{
        "p":0.9437428243,
        "r":0.9704840614,
        "f":0.9569266589
      },
      "conj":{
        "p":0.6974358974,
        "r":0.6925035361,
        "f":0.6949609652
      },
      "xcomp":{
        "p":0.8128916741,
        "r":0.8007054674,
        "f":0.8067525544
      },
      "ccomp:relcl":{
        "p":0.4423076923,
        "r":0.3965517241,
        "f":0.4181818182
      },
      "acl":{
        "p":0.7609213662,
        "r":0.7138599106,
        "f":0.7366397539
      },
      "discourse":{
        "p":0.8566904196,
        "r":0.8519685039,
        "f":0.8543229372
      },
      "orphan":{
        "p":0.3055555556,
        "r":0.301369863,
        "f":0.3034482759
      },
      "csubj":{
        "p":0.7281713344,
        "r":0.7269736842,
        "f":0.7275720165
      },
      "advmod:emph":{
        "p":0.6864951768,
        "r":0.6499238965,
        "f":0.6677091478
      },
      "flat":{
        "p":0.9023569024,
        "r":0.8933333333,
        "f":0.8978224456
      },
      "dislocated:obj":{
        "p":0.76,
        "r":0.7125,
        "f":0.735483871
      },
      "nummod":{
        "p":0.8227848101,
        "r":0.7707509881,
        "f":0.7959183673
      },
      "compound":{
        "p":1.0,
        "r":0.6,
        "f":0.75
      },
      "ccomp:reported":{
        "p":0.5384615385,
        "r":0.3888888889,
        "f":0.4516129032
      },
      "advcl:pred":{
        "p":0.2235294118,
        "r":0.2345679012,
        "f":0.2289156627
      },
      "ccomp":{
        "p":0.625,
        "r":0.5967078189,
        "f":0.6105263158
      },
      "dep":{
        "p":0.0293040293,
        "r":0.4705882353,
        "f":0.0551724138
      },
      "aux:pass":{
        "p":0.9090909091,
        "r":0.92760181,
        "f":0.9182530795
      },
      "csubj:relcl":{
        "p":0.4912280702,
        "r":0.4117647059,
        "f":0.448
      },
      "advcl:abs":{
        "p":0.4444444444,
        "r":0.2857142857,
        "f":0.347826087
      },
      "aux":{
        "p":0.3333333333,
        "r":0.0714285714,
        "f":0.1176470588
      },
      "conj:expl":{
        "p":0.3880597015,
        "r":0.2921348315,
        "f":0.3333333333
      },
      "advcl:cmp":{
        "p":0.4516129032,
        "r":0.3021582734,
        "f":0.3620689655
      },
      "obl:agent":{
        "p":0.1111111111,
        "r":0.0384615385,
        "f":0.0571428571
      },
      "obl:lmod":{
        "p":0.0,
        "r":0.0,
        "f":0.0
      },
      "dislocated:nsubj":{
        "p":1.0,
        "r":0.5555555556,
        "f":0.7142857143
      },
      "advcl:relcl":{
        "p":0.1428571429,
        "r":0.0447761194,
        "f":0.0681818182
      },
      "advmod:tmod":{
        "p":0.7747747748,
        "r":0.7413793103,
        "f":0.7577092511
      },
      "expl:pass":{
        "p":0.8064516129,
        "r":0.7352941176,
        "f":0.7692307692
      },
      "reparandum":{
        "p":0.5714285714,
        "r":0.2666666667,
        "f":0.3636363636
      },
      "obl:tmod":{
        "p":0.0,
        "r":0.0,
        "f":0.0
      },
      "nsubj:outer":{
        "p":0.0,
        "r":0.0,
        "f":0.0
      },
      "flat:name":{
        "p":0.0,
        "r":0.0,
        "f":0.0
      },
      "obl:cmp":{
        "p":0.0,
        "r":0.0,
        "f":0.0
      },
      "vocative":{
        "p":0.5,
        "r":0.2142857143,
        "f":0.3
      },
      "parataxis":{
        "p":0.5,
        "r":0.2631578947,
        "f":0.3448275862
      },
      "cop:outer":{
        "p":0.0,
        "r":0.0,
        "f":0.0
      },
      "csubj:outer":{
        "p":0.0,
        "r":0.0,
        "f":0.0
      },
      "flat:foreign":{
        "p":0.0,
        "r":0.0,
        "f":0.0
      },
      "parataxis:reporting":{
        "p":0.0,
        "r":0.0,
        "f":0.0
      },
      "dislocated":{
        "p":0.0,
        "r":0.0,
        "f":0.0
      },
      "csubj:cleft":{
        "p":0.0,
        "r":0.0,
        "f":0.0
      },
      "csubj:reported":{
        "p":0.0,
        "r":0.0,
        "f":0.0
      },
      "iobj":{
        "p":0.0,
        "r":0.0,
        "f":0.0
      },
      "dislocated:csubj":{
        "p":0.0,
        "r":0.0,
        "f":0.0
      }
    }
  },
  "trainable_lemmatizer":{
    "lemma_acc":0.9680761226
  },
  "tagger":{
    "tag_acc":0.9356079032
  },
  "speed":4118.0505150022
}