{
  "tokenizer":{
    "token_acc":1.0,
    "token_p":0.997476277,
    "token_r":0.9991405026,
    "token_f":0.9983076962
  },
  "transformer":{

  },
  "parser":{
    "sents_p":0.9584954604,
    "sents_r":0.9796730004,
    "sents_f":0.9689685315,
    "dep_uas":0.2815384213,
    "dep_las":0.0783145128,
    "dep_las_per_type":{
      "discourse":{
        "p":0.2318435754,
        "r":0.122962963,
        "f":0.160696999
      },
      "case":{
        "p":0.5994277539,
        "r":0.2626959248,
        "f":0.3653007847
      },
      "root":{
        "p":0.3123110151,
        "r":0.3194874061,
        "f":0.3158584535
      },
      "nsubj":{
        "p":0.0730088496,
        "r":0.0231578947,
        "f":0.0351624933
      },
      "det":{
        "p":0.0197841727,
        "r":0.010805501,
        "f":0.0139771283
      },
      "advcl":{
        "p":0.0077235772,
        "r":0.0193482688,
        "f":0.011040093
      },
      "amod":{
        "p":0.0363086233,
        "r":0.0308880309,
        "f":0.033379694
      },
      "acl":{
        "p":0.002994012,
        "r":0.0029154519,
        "f":0.0029542097
      },
      "obj":{
        "p":0.0818181818,
        "r":0.0119284294,
        "f":0.020821284
      },
      "mark":{
        "p":0.0,
        "r":0.0,
        "f":0.0
      },
      "obl":{
        "p":0.116751269,
        "r":0.0314637483,
        "f":0.0495689655
      },
      "dep":{
        "p":0.0,
        "r":0.0,
        "f":0.0
      },
      "nmod":{
        "p":0.0169172932,
        "r":0.0579399142,
        "f":0.0261881668
      },
      "conj":{
        "p":0.0146801818,
        "r":0.0384263495,
        "f":0.0212443096
      },
      "cc":{
        "p":0.0813704497,
        "r":0.0252324037,
        "f":0.0385200203
      },
      "advmod":{
        "p":0.027700831,
        "r":0.0076687117,
        "f":0.012012012
      },
      "expl:pv":{
        "p":0.0,
        "r":0.0,
        "f":0.0
      },
      "obl:arg":{
        "p":0.0133333333,
        "r":0.0016025641,
        "f":0.0028612303
      },
      "fixed":{
        "p":0.0,
        "r":0.0,
        "f":0.0
      },
      "nsubj:pass":{
        "p":0.0,
        "r":0.0,
        "f":0.0
      },
      "dislocated":{
        "p":0.0,
        "r":0.0,
        "f":0.0
      },
      "cop":{
        "p":0.0,
        "r":0.0,
        "f":0.0
      },
      "vocative":{
        "p":0.0,
        "r":0.0,
        "f":0.0
      },
      "flat:name":{
        "p":0.0,
        "r":0.0,
        "f":0.0
      },
      "xcomp":{
        "p":0.0131578947,
        "r":0.0063291139,
        "f":0.0085470085
      },
      "appos":{
        "p":0.0,
        "r":0.0,
        "f":0.0
      },
      "advcl:cmp":{
        "p":0.0,
        "r":0.0,
        "f":0.0
      },
      "aux":{
        "p":0.0,
        "r":0.0,
        "f":0.0
      },
      "flat":{
        "p":0.0,
        "r":0.0,
        "f":0.0
      },
      "orphan":{
        "p":0.0,
        "r":0.0,
        "f":0.0
      },
      "advmod:neg":{
        "p":0.0,
        "r":0.0,
        "f":0.0
      },
      "ccomp":{
        "p":0.0,
        "r":0.0,
        "f":0.0
      },
      "parataxis":{
        "p":0.0131578947,
        "r":0.0217391304,
        "f":0.0163934426
      },
      "acl:relcl":{
        "p":0.0,
        "r":0.0,
        "f":0.0
      },
      "obl:agent":{
        "p":0.0,
        "r":0.0,
        "f":0.0
      },
      "csubj":{
        "p":0.0,
        "r":0.0,
        "f":0.0
      },
      "nsubj:outer":{
        "p":0.0,
        "r":0.0,
        "f":0.0
      },
      "advmod:emph":{
        "p":0.0,
        "r":0.0,
        "f":0.0
      },
      "nummod":{
        "p":0.0,
        "r":0.0,
        "f":0.0
      },
      "advcl:relcl":{
        "p":0.0,
        "r":0.0,
        "f":0.0
      },
      "csubj:relcl":{
        "p":0.0,
        "r":0.0,
        "f":0.0
      },
      "advcl:pred":{
        "p":0.0,
        "r":0.0,
        "f":0.0
      },
      "ccomp:relcl":{
        "p":0.0,
        "r":0.0,
        "f":0.0
      },
      "flat:foreign":{
        "p":0.0,
        "r":0.0,
        "f":0.0
      },
      "reparandum":{
        "p":0.0,
        "r":0.0,
        "f":0.0
      },
      "advmod:lmod":{
        "p":0.0,
        "r":0.0,
        "f":0.0
      },
      "compound":{
        "p":0.0,
        "r":0.0,
        "f":0.0
      },
      "aux:pass":{
        "p":0.0,
        "r":0.0,
        "f":0.0
      },
      "csubj:pass":{
        "p":0.0,
        "r":0.0,
        "f":0.0
      },
      "conj:expl":{
        "p":0.0,
        "r":0.0,
        "f":0.0
      },
      "ccomp:reported":{
        "p":0.0,
        "r":0.0,
        "f":0.0
      },
      "expl:pass":{
        "p":0.0,
        "r":0.0,
        "f":0.0
      }
    }
  },
  "trainable_lemmatizer":{
    "lemma_acc":0.2228509359
  },
  "tagger":{
    "tag_acc":0.0
  },
  "morphologizer":{
    "pos_acc":0.2018038047,
    "morph_acc":0.155502211,
    "morph_micro_p":0.2327500825,
    "morph_micro_r":0.1521035599,
    "morph_micro_f":0.1839770355,
    "morph_per_feat":{
      "Case":{
        "p":0.1745520175,
        "r":0.1272317234,
        "f":0.1471819121
      },
      "Gender":{
        "p":0.2489703733,
        "r":0.1910685155,
        "f":0.2162099798
      },
      "Number":{
        "p":0.6139416396,
        "r":0.3883680047,
        "f":0.4757717157
      },
      "Person":{
        "p":0.2187147689,
        "r":0.0358860525,
        "f":0.061655808
      },
      "PronType":{
        "p":0.0806566738,
        "r":0.0460848287,
        "f":0.058655593
      },
      "InflClass":{
        "p":0.0,
        "r":0.0,
        "f":0.0
      },
      "Aspect":{
        "p":0.0342624855,
        "r":0.0425072046,
        "f":0.0379421222
      },
      "Mood":{
        "p":0.2044887781,
        "r":0.0543046358,
        "f":0.085818943
      },
      "Tense":{
        "p":0.1658354115,
        "r":0.0284796574,
        "f":0.0486111111
      },
      "VerbForm":{
        "p":0.1477783325,
        "r":0.0632478632,
        "f":0.0885829717
      },
      "Voice":{
        "p":0.1659775546,
        "r":0.0601713062,
        "f":0.088323118
      },
      "InflClass[nominal]":{
        "p":0.0,
        "r":0.0,
        "f":0.0
      },
      "Variant":{
        "p":0.0,
        "r":0.0,
        "f":0.0
      },
      "Degree":{
        "p":0.0,
        "r":0.0,
        "f":0.0
      },
      "Reflex":{
        "p":0.0487804878,
        "r":0.0029069767,
        "f":0.0054869684
      },
      "Poss":{
        "p":0.0,
        "r":0.0,
        "f":0.0
      },
      "Polarity":{
        "p":0.5297297297,
        "r":0.2419753086,
        "f":0.3322033898
      },
      "AdvType":{
        "p":0.0,
        "r":0.0,
        "f":0.0
      },
      "NumForm":{
        "p":0.0,
        "r":0.0,
        "f":0.0
      },
      "Foreign":{
        "p":0.0,
        "r":0.0,
        "f":0.0
      },
      "PartType":{
        "p":0.0,
        "r":0.0,
        "f":0.0
      },
      "NumType":{
        "p":0.0,
        "r":0.0,
        "f":0.0
      },
      "Compound":{
        "p":0.0,
        "r":0.0,
        "f":0.0
      },
      "NumValue":{
        "p":0.0,
        "r":0.0,
        "f":0.0
      },
      "Abbr":{
        "p":0.0,
        "r":0.0,
        "f":0.0
      },
      "Proper":{
        "p":0.0,
        "r":0.0,
        "f":0.0
      },
      "NameType":{
        "p":0.0,
        "r":0.0,
        "f":0.0
      },
      "Form":{
        "p":0.0,
        "r":0.0,
        "f":0.0
      },
      "Number[psor]":{
        "p":0.0,
        "r":0.0,
        "f":0.0
      },
      "Person[psor]":{
        "p":0.0,
        "r":0.0,
        "f":0.0
      }
    }
  },
  "speed":2459.0182164455
}