{
  "tokenizer":{
    "token_acc":0.9987632593,
    "token_p":0.9895828378,
    "token_r":0.9929125403,
    "token_f":0.9912448929
  },
  "transformer":{

  },
  "parser":{
    "sents_p":0.8769924812,
    "sents_r":0.9406451613,
    "sents_f":0.9077042802,
    "dep_uas":0.2773133023,
    "dep_las":0.0786279955,
    "dep_las_per_type":{
      "nsubj":{
        "p":0.0455104551,
        "r":0.0134447674,
        "f":0.0207573633
      },
      "case":{
        "p":0.2152489627,
        "r":0.1545048399,
        "f":0.1798872995
      },
      "obl":{
        "p":0.0556756757,
        "r":0.0382473078,
        "f":0.045344486
      },
      "root":{
        "p":0.2461631056,
        "r":0.2638709677,
        "f":0.2547096372
      },
      "det":{
        "p":0.185546875,
        "r":0.0616349481,
        "f":0.0925324675
      },
      "flat:name":{
        "p":0.0,
        "r":0.0,
        "f":0.0
      },
      "advcl":{
        "p":0.004354711,
        "r":0.0053921569,
        "f":0.0048182216
      },
      "cop":{
        "p":0.0273972603,
        "r":0.0039447732,
        "f":0.0068965517
      },
      "acl":{
        "p":0.004048583,
        "r":0.0201612903,
        "f":0.0067430883
      },
      "amod":{
        "p":0.0070281124,
        "r":0.0420841683,
        "f":0.0120447376
      },
      "nmod":{
        "p":0.0402126184,
        "r":0.0570678911,
        "f":0.0471800434
      },
      "advmod":{
        "p":0.0715231788,
        "r":0.0266864344,
        "f":0.0388698938
      },
      "obj":{
        "p":0.0585106383,
        "r":0.0140216699,
        "f":0.022622108
      },
      "cc":{
        "p":0.3216527197,
        "r":0.2431791222,
        "f":0.2769646476
      },
      "conj":{
        "p":0.0663923182,
        "r":0.1150190114,
        "f":0.0841885545
      },
      "xcomp":{
        "p":0.009202454,
        "r":0.0030991736,
        "f":0.0046367852
      },
      "dep":{
        "p":0.0,
        "r":0.0,
        "f":0.0
      },
      "parataxis":{
        "p":0.0,
        "r":0.0,
        "f":0.0
      },
      "orphan":{
        "p":0.0046439628,
        "r":0.0272727273,
        "f":0.0079365079
      },
      "mark":{
        "p":0.0136986301,
        "r":0.0103857567,
        "f":0.011814346
      },
      "nummod":{
        "p":0.0,
        "r":0.0,
        "f":0.0
      },
      "advcl:pred":{
        "p":0.0,
        "r":0.0,
        "f":0.0
      },
      "nsubj:pass":{
        "p":0.0,
        "r":0.0,
        "f":0.0
      },
      "flat":{
        "p":0.0,
        "r":0.0,
        "f":0.0
      },
      "dislocated":{
        "p":0.0,
        "r":0.0,
        "f":0.0
      },
      "appos":{
        "p":0.0,
        "r":0.0,
        "f":0.0
      },
      "csubj":{
        "p":0.0,
        "r":0.0,
        "f":0.0
      },
      "obl:arg":{
        "p":0.1098901099,
        "r":0.0167785235,
        "f":0.0291120815
      },
      "discourse":{
        "p":0.1922580645,
        "r":0.120355412,
        "f":0.1480377546
      },
      "advmod:emph":{
        "p":0.0,
        "r":0.0,
        "f":0.0
      },
      "ccomp":{
        "p":0.0,
        "r":0.0,
        "f":0.0
      },
      "advmod:neg":{
        "p":0.0,
        "r":0.0,
        "f":0.0
      },
      "iobj":{
        "p":0.0,
        "r":0.0,
        "f":0.0
      },
      "vocative":{
        "p":0.0,
        "r":0.0,
        "f":0.0
      },
      "advmod:lmod":{
        "p":0.0,
        "r":0.0,
        "f":0.0
      },
      "obl:agent":{
        "p":0.0,
        "r":0.0,
        "f":0.0
      },
      "conj:expl":{
        "p":0.0,
        "r":0.0,
        "f":0.0
      },
      "acl:relcl":{
        "p":0.0,
        "r":0.0,
        "f":0.0
      },
      "advcl:cmp":{
        "p":0.0,
        "r":0.0,
        "f":0.0
      },
      "fixed":{
        "p":0.0112359551,
        "r":0.04,
        "f":0.0175438596
      },
      "advcl:relcl":{
        "p":0.0,
        "r":0.0,
        "f":0.0
      },
      "ccomp:relcl":{
        "p":0.0,
        "r":0.0,
        "f":0.0
      },
      "compound":{
        "p":0.0,
        "r":0.0,
        "f":0.0
      },
      "nsubj:outer":{
        "p":0.0,
        "r":0.0,
        "f":0.0
      },
      "reparandum":{
        "p":0.0,
        "r":0.0,
        "f":0.0
      },
      "advmod:tmod":{
        "p":0.0,
        "r":0.0,
        "f":0.0
      },
      "csubj:pass":{
        "p":0.0,
        "r":0.0,
        "f":0.0
      },
      "aux:pass":{
        "p":0.0,
        "r":0.0,
        "f":0.0
      },
      "flat:foreign":{
        "p":0.0,
        "r":0.0,
        "f":0.0
      },
      "dislocated:obj":{
        "p":0.0,
        "r":0.0,
        "f":0.0
      },
      "csubj:relcl":{
        "p":0.0,
        "r":0.0,
        "f":0.0
      },
      "advcl:abs":{
        "p":0.0,
        "r":0.0,
        "f":0.0
      },
      "aux":{
        "p":0.0,
        "r":0.0,
        "f":0.0
      },
      "obl:lmod":{
        "p":0.0,
        "r":0.0,
        "f":0.0
      }
    }
  },
  "trainable_lemmatizer":{
    "lemma_acc":0.2109917877
  },
  "tagger":{
    "tag_acc":0.0
  },
  "speed":2646.4259913448
}