{
  "tokenizer":{
    "token_acc":1.0,
    "token_p":1.0,
    "token_r":1.0,
    "token_f":1.0
  },
  "transformer":{

  },
  "parser":{
    "sents_p":0.8983451537,
    "sents_r":0.95,
    "sents_f":0.9234507898,
    "dep_uas":0.1761396702,
    "dep_las":0.0341416101,
    "dep_las_per_type":{
      "obl":{
        "p":0.0,
        "r":0.0,
        "f":0.0
      },
      "vocative":{
        "p":0.0,
        "r":0.0,
        "f":0.0
      },
      "advmod":{
        "p":0.0547945205,
        "r":0.0138888889,
        "f":0.0221606648
      },
      "case":{
        "p":0.02,
        "r":0.0487804878,
        "f":0.0283687943
      },
      "acl":{
        "p":0.0,
        "r":0.0,
        "f":0.0
      },
      "conj":{
        "p":0.0736842105,
        "r":0.0397727273,
        "f":0.0516605166
      },
      "amod":{
        "p":0.0319148936,
        "r":0.0461538462,
        "f":0.0377358491
      },
      "obj":{
        "p":0.0,
        "r":0.0,
        "f":0.0
      },
      "root":{
        "p":0.146572104,
        "r":0.155,
        "f":0.1506682868
      },
      "nsubj":{
        "p":0.024691358,
        "r":0.0062695925,
        "f":0.01
      },
      "nmod":{
        "p":0.0045454545,
        "r":0.0064102564,
        "f":0.0053191489
      },
      "dep":{
        "p":0.0,
        "r":0.0,
        "f":0.0
      },
      "obl:agent":{
        "p":0.0,
        "r":0.0,
        "f":0.0
      },
      "advcl":{
        "p":0.0023696682,
        "r":0.012195122,
        "f":0.003968254
      },
      "xcomp":{
        "p":0.0,
        "r":0.0,
        "f":0.0
      },
      "orphan":{
        "p":0.0142857143,
        "r":0.0416666667,
        "f":0.0212765957
      },
      "parataxis":{
        "p":0.0,
        "r":0.0,
        "f":0.0
      },
      "flat:foreign":{
        "p":0.0,
        "r":0.0,
        "f":0.0
      },
      "nummod":{
        "p":0.0,
        "r":0.0,
        "f":0.0
      },
      "advcl:pred":{
        "p":0.0,
        "r":0.0,
        "f":0.0
      },
      "ccomp":{
        "p":0.0,
        "r":0.0,
        "f":0.0
      },
      "advcl:abs":{
        "p":0.0,
        "r":0.0,
        "f":0.0
      },
      "iobj":{
        "p":0.0,
        "r":0.0,
        "f":0.0
      },
      "appos":{
        "p":0.0,
        "r":0.0,
        "f":0.0
      },
      "discourse":{
        "p":0.25,
        "r":0.010989011,
        "f":0.0210526316
      },
      "det":{
        "p":0.0227272727,
        "r":0.0128205128,
        "f":0.0163934426
      },
      "fixed":{
        "p":0.08,
        "r":0.6666666667,
        "f":0.1428571429
      },
      "cc":{
        "p":0.0,
        "r":0.0,
        "f":0.0
      },
      "mark":{
        "p":0.0,
        "r":0.0,
        "f":0.0
      },
      "flat":{
        "p":0.0384615385,
        "r":0.0476190476,
        "f":0.0425531915
      },
      "acl:relcl":{
        "p":0.0,
        "r":0.0,
        "f":0.0
      },
      "cop":{
        "p":0.0,
        "r":0.0,
        "f":0.0
      },
      "obl:arg":{
        "p":0.0,
        "r":0.0,
        "f":0.0
      },
      "advmod:tmod":{
        "p":0.0,
        "r":0.0,
        "f":0.0
      },
      "advmod:emph":{
        "p":0.0,
        "r":0.0,
        "f":0.0
      },
      "aux":{
        "p":0.0,
        "r":0.0,
        "f":0.0
      },
      "csubj":{
        "p":0.0,
        "r":0.0,
        "f":0.0
      },
      "nsubj:pass":{
        "p":0.0,
        "r":0.0,
        "f":0.0
      },
      "advcl:cmp":{
        "p":0.0,
        "r":0.0,
        "f":0.0
      },
      "compound":{
        "p":0.0,
        "r":0.0,
        "f":0.0
      },
      "advmod:lmod":{
        "p":0.0,
        "r":0.0,
        "f":0.0
      },
      "advmod:neg":{
        "p":0.0,
        "r":0.0,
        "f":0.0
      },
      "dislocated:obj":{
        "p":0.0,
        "r":0.0,
        "f":0.0
      }
    }
  },
  "trainable_lemmatizer":{
    "lemma_acc":0.2326859656
  },
  "tagger":{
    "tag_acc":0.0
  },
  "morphologizer":{
    "pos_acc":0.1854159033,
    "morph_acc":0.1004030781,
    "morph_micro_p":0.2522332305,
    "morph_micro_r":0.227113191,
    "morph_micro_f":0.2390150058,
    "morph_per_feat":{
      "Case":{
        "p":0.2059336824,
        "r":0.1443425076,
        "f":0.1697231212
      },
      "Number":{
        "p":0.6604892513,
        "r":0.4321047527,
        "f":0.5224274406
      },
      "Gender":{
        "p":0.3220657277,
        "r":0.2151819322,
        "f":0.2579917262
      },
      "Tense":{
        "p":0.1675126904,
        "r":0.0607734807,
        "f":0.0891891892
      },
      "VerbForm":{
        "p":0.0221402214,
        "r":0.0437956204,
        "f":0.0294117647
      },
      "Mood":{
        "p":0.1370558376,
        "r":0.0632318501,
        "f":0.0865384615
      },
      "Person":{
        "p":0.0794392523,
        "r":0.0398126464,
        "f":0.0530421217
      },
      "PronType":{
        "p":0.0,
        "r":0.0,
        "f":0.0
      },
      "InflClass":{
        "p":0.0,
        "r":0.0,
        "f":0.0
      },
      "Aspect":{
        "p":0.0,
        "r":0.0,
        "f":0.0
      },
      "Voice":{
        "p":0.0,
        "r":0.0,
        "f":0.0
      },
      "NumType":{
        "p":0.0,
        "r":0.0,
        "f":0.0
      },
      "AdvType":{
        "p":0.0,
        "r":0.0,
        "f":0.0
      },
      "Foreign":{
        "p":0.0,
        "r":0.0,
        "f":0.0
      },
      "NumForm":{
        "p":0.0,
        "r":0.0,
        "f":0.0
      },
      "NameType":{
        "p":0.0,
        "r":0.0,
        "f":0.0
      },
      "Degree":{
        "p":0.0,
        "r":0.0,
        "f":0.0
      },
      "Abbr":{
        "p":0.0,
        "r":0.0,
        "f":0.0
      },
      "InflClass[nominal]":{
        "p":0.0,
        "r":0.0,
        "f":0.0
      },
      "Proper":{
        "p":0.0,
        "r":0.0,
        "f":0.0
      },
      "Polarity":{
        "p":0.0,
        "r":0.0,
        "f":0.0
      },
      "Number[psor]":{
        "p":0.0,
        "r":0.0,
        "f":0.0
      },
      "Person[psor]":{
        "p":0.0,
        "r":0.0,
        "f":0.0
      },
      "Poss":{
        "p":0.0,
        "r":0.0,
        "f":0.0
      },
      "Compound":{
        "p":0.0,
        "r":0.0,
        "f":0.0
      },
      "Form":{
        "p":0.0,
        "r":0.0,
        "f":0.0
      },
      "Reflex":{
        "p":0.0,
        "r":0.0,
        "f":0.0
      },
      "PartType":{
        "p":0.0,
        "r":0.0,
        "f":0.0
      }
    }
  },
  "speed":950.5373795853
}