{
  "tokenizer":{
    "token_acc":1.0,
    "token_p":0.9119515351,
    "token_r":0.9607758087,
    "token_f":0.9357272179
  },
  "transformer":{

  },
  "parser":{
    "sents_p":0.999871333,
    "sents_r":0.9630685339,
    "sents_f":0.981124929,
    "dep_uas":0.9998450909,
    "dep_las":0.0,
    "dep_las_per_type":{
      "_":{
        "p":0.0,
        "r":0.0,
        "f":0.0
      },
      "root":{
        "p":0.0,
        "r":0.0,
        "f":0.0
      },
      "dep":{
        "p":0.0,
        "r":0.0,
        "f":0.0
      }
    }
  },
  "trainable_lemmatizer":{
    "lemma_acc":0.6970561457
  },
  "tagger":{
    "tag_acc":0.902386923
  },
  "morphologizer":{
    "pos_acc":0.9529677679,
    "morph_acc":0.918609331,
    "morph_micro_p":0.9465497176,
    "morph_micro_r":0.9413657793,
    "morph_micro_f":0.9439506313,
    "morph_per_feat":{
      "Definite":{
        "p":0.9139821796,
        "r":0.9286211699,
        "f":0.9212435233
      },
      "Mood":{
        "p":0.9364891519,
        "r":0.9465709729,
        "f":0.9415030736
      },
      "Number":{
        "p":0.9719219925,
        "r":0.9638820925,
        "f":0.9678853466
      },
      "Person":{
        "p":0.9571668533,
        "r":0.9590462833,
        "f":0.9581056466
      },
      "Tense":{
        "p":0.9150563607,
        "r":0.9247355574,
        "f":0.9198704978
      },
      "Voice":{
        "p":0.9515472313,
        "r":0.9593596059,
        "f":0.9554374489
      },
      "PronType":{
        "p":0.9541102674,
        "r":0.9404490726,
        "f":0.9472304163
      },
      "Case":{
        "p":0.9588283157,
        "r":0.945898218,
        "f":0.9523193793
      },
      "Number[psor]":{
        "p":0.9114688129,
        "r":0.8961424332,
        "f":0.9037406484
      },
      "Person[psor]":{
        "p":0.9044265594,
        "r":0.8892185955,
        "f":0.8967581047
      },
      "Degree":{
        "p":0.8881036514,
        "r":0.8340707965,
        "f":0.8602395893
      },
      "VerbForm":{
        "p":0.9119850187,
        "r":0.8870673953,
        "f":0.8993536473
      },
      "NumType":{
        "p":0.8382352941,
        "r":0.7862068966,
        "f":0.8113879004
      },
      "Reflex":{
        "p":0.9333333333,
        "r":0.9130434783,
        "f":0.9230769231
      },
      "Aspect":{
        "p":0.6315789474,
        "r":0.5217391304,
        "f":0.5714285714
      },
      "Number[psed]":{
        "p":1.0,
        "r":0.6666666667,
        "f":0.8
      },
      "Poss":{
        "p":1.0,
        "r":0.75,
        "f":0.8571428571
      }
    }
  },
  "speed":1354.4118147139
}