{
  "tokenizer":{
    "token_acc":0.9996132525,
    "token_p":0.9992265051,
    "token_r":0.9990547798,
    "token_f":0.9991406351
  },
  "tok2vec":{

  },
  "parser":{
    "sents_p":0.9829706717,
    "sents_r":0.9914122137,
    "sents_f":0.9871733967,
    "dep_uas":0.7655966611,
    "dep_las":0.6915193497,
    "dep_las_per_type":{
      "ccomp":{
        "p":0.487394958,
        "r":0.403712297,
        "f":0.4416243655
      },
      "nsubj":{
        "p":0.6755725191,
        "r":0.6704545455,
        "f":0.6730038023
      },
      "root":{
        "p":0.8770104068,
        "r":0.8845419847,
        "f":0.880760095
      },
      "cop":{
        "p":0.6355311355,
        "r":0.6790606654,
        "f":0.6565752129
      },
      "advmod":{
        "p":0.6792582418,
        "r":0.6727891156,
        "f":0.6760082023
      },
      "aux":{
        "p":0.7333333333,
        "r":0.6470588235,
        "f":0.6875
      },
      "obj":{
        "p":0.6923076923,
        "r":0.7316625917,
        "f":0.7114413076
      },
      "case":{
        "p":0.9400230681,
        "r":0.9476744186,
        "f":0.9438332368
      },
      "obl":{
        "p":0.6006674082,
        "r":0.63566804,
        "f":0.6176722905
      },
      "discourse":{
        "p":0.7645466847,
        "r":0.7483443709,
        "f":0.7563587684
      },
      "nmod":{
        "p":0.6147091109,
        "r":0.6160616062,
        "f":0.6153846154
      },
      "nsubj:pass":{
        "p":0.626984127,
        "r":0.5766423358,
        "f":0.6007604563
      },
      "acl":{
        "p":0.4591194969,
        "r":0.4155597723,
        "f":0.4362549801
      },
      "xcomp":{
        "p":0.5710144928,
        "r":0.5518207283,
        "f":0.5612535613
      },
      "cc":{
        "p":0.8007159905,
        "r":0.8123486683,
        "f":0.8064903846
      },
      "conj":{
        "p":0.568329718,
        "r":0.5687409551,
        "f":0.5685352622
      },
      "advcl":{
        "p":0.5568660489,
        "r":0.5644748079,
        "f":0.5606446141
      },
      "det":{
        "p":0.7884427032,
        "r":0.7673975214,
        "f":0.7777777778
      },
      "nsubj:outer":{
        "p":0.2,
        "r":0.0769230769,
        "f":0.1111111111
      },
      "mark":{
        "p":0.7767969735,
        "r":0.7837150127,
        "f":0.7802406586
      },
      "amod":{
        "p":0.572147651,
        "r":0.5238095238,
        "f":0.5469125902
      },
      "obl:agent":{
        "p":0.5128205128,
        "r":0.3225806452,
        "f":0.396039604
      },
      "parataxis":{
        "p":0.2142857143,
        "r":0.1071428571,
        "f":0.1428571429
      },
      "dep":{
        "p":0.0,
        "r":0.0,
        "f":0.0
      },
      "obl:arg":{
        "p":0.6817420436,
        "r":0.6749585406,
        "f":0.6783333333
      },
      "orphan":{
        "p":0.3066666667,
        "r":0.212962963,
        "f":0.2513661202
      },
      "vocative":{
        "p":0.7346938776,
        "r":0.5294117647,
        "f":0.6153846154
      },
      "nummod":{
        "p":0.8068181818,
        "r":0.6960784314,
        "f":0.7473684211
      },
      "advmod:neg":{
        "p":0.7894736842,
        "r":0.5555555556,
        "f":0.652173913
      },
      "appos":{
        "p":0.4189189189,
        "r":0.3803680982,
        "f":0.3987138264
      },
      "flat:name":{
        "p":0.5873015873,
        "r":0.6981132075,
        "f":0.6379310345
      },
      "aux:pass":{
        "p":0.827027027,
        "r":0.827027027,
        "f":0.827027027
      },
      "advcl:cmp":{
        "p":0.4545454545,
        "r":0.2777777778,
        "f":0.3448275862
      },
      "dislocated":{
        "p":0.3636363636,
        "r":0.0579710145,
        "f":0.1
      },
      "fixed":{
        "p":0.75,
        "r":0.7397260274,
        "f":0.7448275862
      },
      "csubj":{
        "p":0.3076923077,
        "r":0.3243243243,
        "f":0.3157894737
      },
      "advmod:tmod":{
        "p":0.8235294118,
        "r":0.4827586207,
        "f":0.6086956522
      },
      "csubj:pass":{
        "p":0.5384615385,
        "r":0.3888888889,
        "f":0.4516129032
      },
      "acl:relcl":{
        "p":0.3333333333,
        "r":0.0689655172,
        "f":0.1142857143
      },
      "advmod:emph":{
        "p":0.25,
        "r":0.1666666667,
        "f":0.2
      },
      "flat:foreign":{
        "p":0.6666666667,
        "r":0.6666666667,
        "f":0.6666666667
      },
      "advcl:abs":{
        "p":0.6,
        "r":0.2307692308,
        "f":0.3333333333
      },
      "advmod:lmod":{
        "p":0.0,
        "r":0.0,
        "f":0.0
      },
      "conj:expl":{
        "p":0.0,
        "r":0.0,
        "f":0.0
      }
    }
  },
  "trainable_lemmatizer":{
    "lemma_acc":0.8998431356
  },
  "tagger":{
    "tag_acc":0.8323734204
  },
  "morphologizer":{
    "pos_acc":0.941545603,
    "morph_acc":0.8552394051,
    "morph_micro_p":0.9314255012,
    "morph_micro_r":0.9232666676,
    "morph_micro_f":0.927328139,
    "morph_per_feat":{
      "Case":{
        "p":0.9041564363,
        "r":0.8965307365,
        "f":0.9003274394
      },
      "Gender":{
        "p":0.8964587453,
        "r":0.8902972418,
        "f":0.8933673698
      },
      "Number":{
        "p":0.9624591236,
        "r":0.9542212424,
        "f":0.9583224798
      },
      "PronType":{
        "p":0.9434447301,
        "r":0.9006134969,
        "f":0.9215317012
      },
      "Person":{
        "p":0.9763779528,
        "r":0.9760363827,
        "f":0.9762071379
      },
      "Mood":{
        "p":0.9312452254,
        "r":0.9232517041,
        "f":0.9272312373
      },
      "Tense":{
        "p":0.9001876173,
        "r":0.9052830189,
        "f":0.9027281279
      },
      "VerbForm":{
        "p":0.9558690541,
        "r":0.9551780228,
        "f":0.9555234135
      },
      "Voice":{
        "p":0.9552958635,
        "r":0.9558277654,
        "f":0.9555617404
      },
      "Polarity":{
        "p":0.9941860465,
        "r":0.9827586207,
        "f":0.9884393064
      },
      "Aspect":{
        "p":0.8846969055,
        "r":0.8798482293,
        "f":0.8822659057
      },
      "Degree":{
        "p":0.856097561,
        "r":0.7840655249,
        "f":0.8184998057
      },
      "Reflex":{
        "p":0.9650655022,
        "r":0.9910313901,
        "f":0.9778761062
      },
      "Poss":{
        "p":0.9793577982,
        "r":0.9682539683,
        "f":0.9737742303
      },
      "NumType":{
        "p":0.6363636364,
        "r":0.3181818182,
        "f":0.4242424242
      },
      "NumForm":{
        "p":0.75,
        "r":0.4285714286,
        "f":0.5454545455
      },
      "AdvType":{
        "p":1.0,
        "r":0.71875,
        "f":0.8363636364
      },
      "AdpType":{
        "p":0.0,
        "r":0.0,
        "f":0.0
      },
      "Number[psor]":{
        "p":0.9333333333,
        "r":0.4375,
        "f":0.5957446809
      },
      "Person[psor]":{
        "p":0.92,
        "r":0.4791666667,
        "f":0.6301369863
      },
      "Typo":{
        "p":0.0,
        "r":0.0,
        "f":0.0
      },
      "Compound":{
        "p":0.0,
        "r":0.0,
        "f":0.0
      }
    }
  },
  "speed":8093.1385159412
}