{
  "tokenizer":{
    "token_acc":1.0,
    "token_p":0.9119515351,
    "token_r":0.9607758087,
    "token_f":0.9357272179
  },
  "tok2vec":{

  },
  "parser":{
    "sents_p":1.0,
    "sents_r":0.9633783616,
    "sents_f":0.9813476408,
    "dep_uas":1.0,
    "dep_las":0.0,
    "dep_las_per_type":{
      "_":{
        "p":0.0,
        "r":0.0,
        "f":0.0
      },
      "root":{
        "p":0.0,
        "r":0.0,
        "f":0.0
      },
      "dep":{
        "p":0.0,
        "r":0.0,
        "f":0.0
      }
    }
  },
  "trainable_lemmatizer":{
    "lemma_acc":0.697723824
  },
  "tagger":{
    "tag_acc":0.8692184022
  },
  "morphologizer":{
    "pos_acc":0.9379813789,
    "morph_acc":0.8905037262,
    "morph_micro_p":0.9256013104,
    "morph_micro_r":0.90929622,
    "morph_micro_f":0.9173763208,
    "morph_per_feat":{
      "Definite":{
        "p":0.8902439024,
        "r":0.8896239554,
        "f":0.889933821
      },
      "Mood":{
        "p":0.9082864039,
        "r":0.9003189793,
        "f":0.9042851422
      },
      "Number":{
        "p":0.9525041147,
        "r":0.9439589887,
        "f":0.9482123003
      },
      "Person":{
        "p":0.9385187303,
        "r":0.9206171108,
        "f":0.9294817332
      },
      "Tense":{
        "p":0.8844097079,
        "r":0.8746948739,
        "f":0.8795254653
      },
      "Voice":{
        "p":0.9277408638,
        "r":0.9170771757,
        "f":0.9223781998
      },
      "PronType":{
        "p":0.954621288,
        "r":0.9310120404,
        "f":0.9426688633
      },
      "Case":{
        "p":0.9328273858,
        "r":0.9274361856,
        "f":0.9301239736
      },
      "Number[psor]":{
        "p":0.8607594937,
        "r":0.8071216617,
        "f":0.8330781011
      },
      "Person[psor]":{
        "p":0.8691983122,
        "r":0.8150346192,
        "f":0.8412455334
      },
      "Degree":{
        "p":0.886746988,
        "r":0.814159292,
        "f":0.8489042676
      },
      "VerbForm":{
        "p":0.9071146245,
        "r":0.8360655738,
        "f":0.8701421801
      },
      "NumType":{
        "p":0.9,
        "r":0.7448275862,
        "f":0.8150943396
      },
      "Reflex":{
        "p":0.9473684211,
        "r":0.7826086957,
        "f":0.8571428571
      },
      "Aspect":{
        "p":0.3076923077,
        "r":0.1739130435,
        "f":0.2222222222
      },
      "Number[psed]":{
        "p":1.0,
        "r":0.8333333333,
        "f":0.9090909091
      },
      "Poss":{
        "p":1.0,
        "r":0.75,
        "f":0.8571428571
      }
    }
  },
  "speed":5397.0971750641
}