{
  "tokenizer":{
    "token_acc":0.9981644203,
    "token_p":0.9974335877,
    "token_r":0.9959947049,
    "token_f":0.996713627
  },
  "tok2vec":{

  },
  "parser":{
    "sents_p":0.9978030026,
    "sents_r":0.9989002933,
    "sents_f":0.9983513464,
    "dep_uas":0.8299068638,
    "dep_las":0.7786882895,
    "dep_las_per_type":{
      "root":{
        "p":0.9171575847,
        "r":0.9127885672,
        "f":0.9149678604
      },
      "nsubj":{
        "p":0.8360080241,
        "r":0.8374079035,
        "f":0.8367073783
      },
      "advmod":{
        "p":0.769928401,
        "r":0.7766008666,
        "f":0.7732502397
      },
      "mark":{
        "p":0.8622432859,
        "r":0.8738392571,
        "f":0.8680025445
      },
      "acl":{
        "p":0.6893081761,
        "r":0.7126137841,
        "f":0.7007672634
      },
      "compound:prt":{
        "p":0.7032967033,
        "r":0.6909581646,
        "f":0.6970728387
      },
      "obj":{
        "p":0.7074380165,
        "r":0.7564510428,
        "f":0.7311240178
      },
      "cc":{
        "p":0.8135544753,
        "r":0.8103104529,
        "f":0.8119292237
      },
      "conj":{
        "p":0.6558823529,
        "r":0.6639100232,
        "f":0.6598717738
      },
      "case":{
        "p":0.9207463884,
        "r":0.934242671,
        "f":0.9274454325
      },
      "amod":{
        "p":0.7834187238,
        "r":0.6831844029,
        "f":0.7298763289
      },
      "obl":{
        "p":0.7370950516,
        "r":0.724964986,
        "f":0.7309796999
      },
      "nmod:poss":{
        "p":0.8729792148,
        "r":0.9047391096,
        "f":0.8885754584
      },
      "aux":{
        "p":0.8992443325,
        "r":0.8568,
        "f":0.8775092175
      },
      "advcl":{
        "p":0.5220649459,
        "r":0.5414507772,
        "f":0.5315811785
      },
      "iobj":{
        "p":0.7037861915,
        "r":0.6624737945,
        "f":0.6825053996
      },
      "det":{
        "p":0.8180494905,
        "r":0.8871349645,
        "f":0.85119273
      },
      "acl:relcl":{
        "p":0.6103723404,
        "r":0.5163104612,
        "f":0.5594149909
      },
      "xcomp":{
        "p":0.3968668407,
        "r":0.3790523691,
        "f":0.387755102
      },
      "ccomp":{
        "p":0.6385630499,
        "r":0.6082402235,
        "f":0.6230329041
      },
      "cop":{
        "p":0.731990232,
        "r":0.7231604343,
        "f":0.7275485437
      },
      "expl":{
        "p":0.4722222222,
        "r":0.3469387755,
        "f":0.4
      },
      "appos":{
        "p":0.7459749553,
        "r":0.6525821596,
        "f":0.6961602671
      },
      "dep":{
        "p":0.4534883721,
        "r":0.3679245283,
        "f":0.40625
      },
      "vocative":{
        "p":0.5438596491,
        "r":0.5081967213,
        "f":0.5254237288
      },
      "parataxis":{
        "p":0.7216494845,
        "r":0.564516129,
        "f":0.6334841629
      },
      "flat:name":{
        "p":0.887755102,
        "r":0.8405797101,
        "f":0.8635235732
      },
      "nmod":{
        "p":0.4605263158,
        "r":0.393258427,
        "f":0.4242424242
      },
      "nummod":{
        "p":0.7358490566,
        "r":0.7959183673,
        "f":0.7647058824
      },
      "fixed":{
        "p":0.9833333333,
        "r":0.921875,
        "f":0.9516129032
      },
      "flat:foreign":{
        "p":0.4634146341,
        "r":0.3725490196,
        "f":0.4130434783
      },
      "discourse":{
        "p":0.55,
        "r":0.44,
        "f":0.4888888889
      },
      "dislocated":{
        "p":0.0,
        "r":0.0,
        "f":0.0
      }
    }
  },
  "trainable_lemmatizer":{
    "lemma_acc":0.9469872759
  },
  "tagger":{
    "tag_acc":0.8461427296
  },
  "morphologizer":{
    "pos_acc":0.9591104613,
    "morph_acc":0.8970348205,
    "morph_micro_p":0.9367607097,
    "morph_micro_r":0.9211650053,
    "morph_micro_f":0.9288974012,
    "morph_per_feat":{
      "Mood":{
        "p":0.9283517047,
        "r":0.9196292534,
        "f":0.9239698941
      },
      "Number":{
        "p":0.9601223126,
        "r":0.9432624113,
        "f":0.9516176907
      },
      "Person":{
        "p":0.9407423028,
        "r":0.9255186722,
        "f":0.9330683957
      },
      "Tense":{
        "p":0.9427143406,
        "r":0.9339766379,
        "f":0.9383251483
      },
      "VerbForm":{
        "p":0.932833697,
        "r":0.931155303,
        "f":0.9319937444
      },
      "Voice":{
        "p":0.9559772296,
        "r":0.9541666667,
        "f":0.95507109
      },
      "Case":{
        "p":0.9062408561,
        "r":0.8878332446,
        "f":0.8969426172
      },
      "Gender":{
        "p":0.9170567057,
        "r":0.9013579865,
        "f":0.9091395811
      },
      "PronType":{
        "p":0.9677775326,
        "r":0.951296236,
        "f":0.9594661124
      },
      "Definite":{
        "p":0.9499422132,
        "r":0.9291366398,
        "f":0.9394242446
      },
      "Degree":{
        "p":0.8903898109,
        "r":0.8043933054,
        "f":0.8452097454
      },
      "Foreign":{
        "p":0.6353790614,
        "r":0.6376811594,
        "f":0.6365280289
      },
      "NumType":{
        "p":0.8985074627,
        "r":0.8801169591,
        "f":0.8892171344
      }
    }
  },
  "speed":15654.2800672901
}