{
  "tokenizer":{
    "token_acc":1.0,
    "token_p":1.0,
    "token_r":1.0,
    "token_f":1.0
  },
  "tok2vec":{

  },
  "parser":{
    "sents_p":0.9513381995,
    "sents_r":0.9775,
    "sents_f":0.9642416769,
    "dep_uas":0.7086844998,
    "dep_las":0.6049835104,
    "dep_las_per_type":{
      "obl":{
        "p":0.5,
        "r":0.5824175824,
        "f":0.538071066
      },
      "vocative":{
        "p":0.5517241379,
        "r":0.4210526316,
        "f":0.4776119403
      },
      "advmod":{
        "p":0.7119205298,
        "r":0.7465277778,
        "f":0.7288135593
      },
      "case":{
        "p":0.4074074074,
        "r":0.2682926829,
        "f":0.3235294118
      },
      "acl":{
        "p":0.4305555556,
        "r":0.2672413793,
        "f":0.329787234
      },
      "conj":{
        "p":0.4108527132,
        "r":0.3011363636,
        "f":0.3475409836
      },
      "amod":{
        "p":0.5084745763,
        "r":0.4615384615,
        "f":0.4838709677
      },
      "obj":{
        "p":0.6478873239,
        "r":0.6359447005,
        "f":0.6418604651
      },
      "root":{
        "p":0.8150851582,
        "r":0.8375,
        "f":0.8261405672
      },
      "nsubj":{
        "p":0.6091644205,
        "r":0.7084639498,
        "f":0.6550724638
      },
      "nmod":{
        "p":0.5652173913,
        "r":0.5833333333,
        "f":0.5741324921
      },
      "advcl":{
        "p":0.4038461538,
        "r":0.512195122,
        "f":0.4516129032
      },
      "nummod":{
        "p":0.6551724138,
        "r":0.7037037037,
        "f":0.6785714286
      },
      "orphan":{
        "p":0.3888888889,
        "r":0.2916666667,
        "f":0.3333333333
      },
      "dep":{
        "p":0.0,
        "r":0.0,
        "f":0.0
      },
      "iobj":{
        "p":0.7234042553,
        "r":0.4788732394,
        "f":0.5762711864
      },
      "xcomp":{
        "p":0.4909090909,
        "r":0.5192307692,
        "f":0.5046728972
      },
      "discourse":{
        "p":0.4536082474,
        "r":0.4835164835,
        "f":0.4680851064
      },
      "det":{
        "p":0.6842105263,
        "r":0.5,
        "f":0.5777777778
      },
      "cc":{
        "p":0.7741935484,
        "r":0.75,
        "f":0.7619047619
      },
      "cop":{
        "p":0.6388888889,
        "r":0.696969697,
        "f":0.6666666667
      },
      "appos":{
        "p":0.9230769231,
        "r":0.75,
        "f":0.8275862069
      },
      "ccomp":{
        "p":0.4722222222,
        "r":0.4358974359,
        "f":0.4533333333
      },
      "mark":{
        "p":0.7391304348,
        "r":0.7083333333,
        "f":0.7234042553
      },
      "parataxis":{
        "p":0.6,
        "r":0.3157894737,
        "f":0.4137931034
      },
      "aux":{
        "p":0.0,
        "r":0.0,
        "f":0.0
      },
      "compound":{
        "p":0.0,
        "r":0.0,
        "f":0.0
      },
      "fixed":{
        "p":0.0,
        "r":0.0,
        "f":0.0
      },
      "csubj":{
        "p":0.4285714286,
        "r":0.4285714286,
        "f":0.4285714286
      },
      "flat":{
        "p":0.6666666667,
        "r":0.4761904762,
        "f":0.5555555556
      }
    }
  },
  "trainable_lemmatizer":{
    "lemma_acc":0.8219127886
  },
  "tagger":{
    "tag_acc":0.8039574936
  },
  "morphologizer":{
    "pos_acc":0.8984976182,
    "morph_acc":0.8321729571,
    "morph_micro_p":0.9009708738,
    "morph_micro_r":0.8821292776,
    "morph_micro_f":0.8914505283,
    "morph_per_feat":{
      "Case":{
        "p":0.8657635468,
        "r":0.8599388379,
        "f":0.8628413624
      },
      "Number":{
        "p":0.9440628067,
        "r":0.9330746848,
        "f":0.9385365854
      },
      "Gender":{
        "p":0.8795944233,
        "r":0.8707653701,
        "f":0.8751576293
      },
      "Tense":{
        "p":0.8974358974,
        "r":0.8379373849,
        "f":0.8666666667
      },
      "VerbForm":{
        "p":0.8636363636,
        "r":0.6934306569,
        "f":0.7692307692
      },
      "Mood":{
        "p":0.9033816425,
        "r":0.8758782201,
        "f":0.8894173603
      },
      "Person":{
        "p":0.9202898551,
        "r":0.8922716628,
        "f":0.9060642093
      },
      "Voice":{
        "p":0.9,
        "r":0.6923076923,
        "f":0.7826086957
      }
    }
  },
  "speed":1323.1081088655
}