{
  "tokenizer":{
    "token_acc":0.3765989466,
    "token_p":0.3750940557,
    "token_r":0.1772444444,
    "token_f":0.2407340336
  },
  "tok2vec":{

  },
  "parser":{
    "sents_p":0.9636363636,
    "sents_r":0.9814814815,
    "sents_f":0.9724770642,
    "dep_uas":0.0257691296,
    "dep_las":0.0231396266,
    "dep_las_per_type":{
      "cc":{
        "p":0.85,
        "r":0.0988372093,
        "f":0.1770833333
      },
      "mark":{
        "p":0.75,
        "r":0.0069444444,
        "f":0.0137614679
      },
      "nsubj":{
        "p":0.0,
        "r":0.0,
        "f":0.0
      },
      "root":{
        "p":0.2555555556,
        "r":0.1064814815,
        "f":0.1503267974
      },
      "case":{
        "p":1.0,
        "r":0.0012886598,
        "f":0.0025740026
      },
      "obl":{
        "p":0.3333333333,
        "r":0.0023094688,
        "f":0.004587156
      },
      "acl:relcl":{
        "p":0.0,
        "r":0.0,
        "f":0.0
      },
      "det":{
        "p":0.5,
        "r":0.0014684288,
        "f":0.0029282577
      },
      "aux":{
        "p":0.0,
        "r":0.0,
        "f":0.0
      },
      "dislocated":{
        "p":0.4,
        "r":0.0235294118,
        "f":0.0444444444
      },
      "advmod":{
        "p":0.6470588235,
        "r":0.0785714286,
        "f":0.1401273885
      },
      "advcl":{
        "p":0.5,
        "r":0.0064102564,
        "f":0.0126582278
      },
      "obj":{
        "p":0.0,
        "r":0.0,
        "f":0.0
      },
      "ccomp":{
        "p":0.0,
        "r":0.0,
        "f":0.0
      },
      "parataxis":{
        "p":0.2222222222,
        "r":0.0277777778,
        "f":0.049382716
      },
      "nmod":{
        "p":0.0,
        "r":0.0,
        "f":0.0
      },
      "cop":{
        "p":0.8181818182,
        "r":0.1730769231,
        "f":0.2857142857
      },
      "appos":{
        "p":0.0,
        "r":0.0,
        "f":0.0
      },
      "fixed":{
        "p":1.0,
        "r":0.0416666667,
        "f":0.08
      },
      "conj":{
        "p":1.0,
        "r":0.0072992701,
        "f":0.0144927536
      },
      "xcomp":{
        "p":0.0,
        "r":0.0,
        "f":0.0
      },
      "csubj":{
        "p":0.0,
        "r":0.0,
        "f":0.0
      },
      "iobj":{
        "p":0.0,
        "r":0.0,
        "f":0.0
      },
      "vocative":{
        "p":0.0,
        "r":0.0,
        "f":0.0
      },
      "reparandum":{
        "p":0.0,
        "r":0.0,
        "f":0.0
      },
      "discourse":{
        "p":1.0,
        "r":0.4,
        "f":0.5714285714
      },
      "amod":{
        "p":0.0,
        "r":0.0,
        "f":0.0
      },
      "nummod":{
        "p":0.0,
        "r":0.0,
        "f":0.0
      },
      "orphan":{
        "p":0.0,
        "r":0.0,
        "f":0.0
      },
      "flat":{
        "p":1.0,
        "r":0.4,
        "f":0.5714285714
      },
      "obl:npmod":{
        "p":0.0,
        "r":0.0,
        "f":0.0
      },
      "dep":{
        "p":0.0,
        "r":0.0,
        "f":0.0
      },
      "acl":{
        "p":0.0,
        "r":0.0,
        "f":0.0
      }
    }
  },
  "trainable_lemmatizer":{
    "lemma_acc":0.294597042
  },
  "tagger":{
    "tag_acc":0.288647343
  },
  "morphologizer":{
    "pos_acc":0.2922705314,
    "morph_acc":0.291968599,
    "morph_micro_p":0.9845626072,
    "morph_micro_r":0.0691566265,
    "morph_micro_f":0.1292356186,
    "morph_per_feat":{
      "Foreign":{
        "p":0.9897959184,
        "r":0.4041666667,
        "f":0.573964497
      },
      "Definite":{
        "p":1.0,
        "r":0.0286806883,
        "f":0.0557620818
      },
      "Gender":{
        "p":0.9811320755,
        "r":0.0541666667,
        "f":0.1026653504
      },
      "Number":{
        "p":0.9880952381,
        "r":0.0523989899,
        "f":0.0995203837
      },
      "Person":{
        "p":1.0,
        "r":0.0316122234,
        "f":0.0612870276
      },
      "PronType":{
        "p":0.9852941176,
        "r":0.041180086,
        "f":0.0790560472
      },
      "VerbForm":{
        "p":0.9411764706,
        "r":0.0965309201,
        "f":0.1751025992
      },
      "Polarity":{
        "p":1.0,
        "r":0.3653846154,
        "f":0.5352112676
      },
      "Gender[psor]":{
        "p":0.0,
        "r":0.0,
        "f":0.0
      },
      "Number[psor]":{
        "p":0.0,
        "r":0.0,
        "f":0.0
      },
      "Poss":{
        "p":0.0,
        "r":0.0,
        "f":0.0
      },
      "NumType":{
        "p":1.0,
        "r":0.0666666667,
        "f":0.125
      },
      "Reflex":{
        "p":0.0,
        "r":0.0,
        "f":0.0
      }
    }
  },
  "speed":1500.4710827218
}