{
  "tokenizer":{
    "token_acc":0.3369041243,
    "token_p":0.3369041243,
    "token_r":0.1658755274,
    "token_f":0.2223007599
  },
  "tok2vec":{

  },
  "parser":{
    "sents_p":0.9156626506,
    "sents_r":0.9620253165,
    "sents_f":0.9382716049,
    "dep_uas":0.069245648,
    "dep_las":0.0580270793,
    "dep_las_per_type":{
      "cc":{
        "p":0.0,
        "r":0.0,
        "f":0.0
      },
      "root":{
        "p":0.5714285714,
        "r":0.0506329114,
        "f":0.0930232558
      },
      "nsubj":{
        "p":0.65,
        "r":0.0955882353,
        "f":0.1666666667
      },
      "case":{
        "p":1.0,
        "r":0.0043763676,
        "f":0.0087145969
      },
      "obj":{
        "p":0.3846153846,
        "r":0.0273224044,
        "f":0.0510204082
      },
      "mark":{
        "p":0.9,
        "r":0.2168674699,
        "f":0.3495145631
      },
      "advmod":{
        "p":0.7692307692,
        "r":0.1639344262,
        "f":0.2702702703
      },
      "ccomp":{
        "p":0.0,
        "r":0.0,
        "f":0.0
      },
      "obl":{
        "p":0.75,
        "r":0.0103448276,
        "f":0.0204081633
      },
      "det":{
        "p":0.0,
        "r":0.0,
        "f":0.0
      },
      "conj":{
        "p":0.6086956522,
        "r":0.0440251572,
        "f":0.082111437
      },
      "dislocated":{
        "p":0.0,
        "r":0.0,
        "f":0.0
      },
      "nmod:poss":{
        "p":0.0,
        "r":0.0,
        "f":0.0
      },
      "discourse":{
        "p":1.0,
        "r":0.0476190476,
        "f":0.0909090909
      },
      "advcl":{
        "p":0.0,
        "r":0.0,
        "f":0.0
      },
      "compound:smixut":{
        "p":0.7297297297,
        "r":0.123853211,
        "f":0.2117647059
      },
      "parataxis":{
        "p":0.24,
        "r":0.1111111111,
        "f":0.1518987342
      },
      "xcomp":{
        "p":0.0,
        "r":0.0,
        "f":0.0
      },
      "appos":{
        "p":0.8181818182,
        "r":0.24,
        "f":0.3711340206
      },
      "nmod":{
        "p":0.0,
        "r":0.0,
        "f":0.0
      },
      "cop":{
        "p":1.0,
        "r":0.0357142857,
        "f":0.0689655172
      },
      "acl":{
        "p":0.2,
        "r":0.025,
        "f":0.0444444444
      },
      "nummod":{
        "p":0.8,
        "r":0.2424242424,
        "f":0.3720930233
      },
      "vocative":{
        "p":0.0,
        "r":0.0,
        "f":0.0
      },
      "amod":{
        "p":0.25,
        "r":0.0666666667,
        "f":0.1052631579
      },
      "csubj":{
        "p":0.0,
        "r":0.0,
        "f":0.0
      },
      "orphan":{
        "p":0.0,
        "r":0.0,
        "f":0.0
      },
      "dep":{
        "p":0.0,
        "r":0.0,
        "f":0.0
      },
      "flat":{
        "p":1.0,
        "r":0.1666666667,
        "f":0.2857142857
      },
      "flat:name":{
        "p":0.0,
        "r":0.0,
        "f":0.0
      }
    }
  },
  "trainable_lemmatizer":{
    "lemma_acc":0.1357159014
  },
  "tagger":{
    "tag_acc":0.2094548745
  },
  "morphologizer":{
    "pos_acc":0.232978964,
    "morph_acc":0.2175978285,
    "morph_micro_p":0.8508541393,
    "morph_micro_r":0.1794871795,
    "morph_micro_f":0.2964404258,
    "morph_per_feat":{
      "Gender":{
        "p":0.8620689655,
        "r":0.2172653534,
        "f":0.3470615456
      },
      "HebBinyan":{
        "p":0.68,
        "r":0.1312741313,
        "f":0.2200647249
      },
      "Mood":{
        "p":0.7752808989,
        "r":0.1509846827,
        "f":0.2527472527
      },
      "Number":{
        "p":0.9270633397,
        "r":0.2413793103,
        "f":0.3830293418
      },
      "Person":{
        "p":0.7804878049,
        "r":0.1118881119,
        "f":0.1957186544
      },
      "Tense":{
        "p":0.0,
        "r":0.0,
        "f":0.0
      },
      "VerbForm":{
        "p":0.78,
        "r":0.1477272727,
        "f":0.2484076433
      },
      "PronType":{
        "p":0.8913043478,
        "r":0.0659163987,
        "f":0.122754491
      },
      "Polarity":{
        "p":1.0,
        "r":0.3461538462,
        "f":0.5142857143
      },
      "Aspect":{
        "p":0.7594936709,
        "r":0.3351955307,
        "f":0.4651162791
      },
      "NumType":{
        "p":0.7777777778,
        "r":0.28,
        "f":0.4117647059
      },
      "Voice":{
        "p":1.0,
        "r":0.3333333333,
        "f":0.5
      }
    }
  },
  "speed":1071.5092176849
}