{
  "tokenizer":{
    "token_acc":1.0,
    "token_p":0.9963401882,
    "token_r":0.998777079,
    "token_f":0.9975571453
  },
  "tok2vec":{

  },
  "parser":{
    "sents_p":0.9531531532,
    "sents_r":0.9796296296,
    "sents_f":0.9662100457,
    "dep_uas":0.8278752947,
    "dep_las":0.7540811873,
    "dep_las_per_type":{
      "cc":{
        "p":0.78994614,
        "r":0.8429118774,
        "f":0.8155699722
      },
      "xcomp":{
        "p":0.6234309623,
        "r":0.6866359447,
        "f":0.6535087719
      },
      "root":{
        "p":0.8936936937,
        "r":0.9185185185,
        "f":0.9059360731
      },
      "nsubj":{
        "p":0.8133971292,
        "r":0.7538802661,
        "f":0.7825086306
      },
      "nsubj:pass":{
        "p":0.7058823529,
        "r":0.4615384615,
        "f":0.5581395349
      },
      "advmod":{
        "p":0.7471264368,
        "r":0.7182320442,
        "f":0.7323943662
      },
      "acl":{
        "p":0.5820895522,
        "r":0.3979591837,
        "f":0.4727272727
      },
      "case":{
        "p":0.9487179487,
        "r":0.9562624254,
        "f":0.9524752475
      },
      "obl":{
        "p":0.6704035874,
        "r":0.6795454545,
        "f":0.6749435666
      },
      "det":{
        "p":0.8541226216,
        "r":0.8669527897,
        "f":0.8604898829
      },
      "amod":{
        "p":0.6551724138,
        "r":0.4634146341,
        "f":0.5428571429
      },
      "appos":{
        "p":0.65625,
        "r":0.512195122,
        "f":0.5753424658
      },
      "obj":{
        "p":0.7365439093,
        "r":0.7182320442,
        "f":0.7272727273
      },
      "conj":{
        "p":0.6016260163,
        "r":0.651026393,
        "f":0.6253521127
      },
      "dep":{
        "p":0.0,
        "r":0.0,
        "f":0.0
      },
      "advcl":{
        "p":0.6182432432,
        "r":0.6535714286,
        "f":0.6354166667
      },
      "nmod":{
        "p":0.7030567686,
        "r":0.6652892562,
        "f":0.6836518047
      },
      "obl:arg":{
        "p":0.7062937063,
        "r":0.6688741722,
        "f":0.6870748299
      },
      "discourse":{
        "p":0.8243243243,
        "r":0.8243243243,
        "f":0.8243243243
      },
      "mark":{
        "p":0.8300970874,
        "r":0.842364532,
        "f":0.8361858191
      },
      "ccomp":{
        "p":0.6117647059,
        "r":0.5048543689,
        "f":0.5531914894
      },
      "orphan":{
        "p":0.4583333333,
        "r":0.275,
        "f":0.34375
      },
      "nummod":{
        "p":1.0,
        "r":0.6111111111,
        "f":0.7586206897
      },
      "vocative":{
        "p":0.6315789474,
        "r":0.5454545455,
        "f":0.5853658537
      },
      "dislocated":{
        "p":1.0,
        "r":0.3571428571,
        "f":0.5263157895
      },
      "expl:pv":{
        "p":0.7692307692,
        "r":0.9090909091,
        "f":0.8333333333
      },
      "flat:name":{
        "p":0.9285714286,
        "r":1.0,
        "f":0.962962963
      },
      "advcl:cmp":{
        "p":0.5,
        "r":0.2857142857,
        "f":0.3636363636
      },
      "parataxis":{
        "p":0.3333333333,
        "r":0.6666666667,
        "f":0.4444444444
      },
      "obl:agent":{
        "p":0.0,
        "r":0.0,
        "f":0.0
      },
      "csubj:pass":{
        "p":0.0,
        "r":0.0,
        "f":0.0
      },
      "nsubj:outer":{
        "p":0.0,
        "r":0.0,
        "f":0.0
      }
    }
  },
  "trainable_lemmatizer":{
    "lemma_acc":0.9103761236
  },
  "tagger":{
    "tag_acc":0.8793434608
  },
  "morphologizer":{
    "pos_acc":0.9512663755,
    "morph_acc":0.8886754562,
    "morph_micro_p":0.9399178364,
    "morph_micro_r":0.9338964794,
    "morph_micro_f":0.9368974833,
    "morph_per_feat":{
      "Case":{
        "p":0.9198012775,
        "r":0.9028213166,
        "f":0.9112322025
      },
      "Degree":{
        "p":0.8632075472,
        "r":0.7887931034,
        "f":0.8243243243
      },
      "Gender":{
        "p":0.9155332856,
        "r":0.9026111503,
        "f":0.9090262971
      },
      "Number":{
        "p":0.9717752572,
        "r":0.9643979058,
        "f":0.9680725266
      },
      "Strength":{
        "p":0.9017857143,
        "r":0.8451882845,
        "f":0.8725701944
      },
      "Mood":{
        "p":0.9372427984,
        "r":0.9599578504,
        "f":0.9484643415
      },
      "Person":{
        "p":0.9320634921,
        "r":0.9470967742,
        "f":0.93952
      },
      "Tense":{
        "p":0.9413109756,
        "r":0.9529320988,
        "f":0.9470858896
      },
      "VerbForm":{
        "p":0.9496183206,
        "r":0.9598765432,
        "f":0.9547198772
      },
      "Voice":{
        "p":0.944317315,
        "r":0.9552469136,
        "f":0.9497506713
      },
      "PronType":{
        "p":0.977124183,
        "r":0.961414791,
        "f":0.9692058347
      },
      "Polarity":{
        "p":0.984962406,
        "r":0.9924242424,
        "f":0.9886792453
      },
      "Poss":{
        "p":0.9782608696,
        "r":0.9574468085,
        "f":0.9677419355
      },
      "Aspect":{
        "p":0.8636363636,
        "r":0.5588235294,
        "f":0.6785714286
      },
      "Reflex":{
        "p":0.9642857143,
        "r":1.0,
        "f":0.9818181818
      }
    }
  },
  "speed":2956.3056768927
}