{
  "tokenizer":{
    "token_acc":0.9987632593,
    "token_p":0.9895828378,
    "token_r":0.9929125403,
    "token_f":0.9912448929
  },
  "tok2vec":{

  },
  "parser":{
    "sents_p":0.9964584675,
    "sents_r":0.9983870968,
    "sents_f":0.9974218498,
    "dep_uas":0.7815440887,
    "dep_las":0.7105410211,
    "dep_las_per_type":{
      "nsubj":{
        "p":0.7096416697,
        "r":0.6980377907,
        "f":0.7037919033
      },
      "case":{
        "p":0.9066666667,
        "r":0.9113924051,
        "f":0.909023394
      },
      "obl":{
        "p":0.6190308989,
        "r":0.6546602302,
        "f":0.6363472297
      },
      "root":{
        "p":0.8880283963,
        "r":0.8877419355,
        "f":0.8878851428
      },
      "det":{
        "p":0.8801635112,
        "r":0.8847318339,
        "f":0.8824417601
      },
      "flat:name":{
        "p":0.9130434783,
        "r":0.875,
        "f":0.8936170213
      },
      "advcl":{
        "p":0.6121045392,
        "r":0.6544117647,
        "f":0.6325515281
      },
      "cop":{
        "p":0.641074856,
        "r":0.6587771203,
        "f":0.6498054475
      },
      "acl":{
        "p":0.4119170984,
        "r":0.3205645161,
        "f":0.3605442177
      },
      "xcomp":{
        "p":0.4939903846,
        "r":0.4245867769,
        "f":0.4566666667
      },
      "nmod":{
        "p":0.6267875828,
        "r":0.5893735651,
        "f":0.607505071
      },
      "advmod":{
        "p":0.6905055487,
        "r":0.6918705214,
        "f":0.6911873611
      },
      "obj":{
        "p":0.6541531185,
        "r":0.7052262588,
        "f":0.6787302561
      },
      "cc":{
        "p":0.7403314917,
        "r":0.741795176,
        "f":0.7410626111
      },
      "conj":{
        "p":0.6223300971,
        "r":0.6093155894,
        "f":0.6157540826
      },
      "dep":{
        "p":0.0,
        "r":0.0,
        "f":0.0
      },
      "mark":{
        "p":0.7678300455,
        "r":0.7507418398,
        "f":0.7591897974
      },
      "nsubj:pass":{
        "p":0.6689655172,
        "r":0.527173913,
        "f":0.5896656535
      },
      "dislocated":{
        "p":0.4166666667,
        "r":0.1041666667,
        "f":0.1666666667
      },
      "appos":{
        "p":0.469273743,
        "r":0.3442622951,
        "f":0.3971631206
      },
      "csubj":{
        "p":0.4722222222,
        "r":0.320754717,
        "f":0.3820224719
      },
      "amod":{
        "p":0.5472972973,
        "r":0.4869739479,
        "f":0.5153764581
      },
      "obl:arg":{
        "p":0.6744186047,
        "r":0.6812080537,
        "f":0.6777963272
      },
      "iobj":{
        "p":0.4311926606,
        "r":0.3671875,
        "f":0.3966244726
      },
      "discourse":{
        "p":0.7700490998,
        "r":0.7600969305,
        "f":0.7650406504
      },
      "ccomp":{
        "p":0.5213675214,
        "r":0.4668367347,
        "f":0.4925975774
      },
      "orphan":{
        "p":0.4126984127,
        "r":0.2363636364,
        "f":0.3005780347
      },
      "vocative":{
        "p":0.7753623188,
        "r":0.604519774,
        "f":0.6793650794
      },
      "obl:agent":{
        "p":0.8064516129,
        "r":0.5,
        "f":0.6172839506
      },
      "parataxis":{
        "p":0.3571428571,
        "r":0.1960784314,
        "f":0.253164557
      },
      "nummod":{
        "p":0.5961538462,
        "r":0.5636363636,
        "f":0.5794392523
      },
      "fixed":{
        "p":0.8571428571,
        "r":0.24,
        "f":0.375
      },
      "nsubj:outer":{
        "p":0.0,
        "r":0.0,
        "f":0.0
      },
      "advcl:cmp":{
        "p":0.25,
        "r":0.1333333333,
        "f":0.1739130435
      },
      "csubj:pass":{
        "p":0.25,
        "r":0.1666666667,
        "f":0.2
      },
      "aux:pass":{
        "p":0.0,
        "r":0.0,
        "f":0.0
      },
      "aux":{
        "p":0.0,
        "r":0.0,
        "f":0.0
      }
    }
  },
  "trainable_lemmatizer":{
    "lemma_acc":0.8601771177
  },
  "tagger":{
    "tag_acc":0.8384422411
  },
  "morphologizer":{
    "pos_acc":0.9396248955,
    "morph_acc":0.8817212008,
    "morph_micro_p":0.9406325134,
    "morph_micro_r":0.9355987759,
    "morph_micro_f":0.9381088921,
    "morph_per_feat":{
      "Case":{
        "p":0.9538148064,
        "r":0.9504579705,
        "f":0.9521334298
      },
      "Gender":{
        "p":0.916678037,
        "r":0.9154705669,
        "f":0.9160739041
      },
      "Number":{
        "p":0.9794875592,
        "r":0.9737907679,
        "f":0.9766308561
      },
      "Aspect":{
        "p":0.8688307387,
        "r":0.8639657444,
        "f":0.8663914121
      },
      "Mood":{
        "p":0.9332115307,
        "r":0.9181146395,
        "f":0.9256015303
      },
      "Person":{
        "p":0.9469708648,
        "r":0.9362901997,
        "f":0.9416002452
      },
      "Tense":{
        "p":0.8825870647,
        "r":0.8704612365,
        "f":0.8764822134
      },
      "VerbForm":{
        "p":0.9595821415,
        "r":0.9462840324,
        "f":0.9528866934
      },
      "Voice":{
        "p":0.9263498383,
        "r":0.9145173176,
        "f":0.9203955501
      },
      "Definite":{
        "p":0.9317780134,
        "r":0.9698307579,
        "f":0.9504236524
      },
      "PronType":{
        "p":0.9360988896,
        "r":0.9547008547,
        "f":0.9453083677
      },
      "Degree":{
        "p":0.8201790073,
        "r":0.785046729,
        "f":0.8022284123
      },
      "Polarity":{
        "p":0.9922879177,
        "r":0.9846938776,
        "f":0.9884763124
      },
      "Poss":{
        "p":0.9545454545,
        "r":0.525,
        "f":0.6774193548
      },
      "Reflex":{
        "p":0.962962963,
        "r":0.9397590361,
        "f":0.9512195122
      }
    }
  },
  "speed":11592.6678288827
}