{
  "tokenizer":{
    "token_acc":0.9996152111,
    "token_p":0.9922378791,
    "token_r":0.9963360691,
    "token_f":0.9942827512
  },
  "tok2vec":{

  },
  "parser":{
    "sents_p":0.9994699178,
    "sents_r":0.9997348887,
    "sents_f":0.9996023857,
    "dep_uas":0.8846476902,
    "dep_las":0.8420135919,
    "dep_las_per_type":{
      "root":{
        "p":0.9244432662,
        "r":0.9244432662,
        "f":0.9244432662
      },
      "cc":{
        "p":0.8781636257,
        "r":0.8878310027,
        "f":0.8829708537
      },
      "mark":{
        "p":0.8748908932,
        "r":0.8598798971,
        "f":0.86732045
      },
      "amod":{
        "p":0.8993118435,
        "r":0.8963898917,
        "f":0.8978484903
      },
      "nsubj:pass":{
        "p":0.8166953528,
        "r":0.8317265557,
        "f":0.8241424229
      },
      "advmod:neg":{
        "p":0.8701657459,
        "r":0.8669724771,
        "f":0.8685661765
      },
      "advcl":{
        "p":0.6926323868,
        "r":0.7064579256,
        "f":0.6994768456
      },
      "case":{
        "p":0.9695610381,
        "r":0.9728339495,
        "f":0.9711947364
      },
      "nsubj":{
        "p":0.8484709129,
        "r":0.8457483383,
        "f":0.847107438
      },
      "obl":{
        "p":0.7942203258,
        "r":0.8289473684,
        "f":0.8112123613
      },
      "acl:relcl":{
        "p":0.6943335994,
        "r":0.68128426,
        "f":0.6877470356
      },
      "nmod":{
        "p":0.8515362189,
        "r":0.8540260909,
        "f":0.8527793375
      },
      "obj":{
        "p":0.8243037975,
        "r":0.8156312625,
        "f":0.8199445983
      },
      "advmod":{
        "p":0.8410097431,
        "r":0.8489047832,
        "f":0.8449388209
      },
      "csubj:pass":{
        "p":0.8219178082,
        "r":0.6417112299,
        "f":0.7207207207
      },
      "cop":{
        "p":0.8490449784,
        "r":0.8316234158,
        "f":0.8402439024
      },
      "advmod:lmod":{
        "p":0.9245283019,
        "r":0.911627907,
        "f":0.9180327869
      },
      "det":{
        "p":0.9330292847,
        "r":0.9386621589,
        "f":0.9358372457
      },
      "fixed":{
        "p":0.9215189873,
        "r":0.9430051813,
        "f":0.9321382843
      },
      "obl:arg":{
        "p":0.8241813602,
        "r":0.8079012346,
        "f":0.8159600998
      },
      "appos":{
        "p":0.9584295612,
        "r":0.9799291617,
        "f":0.9690601284
      },
      "conj":{
        "p":0.7506554034,
        "r":0.7289957567,
        "f":0.7396670494
      },
      "xcomp":{
        "p":0.774248927,
        "r":0.7954144621,
        "f":0.7846889952
      },
      "ccomp:relcl":{
        "p":0.3770491803,
        "r":0.3965517241,
        "f":0.3865546218
      },
      "acl":{
        "p":0.7813990461,
        "r":0.7324888227,
        "f":0.7561538462
      },
      "ccomp":{
        "p":0.5949367089,
        "r":0.5802469136,
        "f":0.5875
      },
      "discourse":{
        "p":0.8801587302,
        "r":0.8732283465,
        "f":0.8766798419
      },
      "orphan":{
        "p":0.4144144144,
        "r":0.3150684932,
        "f":0.3579766537
      },
      "aux:pass":{
        "p":0.8717948718,
        "r":0.9230769231,
        "f":0.8967032967
      },
      "csubj":{
        "p":0.770519263,
        "r":0.7565789474,
        "f":0.7634854772
      },
      "advmod:emph":{
        "p":0.727427598,
        "r":0.6499238965,
        "f":0.6864951768
      },
      "flat":{
        "p":0.9186440678,
        "r":0.9033333333,
        "f":0.9109243697
      },
      "dislocated:obj":{
        "p":0.8311688312,
        "r":0.8,
        "f":0.8152866242
      },
      "nummod":{
        "p":0.943877551,
        "r":0.7312252964,
        "f":0.8240534521
      },
      "compound":{
        "p":1.0,
        "r":0.6,
        "f":0.75
      },
      "ccomp:reported":{
        "p":0.4,
        "r":0.4444444444,
        "f":0.4210526316
      },
      "advcl:pred":{
        "p":0.3823529412,
        "r":0.1604938272,
        "f":0.2260869565
      },
      "advcl:cmp":{
        "p":0.4133333333,
        "r":0.2230215827,
        "f":0.2897196262
      },
      "csubj:relcl":{
        "p":0.5179856115,
        "r":0.5294117647,
        "f":0.5236363636
      },
      "dep":{
        "p":0.0240384615,
        "r":0.5882352941,
        "f":0.0461893764
      },
      "advcl:abs":{
        "p":0.375,
        "r":0.2142857143,
        "f":0.2727272727
      },
      "aux":{
        "p":0.0,
        "r":0.0,
        "f":0.0
      },
      "conj:expl":{
        "p":0.4807692308,
        "r":0.2808988764,
        "f":0.3546099291
      },
      "obl:agent":{
        "p":0.4,
        "r":0.0769230769,
        "f":0.1290322581
      },
      "obl:lmod":{
        "p":0.0,
        "r":0.0,
        "f":0.0
      },
      "dislocated:nsubj":{
        "p":1.0,
        "r":0.4444444444,
        "f":0.6153846154
      },
      "advmod:tmod":{
        "p":0.7927927928,
        "r":0.7586206897,
        "f":0.7753303965
      },
      "advcl:relcl":{
        "p":0.0833333333,
        "r":0.0298507463,
        "f":0.043956044
      },
      "expl:pass":{
        "p":0.7575757576,
        "r":0.7352941176,
        "f":0.7462686567
      },
      "reparandum":{
        "p":0.4,
        "r":0.2666666667,
        "f":0.32
      },
      "obl:tmod":{
        "p":0.0,
        "r":0.0,
        "f":0.0
      },
      "parataxis":{
        "p":0.5,
        "r":0.2368421053,
        "f":0.3214285714
      },
      "nsubj:outer":{
        "p":0.0,
        "r":0.0,
        "f":0.0
      },
      "flat:name":{
        "p":0.0,
        "r":0.0,
        "f":0.0
      },
      "obl:cmp":{
        "p":0.0,
        "r":0.0,
        "f":0.0
      },
      "vocative":{
        "p":0.3,
        "r":0.2142857143,
        "f":0.25
      },
      "cop:outer":{
        "p":0.0,
        "r":0.0,
        "f":0.0
      },
      "csubj:outer":{
        "p":0.0,
        "r":0.0,
        "f":0.0
      },
      "flat:foreign":{
        "p":0.0,
        "r":0.0,
        "f":0.0
      },
      "parataxis:reporting":{
        "p":0.0,
        "r":0.0,
        "f":0.0
      },
      "dislocated":{
        "p":0.0,
        "r":0.0,
        "f":0.0
      },
      "csubj:cleft":{
        "p":0.0,
        "r":0.0,
        "f":0.0
      },
      "csubj:reported":{
        "p":0.0,
        "r":0.0,
        "f":0.0
      },
      "iobj":{
        "p":0.0,
        "r":0.0,
        "f":0.0
      },
      "dislocated:csubj":{
        "p":0.0,
        "r":0.0,
        "f":0.0
      }
    }
  },
  "trainable_lemmatizer":{
    "lemma_acc":0.9632885384
  },
  "tagger":{
    "tag_acc":0.91855475
  },
  "morphologizer":{
    "pos_acc":0.9820876426,
    "morph_acc":0.9377661382,
    "morph_micro_p":0.9696017068,
    "morph_micro_r":0.9635119352,
    "morph_micro_f":0.9665472289,
    "morph_per_feat":{
      "Case":{
        "p":0.9489046859,
        "r":0.947008745,
        "f":0.9479557675
      },
      "Gender":{
        "p":0.9557667971,
        "r":0.9539980025,
        "f":0.9548815807
      },
      "InflClass":{
        "p":0.9611482217,
        "r":0.9567264493,
        "f":0.9589322382
      },
      "Number":{
        "p":0.9837417531,
        "r":0.9812447119,
        "f":0.9824916459
      },
      "Polarity":{
        "p":0.9977272727,
        "r":0.9662509171,
        "f":0.9817368617
      },
      "Aspect":{
        "p":0.9746886706,
        "r":0.9643393769,
        "f":0.9694864048
      },
      "Mood":{
        "p":0.9688265056,
        "r":0.9606732481,
        "f":0.9647326507
      },
      "Person":{
        "p":0.9890255668,
        "r":0.981802945,
        "f":0.9854010213
      },
      "Tense":{
        "p":0.9683368696,
        "r":0.9601877326,
        "f":0.9642450837
      },
      "VerbForm":{
        "p":0.9854252947,
        "r":0.9738685557,
        "f":0.9796128419
      },