{
  "tokenizer":{
    "token_acc":0.9464403791,
    "token_p":0.9418117699,
    "token_r":0.8969353484,
    "token_f":0.9188259327
  },
  "tok2vec":{

  },
  "parser":{
    "sents_p":0.989769821,
    "sents_r":0.9948586118,
    "sents_f":0.9923076923,
    "dep_uas":0.739361046,
    "dep_las":0.6665844332,
    "dep_las_per_type":{
      "advmod":{
        "p":0.7729468599,
        "r":0.6557377049,
        "f":0.7095343681
      },
      "iobj":{
        "p":0.8441558442,
        "r":0.6132075472,
        "f":0.7103825137
      },
      "root":{
        "p":0.8695652174,
        "r":0.822622108,
        "f":0.8454425363
      },
      "mark":{
        "p":0.7393617021,
        "r":0.6017316017,
        "f":0.6634844869
      },
      "cc:nc":{
        "p":0.893081761,
        "r":0.7932960894,
        "f":0.8402366864
      },
      "expl":{
        "p":0.3636363636,
        "r":0.0909090909,
        "f":0.1454545455
      },
      "nsubj":{
        "p":0.8233333333,
        "r":0.6517150396,
        "f":0.7275405007
      },
      "case":{
        "p":0.9009433962,
        "r":0.7609561753,
        "f":0.8250539957
      },
      "obl":{
        "p":0.6995515695,
        "r":0.543554007,
        "f":0.6117647059
      },
      "ccomp":{
        "p":0.6333333333,
        "r":0.3958333333,
        "f":0.4871794872
      },
      "cc":{
        "p":0.8166666667,
        "r":0.8166666667,
        "f":0.8166666667
      },
      "aux":{
        "p":0.8301886792,
        "r":0.6518518519,
        "f":0.7302904564
      },
      "det":{
        "p":0.9308176101,
        "r":0.880952381,
        "f":0.9051987768
      },
      "acl":{
        "p":0.3888888889,
        "r":0.137254902,
        "f":0.2028985507
      },
      "csubj":{
        "p":0.3333333333,
        "r":0.25,
        "f":0.2857142857
      },
      "xcomp":{
        "p":0.606741573,
        "r":0.675,
        "f":0.6390532544
      },
      "advcl":{
        "p":0.4482758621,
        "r":0.4444444444,
        "f":0.4463519313
      },
      "obj":{
        "p":0.6842105263,
        "r":0.5327868852,
        "f":0.599078341
      },
      "acl:relcl":{
        "p":0.6666666667,
        "r":0.5614035088,
        "f":0.6095238095
      },
      "amod":{
        "p":0.8117647059,
        "r":0.6509433962,
        "f":0.722513089
      },
      "conj":{
        "p":0.5294117647,
        "r":0.4029850746,
        "f":0.4576271186
      },
      "flat":{
        "p":0.8888888889,
        "r":0.8888888889,
        "f":0.8888888889
      },
      "appos":{
        "p":0.0833333333,
        "r":0.125,
        "f":0.1
      },
      "nmod":{
        "p":0.4468085106,
        "r":0.375,
        "f":0.4077669903
      },
      "case:det":{
        "p":0.96,
        "r":0.96,
        "f":0.96
      },
      "cop":{
        "p":0.6666666667,
        "r":0.6,
        "f":0.6315789474
      },
      "dislocated":{
        "p":0.0,
        "r":0.0,
        "f":0.0
      },
      "obl:advmod":{
        "p":0.5,
        "r":0.36,
        "f":0.4186046512
      },
      "aux:pass":{
        "p":0.5714285714,
        "r":0.4210526316,
        "f":0.4848484848
      },
      "vocative":{
        "p":0.3846153846,
        "r":0.5555555556,
        "f":0.4545454545
      },
      "dep":{
        "p":0.0,
        "r":0.0,
        "f":0.0
      },
      "nummod":{
        "p":0.6666666667,
        "r":0.6666666667,
        "f":0.6666666667
      },
      "discourse":{
        "p":0.0,
        "r":0.0,
        "f":0.0
      },
      "parataxis":{
        "p":0.7142857143,
        "r":0.5,
        "f":0.5882352941
      },
      "nsubj:obj":{
        "p":0.0,
        "r":0.0,
        "f":0.0
      }
    }
  },
  "trainable_lemmatizer":{
    "lemma_acc":0.8421285052
  },
  "tagger":{
    "tag_acc":0.8992932862
  },
  "morphologizer":{
    "pos_acc":0.8975265018,
    "morph_acc":0.9132067138,
    "morph_micro_p":0.9798165138,
    "morph_micro_r":0.8152671756,
    "morph_micro_f":0.89,
    "morph_per_feat":{
      "PronType":{
        "p":0.9806060606,
        "r":0.7504638219,
        "f":0.8502364687
      },
      "VerbForm":{
        "p":0.9842615012,
        "r":0.8667377399,
        "f":0.9217687075
      },
      "Polarity":{
        "p":0.9873417722,
        "r":0.7155963303,
        "f":0.829787234
      },
      "Tense":{
        "p":0.9655172414,
        "r":0.8421052632,
        "f":0.8995983936
      },
      "Definite":{
        "p":0.974248927,
        "r":0.8832684825,
        "f":0.9265306122
      },
      "Poss":{
        "p":0.9770114943,
        "r":0.9340659341,
        "f":0.9550561798
      },
      "NumType":{
        "p":0.8571428571,
        "r":0.8571428571,
        "f":0.8571428571
      }
    }
  },
  "speed":2406.1437682626
}