{
  "tokenizer":{
    "token_acc":1.0,
    "token_p":0.997476277,
    "token_r":0.9991405026,
    "token_f":0.9983076962
  },
  "tok2vec":{

  },
  "parser":{
    "sents_p":0.9877085162,
    "sents_r":0.9942554132,
    "sents_f":0.9909711517,
    "dep_uas":0.7981700073,
    "dep_las":0.7286049979,
    "dep_las_per_type":{
      "discourse":{
        "p":0.7665706052,
        "r":0.7881481481,
        "f":0.7772096421
      },
      "case":{
        "p":0.9479949875,
        "r":0.9485893417,
        "f":0.9482920715
      },
      "root":{
        "p":0.8718173837,
        "r":0.8775961114,
        "f":0.8746972033
      },
      "nsubj":{
        "p":0.7007654836,
        "r":0.7066666667,
        "f":0.7037037037
      },
      "det":{
        "p":0.8325024925,
        "r":0.8202357564,
        "f":0.8263236022
      },
      "obj":{
        "p":0.6844106464,
        "r":0.7157057654,
        "f":0.6997084548
      },
      "mark":{
        "p":0.7966101695,
        "r":0.75,
        "f":0.7726027397
      },
      "advcl":{
        "p":0.5850340136,
        "r":0.6130346232,
        "f":0.5987071109
      },
      "amod":{
        "p":0.6956521739,
        "r":0.7207207207,
        "f":0.7079646018
      },
      "obl":{
        "p":0.6503144654,
        "r":0.707250342,
        "f":0.6775884666
      },
      "cc":{
        "p":0.7932138284,
        "r":0.8227091633,
        "f":0.8076923077
      },
      "advmod":{
        "p":0.7114624506,
        "r":0.6901840491,
        "f":0.7006617361
      },
      "conj":{
        "p":0.5688847235,
        "r":0.5553522415,
        "f":0.562037037
      },
      "expl:pv":{
        "p":0.963190184,
        "r":0.9651639344,
        "f":0.9641760491
      },
      "obl:arg":{
        "p":0.6859903382,
        "r":0.6826923077,
        "f":0.6843373494
      },
      "acl":{
        "p":0.418699187,
        "r":0.3002915452,
        "f":0.3497453311
      },
      "dep":{
        "p":0.0396825397,
        "r":0.1470588235,
        "f":0.0625
      },
      "orphan":{
        "p":0.4059405941,
        "r":0.3445378151,
        "f":0.3727272727
      },
      "nsubj:pass":{
        "p":0.5714285714,
        "r":0.4528301887,
        "f":0.5052631579
      },
      "dislocated":{
        "p":0.3333333333,
        "r":0.2456140351,
        "f":0.2828282828
      },
      "cop":{
        "p":0.7121588089,
        "r":0.7321428571,
        "f":0.7220125786
      },
      "vocative":{
        "p":0.7483870968,
        "r":0.7073170732,
        "f":0.7272727273
      },
      "flat:name":{
        "p":0.9333333333,
        "r":0.6086956522,
        "f":0.7368421053
      },
      "xcomp":{
        "p":0.5693215339,
        "r":0.6107594937,
        "f":0.5893129771
      },
      "appos":{
        "p":0.4605263158,
        "r":0.3553299492,
        "f":0.4011461318
      },
      "nmod":{
        "p":0.6081081081,
        "r":0.482832618,
        "f":0.538277512
      },
      "aux":{
        "p":0.8356164384,
        "r":0.734939759,
        "f":0.7820512821
      },
      "advcl:cmp":{
        "p":0.3076923077,
        "r":0.2580645161,
        "f":0.2807017544
      },
      "ccomp":{
        "p":0.568627451,
        "r":0.5209580838,
        "f":0.54375
      },
      "parataxis":{
        "p":0.2222222222,
        "r":0.2173913043,
        "f":0.2197802198
      },
      "nummod":{
        "p":0.6615384615,
        "r":0.6615384615,
        "f":0.6615384615
      },
      "obl:agent":{
        "p":0.3333333333,
        "r":0.1818181818,
        "f":0.2352941176
      },
      "csubj":{
        "p":0.5333333333,
        "r":0.6666666667,
        "f":0.5925925926
      },
      "nsubj:outer":{
        "p":0.5,
        "r":0.1428571429,
        "f":0.2222222222
      },
      "fixed":{
        "p":0.8,
        "r":0.4897959184,
        "f":0.6075949367
      },
      "csubj:pass":{
        "p":0.0,
        "r":0.0,
        "f":0.0
      },
      "aux:pass":{
        "p":0.0,
        "r":0.0,
        "f":0.0
      }
    }
  },
  "trainable_lemmatizer":{
    "lemma_acc":0.7955642004
  },
  "tagger":{
    "tag_acc":0.844453427
  },
  "morphologizer":{
    "pos_acc":0.9300586214,
    "morph_acc":0.8558146585,
    "morph_micro_p":0.9221426347,
    "morph_micro_r":0.9126213592,
    "morph_micro_f":0.9173572922,
    "morph_per_feat":{
      "Case":{
        "p":0.8866947853,
        "r":0.8691975193,
        "f":0.8778589731
      },
      "Gender":{
        "p":0.8877083333,
        "r":0.8688825449,
        "f":0.8781945589
      },
      "Number":{
        "p":0.9478865941,
        "r":0.9379578084,
        "f":0.9428960642
      },
      "Person":{
        "p":0.9451073986,
        "r":0.9522752497,
        "f":0.9486777849
      },
      "PronType":{
        "p":0.9812967581,
        "r":0.9628874388,
        "f":0.9720049403
      },
      "Mood":{
        "p":0.9227037516,
        "r":0.9447019868,
        "f":0.9335732984
      },
      "Tense":{
        "p":0.9199138859,
        "r":0.9149892934,
        "f":0.9174449812
      },
      "VerbForm":{
        "p":0.9322726295,
        "r":0.9264957265,
        "f":0.9293752009
      },
      "Voice":{
        "p":0.9448869752,
        "r":0.9398286938,
        "f":0.9423510467
      },
      "Variant":{
        "p":0.9068529607,
        "r":0.8524077548,
        "f":0.8787878788
      },
      "Degree":{
        "p":0.8418530351,
        "r":0.81201849,
        "f":0.8266666667
      },
      "Reflex":{
        "p":0.9897209985,
        "r":0.9796511628,
        "f":0.984660336
      },
      "Poss":{
        "p":0.9899598394,
        "r":0.962890625,
        "f":0.9762376238
      },
      "Polarity":{
        "p":0.9925187032,
        "r":0.9827160494,
        "f":0.9875930521
      },
      "Aspect":{
        "p":0.8923182442,
        "r":0.9373198847,
        "f":0.914265636
      }
    }
  },
  "speed":7013.7599505523
}