{
  "tokenizer":{
    "token_acc":0.9995570601,
    "token_p":0.9645015345,
    "token_r":0.9836092021,
    "token_f":0.9739616613
  },
  "tok2vec":{

  },
  "parser":{
    "sents_p":0.9961302806,
    "sents_r":0.9980613893,
    "sents_f":0.9970948999,
    "dep_uas":0.7759059387,
    "dep_las":0.7001095218,
    "dep_las_per_type":{
      "discourse":{
        "p":0.6581306018,
        "r":0.7158774373,
        "f":0.685790527
      },
      "vocative":{
        "p":0.5862068966,
        "r":0.3417085427,
        "f":0.4317460317
      },
      "root":{
        "p":0.8322580645,
        "r":0.8336025848,
        "f":0.8329297821
      },
      "advmod":{
        "p":0.6918714556,
        "r":0.6858213616,
        "f":0.6888331242
      },
      "advcl":{
        "p":0.502378687,
        "r":0.5770491803,
        "f":0.5371312309
      },
      "expl:pv":{
        "p":0.9743589744,
        "r":0.96484375,
        "f":0.9695780177
      },
      "obl:arg":{
        "p":0.5735930736,
        "r":0.5165692008,
        "f":0.5435897436
      },
      "case":{
        "p":0.9381381381,
        "r":0.931425164,
        "f":0.934769599
      },
      "obl":{
        "p":0.681705151,
        "r":0.7299353366,
        "f":0.7049963262
      },
      "nummod":{
        "p":0.5291828794,
        "r":0.7391304348,
        "f":0.6167800454
      },
      "conj":{
        "p":0.5054713805,
        "r":0.5121535181,
        "f":0.5087905105
      },
      "nsubj":{
        "p":0.5858909757,
        "r":0.6749340369,
        "f":0.6272682688
      },
      "appos":{
        "p":0.5078459344,
        "r":0.5014084507,
        "f":0.5046066619
      },
      "obl:agent":{
        "p":0.5405405405,
        "r":0.3846153846,
        "f":0.4494382022
      },
      "cc":{
        "p":0.8247183565,
        "r":0.8291139241,
        "f":0.826910299
      },
      "obj":{
        "p":0.6639083386,
        "r":0.6252997602,
        "f":0.6440259339
      },
      "nmod":{
        "p":0.5472887768,
        "r":0.4587737844,
        "f":0.4991374353
      },
      "dislocated":{
        "p":0.3424657534,
        "r":0.2525252525,
        "f":0.2906976744
      },
      "det":{
        "p":0.8330605565,
        "r":0.7916018663,
        "f":0.8118022329
      },
      "dep":{
        "p":0.1486146096,
        "r":0.3907284768,
        "f":0.2153284672
      },
      "amod":{
        "p":0.7302543507,
        "r":0.7361673414,
        "f":0.7331989247
      },
      "xcomp":{
        "p":0.5895953757,
        "r":0.5862068966,
        "f":0.5878962536
      },
      "parataxis":{
        "p":0.2631578947,
        "r":0.2717391304,
        "f":0.2673796791
      },
      "expl":{
        "p":0.25,
        "r":0.125,
        "f":0.1666666667
      },
      "cop":{
        "p":0.630952381,
        "r":0.6583850932,
        "f":0.6443768997
      },
      "nsubj:pass":{
        "p":0.7297297297,
        "r":0.495412844,
        "f":0.5901639344
      },
      "ccomp":{
        "p":0.4320987654,
        "r":0.3535353535,
        "f":0.3888888889
      },
      "aux":{
        "p":0.7183098592,
        "r":0.6845637584,
        "f":0.7010309278
      },
      "acl":{
        "p":0.2679738562,
        "r":0.1806167401,
        "f":0.2157894737
      },
      "mark":{
        "p":0.664516129,
        "r":0.64375,
        "f":0.653968254
      },
      "aux:pass":{
        "p":0.0,
        "r":0.0,
        "f":0.0
      },
      "iobj":{
        "p":0.4710743802,
        "r":0.4453125,
        "f":0.4578313253
      },
      "flat:name":{
        "p":0.7411167513,
        "r":0.7087378641,
        "f":0.7245657568
      },
      "fixed":{
        "p":0.4,
        "r":0.3783783784,
        "f":0.3888888889
      },
      "orphan":{
        "p":0.3333333333,
        "r":0.2933884298,
        "f":0.3120879121
      },
      "nummod:gov":{
        "p":0.8387096774,
        "r":0.7918781726,
        "f":0.8146214099
      },
      "list":{
        "p":0.0,
        "r":0.0,
        "f":0.0
      },
      "advcl:cmp":{
        "p":0.4,
        "r":0.25,
        "f":0.3076923077
      },
      "compound":{
        "p":0.0,
        "r":0.0,
        "f":0.0
      },
      "csubj":{
        "p":0.4444444444,
        "r":0.2,
        "f":0.275862069
      },
      "flat":{
        "p":0.6666666667,
        "r":0.2857142857,
        "f":0.4
      },
      "acl:relcl":{
        "p":0.0,
        "r":0.0,
        "f":0.0
      },
      "nsubj:outer":{
        "p":0.0,
        "r":0.0,
        "f":0.0
      },
      "csubj:pass":{
        "p":0.0,
        "r":0.0,
        "f":0.0
      },
      "reparandum":{
        "p":0.0,
        "r":0.0,
        "f":0.0
      },
      "goeswith":{
        "p":0.0,
        "r":0.0,
        "f":0.0
      }
    }
  },
  "trainable_lemmatizer":{
    "lemma_acc":0.7727170958
  },
  "tagger":{
    "tag_acc":0.8017809496
  },
  "morphologizer":{
    "pos_acc":0.9121289119,
    "morph_acc":0.8330652426,
    "morph_micro_p":0.8992598586,
    "morph_micro_r":0.8889568532,
    "morph_micro_f":0.8940786749,
    "morph_per_feat":{
      "Case":{
        "p":0.8550317995,
        "r":0.8440327445,
        "f":0.8494966703
      },
      "Gender":{
        "p":0.883402814,
        "r":0.8751935983,
        "f":0.8792790456
      },
      "Number":{
        "p":0.9345833995,
        "r":0.9245441207,
        "f":0.9295366541
      },
      "Mood":{
        "p":0.8932545202,
        "r":0.9017199017,
        "f":0.8974672489
      },
      "Person":{
        "p":0.9271434064,
        "r":0.9255421224,
        "f":0.9263420724
      },
      "Tense":{
        "p":0.9017329256,
        "r":0.8997152156,
        "f":0.9007229406
      },
      "VerbForm":{
        "p":0.9094324698,
        "r":0.904069196,
        "f":0.9067429022
      },
      "Voice":{
        "p":0.9308225966,
        "r":0.9264154666,
        "f":0.9286138026
      },
      "PronType":{
        "p":0.9467301862,
        "r":0.8999588308,
        "f":0.9227522161
      },
      "Variant":{
        "p":0.8538420204,
        "r":0.8271733472,
        "f":0.8402961396
      },
      "Reflex":{
        "p":0.9869513642,
        "r":0.9663182346,
        "f":0.9765258216
      },
      "Aspect":{
        "p":0.897642015,
        "r":0.8981233244,
        "f":0.8978826052
      },
      "Degree":{
        "p":0.8469733656,
        "r":0.8261691072,
        "f":0.8364418938
      },
      "Clitic":{
        "p":0.5,
        "r":0.4090909091,
        "f":0.45
      },
      "Polarity":{
        "p":0.9876237624,
        "r":0.9545454545,
        "f":0.9708029197
      },
      "Poss":{
        "p":0.9672801636,
        "r":0.9061302682,
        "f":0.9357072206
      },
      "Analyt":{
        "p":0.641025641,
        "r":0.4807692308,
        "f":0.5494505495
      },
      "NumType":{
        "p":0.8146551724,
        "r":0.8362831858,
        "f":0.8253275109
      },
      "NameType":{
        "p":0.6518771331,
        "r":0.5770392749,
        "f":0.6121794872
      },
      "Animacy":{
        "p":0.5526315789,
        "r":0.4117647059,
        "f":0.4719101124
      },
      "NumForm":{
        "p":0.896713615,
        "r":0.8842592593,
        "f":0.8904428904
      },
      "Abbr":{
        "p":1.0,
        "r":0.9333333333,
        "f":0.9655172414
      },
      "Typo":{
        "p":0.0,
        "r":0.0,
        "f":0.0
      }
    }
  },
  "speed":8231.2836095005
}