{
  "tokenizer":{
    "token_acc":1.0,
    "token_p":0.9119515351,
    "token_r":0.9607758087,
    "token_f":0.9357272179
  },
  "transformer":{

  },
  "parser":{
    "sents_p":0.9999356872,
    "sents_r":0.9634403272,
    "sents_f":0.9813488181,
    "dep_uas":0.9999380345,
    "dep_las":0.0,
    "dep_las_per_type":{
      "_":{
        "p":0.0,
        "r":0.0,
        "f":0.0
      },
      "root":{
        "p":0.0,
        "r":0.0,
        "f":0.0
      },
      "dep":{
        "p":0.0,
        "r":0.0,
        "f":0.0
      }
    }
  },
  "trainable_lemmatizer":{
    "lemma_acc":0.6919575114
  },
  "tagger":{
    "tag_acc":0.8831120602
  },
  "morphologizer":{
    "pos_acc":0.9414605455,
    "morph_acc":0.9034294911,
    "morph_micro_p":0.9315352697,
    "morph_micro_r":0.9253027694,
    "morph_micro_f":0.9284085598,
    "morph_per_feat":{
      "Definite":{
        "p":0.8844204123,
        "r":0.9112116992,
        "f":0.8976161893
      },
      "Mood":{
        "p":0.9047433904,
        "r":0.927830941,
        "f":0.9161417323
      },
      "Number":{
        "p":0.966910033,
        "r":0.956658511,
        "f":0.9617569546
      },
      "Person":{
        "p":0.934480844,
        "r":0.9441795231,
        "f":0.9393051486
      },
      "Tense":{
        "p":0.8890649762,
        "r":0.9129373474,
        "f":0.9008430349
      },
      "Voice":{
        "p":0.9278225806,
        "r":0.9445812808,
        "f":0.9361269325
      },
      "PronType":{
        "p":0.9482360699,
        "r":0.9358932639,
        "f":0.9420242385
      },
      "Case":{
        "p":0.9448185252,
        "r":0.9235832397,
        "f":0.9340802078
      },
      "Number[psor]":{
        "p":0.9029535865,
        "r":0.8466864491,
        "f":0.8739152629
      },
      "Person[psor]":{
        "p":0.8998946259,
        "r":0.8447082097,
        "f":0.8714285714
      },
      "Degree":{
        "p":0.8952496955,
        "r":0.8130530973,
        "f":0.852173913
      },
      "VerbForm":{
        "p":0.9044834308,
        "r":0.8451730419,
        "f":0.8738229755
      },
      "NumType":{
        "p":0.8257575758,
        "r":0.7517241379,
        "f":0.7870036101
      },
      "Reflex":{
        "p":0.914893617,
        "r":0.9347826087,
        "f":0.9247311828
      },
      "Aspect":{
        "p":0.7777777778,
        "r":0.6086956522,
        "f":0.6829268293
      },
      "Number[psed]":{
        "p":1.0,
        "r":0.6666666667,
        "f":0.8
      },
      "Poss":{
        "p":1.0,
        "r":0.75,
        "f":0.8571428571
      }
    }
  },
  "speed":2321.8171939312
}