{
  "tokenizer":{
    "token_acc":1.0,
    "token_p":0.9119515351,
    "token_r":0.9607758087,
    "token_f":0.9357272179
  },
  "transformer":{

  },
  "parser":{
    "sents_p":0.9999356872,
    "sents_r":0.9634403272,
    "sents_f":0.9813488181,
    "dep_uas":0.9999380345,
    "dep_las":0.0,
    "dep_las_per_type":{
      "_":{
        "p":0.0,
        "r":0.0,
        "f":0.0
      },
      "root":{
        "p":0.0,
        "r":0.0,
        "f":0.0
      },
      "dep":{
        "p":0.0,
        "r":0.0,
        "f":0.0
      }
    }
  },
  "trainable_lemmatizer":{
    "lemma_acc":0.6940212443
  },
  "tagger":{
    "tag_acc":0.8780668915
  },
  "speed":1607.0312986926
}