{
  "tokenizer":{
    "token_acc":0.9981644203,
    "token_p":0.9974335877,
    "token_r":0.9959947049,
    "token_f":0.996713627
  },
  "transformer":{

  },
  "parser":{
    "sents_p":0.4206329429,
    "sents_r":0.6187683284,
    "sents_f":0.5008159027,
    "dep_uas":0.1371907105,
    "dep_las":0.0181569929,
    "dep_las_per_type":{
      "root":{
        "p":0.0990271888,
        "r":0.1454745328,
        "f":0.1178391214
      },
      "nsubj":{
        "p":0.0,
        "r":0.0,
        "f":0.0
      },
      "advmod":{
        "p":0.0383872712,
        "r":0.1196437169,
        "f":0.0581252558
      },
      "mark":{
        "p":0.0833333333,
        "r":0.0009606148,
        "f":0.0018993352
      },
      "acl":{
        "p":0.0,
        "r":0.0,
        "f":0.0
      },
      "compound:prt":{
        "p":0.0,
        "r":0.0,
        "f":0.0
      },
      "obj":{
        "p":0.0328947368,
        "r":0.001767409,
        "f":0.003354579
      },
      "cop":{
        "p":0.0016219504,
        "r":0.0144752714,
        "f":0.0029170465
      },
      "parataxis":{
        "p":0.0002836879,
        "r":0.0322580645,
        "f":0.0005624297
      },
      "cc":{
        "p":0.0,
        "r":0.0,
        "f":0.0
      },
      "conj":{
        "p":0.0029615005,
        "r":0.0009923917,
        "f":0.0014866204
      },
      "case":{
        "p":0.2830188679,
        "r":0.0061074919,
        "f":0.011956955
      },
      "amod":{
        "p":0.0,
        "r":0.0,
        "f":0.0
      },
      "obl":{
        "p":0.0243161094,
        "r":0.0042016807,
        "f":0.0071652485
      },
      "nmod:poss":{
        "p":0.0,
        "r":0.0,
        "f":0.0
      },
      "dep":{
        "p":0.0,
        "r":0.0,
        "f":0.0
      },
      "appos":{
        "p":0.0081168831,
        "r":0.0234741784,
        "f":0.0120627262
      },
      "dislocated":{
        "p":0.0,
        "r":0.0,
        "f":0.0
      },
      "aux":{
        "p":0.0,
        "r":0.0,
        "f":0.0
      },
      "advcl":{
        "p":0.0088495575,
        "r":0.0008635579,
        "f":0.0015735641
      },
      "iobj":{
        "p":0.0,
        "r":0.0,
        "f":0.0
      },
      "det":{
        "p":0.0,
        "r":0.0,
        "f":0.0
      },
      "acl:relcl":{
        "p":0.0055248619,
        "r":0.0011248594,
        "f":0.0018691589
      },
      "xcomp":{
        "p":0.0,
        "r":0.0,
        "f":0.0
      },
      "flat":{
        "p":0.0,
        "r":0.0,
        "f":0.0
      },
      "ccomp":{
        "p":0.0,
        "r":0.0,
        "f":0.0
      },
      "expl":{
        "p":0.0,
        "r":0.0,
        "f":0.0
      },
      "vocative":{
        "p":0.0,
        "r":0.0,
        "f":0.0
      },
      "fixed":{
        "p":0.0,
        "r":0.0,
        "f":0.0
      },
      "flat:name":{
        "p":0.0,
        "r":0.0,
        "f":0.0
      },
      "nummod":{
        "p":0.0,
        "r":0.0,
        "f":0.0
      },
      "nmod":{
        "p":0.0,
        "r":0.0,
        "f":0.0
      },
      "obl:npmod":{
        "p":0.0,
        "r":0.0,
        "f":0.0
      },
      "flat:foreign":{
        "p":0.0,
        "r":0.0,
        "f":0.0
      },
      "csubj":{
        "p":0.0,
        "r":0.0,
        "f":0.0
      },
      "discourse":{
        "p":0.0,
        "r":0.0,
        "f":0.0
      }
    }
  },
  "trainable_lemmatizer":{
    "lemma_acc":0.5202165727
  },
  "tagger":{
    "tag_acc":0.0198403591
  },
  "morphologizer":{
    "pos_acc":0.158773876,
    "morph_acc":0.1858274678,
    "morph_micro_p":0.2104816398,
    "morph_micro_r":0.043848159,
    "morph_micro_f":0.072576886,
    "morph_per_feat":{
      "Mood":{
        "p":0.0,
        "r":0.0,
        "f":0.0
      },
      "Number":{
        "p":0.5892330383,
        "r":0.0247452693,
        "f":0.0474959132
      },
      "Person":{
        "p":0.0700549451,
        "r":0.0052904564,
        "f":0.009837963
      },
      "Tense":{
        "p":0.0,
        "r":0.0,
        "f":0.0
      },
      "VerbForm":{
        "p":0.280675853,
        "r":0.4860795455,
        "f":0.3558652246
      },
      "Voice":{
        "p":0.0,
        "r":0.0,
        "f":0.0
      },
      "Case":{
        "p":0.0,
        "r":0.0,
        "f":0.0
      },
      "Gender":{
        "p":0.3319892473,
        "r":0.0109258194,
        "f":0.0211554109
      },
      "PronType":{
        "p":0.360670194,
        "r":0.0443648986,
        "f":0.0790109147
      },
      "Definite":{
        "p":0.0128055879,
        "r":0.0007771655,
        "f":0.0014653967
      },
      "Foreign":{
        "p":0.0051322542,
        "r":0.1413043478,
        "f":0.0099047619
      },
      "Degree":{
        "p":0.0,
        "r":0.0,
        "f":0.0
      },
      "NumType":{
        "p":0.0065717415,
        "r":0.0175438596,
        "f":0.009561753
      },
      "Polarity":{
        "p":0.0,
        "r":0.0,
        "f":0.0
      },
      "Gender[psor]":{
        "p":0.0,
        "r":0.0,
        "f":0.0
      },
      "Number[psor]":{
        "p":0.0,
        "r":0.0,
        "f":0.0
      },
      "Poss":{
        "p":0.0,
        "r":0.0,
        "f":0.0
      }
    }
  },
  "speed":6620.9197247029
}