{
  "tokenizer":{
    "token_acc":0.3765989466,
    "token_p":0.3750940557,
    "token_r":0.1772444444,
    "token_f":0.2407340336
  },
  "transformer":{

  },
  "parser":{
    "sents_p":0.8540772532,
    "sents_r":0.9212962963,
    "sents_f":0.8864142539,
    "dep_uas":0.0226315789,
    "dep_las":0.0202631579,
    "dep_las_per_type":{
      "cc":{
        "p":0.8333333333,
        "r":0.0872093023,
        "f":0.1578947368
      },
      "mark":{
        "p":0.6666666667,
        "r":0.0046296296,
        "f":0.0091954023
      },
      "nsubj":{
        "p":0.0,
        "r":0.0,
        "f":0.0
      },
      "root":{
        "p":0.213592233,
        "r":0.1018518519,
        "f":0.1379310345
      },
      "case":{
        "p":0.5,
        "r":0.0012886598,
        "f":0.0025706941
      },
      "obl":{
        "p":0.0,
        "r":0.0,
        "f":0.0
      },
      "acl:relcl":{
        "p":0.0,
        "r":0.0,
        "f":0.0
      },
      "det":{
        "p":0.0,
        "r":0.0,
        "f":0.0
      },
      "aux":{
        "p":0.0,
        "r":0.0,
        "f":0.0
      },
      "dislocated":{
        "p":0.0,
        "r":0.0,
        "f":0.0
      },
      "advmod":{
        "p":0.5789473684,
        "r":0.0785714286,
        "f":0.1383647799
      },
      "advcl":{
        "p":1.0,
        "r":0.0064102564,
        "f":0.0127388535
      },
      "obj":{
        "p":0.0,
        "r":0.0,
        "f":0.0
      },
      "ccomp":{
        "p":0.0,
        "r":0.0,
        "f":0.0
      },
      "parataxis":{
        "p":0.125,
        "r":0.0138888889,
        "f":0.025
      },
      "nmod":{
        "p":0.0,
        "r":0.0,
        "f":0.0
      },
      "cop":{
        "p":0.4117647059,
        "r":0.1346153846,
        "f":0.2028985507
      },
      "appos":{
        "p":0.0,
        "r":0.0,
        "f":0.0
      },
      "fixed":{
        "p":0.0,
        "r":0.0,
        "f":0.0
      },
      "conj":{
        "p":0.75,
        "r":0.0218978102,
        "f":0.0425531915
      },
      "xcomp":{
        "p":0.0,
        "r":0.0,
        "f":0.0
      },
      "csubj":{
        "p":0.0,
        "r":0.0,
        "f":0.0
      },
      "iobj":{
        "p":0.0,
        "r":0.0,
        "f":0.0
      },
      "vocative":{
        "p":0.0,
        "r":0.0,
        "f":0.0
      },
      "reparandum":{
        "p":0.0,
        "r":0.0,
        "f":0.0
      },
      "discourse":{
        "p":1.0,
        "r":0.2,
        "f":0.3333333333
      },
      "amod":{
        "p":0.0,
        "r":0.0,
        "f":0.0
      },
      "nummod":{
        "p":0.0,
        "r":0.0,
        "f":0.0
      },
      "orphan":{
        "p":0.0,
        "r":0.0,
        "f":0.0
      },
      "flat":{
        "p":0.6666666667,
        "r":0.4,
        "f":0.5
      },
      "obl:npmod":{
        "p":0.0,
        "r":0.0,
        "f":0.0
      },
      "acl":{
        "p":0.0,
        "r":0.0,
        "f":0.0
      }
    }
  },
  "trainable_lemmatizer":{
    "lemma_acc":0.2942952007
  },
  "tagger":{
    "tag_acc":0.2801932367
  },
  "speed":847.0518878492
}