{
  "tokenizer":{
    "token_acc":1.0,
    "token_p":0.997476277,
    "token_r":0.9991405026,
    "token_f":0.9983076962
  },
  "transformer":{

  },
  "parser":{
    "sents_p":0.3633531577,
    "sents_r":0.5669465312,
    "sents_f":0.4428719365,
    "dep_uas":0.1543808026,
    "dep_las":0.0417881685,
    "dep_las_per_type":{
      "discourse":{
        "p":0.0,
        "r":0.0,
        "f":0.0
      },
      "case":{
        "p":0.4880382775,
        "r":0.0639498433,
        "f":0.1130820399
      },
      "root":{
        "p":0.1839796207,
        "r":0.2872293416,
        "f":0.2242926156
      },
      "nsubj":{
        "p":0.0,
        "r":0.0,
        "f":0.0
      },
      "det":{
        "p":0.0,
        "r":0.0,
        "f":0.0
      },
      "advmod":{
        "p":0.00723589,
        "r":0.0191717791,
        "f":0.0105064089
      },
      "flat":{
        "p":0.0,
        "r":0.0,
        "f":0.0
      },
      "cop":{
        "p":0.0045003104,
        "r":0.0739795918,
        "f":0.0084844939
      },
      "obj":{
        "p":0.125,
        "r":0.0006626905,
        "f":0.0013183916
      },
      "mark":{
        "p":0.0,
        "r":0.0,
        "f":0.0
      },
      "advcl":{
        "p":0.0,
        "r":0.0,
        "f":0.0
      },
      "amod":{
        "p":0.0,
        "r":0.0,
        "f":0.0
      },
      "obl":{
        "p":0.0401459854,
        "r":0.0075239398,
        "f":0.0126728111
      },
      "vocative":{
        "p":0.0,
        "r":0.0,
        "f":0.0
      },
      "cc":{
        "p":0.25,
        "r":0.0019920319,
        "f":0.0039525692
      },
      "conj":{
        "p":0.0033444816,
        "r":0.0009149131,
        "f":0.0014367816
      },
      "expl:pv":{
        "p":0.0,
        "r":0.0,
        "f":0.0
      },
      "obl:arg":{
        "p":0.0,
        "r":0.0,
        "f":0.0
      },
      "acl":{
        "p":0.0,
        "r":0.0,
        "f":0.0
      },
      "dislocated":{
        "p":0.0,
        "r":0.0,
        "f":0.0
      },
      "parataxis":{
        "p":0.0004403347,
        "r":0.0217391304,
        "f":0.0008631852
      },
      "appos":{
        "p":0.004950495,
        "r":0.0050761421,
        "f":0.0050125313
      },
      "nsubj:pass":{
        "p":0.0,
        "r":0.0,
        "f":0.0
      },
      "fixed":{
        "p":0.0,
        "r":0.0,
        "f":0.0
      },
      "dep":{
        "p":0.0,
        "r":0.0,
        "f":0.0
      },
      "flat:name":{
        "p":0.0,
        "r":0.0,
        "f":0.0
      },
      "xcomp":{
        "p":0.0,
        "r":0.0,
        "f":0.0
      },
      "nmod":{
        "p":0.0,
        "r":0.0,
        "f":0.0
      },
      "nummod":{
        "p":0.0,
        "r":0.0,
        "f":0.0
      },
      "obl:npmod":{
        "p":0.0,
        "r":0.0,
        "f":0.0
      },
      "aux":{
        "p":0.0,
        "r":0.0,
        "f":0.0
      },
      "orphan":{
        "p":0.0,
        "r":0.0,
        "f":0.0
      },
      "advcl:cmp":{
        "p":0.0,
        "r":0.0,
        "f":0.0
      },
      "ccomp":{
        "p":0.0,
        "r":0.0,
        "f":0.0
      },
      "obl:agent":{
        "p":0.0,
        "r":0.0,
        "f":0.0
      },
      "csubj":{
        "p":0.0,
        "r":0.0,
        "f":0.0
      },
      "nsubj:outer":{
        "p":0.0,
        "r":0.0,
        "f":0.0
      },
      "acl:relcl":{
        "p":0.0,
        "r":0.0,
        "f":0.0
      },
      "csubj:pass":{
        "p":0.0,
        "r":0.0,
        "f":0.0
      },
      "aux:pass":{
        "p":0.0,
        "r":0.0,
        "f":0.0
      }
    }
  },
  "trainable_lemmatizer":{
    "lemma_acc":0.2248718013
  },
  "tagger":{
    "tag_acc":0.0
  },
  "speed":1008.6792621714
}