{
  "tokenizer":{
    "token_acc":0.3765989466,
    "token_p":0.3750940557,
    "token_r":0.1772444444,
    "token_f":0.2407340336
  },
  "transformer":{

  },
  "parser":{
    "sents_p":0.8620689655,
    "sents_r":0.9259259259,
    "sents_f":0.8928571429,
    "dep_uas":0.0204831933,
    "dep_las":0.0181197479,
    "dep_las_per_type":{
      "cc":{
        "p":0.875,
        "r":0.0813953488,
        "f":0.1489361702
      },
      "mark":{
        "p":0.5,
        "r":0.0023148148,
        "f":0.0046082949
      },
      "nsubj":{
        "p":0.0,
        "r":0.0,
        "f":0.0
      },
      "root":{
        "p":0.1775700935,
        "r":0.087962963,
        "f":0.1176470588
      },
      "case":{
        "p":0.5,
        "r":0.0012886598,
        "f":0.0025706941
      },
      "obl":{
        "p":0.0,
        "r":0.0,
        "f":0.0
      },
      "acl:relcl":{
        "p":0.0,
        "r":0.0,
        "f":0.0
      },
      "det":{
        "p":0.0,
        "r":0.0,
        "f":0.0
      },
      "aux":{
        "p":0.0,
        "r":0.0,
        "f":0.0
      },
      "dislocated":{
        "p":0.0,
        "r":0.0,
        "f":0.0
      },
      "advmod":{
        "p":0.5882352941,
        "r":0.0714285714,
        "f":0.127388535
      },
      "advcl":{
        "p":0.0,
        "r":0.0,
        "f":0.0
      },
      "obj":{
        "p":0.0,
        "r":0.0,
        "f":0.0
      },
      "ccomp":{
        "p":0.0,
        "r":0.0,
        "f":0.0
      },
      "parataxis":{
        "p":0.0625,
        "r":0.0138888889,
        "f":0.0227272727
      },
      "nmod":{
        "p":0.0,
        "r":0.0,
        "f":0.0
      },
      "cop":{
        "p":0.3636363636,
        "r":0.1538461538,
        "f":0.2162162162
      },
      "appos":{
        "p":0.0,
        "r":0.0,
        "f":0.0
      },
      "fixed":{
        "p":0.0,
        "r":0.0,
        "f":0.0
      },
      "conj":{
        "p":0.5,
        "r":0.0145985401,
        "f":0.0283687943
      },
      "xcomp":{
        "p":0.0,
        "r":0.0,
        "f":0.0
      },
      "csubj":{
        "p":0.0,
        "r":0.0,
        "f":0.0
      },
      "iobj":{
        "p":0.0,
        "r":0.0,
        "f":0.0
      },
      "vocative":{
        "p":0.0,
        "r":0.0,
        "f":0.0
      },
      "reparandum":{
        "p":0.0,
        "r":0.0,
        "f":0.0
      },
      "discourse":{
        "p":1.0,
        "r":0.2,
        "f":0.3333333333
      },
      "amod":{
        "p":0.0,
        "r":0.0,
        "f":0.0
      },
      "nummod":{
        "p":0.0,
        "r":0.0,
        "f":0.0
      },
      "orphan":{
        "p":0.0,
        "r":0.0,
        "f":0.0
      },
      "flat":{
        "p":0.6666666667,
        "r":0.4,
        "f":0.5
      },
      "obl:npmod":{
        "p":0.0,
        "r":0.0,
        "f":0.0
      },
      "acl":{
        "p":0.0,
        "r":0.0,
        "f":0.0
      }
    }
  },
  "trainable_lemmatizer":{
    "lemma_acc":0.2942952007
  },
  "tagger":{
    "tag_acc":0.2810990338
  },
  "morphologizer":{
    "pos_acc":0.2865338164,
    "morph_acc":0.2862318841,
    "morph_micro_p":0.9723661485,
    "morph_micro_r":0.0678313253,
    "morph_micro_f":0.1268160829,
    "morph_per_feat":{
      "Foreign":{
        "p":0.9790575916,
        "r":0.3895833333,
        "f":0.5573770492
      },
      "Definite":{
        "p":0.9782608696,
        "r":0.0286806883,
        "f":0.0557275542
      },
      "Gender":{
        "p":1.0,
        "r":0.0541666667,
        "f":0.1027667984
      },
      "Number":{
        "p":0.9880952381,
        "r":0.0523989899,
        "f":0.0995203837
      },
      "Person":{
        "p":0.9677419355,
        "r":0.0316122234,
        "f":0.0612244898
      },
      "PronType":{
        "p":0.9852941176,
        "r":0.041180086,
        "f":0.0790560472
      },
      "VerbForm":{
        "p":0.8823529412,
        "r":0.0904977376,
        "f":0.1641586867
      },
      "Polarity":{
        "p":1.0,
        "r":0.3653846154,
        "f":0.5352112676
      },
      "Gender[psor]":{
        "p":0.0,
        "r":0.0,
        "f":0.0
      },
      "Number[psor]":{
        "p":0.0,
        "r":0.0,
        "f":0.0
      },
      "Poss":{
        "p":0.0,
        "r":0.0,
        "f":0.0
      },
      "NumType":{
        "p":1.0,
        "r":0.0666666667,
        "f":0.125
      },
      "Reflex":{
        "p":0.0,
        "r":0.0,
        "f":0.0
      }
    }
  },
  "speed":1004.4401336571
}