{
  "tokenizer":{
    "token_acc":0.9987632593,
    "token_p":0.9895828378,
    "token_r":0.9929125403,
    "token_f":0.9912448929
  },
  "transformer":{

  },
  "parser":{
    "sents_p":0.5107669973,
    "sents_r":0.6809677419,
    "sents_f":0.5837135352,
    "dep_uas":0.0969056791,
    "dep_las":0.0177863894,
    "dep_las_per_type":{
      "nsubj":{
        "p":0.0,
        "r":0.0,
        "f":0.0
      },
      "case":{
        "p":0.129787234,
        "r":0.02271035,
        "f":0.0386565272
      },
      "obl":{
        "p":0.0027027027,
        "r":0.0007426662,
        "f":0.0011651617
      },
      "root":{
        "p":0.1253630203,
        "r":0.1670967742,
        "f":0.1432522124
      },
      "det":{
        "p":0.2222222222,
        "r":0.000432526,
        "f":0.0008633715
      },
      "flat:name":{
        "p":0.0,
        "r":0.0,
        "f":0.0
      },
      "advcl":{
        "p":0.0,
        "r":0.0,
        "f":0.0
      },
      "cop":{
        "p":0.0026461027,
        "r":0.0690335306,
        "f":0.00509684
      },
      "acl":{
        "p":0.0,
        "r":0.0,
        "f":0.0
      },
      "parataxis":{
        "p":0.0,
        "r":0.0,
        "f":0.0
      },
      "nmod":{
        "p":0.0,
        "r":0.0,
        "f":0.0
      },
      "advmod":{
        "p":0.0128449096,
        "r":0.0200148258,
        "f":0.0156476384
      },
      "obj":{
        "p":0.0103092784,
        "r":0.0003186743,
        "f":0.000618238
      },
      "cc":{
        "p":0.0897435897,
        "r":0.0027678924,
        "f":0.0053701573
      },
      "conj":{
        "p":0.0057708162,
        "r":0.0033269962,
        "f":0.0042206813
      },
      "xcomp":{
        "p":0.0,
        "r":0.0,
        "f":0.0
      },
      "dep":{
        "p":0.0,
        "r":0.0,
        "f":0.0
      },
      "mark":{
        "p":0.0,
        "r":0.0,
        "f":0.0
      },
      "dislocated":{
        "p":0.0,
        "r":0.0,
        "f":0.0
      },
      "appos":{
        "p":0.0014025245,
        "r":0.0081967213,
        "f":0.0023952096
      },
      "flat":{
        "p":0.0,
        "r":0.0,
        "f":0.0
      },
      "nsubj:pass":{
        "p":0.0,
        "r":0.0,
        "f":0.0
      },
      "csubj":{
        "p":0.0,
        "r":0.0,
        "f":0.0
      },
      "amod":{
        "p":0.0,
        "r":0.0,
        "f":0.0
      },
      "obl:arg":{
        "p":0.0,
        "r":0.0,
        "f":0.0
      },
      "discourse":{
        "p":0.0,
        "r":0.0,
        "f":0.0
      },
      "ccomp":{
        "p":0.0,
        "r":0.0,
        "f":0.0
      },
      "orphan":{
        "p":0.0,
        "r":0.0,
        "f":0.0
      },
      "fixed":{
        "p":0.0,
        "r":0.0,
        "f":0.0
      },
      "acl:relcl":{
        "p":0.0,
        "r":0.0,
        "f":0.0
      },
      "iobj":{
        "p":0.0,
        "r":0.0,
        "f":0.0
      },
      "vocative":{
        "p":0.0,
        "r":0.0,
        "f":0.0
      },
      "obl:agent":{
        "p":0.0,
        "r":0.0,
        "f":0.0
      },
      "nummod":{
        "p":0.0,
        "r":0.0,
        "f":0.0
      },
      "nsubj:outer":{
        "p":0.0,
        "r":0.0,
        "f":0.0
      },
      "obl:npmod":{
        "p":0.0,
        "r":0.0,
        "f":0.0
      },
      "advcl:cmp":{
        "p":0.0,
        "r":0.0,
        "f":0.0
      },
      "csubj:pass":{
        "p":0.0,
        "r":0.0,
        "f":0.0
      },
      "aux":{
        "p":0.0,
        "r":0.0,
        "f":0.0
      },
      "aux:pass":{
        "p":0.0,
        "r":0.0,
        "f":0.0
      }
    }
  },
  "trainable_lemmatizer":{
    "lemma_acc":0.2121598589
  },
  "tagger":{
    "tag_acc":0.0
  },
  "morphologizer":{
    "pos_acc":0.1813888591,
    "morph_acc":0.1335798199,
    "morph_micro_p":0.198828253,
    "morph_micro_r":0.0405789588,
    "morph_micro_f":0.0674018416,
    "morph_per_feat":{
      "Case":{
        "p":0.0,
        "r":0.0,
        "f":0.0
      },
      "Gender":{
        "p":0.3972999036,
        "r":0.0187136628,
        "f":0.035743721
      },
      "Number":{
        "p":0.6633817427,
        "r":0.04708091,
        "f":0.0879219083
      },
      "Aspect":{
        "p":0.0,
        "r":0.0,
        "f":0.0
      },
      "Mood":{
        "p":0.0,
        "r":0.0,
        "f":0.0
      },
      "Person":{
        "p":0.0096269555,
        "r":0.0012193263,
        "f":0.0021645022
      },
      "Tense":{
        "p":0.0,
        "r":0.0,
        "f":0.0
      },
      "VerbForm":{
        "p":0.1987164618,
        "r":0.3151827324,
        "f":0.2437520747
      },
      "Voice":{
        "p":0.0,
        "r":0.0,
        "f":0.0
      },
      "Definite":{
        "p":0.4122885129,
        "r":0.1703458425,
        "f":0.2410830513
      },
      "PronType":{
        "p":0.0839936609,
        "r":0.0226495726,
        "f":0.0356782228
      },
      "Foreign":{
        "p":0.0,
        "r":0.0,
        "f":0.0
      },
      "Degree":{
        "p":0.0,
        "r":0.0,
        "f":0.0
      },
      "Polarity":{
        "p":0.0785340314,
        "r":0.0382653061,
        "f":0.051457976
      },
      "NumType":{
        "p":0.0,
        "r":0.0,
        "f":0.0
      },
      "Poss":{
        "p":0.0,
        "r":0.0,
        "f":0.0
      },
      "Reflex":{
        "p":0.0,
        "r":0.0,
        "f":0.0
      },
      "Number[psor]":{
        "p":0.0,
        "r":0.0,
        "f":0.0
      },
      "Gender[psor]":{
        "p":0.0,
        "r":0.0,
        "f":0.0
      }
    }
  },
  "speed":4324.3399269519
}