{
  "tokenizer":{
    "token_acc":0.9981644203,
    "token_p":0.9974335877,
    "token_r":0.9959947049,
    "token_f":0.996713627
  },
  "transformer":{

  },
  "parser":{
    "sents_p":0.3211567732,
    "sents_r":0.5414222874,
    "sents_f":0.403166371,
    "dep_uas":0.1221054547,
    "dep_las":0.0201597496,
    "dep_las_per_type":{
      "root":{
        "p":0.0935799782,
        "r":0.1575668743,
        "f":0.1174221737
      },
      "nsubj":{
        "p":0.0107526882,
        "r":0.0001674481,
        "f":0.0003297609
      },
      "advmod":{
        "p":0.0324635067,
        "r":0.1386615311,
        "f":0.0526099466
      },
      "mark":{
        "p":0.0694444444,
        "r":0.0016010247,
        "f":0.0031298905
      },
      "acl":{
        "p":0.0,
        "r":0.0,
        "f":0.0
      },
      "compound:prt":{
        "p":0.0,
        "r":0.0,
        "f":0.0
      },
      "obj":{
        "p":0.0,
        "r":0.0,
        "f":0.0
      },
      "cop":{
        "p":0.001035697,
        "r":0.0090470446,
        "f":0.0018586209
      },
      "dep":{
        "p":0.0,
        "r":0.0,
        "f":0.0
      },
      "cc":{
        "p":0.0689655172,
        "r":0.0005696383,
        "f":0.0011299435
      },
      "conj":{
        "p":0.0042553191,
        "r":0.0009923917,
        "f":0.0016094421
      },
      "case":{
        "p":0.1590909091,
        "r":0.0028501629,
        "f":0.0056
      },
      "amod":{
        "p":0.0,
        "r":0.0,
        "f":0.0
      },
      "obl":{
        "p":0.0276752768,
        "r":0.0078781513,
        "f":0.0122649223
      },
      "nmod:poss":{
        "p":0.0,
        "r":0.0,
        "f":0.0
      },
      "parataxis":{
        "p":0.0001173985,
        "r":0.0080645161,
        "f":0.0002314279
      },
      "dislocated":{
        "p":0.0,
        "r":0.0,
        "f":0.0
      },
      "aux":{
        "p":0.0,
        "r":0.0,
        "f":0.0
      },
      "advcl":{
        "p":0.0079051383,
        "r":0.0017271157,
        "f":0.0028348689
      },
      "iobj":{
        "p":0.0,
        "r":0.0,
        "f":0.0
      },
      "det":{
        "p":0.0,
        "r":0.0,
        "f":0.0
      },
      "acl:relcl":{
        "p":0.0,
        "r":0.0,
        "f":0.0
      },
      "xcomp":{
        "p":0.0,
        "r":0.0,
        "f":0.0
      },
      "flat":{
        "p":0.0,
        "r":0.0,
        "f":0.0
      },
      "obl:npmod":{
        "p":0.0,
        "r":0.0,
        "f":0.0
      },
      "ccomp":{
        "p":0.0051457976,
        "r":0.0041899441,
        "f":0.0046189376
      },
      "vocative":{
        "p":0.0,
        "r":0.0,
        "f":0.0
      },
      "expl":{
        "p":0.0,
        "r":0.0,
        "f":0.0
      },
      "appos":{
        "p":0.0043975374,
        "r":0.0078247261,
        "f":0.0056306306
      },
      "fixed":{
        "p":0.0789473684,
        "r":0.046875,
        "f":0.0588235294
      },
      "flat:name":{
        "p":0.0,
        "r":0.0,
        "f":0.0
      },
      "nummod":{
        "p":0.0,
        "r":0.0,
        "f":0.0
      },
      "nmod":{
        "p":0.0,
        "r":0.0,
        "f":0.0
      },
      "flat:foreign":{
        "p":0.0,
        "r":0.0,
        "f":0.0
      },
      "discourse":{
        "p":0.0,
        "r":0.0,
        "f":0.0
      },
      "csubj":{
        "p":0.0,
        "r":0.0,
        "f":0.0
      }
    }
  },
  "trainable_lemmatizer":{
    "lemma_acc":0.5202165727
  },
  "tagger":{
    "tag_acc":0.0225601618
  },
  "speed":4178.1221630766
}