{
  "tokenizer":{
    "token_acc":0.9996132525,
    "token_p":0.9992265051,
    "token_r":0.9990547798,
    "token_f":0.9991406351
  },
  "transformer":{

  },
  "parser":{
    "sents_p":0.687400319,
    "sents_r":0.822519084,
    "sents_f":0.7489139878,
    "dep_uas":0.2371354873,
    "dep_las":0.0480041971,
    "dep_las_per_type":{
      "ccomp":{
        "p":0.024691358,
        "r":0.0046403712,
        "f":0.0078125
      },
      "nsubj":{
        "p":0.0611483967,
        "r":0.0443722944,
        "f":0.0514267796
      },
      "root":{
        "p":0.2527910686,
        "r":0.302480916,
        "f":0.2754126846
      },
      "cop":{
        "p":0.0350877193,
        "r":0.0039138943,
        "f":0.0070422535
      },
      "advmod":{
        "p":0.022754491,
        "r":0.0129251701,
        "f":0.0164859002
      },
      "dep":{
        "p":0.0,
        "r":0.0,
        "f":0.0
      },
      "nmod:poss":{
        "p":0.0,
        "r":0.0,
        "f":0.0
      },
      "amod":{
        "p":0.0142475512,
        "r":0.0491551459,
        "f":0.0220918191
      },
      "obj":{
        "p":0.0519480519,
        "r":0.0146699267,
        "f":0.0228789323
      },
      "flat:foreign":{
        "p":0.0,
        "r":0.0,
        "f":0.0
      },
      "case":{
        "p":0.1621621622,
        "r":0.0244186047,
        "f":0.0424456796
      },
      "obl":{
        "p":0.0310734463,
        "r":0.0388463802,
        "f":0.0345278577
      },
      "discourse":{
        "p":0.0,
        "r":0.0,
        "f":0.0
      },
      "nmod":{
        "p":0.0,
        "r":0.0,
        "f":0.0
      },
      "nsubj:pass":{
        "p":0.0,
        "r":0.0,
        "f":0.0
      },
      "acl":{
        "p":0.0,
        "r":0.0,
        "f":0.0
      },
      "xcomp":{
        "p":0.0,
        "r":0.0,
        "f":0.0
      },
      "cc":{
        "p":0.2365853659,
        "r":0.058716707,
        "f":0.0940834142
      },
      "conj":{
        "p":0.0345727332,
        "r":0.0383502171,
        "f":0.0363636364
      },
      "advcl":{
        "p":0.008097166,
        "r":0.0017079419,
        "f":0.0028208745
      },
      "det":{
        "p":0.0323232323,
        "r":0.0152526215,
        "f":0.0207253886
      },
      "appos":{
        "p":0.0071428571,
        "r":0.0245398773,
        "f":0.0110650069
      },
      "flat:name":{
        "p":0.1,
        "r":0.3396226415,
        "f":0.1545064378
      },
      "nsubj:outer":{
        "p":0.0,
        "r":0.0,
        "f":0.0
      },
      "mark":{
        "p":0.0,
        "r":0.0,
        "f":0.0
      },
      "aux":{
        "p":0.015625,
        "r":0.0147058824,
        "f":0.0151515152
      },
      "obl:agent":{
        "p":0.0,
        "r":0.0,
        "f":0.0
      },
      "parataxis":{
        "p":0.027027027,
        "r":0.0357142857,
        "f":0.0307692308
      },
      "obl:arg":{
        "p":0.0,
        "r":0.0,
        "f":0.0
      },
      "orphan":{
        "p":0.0,
        "r":0.0,
        "f":0.0
      },
      "advmod:neg":{
        "p":0.0,
        "r":0.0,
        "f":0.0
      },
      "nummod":{
        "p":0.0067114094,
        "r":0.0196078431,
        "f":0.01
      },
      "vocative":{
        "p":0.0,
        "r":0.0,
        "f":0.0
      },
      "iobj":{
        "p":0.0,
        "r":0.0,
        "f":0.0
      },
      "compound:prt":{
        "p":0.0,
        "r":0.0,
        "f":0.0
      },
      "aux:pass":{
        "p":0.0,
        "r":0.0,
        "f":0.0
      },
      "advcl:cmp":{
        "p":0.0,
        "r":0.0,
        "f":0.0
      },
      "acl:relcl":{
        "p":0.0,
        "r":0.0,
        "f":0.0
      },
      "dislocated":{
        "p":0.0,
        "r":0.0,
        "f":0.0
      },
      "fixed":{
        "p":0.0,
        "r":0.0,
        "f":0.0
      },
      "csubj":{
        "p":0.0,
        "r":0.0,
        "f":0.0
      },
      "advmod:tmod":{
        "p":0.0,
        "r":0.0,
        "f":0.0
      },
      "csubj:pass":{
        "p":0.0,
        "r":0.0,
        "f":0.0
      },
      "advmod:emph":{
        "p":0.0,
        "r":0.0,
        "f":0.0
      },
      "advcl:abs":{
        "p":0.0,
        "r":0.0,
        "f":0.0
      },
      "advmod:lmod":{
        "p":0.0,
        "r":0.0,
        "f":0.0
      },
      "conj:expl":{
        "p":0.0,
        "r":0.0,
        "f":0.0
      }
    }
  },
  "trainable_lemmatizer":{
    "lemma_acc":0.3665900251
  },
  "tagger":{
    "tag_acc":0.0
  },
  "morphologizer":{
    "pos_acc":0.1927969744,
    "morph_acc":0.1000945505,
    "morph_micro_p":0.215756749,
    "morph_micro_r":0.1152611736,
    "morph_micro_f":0.1502539555,
    "morph_per_feat":{
      "Case":{
        "p":0.1766551098,
        "r":0.0930353882,
        "f":0.1218817633
      },
      "Gender":{
        "p":0.2548986769,
        "r":0.135856467,
        "f":0.1772446722
      },
      "Number":{
        "p":0.5525717533,
        "r":0.2521722215,
        "f":0.3463045414
      },
      "PronType":{
        "p":0.0634920635,
        "r":0.0114519427,
        "f":0.0194040194
      },
      "Person":{
        "p":0.3316929134,
        "r":0.0589470002,
        "f":0.1001039655
      },
      "Mood":{
        "p":0.2707910751,
        "r":0.0674072204,
        "f":0.1079442086
      },
      "Tense":{
        "p":0.2079107505,
        "r":0.0386792453,
        "f":0.065224308
      },
      "VerbForm":{
        "p":0.3085194376,
        "r":0.0674136996,
        "f":0.1106496589
      },
      "Voice":{
        "p":0.3664185277,
        "r":0.0822197476,
        "f":0.1343034713
      },
      "Polarity":{
        "p":0.0,
        "r":0.0,
        "f":0.0
      },
      "NumType":{
        "p":0.0072463768,
        "r":0.0454545455,
        "f":0.0125
      },
      "Foreign":{
        "p":0.0,
        "r":0.0,
        "f":0.0
      },
      "Definite":{
        "p":0.0,
        "r":0.0,
        "f":0.0
      },
      "Degree":{
        "p":0.082867784,
        "r":0.0662695458,
        "f":0.0736450145
      },
      "Aspect":{
        "p":0.0,
        "r":0.0,
        "f":0.0
      },
      "Reflex":{
        "p":0.0,
        "r":0.0,
        "f":0.0
      },
      "Poss":{
        "p":0.0,
        "r":0.0,
        "f":0.0
      },
      "NumForm":{
        "p":0.0,
        "r":0.0,
        "f":0.0
      },
      "AdvType":{
        "p":0.0,
        "r":0.0,
        "f":0.0
      },
      "AdpType":{
        "p":0.0,
        "r":0.0,
        "f":0.0
      },
      "Number[psor]":{
        "p":0.0,
        "r":0.0,
        "f":0.0
      },
      "Person[psor]":{
        "p":0.0,
        "r":0.0,
        "f":0.0
      },
      "Typo":{
        "p":0.0,
        "r":0.0,
        "f":0.0
      },
      "Compound":{
        "p":0.0,
        "r":0.0,
        "f":0.0
      }
    }
  },
  "speed":3487.6788129375
}