{
  "tokenizer":{
    "token_acc":0.9996132525,
    "token_p":0.9992265051,
    "token_r":0.9990547798,
    "token_f":0.9991406351
  },
  "transformer":{

  },
  "parser":{
    "sents_p":0.7888700085,
    "sents_r":0.8859732824,
    "sents_f":0.8346067416,
    "dep_uas":0.2456577309,
    "dep_las":0.0585086627,
    "dep_las_per_type":{
      "ccomp":{
        "p":0.0109289617,
        "r":0.0046403712,
        "f":0.006514658
      },
      "nsubj":{
        "p":0.0736842105,
        "r":0.0568181818,
        "f":0.0641613199
      },
      "root":{
        "p":0.2993197279,
        "r":0.3358778626,
        "f":0.3165467626
      },
      "cop":{
        "p":0.05,
        "r":0.0019569472,
        "f":0.0037664783
      },
      "advmod":{
        "p":0.1131386861,
        "r":0.0421768707,
        "f":0.0614469772
      },
      "dep":{
        "p":0.0,
        "r":0.0,
        "f":0.0
      },
      "flat:foreign":{
        "p":0.0,
        "r":0.0,
        "f":0.0
      },
      "obl":{
        "p":0.0505937016,
        "r":0.0576809888,
        "f":0.0539053905
      },
      "amod":{
        "p":0.021978022,
        "r":0.0368663594,
        "f":0.0275387263
      },
      "obj":{
        "p":0.1174863388,
        "r":0.0525672372,
        "f":0.0726351351
      },
      "case":{
        "p":0.5333333333,
        "r":0.0744186047,
        "f":0.1306122449
      },
      "compound:prt":{
        "p":0.0,
        "r":0.0,
        "f":0.0
      },
      "discourse":{
        "p":0.0,
        "r":0.0,
        "f":0.0
      },
      "nmod":{
        "p":0.0,
        "r":0.0,
        "f":0.0
      },
      "nsubj:pass":{
        "p":0.0,
        "r":0.0,
        "f":0.0
      },
      "acl":{
        "p":0.0,
        "r":0.0,
        "f":0.0
      },
      "xcomp":{
        "p":0.0152284264,
        "r":0.0084033613,
        "f":0.0108303249
      },
      "cc":{
        "p":0.2424242424,
        "r":0.01937046,
        "f":0.0358744395
      },
      "conj":{
        "p":0.0226308345,
        "r":0.0347322721,
        "f":0.0274050814
      },
      "advcl":{
        "p":0.0261780105,
        "r":0.0085397096,
        "f":0.0128783001
      },
      "appos":{
        "p":0.0052038161,
        "r":0.036809816,
        "f":0.009118541
      },
      "nmod:poss":{
        "p":0.0,
        "r":0.0,
        "f":0.0
      },
      "det":{
        "p":0.0748663102,
        "r":0.0133460439,
        "f":0.0226537217
      },
      "nsubj:outer":{
        "p":0.0,
        "r":0.0,
        "f":0.0
      },
      "mark":{
        "p":0.1,
        "r":0.0025445293,
        "f":0.0049627792
      },
      "aux":{
        "p":0.0,
        "r":0.0,
        "f":0.0
      },
      "obl:agent":{
        "p":0.0,
        "r":0.0,
        "f":0.0
      },
      "parataxis":{
        "p":0.0,
        "r":0.0,
        "f":0.0
      },
      "iobj":{
        "p":0.0,
        "r":0.0,
        "f":0.0
      },
      "obl:arg":{
        "p":0.0,
        "r":0.0,
        "f":0.0
      },
      "orphan":{
        "p":0.0,
        "r":0.0,
        "f":0.0
      },
      "advmod:neg":{
        "p":0.0,
        "r":0.0,
        "f":0.0
      },
      "nummod":{
        "p":0.0310559006,
        "r":0.0490196078,
        "f":0.0380228137
      },
      "vocative":{
        "p":0.0,
        "r":0.0,
        "f":0.0
      },
      "acl:relcl":{
        "p":0.0,
        "r":0.0,
        "f":0.0
      },
      "aux:pass":{
        "p":0.0,
        "r":0.0,
        "f":0.0
      },
      "advcl:cmp":{
        "p":0.0,
        "r":0.0,
        "f":0.0
      },
      "dislocated":{
        "p":0.0,
        "r":0.0,
        "f":0.0
      },
      "flat:name":{
        "p":0.2727272727,
        "r":0.1698113208,
        "f":0.2093023256
      },
      "fixed":{
        "p":0.0,
        "r":0.0,
        "f":0.0
      },
      "csubj":{
        "p":0.0,
        "r":0.0,
        "f":0.0
      },
      "advmod:tmod":{
        "p":0.0,
        "r":0.0,
        "f":0.0
      },
      "csubj:pass":{
        "p":0.0,
        "r":0.0,
        "f":0.0
      },
      "advmod:emph":{
        "p":0.0,
        "r":0.0,
        "f":0.0
      },
      "advcl:abs":{
        "p":0.0,
        "r":0.0,
        "f":0.0
      },
      "advmod:lmod":{
        "p":0.0,
        "r":0.0,
        "f":0.0
      },
      "conj:expl":{
        "p":0.0,
        "r":0.0,
        "f":0.0
      }
    }
  },
  "trainable_lemmatizer":{
    "lemma_acc":0.3819756323
  },
  "tagger":{
    "tag_acc":0.0
  },
  "morphologizer":{
    "pos_acc":0.2160048135,
    "morph_acc":0.1031051896,
    "morph_micro_p":0.1854042726,
    "morph_micro_r":0.0768734846,
    "morph_micro_f":0.1086838064,
    "morph_per_feat":{
      "Case":{
        "p":0.1735001158,
        "r":0.0651247718,
        "f":0.094702238
      },
      "Gender":{
        "p":0.2311990687,
        "r":0.0886369722,
        "f":0.1281455672
      },
      "Number":{
        "p":0.5007357578,
        "r":0.1544546751,
        "f":0.2360870212
      },
      "PronType":{
        "p":0.0,
        "r":0.0,
        "f":0.0
      },
      "Person":{
        "p":0.4476614699,
        "r":0.0351582998,
        "f":0.0651962374
      },
      "Mood":{
        "p":0.4807256236,
        "r":0.0535218379,
        "f":0.0963198546
      },
      "Tense":{
        "p":0.3265306122,
        "r":0.0271698113,
        "f":0.0501654764
      },
      "VerbForm":{
        "p":0.3598971722,
        "r":0.0506054582,
        "f":0.0887339566
      },
      "Voice":{
        "p":0.6259640103,
        "r":0.0903860431,
        "f":0.157963023
      },
      "Polarity":{
        "p":0.0,
        "r":0.0,
        "f":0.0
      },
      "Foreign":{
        "p":0.0,
        "r":0.0,
        "f":0.0
      },
      "Definite":{
        "p":0.0,
        "r":0.0,
        "f":0.0
      },
      "Aspect":{
        "p":0.0,
        "r":0.0,
        "f":0.0
      },
      "Degree":{
        "p":0.0669077758,
        "r":0.0275502606,
        "f":0.0390295359
      },
      "Reflex":{
        "p":0.0,
        "r":0.0,
        "f":0.0
      },
      "Poss":{
        "p":0.0,
        "r":0.0,
        "f":0.0
      },
      "NumType":{
        "p":0.0,
        "r":0.0,
        "f":0.0
      },
      "NumForm":{
        "p":0.0,
        "r":0.0,
        "f":0.0
      },
      "AdvType":{
        "p":0.0,
        "r":0.0,
        "f":0.0
      },
      "AdpType":{
        "p":0.0,
        "r":0.0,
        "f":0.0
      },
      "Number[psor]":{
        "p":0.0,
        "r":0.0,
        "f":0.0
      },
      "Person[psor]":{
        "p":0.0,
        "r":0.0,
        "f":0.0
      },
      "Typo":{
        "p":0.0,
        "r":0.0,
        "f":0.0
      },
      "Compound":{
        "p":0.0,
        "r":0.0,
        "f":0.0
      }
    }
  },
  "speed":3597.5081090492
}