{
  "tokenizer":{
    "token_acc":0.9996152111,
    "token_p":0.9922378791,
    "token_r":0.9963360691,
    "token_f":0.9942827512
  },
  "transformer":{

  },
  "parser":{
    "sents_p":0.5593793515,
    "sents_r":0.7454931071,
    "sents_f":0.6391635413,
    "dep_uas":0.2630282944,
    "dep_las":0.063766905,
    "dep_las_per_type":{
      "root":{
        "p":0.2747864097,
        "r":0.3666489926,
        "f":0.3141396934
      },
      "cc":{
        "p":0.2068429238,
        "r":0.0395715561,
        "f":0.0664335664
      },
      "mark":{
        "p":0.1856060606,
        "r":0.0140120103,
        "f":0.0260568998
      },
      "amod":{
        "p":0.0259003453,
        "r":0.0379061372,
        "f":0.0307737397
      },
      "nsubj:pass":{
        "p":0.0,
        "r":0.0,
        "f":0.0
      },
      "advmod:neg":{
        "p":0.0,
        "r":0.0,
        "f":0.0
      },
      "advcl":{
        "p":0.027244582,
        "r":0.017221135,
        "f":0.0211031175
      },
      "case":{
        "p":0.4761111111,
        "r":0.1377592027,
        "f":0.2136890662
      },
      "nsubj":{
        "p":0.0629067245,
        "r":0.0598212239,
        "f":0.061325188
      },
      "obl":{
        "p":0.0650865312,
        "r":0.1050607287,
        "f":0.0803778845
      },
      "acl:relcl":{
        "p":0.0294117647,
        "r":0.0086139389,
        "f":0.0133252574
      },
      "nmod":{
        "p":0.009765625,
        "r":0.0011246064,
        "f":0.0020169423
      },
      "obj":{
        "p":0.0791394545,
        "r":0.1032064128,
        "f":0.0895846923
      },
      "conj":{
        "p":0.0225230769,
        "r":0.0517680339,
        "f":0.0313893654
      },
      "nummod":{
        "p":0.0411522634,
        "r":0.0790513834,
        "f":0.0541271989
      },
      "advmod":{
        "p":0.0383844171,
        "r":0.059901654,
        "f":0.0467877095
      },
      "ccomp":{
        "p":0.0065671642,
        "r":0.0226337449,
        "f":0.010180472
      },
      "appos":{
        "p":0.0274013851,
        "r":0.1074380165,
        "f":0.0436660269
      },
      "csubj:pass":{
        "p":0.0,
        "r":0.0,
        "f":0.0
      },
      "cop":{
        "p":0.0,
        "r":0.0,
        "f":0.0
      },
      "flat:foreign":{
        "p":0.0,
        "r":0.0,
        "f":0.0
      },
      "advmod:lmod":{
        "p":0.0,
        "r":0.0,
        "f":0.0
      },
      "det":{
        "p":0.1077844311,
        "r":0.0217338807,
        "f":0.0361736334
      },
      "fixed":{
        "p":0.0,
        "r":0.0,
        "f":0.0
      },
      "obl:arg":{
        "p":0.0,
        "r":0.0,
        "f":0.0
      },
      "xcomp":{
        "p":0.0135350318,
        "r":0.0149911817,
        "f":0.0142259414
      },
      "ccomp:relcl":{
        "p":0.0,
        "r":0.0,
        "f":0.0
      },
      "acl":{
        "p":0.0106382979,
        "r":0.001490313,
        "f":0.0026143791
      },
      "dep":{
        "p":0.0,
        "r":0.0,
        "f":0.0
      },
      "iobj":{
        "p":0.0,
        "r":0.0,
        "f":0.0
      },
      "parataxis":{
        "p":0.0,
        "r":0.0,
        "f":0.0
      },
      "nmod:poss":{
        "p":0.0,
        "r":0.0,
        "f":0.0
      },
      "discourse":{
        "p":0.0,
        "r":0.0,
        "f":0.0
      },
      "orphan":{
        "p":0.0,
        "r":0.0,
        "f":0.0
      },
      "csubj":{
        "p":0.0,
        "r":0.0,
        "f":0.0
      },
      "advmod:emph":{
        "p":0.0,
        "r":0.0,
        "f":0.0
      },
      "flat":{
        "p":0.0,
        "r":0.0,
        "f":0.0
      },
      "dislocated:obj":{
        "p":0.0,
        "r":0.0,
        "f":0.0
      },
      "compound":{
        "p":0.0,
        "r":0.0,
        "f":0.0
      },
      "flat:name":{
        "p":0.0,
        "r":0.0,
        "f":0.0
      },
      "aux":{
        "p":0.0,
        "r":0.0,
        "f":0.0
      },
      "ccomp:reported":{
        "p":0.0,
        "r":0.0,
        "f":0.0
      },
      "compound:prt":{
        "p":0.0,
        "r":0.0,
        "f":0.0
      },
      "aux:pass":{
        "p":0.0,
        "r":0.0,
        "f":0.0
      },
      "csubj:relcl":{
        "p":0.0,
        "r":0.0,
        "f":0.0
      },
      "advcl:abs":{
        "p":0.0,
        "r":0.0,
        "f":0.0
      },
      "conj:expl":{
        "p":0.0,
        "r":0.0,
        "f":0.0
      },
      "advcl:cmp":{
        "p":0.0,
        "r":0.0,
        "f":0.0
      },
      "advcl:pred":{
        "p":0.0,
        "r":0.0,
        "f":0.0
      },
      "obl:agent":{
        "p":0.0,
        "r":0.0,
        "f":0.0
      },
      "obl:lmod":{
        "p":0.0,
        "r":0.0,
        "f":0.0
      },
      "dislocated:nsubj":{
        "p":0.0,
        "r":0.0,
        "f":0.0
      },
      "vocative":{
        "p":0.0,
        "r":0.0,
        "f":0.0
      },
      "advmod:tmod":{
        "p":0.0,
        "r":0.0,
        "f":0.0
      },
      "expl:pass":{
        "p":0.0,
        "r":0.0,
        "f":0.0
      },
      "reparandum":{
        "p":0.0,
        "r":0.0,
        "f":0.0
      },
      "advcl:relcl":{
        "p":0.0,
        "r":0.0,
        "f":0.0
      },
      "obl:tmod":{
        "p":0.0,
        "r":0.0,
        "f":0.0
      },
      "nsubj:outer":{
        "p":0.0,
        "r":0.0,
        "f":0.0
      },
      "obl:cmp":{
        "p":0.0,
        "r":0.0,
        "f":0.0
      },
      "cop:outer":{
        "p":0.0,
        "r":0.0,
        "f":0.0
      },
      "csubj:outer":{
        "p":0.0,
        "r":0.0,
        "f":0.0
      },
      "parataxis:reporting":{
        "p":0.0,
        "r":0.0,
        "f":0.0
      },
      "dislocated":{
        "p":0.0,
        "r":0.0,
        "f":0.0
      },
      "csubj:cleft":{
        "p":0.0,
        "r":0.0,
        "f":0.0
      },
      "csubj:reported":{
        "p":0.0,
        "r":0.0,
        "f":0.0
      },
      "dislocated:csubj":{
        "p":0.0,
        "r":0.0,
        "f":0.0
      }
    }
  },
  "trainable_lemmatizer":{
    "lemma_acc":0.4733324911
  },
  "tagger":{
    "tag_acc":0.0
  },
  "morphologizer":{
    "pos_acc":0.3763944727,
    "morph_acc":0.2533545539,
    "morph_micro_p":0.254120561,
    "morph_micro_r":0.1183856881,
    "morph_micro_f":0.1615233975,
    "morph_per_feat":{
      "Case":{
        "p":0.2617359198,
        "r":0.1293218278,
        "f":0.1731108398
      },
      "Gender":{
        "p":0.2518070861,
        "r":0.1248457787,
        "f":0.1669285153
      },
      "InflClass":{
        "p":0.0,
        "r":0.0,
        "f":0.0
      },
      "Number":{
        "p":0.5571443162,
        "r":0.2564162828,
        "f":0.3511990987
      },
      "Polarity":{
        "p":0.0,
        "r":0.0,
        "f":0.0
      },
      "Aspect":{
        "p":0.0,
        "r":0.0,
        "f":0.0
      },
      "Mood":{
        "p":0.3773364486,
        "r":0.1568214922,
        "f":0.2215616783
      },
      "Person":{
        "p":0.3708253359,
        "r":0.1156470729,
        "f":0.1763095455
      },
      "Tense":{
        "p":0.3363176333,
        "r":0.1398284512,
        "f":0.1975308642
      },
      "VerbForm":{
        "p":0.3563131313,
        "r":0.1110586383,
        "f":0.1693369337
      },
      "Voice":{
        "p":0.3109371053,
        "r":0.1287656904,
        "f":0.1821140617
      },
      "PronType":{
        "p":0.1324701195,
        "r":0.0120361991,
        "f":0.0220673635
      },
      "Definite":{
        "p":0.0,
        "r":0.0,
        "f":0.0
      },
      "Foreign":{
        "p":0.0015568241,
        "r":0.72,
        "f":0.0031069302
      },
      "Degree":{
        "p":0.0053789731,
        "r":0.0139593909,
        "f":0.0077656195
      },
      "Reflex":{
        "p":0.0,
        "r":0.0,
        "f":0.0
      },
      "InflClass[nominal]":{
        "p":0.0,
        "r":0.0,
        "f":0.0
      },