{
  "tokenizer":{
    "token_acc":1.0,
    "token_p":0.9963401882,
    "token_r":0.998777079,
    "token_f":0.9975571453
  },
  "transformer":{

  },
  "parser":{
    "sents_p":0.9459459459,
    "sents_r":0.9722222222,
    "sents_f":0.9589041096,
    "dep_uas":0.3914447839,
    "dep_las":0.1073204781,
    "dep_las_per_type":{
      "cc":{
        "p":0.5164835165,
        "r":0.0900383142,
        "f":0.1533442088
      },
      "xcomp":{
        "p":0.0,
        "r":0.0,
        "f":0.0
      },
      "root":{
        "p":0.4432432432,
        "r":0.4555555556,
        "f":0.4493150685
      },
      "nsubj":{
        "p":0.0845528455,
        "r":0.1152993348,
        "f":0.0975609756
      },
      "nsubj:pass":{
        "p":0.0,
        "r":0.0,
        "f":0.0
      },
      "advmod":{
        "p":0.0856269113,
        "r":0.0773480663,
        "f":0.0812772134
      },
      "acl":{
        "p":0.0,
        "r":0.0,
        "f":0.0
      },
      "case":{
        "p":0.2046632124,
        "r":0.1570576541,
        "f":0.177727784
      },
      "obl":{
        "p":0.0703218117,
        "r":0.1340909091,
        "f":0.0922595778
      },
      "dep":{
        "p":0.0,
        "r":0.0,
        "f":0.0
      },
      "conj":{
        "p":0.0541871921,
        "r":0.0967741935,
        "f":0.0694736842
      },
      "amod":{
        "p":0.0211267606,
        "r":0.1097560976,
        "f":0.0354330709
      },
      "flat:foreign":{
        "p":0.0,
        "r":0.0,
        "f":0.0
      },
      "det":{
        "p":0.1486988848,
        "r":0.0858369099,
        "f":0.1088435374
      },
      "appos":{
        "p":0.0359281437,
        "r":0.1463414634,
        "f":0.0576923077
      },
      "nmod:poss":{
        "p":0.0,
        "r":0.0,
        "f":0.0
      },
      "obj":{
        "p":0.0560747664,
        "r":0.0165745856,
        "f":0.0255863539
      },
      "advcl":{
        "p":0.045045045,
        "r":0.0178571429,
        "f":0.0255754476
      },
      "nmod":{
        "p":0.0,
        "r":0.0,
        "f":0.0
      },
      "obl:arg":{
        "p":0.0,
        "r":0.0,
        "f":0.0
      },
      "discourse":{
        "p":0.0,
        "r":0.0,
        "f":0.0
      },
      "mark":{
        "p":0.0555555556,
        "r":0.0049261084,
        "f":0.0090497738
      },
      "ccomp":{
        "p":0.0303030303,
        "r":0.0097087379,
        "f":0.0147058824
      },
      "iobj":{
        "p":0.0,
        "r":0.0,
        "f":0.0
      },
      "orphan":{
        "p":0.0,
        "r":0.0,
        "f":0.0
      },
      "nummod":{
        "p":0.0,
        "r":0.0,
        "f":0.0
      },
      "aux":{
        "p":0.0,
        "r":0.0,
        "f":0.0
      },
      "compound:prt":{
        "p":0.0,
        "r":0.0,
        "f":0.0
      },
      "vocative":{
        "p":0.0,
        "r":0.0,
        "f":0.0
      },
      "dislocated":{
        "p":0.0,
        "r":0.0,
        "f":0.0
      },
      "flat:name":{
        "p":0.6,
        "r":0.2307692308,
        "f":0.3333333333
      },
      "advcl:cmp":{
        "p":0.0,
        "r":0.0,
        "f":0.0
      },
      "cop":{
        "p":0.0,
        "r":0.0,
        "f":0.0
      },
      "expl:pv":{
        "p":0.0,
        "r":0.0,
        "f":0.0
      },
      "acl:relcl":{
        "p":0.0,
        "r":0.0,
        "f":0.0
      },
      "obl:agent":{
        "p":0.0,
        "r":0.0,
        "f":0.0
      },
      "csubj:pass":{
        "p":0.0,
        "r":0.0,
        "f":0.0
      },
      "parataxis":{
        "p":0.0,
        "r":0.0,
        "f":0.0
      },
      "nsubj:outer":{
        "p":0.0,
        "r":0.0,
        "f":0.0
      }
    }
  },
  "trainable_lemmatizer":{
    "lemma_acc":0.3527358408
  },
  "tagger":{
    "tag_acc":0.0
  },
  "morphologizer":{
    "pos_acc":0.3107813182,
    "morph_acc":0.1989519651,
    "morph_micro_p":0.293026871,
    "morph_micro_r":0.149611656,
    "morph_micro_f":0.1980859448,
    "morph_per_feat":{
      "Case":{
        "p":0.2307259426,
        "r":0.1428073842,
        "f":0.1764199656
      },
      "Degree":{
        "p":0.078125,
        "r":0.0646551724,
        "f":0.070754717
      },
      "Gender":{
        "p":0.2866061294,
        "r":0.1781933663,
        "f":0.2197563098
      },
      "Number":{
        "p":0.6021341463,
        "r":0.3102094241,
        "f":0.4094678645
      },
      "Strength":{
        "p":0.0,
        "r":0.0,
        "f":0.0
      },
      "Mood":{
        "p":0.5051020408,
        "r":0.1043203372,
        "f":0.1729257642
      },
      "Person":{
        "p":0.4489795918,
        "r":0.0567741935,
        "f":0.1008018328
      },
      "Tense":{
        "p":0.4336734694,
        "r":0.0655864198,
        "f":0.1139410188
      },
      "VerbForm":{
        "p":0.4564315353,
        "r":0.0848765432,
        "f":0.1431359792
      },
      "Voice":{
        "p":0.5767634855,
        "r":0.1072530864,
        "f":0.1808718282
      },
      "PronType":{
        "p":0.1,
        "r":0.0048231511,
        "f":0.009202454
      },
      "Polarity":{
        "p":0.0,
        "r":0.0,
        "f":0.0
      },
      "Definite":{
        "p":0.0,
        "r":0.0,
        "f":0.0
      },
      "Poss":{
        "p":0.0,
        "r":0.0,
        "f":0.0
      },
      "Foreign":{
        "p":0.0,
        "r":0.0,
        "f":0.0
      },
      "Aspect":{
        "p":0.0,
        "r":0.0,
        "f":0.0
      },
      "Reflex":{
        "p":0.0,
        "r":0.0,
        "f":0.0
      }
    }
  },
  "speed":1732.0793392056
}