{
  "tokenizer":{
    "token_acc":1.0,
    "token_p":0.9963401882,
    "token_r":0.998777079,
    "token_f":0.9975571453
  },
  "transformer":{

  },
  "parser":{
    "sents_p":0.5127860027,
    "sents_r":0.7055555556,
    "sents_f":0.5939204988,
    "dep_uas":0.2540237929,
    "dep_las":0.0493136312,
    "dep_las_per_type":{
      "cc":{
        "p":0.08,
        "r":0.0076628352,
        "f":0.013986014
      },
      "xcomp":{
        "p":0.0396825397,
        "r":0.0230414747,
        "f":0.029154519
      },
      "root":{
        "p":0.2496644295,
        "r":0.3444444444,
        "f":0.2894941634
      },
      "nsubj":{
        "p":0.0414746544,
        "r":0.0598669623,
        "f":0.0490018149
      },
      "nsubj:pass":{
        "p":0.0,
        "r":0.0,
        "f":0.0
      },
      "advmod":{
        "p":0.0126262626,
        "r":0.0138121547,
        "f":0.0131926121
      },
      "acl":{
        "p":0.0,
        "r":0.0,
        "f":0.0
      },
      "case":{
        "p":0.1214953271,
        "r":0.0258449304,
        "f":0.0426229508
      },
      "obl":{
        "p":0.0262697023,
        "r":0.0340909091,
        "f":0.0296735905
      },
      "nmod:poss":{
        "p":0.0,
        "r":0.0,
        "f":0.0
      },
      "amod":{
        "p":0.003931848,
        "r":0.0365853659,
        "f":0.0071005917
      },
      "det":{
        "p":0.0315789474,
        "r":0.0128755365,
        "f":0.0182926829
      },
      "appos":{
        "p":0.0068027211,
        "r":0.0243902439,
        "f":0.0106382979
      },
      "conj":{
        "p":0.0270935961,
        "r":0.0322580645,
        "f":0.0294511379
      },
      "obj":{
        "p":0.0251572327,
        "r":0.0110497238,
        "f":0.0153550864
      },
      "dep":{
        "p":0.0,
        "r":0.0,
        "f":0.0
      },
      "advcl":{
        "p":0.0,
        "r":0.0,
        "f":0.0
      },
      "nmod":{
        "p":0.0,
        "r":0.0,
        "f":0.0
      },
      "obl:arg":{
        "p":0.0,
        "r":0.0,
        "f":0.0
      },
      "discourse":{
        "p":0.0,
        "r":0.0,
        "f":0.0
      },
      "mark":{
        "p":0.0,
        "r":0.0,
        "f":0.0
      },
      "aux":{
        "p":0.0,
        "r":0.0,
        "f":0.0
      },
      "ccomp":{
        "p":0.0,
        "r":0.0,
        "f":0.0
      },
      "compound:prt":{
        "p":0.0,
        "r":0.0,
        "f":0.0
      },
      "nummod":{
        "p":0.0142857143,
        "r":0.0555555556,
        "f":0.0227272727
      },
      "orphan":{
        "p":0.0,
        "r":0.0,
        "f":0.0
      },
      "vocative":{
        "p":0.0,
        "r":0.0,
        "f":0.0
      },
      "flat:name":{
        "p":0.125,
        "r":0.0769230769,
        "f":0.0952380952
      },
      "iobj":{
        "p":0.0,
        "r":0.0,
        "f":0.0
      },
      "cop":{
        "p":0.0,
        "r":0.0,
        "f":0.0
      },
      "flat:foreign":{
        "p":0.0,
        "r":0.0,
        "f":0.0
      },
      "dislocated":{
        "p":0.0,
        "r":0.0,
        "f":0.0
      },
      "acl:relcl":{
        "p":0.0,
        "r":0.0,
        "f":0.0
      },
      "advcl:cmp":{
        "p":0.0,
        "r":0.0,
        "f":0.0
      },
      "expl:pv":{
        "p":0.0,
        "r":0.0,
        "f":0.0
      },
      "parataxis":{
        "p":0.0,
        "r":0.0,
        "f":0.0
      },
      "obl:agent":{
        "p":0.0,
        "r":0.0,
        "f":0.0
      },
      "csubj:pass":{
        "p":0.0,
        "r":0.0,
        "f":0.0
      },
      "nsubj:outer":{
        "p":0.0,
        "r":0.0,
        "f":0.0
      }
    }
  },
  "trainable_lemmatizer":{
    "lemma_acc":0.3680949472
  },
  "tagger":{
    "tag_acc":0.0
  },
  "morphologizer":{
    "pos_acc":0.1789767767,
    "morph_acc":0.1018251681,
    "morph_micro_p":0.2765354649,
    "morph_micro_r":0.1549407563,
    "morph_micro_f":0.1986047526,
    "morph_per_feat":{
      "Case":{
        "p":0.2111932418,
        "r":0.1393242773,
        "f":0.1678908709
      },
      "Degree":{
        "p":0.0575539568,
        "r":0.0689655172,
        "f":0.062745098
      },
      "Gender":{
        "p":0.3227882038,
        "r":0.2124206069,
        "f":0.2562247287
      },
      "Number":{
        "p":0.6268443598,
        "r":0.3447643979,
        "f":0.4448572876
      },
      "Strength":{
        "p":0.0,
        "r":0.0,
        "f":0.0
      },
      "Mood":{
        "p":0.2850241546,
        "r":0.062170706,
        "f":0.1020761246
      },
      "Person":{
        "p":0.2710280374,
        "r":0.0374193548,
        "f":0.0657596372
      },
      "Tense":{
        "p":0.2512077295,
        "r":0.0401234568,
        "f":0.0691949434
      },
      "VerbForm":{
        "p":0.2412790698,
        "r":0.0640432099,
        "f":0.1012195122
      },
      "Voice":{
        "p":0.4098837209,
        "r":0.1087962963,
        "f":0.1719512195
      },
      "PronType":{
        "p":0.0292397661,
        "r":0.0080385852,
        "f":0.0126103405
      },
      "Polarity":{
        "p":0.0,
        "r":0.0,
        "f":0.0
      },
      "Definite":{
        "p":0.0,
        "r":0.0,
        "f":0.0
      },
      "Foreign":{
        "p":0.0,
        "r":0.0,
        "f":0.0
      },
      "Poss":{
        "p":0.0,
        "r":0.0,
        "f":0.0
      },
      "Aspect":{
        "p":0.0,
        "r":0.0,
        "f":0.0
      },
      "NumType":{
        "p":0.0,
        "r":0.0,
        "f":0.0
      },
      "Reflex":{
        "p":0.0,
        "r":0.0,
        "f":0.0
      }
    }
  },
  "speed":1703.3486913838
}