{
  "tokenizer":{
    "token_acc":0.9981644203,
    "token_p":0.9974335877,
    "token_r":0.9959947049,
    "token_f":0.996713627
  },
  "transformer":{

  },
  "parser":{
    "sents_p":0.9696860339,
    "sents_r":0.9849706745,
    "sents_f":0.9772685943,
    "dep_uas":0.8288867214,
    "dep_las":0.7770595885,
    "dep_las_per_type":{
      "root":{
        "p":0.9066472939,
        "r":0.9146207402,
        "f":0.9106165633
      },
      "nsubj":{
        "p":0.8487223169,
        "r":0.8342263898,
        "f":0.8414119237
      },
      "advmod":{
        "p":0.7813173653,
        "r":0.7852672123,
        "f":0.7832873094
      },
      "mark":{
        "p":0.869814933,
        "r":0.8728786423,
        "f":0.8713440946
      },
      "acl":{
        "p":0.7276315789,
        "r":0.7191157347,
        "f":0.7233485939
      },
      "compound:prt":{
        "p":0.7008985879,
        "r":0.7368421053,
        "f":0.7184210526
      },
      "obj":{
        "p":0.718988219,
        "r":0.7334747261,
        "f":0.7261592301
      },
      "cc":{
        "p":0.808075064,
        "r":0.8094559954,
        "f":0.8087649402
      },
      "conj":{
        "p":0.6357659435,
        "r":0.639761826,
        "f":0.6377576257
      },
      "case":{
        "p":0.9277427234,
        "r":0.9279315961,
        "f":0.9278371501
      },
      "amod":{
        "p":0.7401082882,
        "r":0.721770918,
        "f":0.7308245939
      },
      "obl":{
        "p":0.7287740083,
        "r":0.7107843137,
        "f":0.7196667553
      },
      "nmod:poss":{
        "p":0.8800936768,
        "r":0.8994734323,
        "f":0.8896780303
      },
      "aux":{
        "p":0.8981255094,
        "r":0.8816,
        "f":0.8897860315
      },
      "advcl":{
        "p":0.5283347864,
        "r":0.5233160622,
        "f":0.525813449
      },
      "iobj":{
        "p":0.7045454545,
        "r":0.6498951782,
        "f":0.6761177754
      },
      "det":{
        "p":0.8433460076,
        "r":0.8752959747,
        "f":0.8590240124
      },
      "acl:relcl":{
        "p":0.5859728507,
        "r":0.5826771654,
        "f":0.584320361
      },
      "xcomp":{
        "p":0.3994490358,
        "r":0.36159601,
        "f":0.3795811518
      },
      "ccomp":{
        "p":0.6291727141,
        "r":0.6054469274,
        "f":0.6170818505
      },
      "cop":{
        "p":0.7158403869,
        "r":0.7141133896,
        "f":0.7149758454
      },
      "expl":{
        "p":0.3725490196,
        "r":0.387755102,
        "f":0.38
      },
      "appos":{
        "p":0.6567164179,
        "r":0.6885758998,
        "f":0.6722689076
      },
      "dep":{
        "p":0.465408805,
        "r":0.3490566038,
        "f":0.3989218329
      },
      "vocative":{
        "p":0.6105263158,
        "r":0.4754098361,
        "f":0.534562212
      },
      "nmod":{
        "p":0.5483870968,
        "r":0.3820224719,
        "f":0.4503311258
      },
      "parataxis":{
        "p":0.65,
        "r":0.5241935484,
        "f":0.5803571429
      },
      "flat:name":{
        "p":0.8509615385,
        "r":0.8550724638,
        "f":0.8530120482
      },
      "nummod":{
        "p":0.7290640394,
        "r":0.7551020408,
        "f":0.7418546366
      },
      "fixed":{
        "p":0.95,
        "r":0.890625,
        "f":0.9193548387
      },
      "flat:foreign":{
        "p":0.6666666667,
        "r":0.3921568627,
        "f":0.4938271605
      },
      "discourse":{
        "p":0.5238095238,
        "r":0.44,
        "f":0.4782608696
      },
      "dislocated":{
        "p":0.0,
        "r":0.0,
        "f":0.0
      }
    }
  },
  "trainable_lemmatizer":{
    "lemma_acc":0.9486362207
  },
  "tagger":{
    "tag_acc":0.8484209631
  },
  "morphologizer":{
    "pos_acc":0.9628502448,
    "morph_acc":0.9012080149,
    "morph_micro_p":0.9389501497,
    "morph_micro_r":0.926312825,
    "morph_micro_f":0.9325886779,
    "morph_per_feat":{
      "Mood":{
        "p":0.932605905,
        "r":0.9224225495,
        "f":0.927486276
      },
      "Number":{
        "p":0.9610503832,
        "r":0.947567283,
        "f":0.9542612086
      },
      "Person":{
        "p":0.9431134565,
        "r":0.9269709544,
        "f":0.9349725347
      },
      "Tense":{
        "p":0.9474967908,
        "r":0.937150838,
        "f":0.9422954168
      },
      "VerbForm":{
        "p":0.940755581,
        "r":0.9338068182,
        "f":0.9372683205
      },
      "Voice":{
        "p":0.9624117535,
        "r":0.9553030303,
        "f":0.9588442163
      },
      "Case":{
        "p":0.9084255178,
        "r":0.8945493263,
        "f":0.9014340246
      },
      "Gender":{
        "p":0.9184952978,
        "r":0.90724112,
        "f":0.9128335225
      },
      "PronType":{
        "p":0.9671351112,
        "r":0.948042087,
        "f":0.9574934268
      },
      "Definite":{
        "p":0.9517822702,
        "r":0.9413593331,
        "f":0.9465421092
      },
      "Degree":{
        "p":0.8718783931,
        "r":0.839958159,
        "f":0.8556206713
      },
      "Foreign":{
        "p":0.687732342,
        "r":0.6702898551,
        "f":0.6788990826
      },
      "NumType":{
        "p":0.8915662651,
        "r":0.865497076,
        "f":0.8783382789
      }
    }
  },
  "speed":6735.1430038307
}