{
  "tokenizer":{
    "token_acc":0.9464403791,
    "token_p":0.9418117699,
    "token_r":0.8969353484,
    "token_f":0.9188259327
  },
  "transformer":{

  },
  "parser":{
    "sents_p":0.5742971888,
    "sents_r":0.735218509,
    "sents_f":0.6448703495,
    "dep_uas":0.1402868952,
    "dep_las":0.0257719426,
    "dep_las_per_type":{
      "advmod":{
        "p":0.024,
        "r":0.006147541,
        "f":0.0097879282
      },
      "iobj":{
        "p":0.0,
        "r":0.0,
        "f":0.0
      },
      "root":{
        "p":0.1205073996,
        "r":0.146529563,
        "f":0.13225058
      },
      "nsubj":{
        "p":0.0187165775,
        "r":0.018469657,
        "f":0.0185922975
      },
      "cc:nc":{
        "p":0.0,
        "r":0.0,
        "f":0.0
      },
      "expl":{
        "p":0.0,
        "r":0.0,
        "f":0.0
      },
      "case":{
        "p":0.5833333333,
        "r":0.0278884462,
        "f":0.0532319392
      },
      "obl":{
        "p":0.0196078431,
        "r":0.0278745645,
        "f":0.0230215827
      },
      "ccomp":{
        "p":0.0,
        "r":0.0,
        "f":0.0
      },
      "dep":{
        "p":0.0,
        "r":0.0,
        "f":0.0
      },
      "mark":{
        "p":0.1176470588,
        "r":0.0086580087,
        "f":0.0161290323
      },
      "aux":{
        "p":0.0,
        "r":0.0,
        "f":0.0
      },
      "det":{
        "p":0.2432432432,
        "r":0.0267857143,
        "f":0.0482573727
      },
      "acl":{
        "p":0.0,
        "r":0.0,
        "f":0.0
      },
      "cc":{
        "p":0.0,
        "r":0.0,
        "f":0.0
      },
      "amod":{
        "p":0.0183823529,
        "r":0.0471698113,
        "f":0.0264550265
      },
      "conj":{
        "p":0.0051282051,
        "r":0.0223880597,
        "f":0.0083449235
      },
      "nmod:poss":{
        "p":0.0,
        "r":0.0,
        "f":0.0
      },
      "advcl":{
        "p":0.0066666667,
        "r":0.0085470085,
        "f":0.0074906367
      },
      "obj":{
        "p":0.0104712042,
        "r":0.0054644809,
        "f":0.0071813285
      },
      "acl:relcl":{
        "p":0.2,
        "r":0.0175438596,
        "f":0.0322580645
      },
      "xcomp":{
        "p":0.0,
        "r":0.0,
        "f":0.0
      },
      "flat":{
        "p":0.0,
        "r":0.0,
        "f":0.0
      },
      "appos":{
        "p":0.0,
        "r":0.0,
        "f":0.0
      },
      "case:det":{
        "p":0.0,
        "r":0.0,
        "f":0.0
      },
      "nmod":{
        "p":0.0,
        "r":0.0,
        "f":0.0
      },
      "nummod":{
        "p":0.0102040816,
        "r":0.1111111111,
        "f":0.0186915888
      },
      "flat:foreign":{
        "p":0.0,
        "r":0.0,
        "f":0.0
      },
      "cop":{
        "p":0.0,
        "r":0.0,
        "f":0.0
      },
      "flat:name":{
        "p":0.0,
        "r":0.0,
        "f":0.0
      },
      "dislocated":{
        "p":0.0,
        "r":0.0,
        "f":0.0
      },
      "obl:advmod":{
        "p":0.0,
        "r":0.0,
        "f":0.0
      },
      "aux:pass":{
        "p":0.0,
        "r":0.0,
        "f":0.0
      },
      "parataxis":{
        "p":0.0,
        "r":0.0,
        "f":0.0
      },
      "discourse":{
        "p":0.0,
        "r":0.0,
        "f":0.0
      },
      "vocative":{
        "p":0.0,
        "r":0.0,
        "f":0.0
      },
      "compound:prt":{
        "p":0.0,
        "r":0.0,
        "f":0.0
      },
      "csubj":{
        "p":0.0,
        "r":0.0,
        "f":0.0
      },
      "nsubj:obj":{
        "p":0.0,
        "r":0.0,
        "f":0.0
      }
    }
  },
  "trainable_lemmatizer":{
    "lemma_acc":0.4427025834
  },
  "tagger":{
    "tag_acc":0.0
  },
  "morphologizer":{
    "pos_acc":0.2532567896,
    "morph_acc":0.288395716,
    "morph_micro_p":0.0130338325,
    "morph_micro_r":0.0179389313,
    "morph_micro_f":0.0150979762,
    "morph_per_feat":{
      "PronType":{
        "p":0.0975609756,
        "r":0.0037105751,
        "f":0.0071492404
      },
      "VerbForm":{
        "p":0.2252747253,
        "r":0.0437100213,
        "f":0.0732142857
      },
      "Foreign":{
        "p":0.0,
        "r":0.0,
        "f":0.0
      },
      "Case":{
        "p":0.0,
        "r":0.0,
        "f":0.0
      },
      "Definite":{
        "p":0.0024096386,
        "r":0.0038910506,
        "f":0.0029761905
      },
      "Gender":{
        "p":0.0,
        "r":0.0,
        "f":0.0
      },
      "Number":{
        "p":0.0,
        "r":0.0,
        "f":0.0
      },
      "Polarity":{
        "p":0.0,
        "r":0.0,
        "f":0.0
      },
      "Tense":{
        "p":0.0058139535,
        "r":0.007518797,
        "f":0.006557377
      },
      "Degree":{
        "p":0.0,
        "r":0.0,
        "f":0.0
      },
      "Mood":{
        "p":0.0,
        "r":0.0,
        "f":0.0
      },
      "Person":{
        "p":0.0,
        "r":0.0,
        "f":0.0
      },
      "Voice":{
        "p":0.0,
        "r":0.0,
        "f":0.0
      },
      "Poss":{
        "p":0.0,
        "r":0.0,
        "f":0.0
      },
      "NumType":{
        "p":0.0,
        "r":0.0,
        "f":0.0
      }
    }
  },
  "speed":1577.6807248617
}