{
  "tokenizer":{
    "token_acc":0.9987632593,
    "token_p":0.9895828378,
    "token_r":0.9929125403,
    "token_f":0.9912448929
  },
  "transformer":{

  },
  "parser":{
    "sents_p":0.6610889774,
    "sents_r":0.8029032258,
    "sents_f":0.7251274581,
    "dep_uas":0.2366609186,
    "dep_las":0.0571773555,
    "dep_las_per_type":{
      "nsubj":{
        "p":0.0298711976,
        "r":0.0396075581,
        "f":0.0340571786
      },
      "case":{
        "p":0.3867276888,
        "r":0.1258376768,
        "f":0.1898876404
      },
      "obl":{
        "p":0.0366897006,
        "r":0.0828072781,
        "f":0.05084939
      },
      "root":{
        "p":0.167424445,
        "r":0.2019354839,
        "f":0.1830677
      },
      "det":{
        "p":0.5868263473,
        "r":0.0211937716,
        "f":0.0409100397
      },
      "flat:name":{
        "p":0.0,
        "r":0.0,
        "f":0.0
      },
      "advcl":{
        "p":0.0096256684,
        "r":0.0044117647,
        "f":0.0060504202
      },
      "cop":{
        "p":0.0035335689,
        "r":0.0019723866,
        "f":0.0025316456
      },
      "acl":{
        "p":0.0,
        "r":0.0,
        "f":0.0
      },
      "dep":{
        "p":0.0,
        "r":0.0,
        "f":0.0
      },
      "ccomp":{
        "p":0.0,
        "r":0.0,
        "f":0.0
      },
      "nmod:poss":{
        "p":0.0,
        "r":0.0,
        "f":0.0
      },
      "amod":{
        "p":0.0054430655,
        "r":0.0501002004,
        "f":0.0098193244
      },
      "appos":{
        "p":0.0131578947,
        "r":0.0491803279,
        "f":0.0207612457
      },
      "nmod":{
        "p":0.0071428571,
        "r":0.0003279764,
        "f":0.0006271558
      },
      "advmod":{
        "p":0.0673724735,
        "r":0.0345935261,
        "f":0.0457142857
      },
      "obj":{
        "p":0.076433121,
        "r":0.0114722753,
        "f":0.0199501247
      },
      "cc":{
        "p":0.3156732892,
        "r":0.1696322657,
        "f":0.2206790123
      },
      "conj":{
        "p":0.0228213565,
        "r":0.1021863118,
        "f":0.0373101952
      },
      "xcomp":{
        "p":0.0053238687,
        "r":0.0061983471,
        "f":0.0057279236
      },
      "mark":{
        "p":0.0404040404,
        "r":0.0059347181,
        "f":0.0103492885
      },
      "nsubj:pass":{
        "p":0.0,
        "r":0.0,
        "f":0.0
      },
      "dislocated":{
        "p":0.0,
        "r":0.0,
        "f":0.0
      },
      "csubj":{
        "p":0.0,
        "r":0.0,
        "f":0.0
      },
      "acl:relcl":{
        "p":0.0,
        "r":0.0,
        "f":0.0
      },
      "obl:arg":{
        "p":0.0,
        "r":0.0,
        "f":0.0
      },
      "nummod":{
        "p":0.006097561,
        "r":0.0090909091,
        "f":0.0072992701
      },
      "discourse":{
        "p":0.0,
        "r":0.0,
        "f":0.0
      },
      "orphan":{
        "p":0.0,
        "r":0.0,
        "f":0.0
      },
      "iobj":{
        "p":0.0,
        "r":0.0,
        "f":0.0
      },
      "vocative":{
        "p":0.0,
        "r":0.0,
        "f":0.0
      },
      "obl:agent":{
        "p":0.0,
        "r":0.0,
        "f":0.0
      },
      "parataxis":{
        "p":0.0,
        "r":0.0,
        "f":0.0
      },
      "aux":{
        "p":0.0,
        "r":0.0,
        "f":0.0
      },
      "flat:foreign":{
        "p":0.0,
        "r":0.0,
        "f":0.0
      },
      "compound:prt":{
        "p":0.0,
        "r":0.0,
        "f":0.0
      },
      "fixed":{
        "p":0.0,
        "r":0.0,
        "f":0.0
      },
      "nsubj:outer":{
        "p":0.0,
        "r":0.0,
        "f":0.0
      },
      "advcl:cmp":{
        "p":0.0,
        "r":0.0,
        "f":0.0
      },
      "csubj:pass":{
        "p":0.0,
        "r":0.0,
        "f":0.0
      },
      "aux:pass":{
        "p":0.0,
        "r":0.0,
        "f":0.0
      }
    }
  },
  "trainable_lemmatizer":{
    "lemma_acc":0.2037449791
  },
  "tagger":{
    "tag_acc":0.0
  },
  "morphologizer":{
    "pos_acc":0.382441701,
    "morph_acc":0.246372315,
    "morph_micro_p":0.2528794403,
    "morph_micro_r":0.1571483519,
    "morph_micro_f":0.1938385057,
    "morph_per_feat":{
      "Case":{
        "p":0.2092649704,
        "r":0.1469566394,
        "f":0.1726614891
      },
      "Gender":{
        "p":0.3068356119,
        "r":0.208984375,
        "f":0.248628786
      },
      "Number":{
        "p":0.5778254138,
        "r":0.3572112199,
        "f":0.4414922657
      },
      "Aspect":{
        "p":0.0,
        "r":0.0,
        "f":0.0
      },
      "Mood":{
        "p":0.1271255061,
        "r":0.0313561015,
        "f":0.0503043896
      },
      "Person":{
        "p":0.1005847953,
        "r":0.0262155159,
        "f":0.0415911014
      },
      "Tense":{
        "p":0.1190283401,
        "r":0.0180323847,
        "f":0.0313199105
      },
      "VerbForm":{
        "p":0.1235955056,
        "r":0.0256315919,
        "f":0.0424581006
      },
      "Voice":{
        "p":0.2259018332,
        "r":0.0469172194,
        "f":0.0776975491
      },
      "Definite":{
        "p":0.0025812003,
        "r":0.0132450331,
        "f":0.004320432
      },
      "PronType":{
        "p":0.0429292929,
        "r":0.0108974359,
        "f":0.0173824131
      },
      "Degree":{
        "p":0.0356001826,
        "r":0.0607476636,
        "f":0.0448920863
      },
      "Foreign":{
        "p":0.0,
        "r":0.0,
        "f":0.0
      },
      "NumType":{
        "p":0.0,
        "r":0.0,
        "f":0.0
      },
      "Polarity":{
        "p":0.0,
        "r":0.0,
        "f":0.0
      },
      "Poss":{
        "p":0.0,
        "r":0.0,
        "f":0.0
      },
      "Reflex":{
        "p":0.0,
        "r":0.0,
        "f":0.0
      }
    }
  },
  "speed":4406.9238509424
}