{
  "tokenizer":{
    "token_acc":1.0,
    "token_p":0.997476277,
    "token_r":0.9991405026,
    "token_f":0.9983076962
  },
  "transformer":{

  },
  "parser":{
    "sents_p":0.8045382166,
    "sents_r":0.8930623067,
    "sents_f":0.8464921466,
    "dep_uas":0.3071981385,
    "dep_las":0.113889802,
    "dep_las_per_type":{
      "discourse":{
        "p":0.0,
        "r":0.0,
        "f":0.0
      },
      "case":{
        "p":0.7621722846,
        "r":0.5103448276,
        "f":0.6113405933
      },
      "root":{
        "p":0.3124006359,
        "r":0.3473265577,
        "f":0.3289391086
      },
      "nsubj":{
        "p":0.065633546,
        "r":0.1010526316,
        "f":0.0795799945
      },
      "det":{
        "p":0.0135135135,
        "r":0.0019646365,
        "f":0.0034305317
      },
      "nmod:poss":{
        "p":0.0,
        "r":0.0,
        "f":0.0
      },
      "obl":{
        "p":0.0866983373,
        "r":0.1497948016,
        "f":0.1098294885
      },
      "amod":{
        "p":0.0094866071,
        "r":0.0218790219,
        "f":0.0132347217
      },
      "obj":{
        "p":0.1325301205,
        "r":0.0072895958,
        "f":0.0138190955
      },
      "mark":{
        "p":0.0,
        "r":0.0,
        "f":0.0
      },
      "advcl":{
        "p":0.0206896552,
        "r":0.0061099796,
        "f":0.0094339623
      },
      "nummod":{
        "p":0.0724637681,
        "r":0.0769230769,
        "f":0.0746268657
      },
      "conj":{
        "p":0.0218,
        "r":0.0997255261,
        "f":0.0357787625
      },
      "xcomp":{
        "p":0.0064516129,
        "r":0.0189873418,
        "f":0.0096308186
      },
      "cc":{
        "p":0.3803921569,
        "r":0.0644090305,
        "f":0.1101646792
      },
      "advmod":{
        "p":0.0399032648,
        "r":0.0253067485,
        "f":0.0309713749
      },
      "expl:pv":{
        "p":0.0,
        "r":0.0,
        "f":0.0
      },
      "obl:arg":{
        "p":0.0,
        "r":0.0,
        "f":0.0
      },
      "acl":{
        "p":0.0,
        "r":0.0,
        "f":0.0
      },
      "cop":{
        "p":0.0281690141,
        "r":0.0051020408,
        "f":0.0086393089
      },
      "nsubj:pass":{
        "p":0.0,
        "r":0.0,
        "f":0.0
      },
      "dislocated":{
        "p":0.0,
        "r":0.0,
        "f":0.0
      },
      "dep":{
        "p":0.0,
        "r":0.0,
        "f":0.0
      },
      "vocative":{
        "p":0.0,
        "r":0.0,
        "f":0.0
      },
      "flat:name":{
        "p":0.0,
        "r":0.0,
        "f":0.0
      },
      "appos":{
        "p":0.0,
        "r":0.0,
        "f":0.0
      },
      "nmod":{
        "p":0.0208333333,
        "r":0.0021459227,
        "f":0.0038910506
      },
      "ccomp":{
        "p":0.0,
        "r":0.0,
        "f":0.0
      },
      "aux":{
        "p":0.0,
        "r":0.0,
        "f":0.0
      },
      "orphan":{
        "p":0.0,
        "r":0.0,
        "f":0.0
      },
      "advcl:cmp":{
        "p":0.0,
        "r":0.0,
        "f":0.0
      },
      "parataxis":{
        "p":0.0,
        "r":0.0,
        "f":0.0
      },
      "obl:agent":{
        "p":0.0,
        "r":0.0,
        "f":0.0
      },
      "csubj":{
        "p":0.0,
        "r":0.0,
        "f":0.0
      },
      "nsubj:outer":{
        "p":0.0,
        "r":0.0,
        "f":0.0
      },
      "fixed":{
        "p":0.0,
        "r":0.0,
        "f":0.0
      },
      "iobj":{
        "p":0.0,
        "r":0.0,
        "f":0.0
      },
      "acl:relcl":{
        "p":0.0,
        "r":0.0,
        "f":0.0
      },
      "flat:foreign":{
        "p":0.0,
        "r":0.0,
        "f":0.0
      },
      "csubj:pass":{
        "p":0.0,
        "r":0.0,
        "f":0.0
      },
      "aux:pass":{
        "p":0.0,
        "r":0.0,
        "f":0.0
      }
    }
  },
  "trainable_lemmatizer":{
    "lemma_acc":0.2171419911
  },
  "tagger":{
    "tag_acc":0.0
  },
  "morphologizer":{
    "pos_acc":0.3288688972,
    "morph_acc":0.1841619695,
    "morph_micro_p":0.2673169564,
    "morph_micro_r":0.1376791493,
    "morph_micro_f":0.1817497533,
    "morph_per_feat":{
      "Case":{
        "p":0.2212222384,
        "r":0.1432061643,
        "f":0.1738634419
      },
      "Gender":{
        "p":0.2601820081,
        "r":0.1778140294,
        "f":0.211253104
      },
      "Number":{
        "p":0.6000267451,
        "r":0.328669792,
        "f":0.424704212
      },
      "Person":{
        "p":0.2823033708,
        "r":0.0371809101,
        "f":0.0657077476
      },
      "PronType":{
        "p":0.2798634812,
        "r":0.0334420881,
        "f":0.0597449909
      },
      "VerbForm":{
        "p":0.2476415094,
        "r":0.0448717949,
        "f":0.0759768452
      },
      "Voice":{
        "p":0.3772241993,
        "r":0.0680942184,
        "f":0.1153636858
      },
      "Definite":{
        "p":0.0,
        "r":0.0,
        "f":0.0
      },
      "Mood":{
        "p":0.2995008319,
        "r":0.059602649,
        "f":0.0994200497
      },
      "Tense":{
        "p":0.1798679868,
        "r":0.0233404711,
        "f":0.0413191812
      },
      "Variant":{
        "p":0.0,
        "r":0.0,
        "f":0.0
      },
      "Degree":{
        "p":0.0634538153,
        "r":0.0608628659,
        "f":0.0621313409
      },
      "Reflex":{
        "p":0.0,
        "r":0.0,
        "f":0.0
      },
      "Foreign":{
        "p":0.0,
        "r":0.0,
        "f":0.0
      },
      "Poss":{
        "p":0.0,
        "r":0.0,
        "f":0.0
      },
      "Polarity":{
        "p":0.0,
        "r":0.0,
        "f":0.0
      },
      "Aspect":{
        "p":0.0,
        "r":0.0,
        "f":0.0
      },
      "NumType":{
        "p":0.0,
        "r":0.0,
        "f":0.0
      }
    }
  },
  "speed":2556.44610186
}