{
  "tokenizer":{
    "token_acc":1.0,
    "token_p":1.0,
    "token_r":1.0,
    "token_f":1.0
  },
  "transformer":{

  },
  "parser":{
    "sents_p":0.7154989384,
    "sents_r":0.8425,
    "sents_f":0.7738231917,
    "dep_uas":0.2064918394,
    "dep_las":0.0638180818,
    "dep_las_per_type":{
      "obl":{
        "p":0.0136054422,
        "r":0.010989011,
        "f":0.0121580547
      },
      "vocative":{
        "p":0.0,
        "r":0.0,
        "f":0.0
      },
      "advmod":{
        "p":0.0934065934,
        "r":0.0590277778,
        "f":0.0723404255
      },
      "case":{
        "p":0.0,
        "r":0.0,
        "f":0.0
      },
      "acl":{
        "p":0.0,
        "r":0.0,
        "f":0.0
      },
      "conj":{
        "p":0.0397790055,
        "r":0.2045454545,
        "f":0.0666049954
      },
      "amod":{
        "p":0.0330188679,
        "r":0.1076923077,
        "f":0.0505415162
      },
      "obj":{
        "p":0.0740740741,
        "r":0.0092165899,
        "f":0.0163934426
      },
      "root":{
        "p":0.2101910828,
        "r":0.2475,
        "f":0.2273249139
      },
      "nsubj":{
        "p":0.0361445783,
        "r":0.0282131661,
        "f":0.0316901408
      },
      "nmod":{
        "p":0.0,
        "r":0.0,
        "f":0.0
      },
      "nmod:poss":{
        "p":0.0,
        "r":0.0,
        "f":0.0
      },
      "appos":{
        "p":0.0408163265,
        "r":0.125,
        "f":0.0615384615
      },
      "orphan":{
        "p":0.0,
        "r":0.0,
        "f":0.0
      },
      "cc":{
        "p":0.0,
        "r":0.0,
        "f":0.0
      },
      "iobj":{
        "p":0.0,
        "r":0.0,
        "f":0.0
      },
      "xcomp":{
        "p":0.0,
        "r":0.0,
        "f":0.0
      },
      "discourse":{
        "p":0.0,
        "r":0.0,
        "f":0.0
      },
      "det":{
        "p":0.0,
        "r":0.0,
        "f":0.0
      },
      "dep":{
        "p":0.0,
        "r":0.0,
        "f":0.0
      },
      "advcl":{
        "p":0.0,
        "r":0.0,
        "f":0.0
      },
      "flat:foreign":{
        "p":0.0,
        "r":0.0,
        "f":0.0
      },
      "ccomp":{
        "p":0.0,
        "r":0.0,
        "f":0.0
      },
      "mark":{
        "p":0.0,
        "r":0.0,
        "f":0.0
      },
      "cop":{
        "p":0.0,
        "r":0.0,
        "f":0.0
      },
      "flat:name":{
        "p":0.0,
        "r":0.0,
        "f":0.0
      },
      "aux":{
        "p":0.0,
        "r":0.0,
        "f":0.0
      },
      "compound:prt":{
        "p":0.0,
        "r":0.0,
        "f":0.0
      },
      "parataxis":{
        "p":0.0,
        "r":0.0,
        "f":0.0
      },
      "nummod":{
        "p":0.0,
        "r":0.0,
        "f":0.0
      },
      "compound":{
        "p":0.0,
        "r":0.0,
        "f":0.0
      },
      "fixed":{
        "p":0.0,
        "r":0.0,
        "f":0.0
      },
      "flat":{
        "p":0.0,
        "r":0.0,
        "f":0.0
      },
      "csubj":{
        "p":0.0,
        "r":0.0,
        "f":0.0
      }
    }
  },
  "trainable_lemmatizer":{
    "lemma_acc":0.238548919
  },
  "tagger":{
    "tag_acc":0.0186881642
  },
  "morphologizer":{
    "pos_acc":0.2729937706,
    "morph_acc":0.154268963,
    "morph_micro_p":0.2200564972,
    "morph_micro_r":0.1139221995,
    "morph_micro_f":0.150125265,
    "morph_per_feat":{
      "Case":{
        "p":0.2090909091,
        "r":0.0844036697,
        "f":0.1202614379
      },
      "Number":{
        "p":0.6128590971,
        "r":0.2172647915,
        "f":0.320802005
      },
      "Gender":{
        "p":0.25382263,
        "r":0.104140527,
        "f":0.1476868327
      },
      "Tense":{
        "p":0.1267605634,
        "r":0.0165745856,
        "f":0.0293159609
      },
      "VerbForm":{
        "p":0.0,
        "r":0.0,
        "f":0.0
      },
      "Mood":{
        "p":0.1126760563,
        "r":0.018735363,
        "f":0.0321285141
      },
      "Person":{
        "p":0.1408450704,
        "r":0.0234192037,
        "f":0.0401606426
      },
      "Definite":{
        "p":0.0,
        "r":0.0,
        "f":0.0
      },
      "Foreign":{
        "p":0.0,
        "r":0.0,
        "f":0.0
      },
      "Degree":{
        "p":0.0,
        "r":0.0,
        "f":0.0
      },
      "Voice":{
        "p":0.0,
        "r":0.0,
        "f":0.0
      },
      "PronType":{
        "p":0.0,
        "r":0.0,
        "f":0.0
      }
    }
  },
  "speed":963.197240067
}