{
  "tokenizer":{
    "token_acc":0.9995570601,
    "token_p":0.9645015345,
    "token_r":0.9836092021,
    "token_f":0.9739616613
  },
  "transformer":{

  },
  "parser":{
    "sents_p":0.7901591896,
    "sents_r":0.8820678514,
    "sents_f":0.8335877863,
    "dep_uas":0.3177814137,
    "dep_las":0.1253869969,
    "dep_las_per_type":{
      "discourse":{
        "p":0.0,
        "r":0.0,
        "f":0.0
      },
      "vocative":{
        "p":0.0,
        "r":0.0,
        "f":0.0
      },
      "root":{
        "p":0.2860839563,
        "r":0.3214862682,
        "f":0.3027536893
      },
      "advmod":{
        "p":0.0295081967,
        "r":0.0281074329,
        "f":0.0287907869
      },
      "advcl":{
        "p":0.0071258907,
        "r":0.0032786885,
        "f":0.004491018
      },
      "expl:pv":{
        "p":0.0,
        "r":0.0,
        "f":0.0
      },
      "obl:arg":{
        "p":0.0,
        "r":0.0,
        "f":0.0
      },
      "det":{
        "p":0.0180995475,
        "r":0.0031104199,
        "f":0.0053085601
      },
      "xcomp":{
        "p":0.0047036689,
        "r":0.0143678161,
        "f":0.0070871722
      },
      "conj":{
        "p":0.0385229895,
        "r":0.0925373134,
        "f":0.0543995989
      },
      "obl":{
        "p":0.0823704808,
        "r":0.1681247623,
        "f":0.1105691057
      },
      "amod":{
        "p":0.0261836442,
        "r":0.0492577598,
        "f":0.0341920375
      },
      "case":{
        "p":0.5893000805,
        "r":0.4367918903,
        "f":0.5017123288
      },
      "nummod":{
        "p":0.0347490347,
        "r":0.0489130435,
        "f":0.0406320542
      },
      "nsubj":{
        "p":0.0566106647,
        "r":0.0817941953,
        "f":0.0669112886
      },
      "appos":{
        "p":0.0310786106,
        "r":0.023943662,
        "f":0.0270485282
      },
      "obl:agent":{
        "p":0.0,
        "r":0.0,
        "f":0.0
      },
      "obj":{
        "p":0.0515151515,
        "r":0.0101918465,
        "f":0.017017017
      },
      "nmod:poss":{
        "p":0.0,
        "r":0.0,
        "f":0.0
      },
      "cc":{
        "p":0.431013431,
        "r":0.1175882745,
        "f":0.1847683852
      },
      "nmod":{
        "p":0.0040816327,
        "r":0.0010570825,
        "f":0.0016792611
      },
      "dislocated":{
        "p":0.0,
        "r":0.0,
        "f":0.0
      },
      "dep":{
        "p":0.0030120482,
        "r":0.0132450331,
        "f":0.0049079755
      },
      "ccomp":{
        "p":0.0084388186,
        "r":0.0202020202,
        "f":0.0119047619
      },
      "parataxis":{
        "p":0.0,
        "r":0.0,
        "f":0.0
      },
      "cop":{
        "p":0.0,
        "r":0.0,
        "f":0.0
      },
      "expl":{
        "p":0.0,
        "r":0.0,
        "f":0.0
      },
      "nsubj:pass":{
        "p":0.0,
        "r":0.0,
        "f":0.0
      },
      "mark":{
        "p":0.0,
        "r":0.0,
        "f":0.0
      },
      "aux":{
        "p":0.0,
        "r":0.0,
        "f":0.0
      },
      "acl":{
        "p":0.0,
        "r":0.0,
        "f":0.0
      },
      "fixed":{
        "p":0.0,
        "r":0.0,
        "f":0.0
      },
      "acl:relcl":{
        "p":0.0,
        "r":0.0,
        "f":0.0
      },
      "aux:pass":{
        "p":0.0,
        "r":0.0,
        "f":0.0
      },
      "iobj":{
        "p":0.08,
        "r":0.015625,
        "f":0.0261437908
      },
      "flat:name":{
        "p":0.0,
        "r":0.0,
        "f":0.0
      },
      "compound:prt":{
        "p":0.0,
        "r":0.0,
        "f":0.0
      },
      "nummod:gov":{
        "p":0.0,
        "r":0.0,
        "f":0.0
      },
      "orphan":{
        "p":0.0,
        "r":0.0,
        "f":0.0
      },
      "flat:foreign":{
        "p":0.0,
        "r":0.0,
        "f":0.0
      },
      "list":{
        "p":0.0,
        "r":0.0,
        "f":0.0
      },
      "advcl:cmp":{
        "p":0.0,
        "r":0.0,
        "f":0.0
      },
      "csubj":{
        "p":0.0,
        "r":0.0,
        "f":0.0
      },
      "flat":{
        "p":0.0,
        "r":0.0,
        "f":0.0
      },
      "nsubj:outer":{
        "p":0.0,
        "r":0.0,
        "f":0.0
      },
      "compound":{
        "p":0.0,
        "r":0.0,
        "f":0.0
      },
      "csubj:pass":{
        "p":0.0,
        "r":0.0,
        "f":0.0
      },
      "reparandum":{
        "p":0.0,
        "r":0.0,
        "f":0.0
      },
      "goeswith":{
        "p":0.0,
        "r":0.0,
        "f":0.0
      }
    }
  },
  "trainable_lemmatizer":{
    "lemma_acc":0.2883096114
  },
  "tagger":{
    "tag_acc":0.0000639939
  },
  "morphologizer":{
    "pos_acc":0.3707229514,
    "morph_acc":0.2590848455,
    "morph_micro_p":0.2675689547,
    "morph_micro_r":0.1655766245,
    "morph_micro_f":0.2045647767,
    "morph_per_feat":{
      "Case":{
        "p":0.2398466734,
        "r":0.161752939,
        "f":0.1932068813
      },
      "Gender":{
        "p":0.2896551724,
        "r":0.2032782654,
        "f":0.2388987903
      },
      "Number":{
        "p":0.6257169763,
        "r":0.3829909872,
        "f":0.4751503332
      },
      "Mood":{
        "p":0.1589673913,
        "r":0.0410670411,
        "f":0.0652719665
      },
      "Person":{
        "p":0.1869281046,
        "r":0.0274419497,
        "f":0.0478580991
      },
      "Tense":{
        "p":0.1368563686,
        "r":0.0205451587,
        "f":0.035726919
      },
      "VerbForm":{
        "p":0.136219641,
        "r":0.0253587576,
        "f":0.0427577063
      },
      "Voice":{
        "p":0.2447033898,
        "r":0.0455711186,
        "f":0.0768335274
      },
      "PronType":{
        "p":0.1578947368,
        "r":0.0135858378,
        "f":0.0250189538
      },
      "Variant":{
        "p":0.0,
        "r":0.0,
        "f":0.0
      },
      "Reflex":{
        "p":0.0,
        "r":0.0,
        "f":0.0
      },
      "Aspect":{
        "p":0.0,
        "r":0.0,
        "f":0.0
      },
      "Definite":{
        "p":0.0,
        "r":0.0,
        "f":0.0
      },
      "Degree":{
        "p":0.0923535253,
        "r":0.0878601795,
        "f":0.0900508351
      },
      "Foreign":{
        "p":0.0,
        "r":0.0,
        "f":0.0
      },
      "Clitic":{
        "p":0.0,
        "r":0.0,
        "f":0.0
      },
      "Polarity":{
        "p":0.0,
        "r":0.0,
        "f":0.0
      },
      "Poss":{
        "p":0.0,
        "r":0.0,
        "f":0.0
      },
      "Analyt":{
        "p":0.0,
        "r":0.0,
        "f":0.0
      },
      "NumType":{
        "p":0.4117647059,
        "r":0.2168141593,
        "f":0.284057971
      },
      "Animacy":{
        "p":0.0,
        "r":0.0,
        "f":0.0
      },
      "NumForm":{
        "p":0.0,
        "r":0.0,
        "f":0.0
      },
      "NameType":{
        "p":0.0,
        "r":0.0,
        "f":0.0
      },
      "Abbr":{
        "p":0.0,
        "r":0.0,
        "f":0.0
      },
      "Typo":{
        "p":0.0,
        "r":0.0,
        "f":0.0
      }
    }
  },
  "speed":3451.4027971675
}