{
  "tokenizer":{
    "token_acc":0.9996132525,
    "token_p":0.9992265051,
    "token_r":0.9990547798,
    "token_f":0.9991406351
  },
  "transformer":{

  },
  "parser":{
    "sents_p":0.532815808,
    "sents_r":0.7204198473,
    "sents_f":0.6125760649,
    "dep_uas":0.3075902042,
    "dep_las":0.1271568888,
    "dep_las_per_type":{
      "ccomp":{
        "p":0.0114942529,
        "r":0.0023201856,
        "f":0.0038610039
      },
      "nsubj":{
        "p":0.1278458844,
        "r":0.079004329,
        "f":0.0976588629
      },
      "root":{
        "p":0.2672079068,
        "r":0.3611641221,
        "f":0.3071616961
      },
      "cop":{
        "p":0.1131725417,
        "r":0.1193737769,
        "f":0.1161904762
      },
      "advmod":{
        "p":0.083479021,
        "r":0.1299319728,
        "f":0.1016498137
      },
      "iobj":{
        "p":0.0,
        "r":0.0,
        "f":0.0
      },
      "dep":{
        "p":0.0,
        "r":0.0,
        "f":0.0
      },
      "xcomp":{
        "p":0.0231522707,
        "r":0.0728291317,
        "f":0.0351351351
      },
      "obj":{
        "p":0.1007067138,
        "r":0.0696821516,
        "f":0.0823699422
      },
      "mark":{
        "p":0.0318681319,
        "r":0.0368956743,
        "f":0.0341981132
      },
      "case":{
        "p":0.5211970075,
        "r":0.3645348837,
        "f":0.4290112898
      },
      "obl":{
        "p":0.0884676145,
        "r":0.032960565,
        "f":0.0480274443
      },
      "discourse":{
        "p":0.0,
        "r":0.0,
        "f":0.0
      },
      "nmod":{
        "p":0.0280649926,
        "r":0.0209020902,
        "f":0.0239596469
      },
      "nsubj:pass":{
        "p":0.0,
        "r":0.0,
        "f":0.0
      },
      "acl":{
        "p":0.016,
        "r":0.0113851992,
        "f":0.0133037694
      },
      "cc":{
        "p":0.5526315789,
        "r":0.3305084746,
        "f":0.4136363636
      },
      "conj":{
        "p":0.1333708497,
        "r":0.1714905933,
        "f":0.1500474834
      },
      "advcl":{
        "p":0.0112676056,
        "r":0.0034158839,
        "f":0.005242464
      },
      "flat":{
        "p":0.0,
        "r":0.0,
        "f":0.0
      },
      "acl:relcl":{
        "p":0.0082417582,
        "r":0.1034482759,
        "f":0.0152671756
      },
      "det":{
        "p":0.0568862275,
        "r":0.0181124881,
        "f":0.0274765004
      },
      "nsubj:outer":{
        "p":0.0,
        "r":0.0,
        "f":0.0
      },
      "cc:nc":{
        "p":0.0,
        "r":0.0,
        "f":0.0
      },
      "amod":{
        "p":0.0249776985,
        "r":0.0430107527,
        "f":0.0316027088
      },
      "aux":{
        "p":0.0,
        "r":0.0,
        "f":0.0
      },
      "obl:agent":{
        "p":0.0,
        "r":0.0,
        "f":0.0
      },
      "parataxis":{
        "p":0.0,
        "r":0.0,
        "f":0.0
      },
      "aux:pass":{
        "p":0.0625,
        "r":0.0108108108,
        "f":0.0184331797
      },
      "obl:arg":{
        "p":0.0,
        "r":0.0,
        "f":0.0
      },
      "nummod":{
        "p":0.0041493776,
        "r":0.0098039216,
        "f":0.0058309038
      },
      "appos":{
        "p":0.0,
        "r":0.0,
        "f":0.0
      },
      "orphan":{
        "p":0.0,
        "r":0.0,
        "f":0.0
      },
      "advmod:neg":{
        "p":0.0,
        "r":0.0,
        "f":0.0
      },
      "vocative":{
        "p":0.0172413793,
        "r":0.0147058824,
        "f":0.0158730159
      },
      "case:det":{
        "p":0.0,
        "r":0.0,
        "f":0.0
      },
      "obl:advmod":{
        "p":0.0,
        "r":0.0,
        "f":0.0
      },
      "advcl:cmp":{
        "p":0.0,
        "r":0.0,
        "f":0.0
      },
      "dislocated":{
        "p":0.0,
        "r":0.0,
        "f":0.0
      },
      "fixed":{
        "p":0.0,
        "r":0.0,
        "f":0.0
      },
      "csubj":{
        "p":0.0,
        "r":0.0,
        "f":0.0
      },
      "advmod:tmod":{
        "p":0.0,
        "r":0.0,
        "f":0.0
      },
      "csubj:pass":{
        "p":0.0,
        "r":0.0,
        "f":0.0
      },
      "flat:name":{
        "p":0.0,
        "r":0.0,
        "f":0.0
      },
      "expl":{
        "p":0.0,
        "r":0.0,
        "f":0.0
      },
      "advmod:emph":{
        "p":0.0,
        "r":0.0,
        "f":0.0
      },
      "flat:foreign":{
        "p":0.0,
        "r":0.0,
        "f":0.0
      },
      "advcl:abs":{
        "p":0.0,
        "r":0.0,
        "f":0.0
      },
      "advmod:lmod":{
        "p":0.0,
        "r":0.0,
        "f":0.0
      },
      "conj:expl":{
        "p":0.0,
        "r":0.0,
        "f":0.0
      }
    }
  },
  "trainable_lemmatizer":{
    "lemma_acc":0.3870898425
  },
  "tagger":{
    "tag_acc":0.0
  },
  "morphologizer":{
    "pos_acc":0.3856369263,
    "morph_acc":0.2297146295,
    "morph_micro_p":0.4174620999,
    "morph_micro_r":0.0416812659,
    "morph_micro_f":0.0757948391,
    "morph_per_feat":{
      "Case":{
        "p":0.0,
        "r":0.0,
        "f":0.0
      },
      "Gender":{
        "p":0.0,
        "r":0.0,
        "f":0.0
      },
      "Number":{
        "p":0.0,
        "r":0.0,
        "f":0.0
      },
      "PronType":{
        "p":0.3670972128,
        "r":0.2208588957,
        "f":0.2757916241
      },
      "Person":{
        "p":0.0,
        "r":0.0,
        "f":0.0
      },
      "Mood":{
        "p":0.0,
        "r":0.0,
        "f":0.0
      },
      "Tense":{
        "p":0.3310185185,
        "r":0.0269811321,
        "f":0.0498953245
      },
      "VerbForm":{
        "p":0.4268848384,
        "r":0.3724923188,
        "f":0.3978380465
      },
      "Voice":{
        "p":0.0,
        "r":0.0,
        "f":0.0
      },
      "Polarity":{
        "p":0.9346938776,
        "r":0.658045977,
        "f":0.7723440135
      },
      "Aspect":{
        "p":0.0,
        "r":0.0,
        "f":0.0
      },
      "Degree":{
        "p":0.0,
        "r":0.0,
        "f":0.0
      },
      "NumType":{
        "p":0.0,
        "r":0.0,
        "f":0.0
      },
      "Reflex":{
        "p":0.0,
        "r":0.0,
        "f":0.0
      },
      "Poss":{
        "p":0.0588235294,
        "r":0.0022675737,
        "f":0.0043668122
      },
      "NumForm":{
        "p":0.0,
        "r":0.0,
        "f":0.0
      },
      "AdvType":{
        "p":0.0,
        "r":0.0,
        "f":0.0
      },
      "AdpType":{
        "p":0.0,
        "r":0.0,
        "f":0.0
      },
      "Number[psor]":{
        "p":0.0,
        "r":0.0,
        "f":0.0
      },
      "Person[psor]":{
        "p":0.0,
        "r":0.0,
        "f":0.0
      },
      "Definite":{
        "p":0.0,
        "r":0.0,
        "f":0.0
      },
      "Typo":{
        "p":0.0,
        "r":0.0,
        "f":0.0
      },
      "Compound":{
        "p":0.0,
        "r":0.0,
        "f":0.0
      }
    }
  },
  "speed":3460.3067474721
}