{
  "tokenizer":{
    "token_acc":0.9464403791,
    "token_p":0.9418117699,
    "token_r":0.8969353484,
    "token_f":0.9188259327
  },
  "transformer":{

  },
  "parser":{
    "sents_p":0.8774038462,
    "sents_r":0.9383033419,
    "sents_f":0.9068322981,
    "dep_uas":0.7047360631,
    "dep_las":0.6211149482,
    "dep_las_per_type":{
      "advmod":{
        "p":0.7475728155,
        "r":0.631147541,
        "f":0.6844444444
      },
      "iobj":{
        "p":0.6862745098,
        "r":0.6603773585,
        "f":0.6730769231
      },
      "root":{
        "p":0.7979539642,
        "r":0.8020565553,
        "f":0.8
      },
      "cc:nc":{
        "p":0.8461538462,
        "r":0.7374301676,
        "f":0.7880597015
      },
      "expl":{
        "p":0.2,
        "r":0.0454545455,
        "f":0.0740740741
      },
      "nsubj":{
        "p":0.7590759076,
        "r":0.6068601583,
        "f":0.6744868035
      },
      "case":{
        "p":0.8495575221,
        "r":0.764940239,
        "f":0.8050314465
      },
      "obl":{
        "p":0.5727699531,
        "r":0.425087108,
        "f":0.488
      },
      "ccomp":{
        "p":0.5128205128,
        "r":0.4166666667,
        "f":0.4597701149
      },
      "mark":{
        "p":0.7005347594,
        "r":0.5670995671,
        "f":0.6267942584
      },
      "aux":{
        "p":0.7659574468,
        "r":0.5333333333,
        "f":0.6288209607
      },
      "det":{
        "p":0.9256965944,
        "r":0.8898809524,
        "f":0.9074355083
      },
      "acl":{
        "p":0.1818181818,
        "r":0.0784313725,
        "f":0.1095890411
      },
      "advcl":{
        "p":0.3448275862,
        "r":0.3418803419,
        "f":0.3433476395
      },
      "obj":{
        "p":0.6344537815,
        "r":0.412568306,
        "f":0.5
      },
      "acl:relcl":{
        "p":0.6279069767,
        "r":0.4736842105,
        "f":0.54
      },
      "amod":{
        "p":0.7792207792,
        "r":0.5660377358,
        "f":0.6557377049
      },
      "xcomp":{
        "p":0.4255319149,
        "r":0.5,
        "f":0.4597701149
      },
      "cc":{
        "p":0.8947368421,
        "r":0.85,
        "f":0.8717948718
      },
      "conj":{
        "p":0.4692307692,
        "r":0.4552238806,
        "f":0.4621212121
      },
      "flat":{
        "p":0.8205128205,
        "r":0.8888888889,
        "f":0.8533333333
      },
      "appos":{
        "p":0.0,
        "r":0.0,
        "f":0.0
      },
      "nmod":{
        "p":0.3448275862,
        "r":0.3571428571,
        "f":0.350877193
      },
      "case:det":{
        "p":0.9591836735,
        "r":0.94,
        "f":0.9494949495
      },
      "cop":{
        "p":0.4285714286,
        "r":0.5,
        "f":0.4615384615
      },
      "dislocated":{
        "p":0.0,
        "r":0.0,
        "f":0.0
      },
      "obl:advmod":{
        "p":0.4736842105,
        "r":0.36,
        "f":0.4090909091
      },
      "aux:pass":{
        "p":0.3636363636,
        "r":0.2105263158,
        "f":0.2666666667
      },
      "nummod":{
        "p":0.8571428571,
        "r":0.6666666667,
        "f":0.75
      },
      "dep":{
        "p":0.0,
        "r":0.0,
        "f":0.0
      },
      "discourse":{
        "p":0.0,
        "r":0.0,
        "f":0.0
      },
      "vocative":{
        "p":0.2631578947,
        "r":0.5555555556,
        "f":0.3571428571
      },
      "parataxis":{
        "p":0.5,
        "r":0.4,
        "f":0.4444444444
      },
      "csubj":{
        "p":1.0,
        "r":0.25,
        "f":0.4
      },
      "nsubj:obj":{
        "p":0.0,
        "r":0.0,
        "f":0.0
      }
    }
  },
  "trainable_lemmatizer":{
    "lemma_acc":0.8363877236
  },
  "tagger":{
    "tag_acc":0.8666077739
  },
  "morphologizer":{
    "pos_acc":0.8734540636,
    "morph_acc":0.8900176678,
    "morph_micro_p":0.9562945368,
    "morph_micro_r":0.7683206107,
    "morph_micro_f":0.8520634921,
    "morph_per_feat":{
      "PronType":{
        "p":0.9707673569,
        "r":0.7393320965,
        "f":0.8393891522
      },
      "VerbForm":{
        "p":0.9387755102,
        "r":0.7846481876,
        "f":0.8548199768
      },
      "Polarity":{
        "p":0.987804878,
        "r":0.7431192661,
        "f":0.8481675393
      },
      "Tense":{
        "p":0.8837209302,
        "r":0.5714285714,
        "f":0.6940639269
      },
      "Definite":{
        "p":0.9620253165,
        "r":0.8871595331,
        "f":0.9230769231
      },
      "Poss":{
        "p":1.0,
        "r":0.9230769231,
        "f":0.96
      },
      "NumType":{
        "p":1.0,
        "r":0.7857142857,
        "f":0.88
      }
    }
  },
  "speed":1470.5546459453
}