{
  "tokenizer":{
    "token_acc":1.0,
    "token_p":1.0,
    "token_r":1.0,
    "token_f":1.0
  },
  "transformer":{

  },
  "parser":{
    "sents_p":0.3117647059,
    "sents_r":0.53,
    "sents_f":0.3925925926,
    "dep_uas":0.260788343,
    "dep_las":0.0807024099,
    "dep_las_per_type":{
      "obl":{
        "p":0.0,
        "r":0.0,
        "f":0.0
      },
      "vocative":{
        "p":0.0,
        "r":0.0,
        "f":0.0
      },
      "advmod":{
        "p":0.0677290837,
        "r":0.0590277778,
        "f":0.0630797774
      },
      "case":{
        "p":0.0,
        "r":0.0,
        "f":0.0
      },
      "acl":{
        "p":0.0243902439,
        "r":0.0086206897,
        "f":0.0127388535
      },
      "conj":{
        "p":0.0571428571,
        "r":0.0113636364,
        "f":0.018957346
      },
      "amod":{
        "p":0.0163934426,
        "r":0.0307692308,
        "f":0.0213903743
      },
      "obj":{
        "p":0.0481927711,
        "r":0.0368663594,
        "f":0.0417754569
      },
      "root":{
        "p":0.2617647059,
        "r":0.445,
        "f":0.3296296296
      },
      "nsubj":{
        "p":0.024691358,
        "r":0.0062695925,
        "f":0.01
      },
      "nmod":{
        "p":0.0227272727,
        "r":0.0064102564,
        "f":0.01
      },
      "det":{
        "p":0.0194174757,
        "r":0.0512820513,
        "f":0.0281690141
      },
      "dep":{
        "p":0.0,
        "r":0.0,
        "f":0.0
      },
      "nummod":{
        "p":0.0,
        "r":0.0,
        "f":0.0
      },
      "orphan":{
        "p":0.0,
        "r":0.0,
        "f":0.0
      },
      "mark":{
        "p":0.0,
        "r":0.0,
        "f":0.0
      },
      "advcl":{
        "p":0.0,
        "r":0.0,
        "f":0.0
      },
      "xcomp":{
        "p":0.0096153846,
        "r":0.0192307692,
        "f":0.0128205128
      },
      "flat":{
        "p":0.0,
        "r":0.0,
        "f":0.0
      },
      "iobj":{
        "p":0.0,
        "r":0.0,
        "f":0.0
      },
      "discourse":{
        "p":0.0,
        "r":0.0,
        "f":0.0
      },
      "appos":{
        "p":0.0,
        "r":0.0,
        "f":0.0
      },
      "cc":{
        "p":0.0,
        "r":0.0,
        "f":0.0
      },
      "cc:nc":{
        "p":0.0,
        "r":0.0,
        "f":0.0
      },
      "cop":{
        "p":0.0,
        "r":0.0,
        "f":0.0
      },
      "ccomp":{
        "p":0.0,
        "r":0.0,
        "f":0.0
      },
      "aux":{
        "p":0.0,
        "r":0.0,
        "f":0.0
      },
      "parataxis":{
        "p":0.0,
        "r":0.0,
        "f":0.0
      },
      "compound":{
        "p":0.0,
        "r":0.0,
        "f":0.0
      },
      "aux:pass":{
        "p":0.0,
        "r":0.0,
        "f":0.0
      },
      "fixed":{
        "p":0.0,
        "r":0.0,
        "f":0.0
      },
      "obl:advmod":{
        "p":0.0,
        "r":0.0,
        "f":0.0
      },
      "case:det":{
        "p":0.0,
        "r":0.0,
        "f":0.0
      },
      "csubj":{
        "p":0.0,
        "r":0.0,
        "f":0.0
      },
      "acl:relcl":{
        "p":0.0,
        "r":0.0,
        "f":0.0
      }
    }
  },
  "trainable_lemmatizer":{
    "lemma_acc":0.2455111763
  },
  "tagger":{
    "tag_acc":0.0
  },
  "speed":821.2008305638
}