{
  "tokenizer":{
    "token_acc":0.9996152111,
    "token_p":0.9922378791,
    "token_r":0.9963360691,
    "token_f":0.9942827512
  },
  "transformer":{

  },
  "parser":{
    "sents_p":0.3891482853,
    "sents_r":0.6407741251,
    "sents_f":0.4842231794,
    "dep_uas":0.2977954351,
    "dep_las":0.1145820356,
    "dep_las_per_type":{
      "root":{
        "p":0.1578529458,
        "r":0.2635206787,
        "f":0.19743768
      },
      "cc":{
        "p":0.5427251732,
        "r":0.3495983338,
        "f":0.4252623959
      },
      "mark":{
        "p":0.0561420345,
        "r":0.0334572491,
        "f":0.0419279699
      },
      "amod":{
        "p":0.0457766711,
        "r":0.0862815884,
        "f":0.0598172945
      },
      "nsubj:pass":{
        "p":0.0,
        "r":0.0,
        "f":0.0
      },
      "advmod:neg":{
        "p":0.0,
        "r":0.0,
        "f":0.0
      },
      "advcl":{
        "p":0.030237581,
        "r":0.0054794521,
        "f":0.0092776673
      },
      "case":{
        "p":0.4932416953,
        "r":0.3460858383,
        "f":0.4067636501
      },
      "nsubj":{
        "p":0.0807692308,
        "r":0.0577584231,
        "f":0.067352666
      },
      "obl":{
        "p":0.0544815466,
        "r":0.0251012146,
        "f":0.034368071
      },
      "acl:relcl":{
        "p":0.1115434501,
        "r":0.0673453406,
        "f":0.083984375
      },
      "nmod":{
        "p":0.044146501,
        "r":0.0303643725,
        "f":0.0359808102
      },
      "obj":{
        "p":0.0306630893,
        "r":0.0400801603,
        "f":0.0347448426
      },
      "cc:nc":{
        "p":0.0,
        "r":0.0,
        "f":0.0
      },
      "dep":{
        "p":0.0,
        "r":0.0,
        "f":0.0
      },
      "xcomp":{
        "p":0.0132231405,
        "r":0.0211640212,
        "f":0.016276704
      },
      "advmod":{
        "p":0.0207505519,
        "r":0.0630308449,
        "f":0.0312223206
      },
      "cop":{
        "p":0.1844315245,
        "r":0.3445986723,
        "f":0.2402693036
      },
      "conj":{
        "p":0.1856780735,
        "r":0.2486562942,
        "f":0.2126012819
      },
      "csubj:pass":{
        "p":0.0,
        "r":0.0,
        "f":0.0
      },
      "expl":{
        "p":0.0,
        "r":0.0,
        "f":0.0
      },
      "advmod:lmod":{
        "p":0.0,
        "r":0.0,
        "f":0.0
      },
      "det":{
        "p":0.155141844,
        "r":0.0845206472,
        "f":0.1094262936
      },
      "fixed":{
        "p":0.0,
        "r":0.0,
        "f":0.0
      },
      "obl:arg":{
        "p":0.0,
        "r":0.0,
        "f":0.0
      },
      "appos":{
        "p":0.0043290043,
        "r":0.0023612751,
        "f":0.0030557678
      },
      "ccomp:relcl":{
        "p":0.0,
        "r":0.0,
        "f":0.0
      },
      "acl":{
        "p":0.0045454545,
        "r":0.0037257824,
        "f":0.0040950041
      },
      "flat":{
        "p":0.0011723329,
        "r":0.01,
        "f":0.0020986359
      },
      "aux":{
        "p":0.0,
        "r":0.0,
        "f":0.0
      },
      "discourse":{
        "p":0.0,
        "r":0.0,
        "f":0.0
      },
      "orphan":{
        "p":0.0,
        "r":0.0,
        "f":0.0
      },
      "csubj":{
        "p":0.014084507,
        "r":0.0016447368,
        "f":0.0029455081
      },
      "advmod:emph":{
        "p":0.0,
        "r":0.0,
        "f":0.0
      },
      "iobj":{
        "p":0.0,
        "r":0.0,
        "f":0.0
      },
      "vocative":{
        "p":0.0,
        "r":0.0,
        "f":0.0
      },
      "dislocated:obj":{
        "p":0.0,
        "r":0.0,
        "f":0.0
      },
      "nummod":{
        "p":0.0021786492,
        "r":0.0079051383,
        "f":0.0034158839
      },
      "compound":{
        "p":0.0,
        "r":0.0,
        "f":0.0
      },
      "ccomp:reported":{
        "p":0.0,
        "r":0.0,
        "f":0.0
      },
      "ccomp":{
        "p":0.0153846154,
        "r":0.0020576132,
        "f":0.0036297641
      },
      "aux:pass":{
        "p":0.1639344262,
        "r":0.0226244344,
        "f":0.0397614314
      },
      "csubj:relcl":{
        "p":0.0,
        "r":0.0,
        "f":0.0
      },
      "advcl:abs":{
        "p":0.0,
        "r":0.0,
        "f":0.0
      },
      "conj:expl":{
        "p":0.0,
        "r":0.0,
        "f":0.0
      },
      "advcl:cmp":{
        "p":0.0,
        "r":0.0,
        "f":0.0
      },
      "advcl:pred":{
        "p":0.0,
        "r":0.0,
        "f":0.0
      },
      "obl:agent":{
        "p":0.0,
        "r":0.0,
        "f":0.0
      },
      "obl:lmod":{
        "p":0.0,
        "r":0.0,
        "f":0.0
      },
      "dislocated:nsubj":{
        "p":0.0,
        "r":0.0,
        "f":0.0
      },
      "case:det":{
        "p":0.0,
        "r":0.0,
        "f":0.0
      },
      "advmod:tmod":{
        "p":0.0,
        "r":0.0,
        "f":0.0
      },
      "expl:pass":{
        "p":0.0,
        "r":0.0,
        "f":0.0
      },
      "reparandum":{
        "p":0.0,
        "r":0.0,
        "f":0.0
      },
      "parataxis":{
        "p":0.0,
        "r":0.0,
        "f":0.0
      },
      "advcl:relcl":{
        "p":0.0,
        "r":0.0,
        "f":0.0
      },
      "obl:tmod":{
        "p":0.0,
        "r":0.0,
        "f":0.0
      },
      "obl:advmod":{
        "p":0.0,
        "r":0.0,
        "f":0.0
      },
      "nsubj:outer":{
        "p":0.0,
        "r":0.0,
        "f":0.0
      },
      "flat:name":{
        "p":0.0,
        "r":0.0,
        "f":0.0
      },
      "obl:cmp":{
        "p":0.0,
        "r":0.0,
        "f":0.0
      },
      "cop:outer":{
        "p":0.0,
        "r":0.0,
        "f":0.0
      },
      "csubj:outer":{
        "p":0.0,
        "r":0.0,
        "f":0.0
      },
      "flat:foreign":{
        "p":0.0,
        "r":0.0,
        "f":0.0
      },
      "parataxis:reporting":{
        "p":0.0,
        "r":0.0,
        "f":0.0
      },
      "dislocated":{
        "p":0.0,
        "r":0.0,
        "f":0.0
      },
      "csubj:cleft":{
        "p":0.0,
        "r":0.0,
        "f":0.0
      },
      "csubj:reported":{
        "p":0.0,
        "r":0.0,
        "f":0.0
      },
      "dislocated:csubj":{
        "p":0.0,
        "r":0.0,
        "f":0.0
      }
    }
  },
  "trainable_lemmatizer":{
    "lemma_acc":0.4733191922
  },
  "tagger":{
    "tag_acc":0.0
  },
  "speed":4314.5797529114
}