{
  "tokenizer":{
    "token_acc":0.9464403791,
    "token_p":0.9418117699,
    "token_r":0.8969353484,
    "token_f":0.9188259327
  },
  "transformer":{

  },
  "parser":{
    "sents_p":0.7881548975,
    "sents_r":0.8894601542,
    "sents_f":0.8357487923,
    "dep_uas":0.6967152383,
    "dep_las":0.6162015312,
    "dep_las_per_type":{
      "advmod":{
        "p":0.7226107226,
        "r":0.6352459016,
        "f":0.6761177754
      },
      "iobj":{
        "p":0.6868686869,
        "r":0.641509434,
        "f":0.6634146341
      },
      "root":{
        "p":0.7518248175,
        "r":0.794344473,
        "f":0.7725
      },
      "mark":{
        "p":0.6597938144,
        "r":0.5541125541,
        "f":0.6023529412
      },
      "cc:nc":{
        "p":0.8417721519,
        "r":0.7430167598,
        "f":0.7893175074
      },
      "expl":{
        "p":0.3333333333,
        "r":0.1136363636,
        "f":0.1694915254
      },
      "nsubj":{
        "p":0.7692307692,
        "r":0.6068601583,
        "f":0.6784660767
      },
      "case":{
        "p":0.8333333333,
        "r":0.7569721116,
        "f":0.7933194154
      },
      "obl":{
        "p":0.5814977974,
        "r":0.4599303136,
        "f":0.513618677
      },
      "ccomp":{
        "p":0.55,
        "r":0.4583333333,
        "f":0.5
      },
      "obj":{
        "p":0.6135458167,
        "r":0.4207650273,
        "f":0.4991896272
      },
      "aux":{
        "p":0.7415730337,
        "r":0.4888888889,
        "f":0.5892857143
      },
      "det":{
        "p":0.9161490683,
        "r":0.8779761905,
        "f":0.896656535
      },
      "acl":{
        "p":0.1304347826,
        "r":0.0588235294,
        "f":0.0810810811
      },
      "xcomp":{
        "p":0.3979591837,
        "r":0.4875,
        "f":0.4382022472
      },
      "advcl":{
        "p":0.4606741573,
        "r":0.3504273504,
        "f":0.3980582524
      },
      "acl:relcl":{
        "p":0.6923076923,
        "r":0.4736842105,
        "f":0.5625
      },
      "amod":{
        "p":0.7721518987,
        "r":0.5754716981,
        "f":0.6594594595
      },
      "cc":{
        "p":0.8558558559,
        "r":0.7916666667,
        "f":0.8225108225
      },
      "conj":{
        "p":0.4358974359,
        "r":0.3805970149,
        "f":0.406374502
      },
      "flat":{
        "p":0.8157894737,
        "r":0.8611111111,
        "f":0.8378378378
      },
      "appos":{
        "p":0.0,
        "r":0.0,
        "f":0.0
      },
      "case:det":{
        "p":1.0,
        "r":0.92,
        "f":0.9583333333
      },
      "nmod":{
        "p":0.3829787234,
        "r":0.3214285714,
        "f":0.3495145631
      },
      "cop":{
        "p":0.4545454545,
        "r":0.5,
        "f":0.4761904762
      },
      "dislocated":{
        "p":0.0,
        "r":0.0,
        "f":0.0
      },
      "obl:advmod":{
        "p":0.4705882353,
        "r":0.32,
        "f":0.380952381
      },
      "aux:pass":{
        "p":0.25,
        "r":0.1052631579,
        "f":0.1481481481
      },
      "nummod":{
        "p":0.6666666667,
        "r":0.6666666667,
        "f":0.6666666667
      },
      "discourse":{
        "p":0.0,
        "r":0.0,
        "f":0.0
      },
      "vocative":{
        "p":0.3571428571,
        "r":0.5555555556,
        "f":0.4347826087
      },
      "dep":{
        "p":0.0,
        "r":0.0,
        "f":0.0
      },
      "parataxis":{
        "p":0.5,
        "r":0.4,
        "f":0.4444444444
      },
      "csubj":{
        "p":0.3333333333,
        "r":0.25,
        "f":0.2857142857
      },
      "nsubj:obj":{
        "p":0.0,
        "r":0.0,
        "f":0.0
      }
    }
  },
  "trainable_lemmatizer":{
    "lemma_acc":0.8348421285
  },
  "tagger":{
    "tag_acc":0.8626325088
  },
  "speed":1254.9445305472
}