{
  "tokenizer":{
    "token_acc":1.0,
    "token_p":0.997476277,
    "token_r":0.9991405026,
    "token_f":0.9983076962
  },
  "transformer":{

  },
  "parser":{
    "sents_p":0.3702185792,
    "sents_r":0.5987627044,
    "sents_f":0.4575384096,
    "dep_uas":0.2695383028,
    "dep_las":0.0581227437,
    "dep_las_per_type":{
      "discourse":{
        "p":0.0,
        "r":0.0,
        "f":0.0
      },
      "case":{
        "p":0.1186252772,
        "r":0.0670846395,
        "f":0.0857028434
      },
      "root":{
        "p":0.2174624829,
        "r":0.3521873619,
        "f":0.2688933873
      },
      "nsubj":{
        "p":0.0471976401,
        "r":0.0112280702,
        "f":0.0181405896
      },
      "det":{
        "p":0.0088495575,
        "r":0.0078585462,
        "f":0.0083246618
      },
      "advmod":{
        "p":0.0419739081,
        "r":0.0567484663,
        "f":0.0482556244
      },
      "mark":{
        "p":0.0023980815,
        "r":0.0026595745,
        "f":0.0025220681
      },
      "flat":{
        "p":0.0,
        "r":0.0,
        "f":0.0
      },
      "obj":{
        "p":0.0232828871,
        "r":0.0132538105,
        "f":0.0168918919
      },
      "advcl":{
        "p":0.0071428571,
        "r":0.0010183299,
        "f":0.0017825312
      },
      "amod":{
        "p":0.0263157895,
        "r":0.0218790219,
        "f":0.0238931834
      },
      "obl":{
        "p":0.0626349892,
        "r":0.0198358413,
        "f":0.0301298701
      },
      "conj":{
        "p":0.0275862069,
        "r":0.0182982617,
        "f":0.0220022002
      },
      "nmod":{
        "p":0.0152671756,
        "r":0.017167382,
        "f":0.0161616162
      },
      "dep":{
        "p":0.0,
        "r":0.0,
        "f":0.0
      },
      "cc":{
        "p":0.2063492063,
        "r":0.0086321381,
        "f":0.0165710644
      },
      "expl:pv":{
        "p":0.0,
        "r":0.0,
        "f":0.0
      },
      "obl:arg":{
        "p":0.0,
        "r":0.0,
        "f":0.0
      },
      "acl":{
        "p":0.0,
        "r":0.0,
        "f":0.0
      },
      "expl":{
        "p":0.0,
        "r":0.0,
        "f":0.0
      },
      "cc:nc":{
        "p":0.0,
        "r":0.0,
        "f":0.0
      },
      "aux":{
        "p":0.0120481928,
        "r":0.0120481928,
        "f":0.0120481928
      },
      "nsubj:pass":{
        "p":0.0,
        "r":0.0,
        "f":0.0
      },
      "dislocated":{
        "p":0.0,
        "r":0.0,
        "f":0.0
      },
      "cop":{
        "p":0.0143884892,
        "r":0.0102040816,
        "f":0.0119402985
      },
      "vocative":{
        "p":0.0,
        "r":0.0,
        "f":0.0
      },
      "flat:name":{
        "p":0.0,
        "r":0.0,
        "f":0.0
      },
      "nummod":{
        "p":0.0038461538,
        "r":0.0153846154,
        "f":0.0061538462
      },
      "xcomp":{
        "p":0.0231884058,
        "r":0.0253164557,
        "f":0.0242057489
      },
      "appos":{
        "p":0.0298507463,
        "r":0.0101522843,
        "f":0.0151515152
      },
      "case:det":{
        "p":0.0,
        "r":0.0,
        "f":0.0
      },
      "orphan":{
        "p":0.0,
        "r":0.0,
        "f":0.0
      },
      "iobj":{
        "p":0.0,
        "r":0.0,
        "f":0.0
      },
      "advcl:cmp":{
        "p":0.0,
        "r":0.0,
        "f":0.0
      },
      "ccomp":{
        "p":0.0,
        "r":0.0,
        "f":0.0
      },
      "parataxis":{
        "p":0.0,
        "r":0.0,
        "f":0.0
      },
      "obl:agent":{
        "p":0.0,
        "r":0.0,
        "f":0.0
      },
      "csubj":{
        "p":0.0,
        "r":0.0,
        "f":0.0
      },
      "obl:advmod":{
        "p":0.0,
        "r":0.0,
        "f":0.0
      },
      "nsubj:outer":{
        "p":0.0,
        "r":0.0,
        "f":0.0
      },
      "fixed":{
        "p":0.0,
        "r":0.0,
        "f":0.0
      },
      "acl:relcl":{
        "p":0.0,
        "r":0.0,
        "f":0.0
      },
      "csubj:pass":{
        "p":0.0,
        "r":0.0,
        "f":0.0
      },
      "aux:pass":{
        "p":0.0,
        "r":0.0,
        "f":0.0
      }
    }
  },
  "trainable_lemmatizer":{
    "lemma_acc":0.2186576401
  },
  "tagger":{
    "tag_acc":0.0
  },
  "speed":972.0002737921
}