{
  "tokenizer":{
    "token_acc":0.9981644203,
    "token_p":0.9974335877,
    "token_r":0.9959947049,
    "token_f":0.996713627
  },
  "transformer":{

  },
  "parser":{
    "sents_p":0.286190663,
    "sents_r":0.5348240469,
    "sents_f":0.3728596984,
    "dep_uas":0.22873355,
    "dep_las":0.0390273824,
    "dep_las_per_type":{
      "root":{
        "p":0.0792371215,
        "r":0.1476731403,
        "f":0.1031349968
      },
      "nsubj":{
        "p":0.0955605719,
        "r":0.0212659076,
        "f":0.0347897548
      },
      "advmod":{
        "p":0.0322029763,
        "r":0.0317766009,
        "f":0.0319883679
      },
      "mark":{
        "p":0.0864567716,
        "r":0.0553954531,
        "f":0.0675253708
      },
      "acl":{
        "p":0.0,
        "r":0.0,
        "f":0.0
      },
      "compound:prt":{
        "p":0.0,
        "r":0.0,
        "f":0.0
      },
      "obj":{
        "p":0.0231056745,
        "r":0.0240367621,
        "f":0.0235620236
      },
      "det":{
        "p":0.0134816313,
        "r":0.0315706393,
        "f":0.0188946623
      },
      "flat":{
        "p":0.0,
        "r":0.0,
        "f":0.0
      },
      "amod":{
        "p":0.0393363661,
        "r":0.0597075548,
        "f":0.0474270044
      },
      "cc":{
        "p":0.2397425583,
        "r":0.0848761037,
        "f":0.1253681111
      },
      "conj":{
        "p":0.0364338946,
        "r":0.0436652332,
        "f":0.0397231417
      },
      "case":{
        "p":0.1033187226,
        "r":0.0671824104,
        "f":0.0814211695
      },
      "obl":{
        "p":0.0491132333,
        "r":0.025210084,
        "f":0.0333179084
      },
      "nmod:poss":{
        "p":0.0,
        "r":0.0,
        "f":0.0
      },
      "nmod":{
        "p":0.0008058018,
        "r":0.0224719101,
        "f":0.0015558149
      },
      "aux":{
        "p":0.0256916996,
        "r":0.0104,
        "f":0.0148063781
      },
      "advcl":{
        "p":0.0040733198,
        "r":0.0017271157,
        "f":0.0024257126
      },
      "iobj":{
        "p":0.0,
        "r":0.0,
        "f":0.0
      },
      "acl:relcl":{
        "p":0.0084033613,
        "r":0.0011248594,
        "f":0.001984127
      },
      "xcomp":{
        "p":0.0006090134,
        "r":0.0024937656,
        "f":0.0009789525
      },
      "dep":{
        "p":0.0007075472,
        "r":0.0141509434,
        "f":0.0013477089
      },
      "ccomp":{
        "p":0.0113636364,
        "r":0.000698324,
        "f":0.0013157895
      },
      "cop":{
        "p":0.0218408736,
        "r":0.0084439083,
        "f":0.0121792084
      },
      "nummod":{
        "p":0.0035714286,
        "r":0.0255102041,
        "f":0.0062656642
      },
      "expl":{
        "p":0.0,
        "r":0.0,
        "f":0.0
      },
      "case:det":{
        "p":0.0,
        "r":0.0,
        "f":0.0
      },
      "cc:nc":{
        "p":0.0,
        "r":0.0,
        "f":0.0
      },
      "appos":{
        "p":0.0,
        "r":0.0,
        "f":0.0
      },
      "vocative":{
        "p":0.0,
        "r":0.0,
        "f":0.0
      },
      "parataxis":{
        "p":0.0,
        "r":0.0,
        "f":0.0
      },
      "flat:name":{
        "p":0.0,
        "r":0.0,
        "f":0.0
      },
      "aux:pass":{
        "p":0.0,
        "r":0.0,
        "f":0.0
      },
      "fixed":{
        "p":0.0,
        "r":0.0,
        "f":0.0
      },
      "csubj":{
        "p":0.0,
        "r":0.0,
        "f":0.0
      },
      "flat:foreign":{
        "p":0.0,
        "r":0.0,
        "f":0.0
      },
      "obl:advmod":{
        "p":0.0,
        "r":0.0,
        "f":0.0
      },
      "discourse":{
        "p":0.0,
        "r":0.0,
        "f":0.0
      },
      "dislocated":{
        "p":0.0,
        "r":0.0,
        "f":0.0
      }
    }
  },
  "trainable_lemmatizer":{
    "lemma_acc":0.5199785807
  },
  "tagger":{
    "tag_acc":0.0
  },
  "speed":4128.6400210847
}