{
  "tokenizer":{
    "token_acc":0.9987632593,
    "token_p":0.9895828378,
    "token_r":0.9929125403,
    "token_f":0.9912448929
  },
  "transformer":{

  },
  "parser":{
    "sents_p":0.3224869262,
    "sents_r":0.5370967742,
    "sents_f":0.4030013312,
    "dep_uas":0.2640734849,
    "dep_las":0.068124151,
    "dep_las_per_type":{
      "nsubj":{
        "p":0.0053475936,
        "r":0.0018168605,
        "f":0.0027122322
      },
      "case":{
        "p":0.2917350848,
        "r":0.1984363366,
        "f":0.2362065145
      },
      "obl":{
        "p":0.0511982571,
        "r":0.017452655,
        "f":0.0260315702
      },
      "root":{
        "p":0.176984281,
        "r":0.2941935484,
        "f":0.2210105416
      },
      "det":{
        "p":0.3687031083,
        "r":0.1487889273,
        "f":0.21201849
      },
      "flat:name":{
        "p":0.0,
        "r":0.0,
        "f":0.0
      },
      "advcl":{
        "p":0.0124223602,
        "r":0.0009803922,
        "f":0.0018173557
      },
      "cop":{
        "p":0.0047732697,
        "r":0.0039447732,
        "f":0.0043196544
      },
      "acl":{
        "p":0.0030090271,
        "r":0.0060483871,
        "f":0.0040187542
      },
      "advmod":{
        "p":0.0631828979,
        "r":0.0657276995,
        "f":0.0644301805
      },
      "dep":{
        "p":0.0,
        "r":0.0,
        "f":0.0
      },
      "flat":{
        "p":0.0,
        "r":0.0,
        "f":0.0
      },
      "conj":{
        "p":0.0127484064,
        "r":0.0161596958,
        "f":0.0142527772
      },
      "mark":{
        "p":0.0338600451,
        "r":0.0445103858,
        "f":0.0384615385
      },
      "xcomp":{
        "p":0.010460251,
        "r":0.0103305785,
        "f":0.0103950104
      },
      "nmod":{
        "p":0.0470890411,
        "r":0.0180387012,
        "f":0.0260848945
      },
      "obj":{
        "p":0.0280308339,
        "r":0.0127469726,
        "f":0.017524644
      },
      "cc":{
        "p":0.0196078431,
        "r":0.0011862396,
        "f":0.0022371365
      },
      "amod":{
        "p":0.0099641291,
        "r":0.0501002004,
        "f":0.0166223404
      },
      "nummod":{
        "p":0.0010834236,
        "r":0.0090909091,
        "f":0.0019361084
      },
      "nsubj:pass":{
        "p":0.0,
        "r":0.0,
        "f":0.0
      },
      "cc:nc":{
        "p":0.0,
        "r":0.0,
        "f":0.0
      },
      "dislocated":{
        "p":0.0,
        "r":0.0,
        "f":0.0
      },
      "appos":{
        "p":0.0,
        "r":0.0,
        "f":0.0
      },
      "csubj":{
        "p":0.0,
        "r":0.0,
        "f":0.0
      },
      "obl:arg":{
        "p":0.0,
        "r":0.0,
        "f":0.0
      },
      "discourse":{
        "p":0.0,
        "r":0.0,
        "f":0.0
      },
      "ccomp":{
        "p":0.0204081633,
        "r":0.0025510204,
        "f":0.0045351474
      },
      "vocative":{
        "p":0.0095238095,
        "r":0.0056497175,
        "f":0.0070921986
      },
      "case:det":{
        "p":0.0,
        "r":0.0,
        "f":0.0
      },
      "orphan":{
        "p":0.0,
        "r":0.0,
        "f":0.0
      },
      "iobj":{
        "p":0.0,
        "r":0.0,
        "f":0.0
      },
      "aux":{
        "p":0.0,
        "r":0.0,
        "f":0.0
      },
      "obl:agent":{
        "p":0.0,
        "r":0.0,
        "f":0.0
      },
      "acl:relcl":{
        "p":0.0,
        "r":0.0,
        "f":0.0
      },
      "parataxis":{
        "p":0.0,
        "r":0.0,
        "f":0.0
      },
      "obl:advmod":{
        "p":0.0,
        "r":0.0,
        "f":0.0
      },
      "expl":{
        "p":0.0,
        "r":0.0,
        "f":0.0
      },
      "aux:pass":{
        "p":0.0,
        "r":0.0,
        "f":0.0
      },
      "fixed":{
        "p":0.0,
        "r":0.0,
        "f":0.0
      },
      "nsubj:outer":{
        "p":0.0,
        "r":0.0,
        "f":0.0
      },
      "advcl:cmp":{
        "p":0.0,
        "r":0.0,
        "f":0.0
      },
      "csubj:pass":{
        "p":0.0,
        "r":0.0,
        "f":0.0
      }
    }
  },
  "trainable_lemmatizer":{
    "lemma_acc":0.2120406679
  },
  "tagger":{
    "tag_acc":0.0
  },
  "speed":2752.5625475661
}