{
  "tokenizer":{
    "token_acc":0.9981644203,
    "token_p":0.9974335877,
    "token_r":0.9959947049,
    "token_f":0.996713627
  },
  "transformer":{

  },
  "parser":{
    "sents_p":0.379963487,
    "sents_r":0.6103372434,
    "sents_f":0.4683544304,
    "dep_uas":0.2349373891,
    "dep_las":0.0405292599,
    "dep_las_per_type":{
      "root":{
        "p":0.1052872511,
        "r":0.1685599121,
        "f":0.1296139758
      },
      "nsubj":{
        "p":0.1240223464,
        "r":0.0185867381,
        "f":0.0323285277
      },
      "advmod":{
        "p":0.0307382936,
        "r":0.0257583052,
        "f":0.0280288147
      },
      "mark":{
        "p":0.0960426856,
        "r":0.0691642651,
        "f":0.0804169769
      },
      "acl":{
        "p":0.0,
        "r":0.0,
        "f":0.0
      },
      "compound:prt":{
        "p":0.0,
        "r":0.0,
        "f":0.0
      },
      "obj":{
        "p":0.0310532942,
        "r":0.0261576529,
        "f":0.0283960092
      },
      "det":{
        "p":0.0098716683,
        "r":0.0157853197,
        "f":0.0121469784
      },
      "obl":{
        "p":0.0565795114,
        "r":0.0231092437,
        "f":0.0328154133
      },
      "amod":{
        "p":0.0308003597,
        "r":0.0556458164,
        "f":0.0396526773
      },
      "cc":{
        "p":0.2265077139,
        "r":0.0919965822,
        "f":0.1308486935
      },
      "conj":{
        "p":0.0294978059,
        "r":0.0400264638,
        "f":0.0339649123
      },
      "case":{
        "p":0.1105812221,
        "r":0.075529316,
        "f":0.0897544454
      },
      "nmod:poss":{
        "p":0.0,
        "r":0.0,
        "f":0.0
      },
      "flat":{
        "p":0.0,
        "r":0.0,
        "f":0.0
      },
      "nummod":{
        "p":0.0031055901,
        "r":0.0204081633,
        "f":0.0053908356
      },
      "nmod":{
        "p":0.0007029877,
        "r":0.0224719101,
        "f":0.0013633265
      },
      "appos":{
        "p":0.0,
        "r":0.0,
        "f":0.0
      },
      "dep":{
        "p":0.0010546298,
        "r":0.0235849057,
        "f":0.0020189784
      },
      "aux":{
        "p":0.0297239915,
        "r":0.0112,
        "f":0.0162696107
      },
      "advcl":{
        "p":0.0,
        "r":0.0,
        "f":0.0
      },
      "iobj":{
        "p":0.0,
        "r":0.0,
        "f":0.0
      },
      "acl:relcl":{
        "p":0.0068027211,
        "r":0.0011248594,
        "f":0.0019305019
      },
      "xcomp":{
        "p":0.0047961631,
        "r":0.0149625935,
        "f":0.0072639225
      },
      "cc:nc":{
        "p":0.0,
        "r":0.0,
        "f":0.0
      },
      "aux:pass":{
        "p":0.0,
        "r":0.0,
        "f":0.0
      },
      "ccomp":{
        "p":0.0,
        "r":0.0,
        "f":0.0
      },
      "cop":{
        "p":0.0227272727,
        "r":0.0048250905,
        "f":0.007960199
      },
      "case:det":{
        "p":0.0,
        "r":0.0,
        "f":0.0
      },
      "csubj":{
        "p":0.0,
        "r":0.0,
        "f":0.0
      },
      "expl":{
        "p":0.0,
        "r":0.0,
        "f":0.0
      },
      "vocative":{
        "p":0.0,
        "r":0.0,
        "f":0.0
      },
      "parataxis":{
        "p":0.0,
        "r":0.0,
        "f":0.0
      },
      "flat:name":{
        "p":0.0,
        "r":0.0,
        "f":0.0
      },
      "fixed":{
        "p":0.0,
        "r":0.0,
        "f":0.0
      },
      "flat:foreign":{
        "p":0.0,
        "r":0.0,
        "f":0.0
      },
      "obl:advmod":{
        "p":0.0,
        "r":0.0,
        "f":0.0
      },
      "discourse":{
        "p":0.0,
        "r":0.0,
        "f":0.0
      },
      "dislocated":{
        "p":0.0,
        "r":0.0,
        "f":0.0
      }
    }
  },
  "trainable_lemmatizer":{
    "lemma_acc":0.5193496018
  },
  "tagger":{
    "tag_acc":0.0
  },
  "morphologizer":{
    "pos_acc":0.2631704207,
    "morph_acc":0.3021581511,
    "morph_micro_p":0.2317039236,
    "morph_micro_r":0.0163603736,
    "morph_micro_f":0.0305627436,
    "morph_per_feat":{
      "Mood":{
        "p":0.0,
        "r":0.0,
        "f":0.0
      },
      "Number":{
        "p":0.0,
        "r":0.0,
        "f":0.0
      },
      "Person":{
        "p":0.0,
        "r":0.0,
        "f":0.0
      },
      "Tense":{
        "p":0.0664206642,
        "r":0.0045708481,
        "f":0.0085531005
      },
      "VerbForm":{
        "p":0.2375603865,
        "r":0.1862689394,
        "f":0.2088110403
      },
      "Voice":{
        "p":0.0,
        "r":0.0,
        "f":0.0
      },
      "Case":{
        "p":0.0,
        "r":0.0,
        "f":0.0
      },
      "Gender":{
        "p":0.0,
        "r":0.0,
        "f":0.0
      },
      "PronType":{
        "p":0.2945081473,
        "r":0.0529341577,
        "f":0.0897388746
      },
      "Definite":{
        "p":0.0273972603,
        "r":0.0002826056,
        "f":0.0005594406
      },
      "Degree":{
        "p":0.0,
        "r":0.0,
        "f":0.0
      },
      "Foreign":{
        "p":0.0,
        "r":0.0,
        "f":0.0
      },
      "NumType":{
        "p":0.0461538462,
        "r":0.0087719298,
        "f":0.0147420147
      },
      "Poss":{
        "p":0.0,
        "r":0.0,
        "f":0.0
      },
      "Polarity":{
        "p":0.0,
        "r":0.0,
        "f":0.0
      }
    }
  },
  "speed":6399.5869423768
}