{
  "tokenizer":{
    "token_acc":1.0,
    "token_p":0.9963401882,
    "token_r":0.998777079,
    "token_f":0.9975571453
  },
  "transformer":{

  },
  "parser":{
    "sents_p":0.3384113166,
    "sents_r":0.5759259259,
    "sents_f":0.4263193968,
    "dep_uas":0.3032888889,
    "dep_las":0.0749955571,
    "dep_las_per_type":{
      "cc":{
        "p":0.6097560976,
        "r":0.0478927203,
        "f":0.0888099467
      },
      "xcomp":{
        "p":0.0172413793,
        "r":0.0138248848,
        "f":0.0153452685
      },
      "root":{
        "p":0.1773667029,
        "r":0.3018518519,
        "f":0.2234407128
      },
      "nsubj":{
        "p":0.0110701107,
        "r":0.0066518847,
        "f":0.0083102493
      },
      "nsubj:pass":{
        "p":0.0,
        "r":0.0,
        "f":0.0
      },
      "advmod":{
        "p":0.0498533724,
        "r":0.046961326,
        "f":0.0483641536
      },
      "acl":{
        "p":0.0,
        "r":0.0,
        "f":0.0
      },
      "case":{
        "p":0.4292929293,
        "r":0.1689860835,
        "f":0.242510699
      },
      "obl":{
        "p":0.046728972,
        "r":0.0113636364,
        "f":0.0182815356
      },
      "cc:nc":{
        "p":0.0,
        "r":0.0,
        "f":0.0
      },
      "obj":{
        "p":0.0374531835,
        "r":0.0276243094,
        "f":0.0317965024
      },
      "dep":{
        "p":0.0,
        "r":0.0,
        "f":0.0
      },
      "flat":{
        "p":0.0,
        "r":0.0,
        "f":0.0
      },
      "det":{
        "p":0.1232876712,
        "r":0.1545064378,
        "f":0.1371428571
      },
      "mark":{
        "p":0.04296875,
        "r":0.0541871921,
        "f":0.0479302832
      },
      "amod":{
        "p":0.0096385542,
        "r":0.0487804878,
        "f":0.0160965795
      },
      "appos":{
        "p":0.0,
        "r":0.0,
        "f":0.0
      },
      "conj":{
        "p":0.0867768595,
        "r":0.0615835777,
        "f":0.0720411664
      },
      "advcl":{
        "p":0.0,
        "r":0.0,
        "f":0.0
      },
      "nmod":{
        "p":0.0227272727,
        "r":0.0123966942,
        "f":0.0160427807
      },
      "obl:arg":{
        "p":0.0,
        "r":0.0,
        "f":0.0
      },
      "discourse":{
        "p":0.0,
        "r":0.0,
        "f":0.0
      },
      "nummod":{
        "p":0.0,
        "r":0.0,
        "f":0.0
      },
      "cop":{
        "p":0.0,
        "r":0.0,
        "f":0.0
      },
      "ccomp":{
        "p":0.0,
        "r":0.0,
        "f":0.0
      },
      "aux":{
        "p":0.0,
        "r":0.0,
        "f":0.0
      },
      "orphan":{
        "p":0.0,
        "r":0.0,
        "f":0.0
      },
      "vocative":{
        "p":0.0,
        "r":0.0,
        "f":0.0
      },
      "dislocated":{
        "p":0.0,
        "r":0.0,
        "f":0.0
      },
      "flat:name":{
        "p":0.0,
        "r":0.0,
        "f":0.0
      },
      "advcl:cmp":{
        "p":0.0,
        "r":0.0,
        "f":0.0
      },
      "expl:pv":{
        "p":0.0,
        "r":0.0,
        "f":0.0
      },
      "acl:relcl":{
        "p":0.0,
        "r":0.0,
        "f":0.0
      },
      "case:det":{
        "p":0.0,
        "r":0.0,
        "f":0.0
      },
      "obl:agent":{
        "p":0.0,
        "r":0.0,
        "f":0.0
      },
      "csubj":{
        "p":0.0,
        "r":0.0,
        "f":0.0
      },
      "csubj:pass":{
        "p":0.0,
        "r":0.0,
        "f":0.0
      },
      "parataxis":{
        "p":0.0,
        "r":0.0,
        "f":0.0
      },
      "aux:pass":{
        "p":0.0,
        "r":0.0,
        "f":0.0
      },
      "nsubj:outer":{
        "p":0.0,
        "r":0.0,
        "f":0.0
      },
      "expl":{
        "p":0.0,
        "r":0.0,
        "f":0.0
      },
      "iobj":{
        "p":0.0,
        "r":0.0,
        "f":0.0
      }
    }
  },
  "trainable_lemmatizer":{
    "lemma_acc":0.4113797015
  },
  "tagger":{
    "tag_acc":0.0
  },
  "speed":1458.9002032814
}