{
  "tokenizer":{
    "token_acc":0.9996132525,
    "token_p":0.9992265051,
    "token_r":0.9990547798,
    "token_f":0.9991406351
  },
  "transformer":{

  },
  "parser":{
    "sents_p":0.4105754277,
    "sents_r":0.6297709924,
    "sents_f":0.4970815289,
    "dep_uas":0.3035445947,
    "dep_las":0.1290992663,
    "dep_las_per_type":{
      "ccomp":{
        "p":0.0285714286,
        "r":0.0023201856,
        "f":0.0042918455
      },
      "nsubj":{
        "p":0.1157368859,
        "r":0.0752164502,
        "f":0.0911774352
      },
      "root":{
        "p":0.2433944669,
        "r":0.3735687023,
        "f":0.2947487295
      },
      "cop":{
        "p":0.0966767372,
        "r":0.1252446184,
        "f":0.1091219096
      },
      "advmod":{
        "p":0.0969914683,
        "r":0.1469387755,
        "f":0.1168515012
      },
      "obj":{
        "p":0.1010971787,
        "r":0.0788508557,
        "f":0.0885989011
      },
      "dep":{
        "p":0.0,
        "r":0.0,
        "f":0.0
      },
      "case":{
        "p":0.50726979,
        "r":0.3651162791,
        "f":0.4246112238
      },
      "obl":{
        "p":0.0711297071,
        "r":0.0300176574,
        "f":0.042218543
      },
      "cc:nc":{
        "p":0.0,
        "r":0.0,
        "f":0.0
      },
      "discourse":{
        "p":0.0,
        "r":0.0,
        "f":0.0
      },
      "nmod":{
        "p":0.0317700454,
        "r":0.0231023102,
        "f":0.0267515924
      },
      "nsubj:pass":{
        "p":0.0,
        "r":0.0,
        "f":0.0
      },
      "acl":{
        "p":0.0,
        "r":0.0,
        "f":0.0
      },
      "xcomp":{
        "p":0.0166852058,
        "r":0.0420168067,
        "f":0.0238853503
      },
      "cc":{
        "p":0.5538302277,
        "r":0.3238498789,
        "f":0.4087089381
      },
      "conj":{
        "p":0.1586599241,
        "r":0.1816208394,
        "f":0.169365722
      },
      "advcl":{
        "p":0.0305343511,
        "r":0.0034158839,
        "f":0.0061443932
      },
      "acl:relcl":{
        "p":0.0098039216,
        "r":0.1034482759,
        "f":0.0179104478
      },
      "det":{
        "p":0.0403846154,
        "r":0.0200190658,
        "f":0.0267686424
      },
      "nummod":{
        "p":0.0103359173,
        "r":0.0392156863,
        "f":0.0163599182
      },
      "mark":{
        "p":0.0419397117,
        "r":0.0407124682,
        "f":0.0413169787
      },
      "nsubj:outer":{
        "p":0.0,
        "r":0.0,
        "f":0.0
      },
      "amod":{
        "p":0.0166288738,
        "r":0.0337941628,
        "f":0.022289767
      },
      "aux":{
        "p":0.0,
        "r":0.0,
        "f":0.0
      },
      "obl:agent":{
        "p":0.0,
        "r":0.0,
        "f":0.0
      },
      "parataxis":{
        "p":0.0,
        "r":0.0,
        "f":0.0
      },
      "flat":{
        "p":0.0,
        "r":0.0,
        "f":0.0
      },
      "obl:arg":{
        "p":0.0,
        "r":0.0,
        "f":0.0
      },
      "iobj":{
        "p":0.0,
        "r":0.0,
        "f":0.0
      },
      "orphan":{
        "p":0.0,
        "r":0.0,
        "f":0.0
      },
      "advmod:neg":{
        "p":0.0,
        "r":0.0,
        "f":0.0
      },
      "vocative":{
        "p":0.0294117647,
        "r":0.0147058824,
        "f":0.0196078431
      },
      "appos":{
        "p":0.0,
        "r":0.0,
        "f":0.0
      },
      "aux:pass":{
        "p":0.0,
        "r":0.0,
        "f":0.0
      },
      "obl:advmod":{
        "p":0.0,
        "r":0.0,
        "f":0.0
      },
      "advcl:cmp":{
        "p":0.0,
        "r":0.0,
        "f":0.0
      },
      "csubj":{
        "p":0.0285714286,
        "r":0.027027027,
        "f":0.0277777778
      },
      "dislocated":{
        "p":0.0,
        "r":0.0,
        "f":0.0
      },
      "expl":{
        "p":0.0,
        "r":0.0,
        "f":0.0
      },
      "fixed":{
        "p":0.0,
        "r":0.0,
        "f":0.0
      },
      "advmod:tmod":{
        "p":0.0,
        "r":0.0,
        "f":0.0
      },
      "csubj:pass":{
        "p":0.0,
        "r":0.0,
        "f":0.0
      },
      "flat:name":{
        "p":0.0,
        "r":0.0,
        "f":0.0
      },
      "advmod:emph":{
        "p":0.0,
        "r":0.0,
        "f":0.0
      },
      "case:det":{
        "p":0.0,
        "r":0.0,
        "f":0.0
      },
      "flat:foreign":{
        "p":0.0,
        "r":0.0,
        "f":0.0
      },
      "advcl:abs":{
        "p":0.0,
        "r":0.0,
        "f":0.0
      },
      "advmod:lmod":{
        "p":0.0,
        "r":0.0,
        "f":0.0
      },
      "conj:expl":{
        "p":0.0,
        "r":0.0,
        "f":0.0
      }
    }
  },
  "trainable_lemmatizer":{
    "lemma_acc":0.3878204439
  },
  "tagger":{
    "tag_acc":0.0
  },
  "speed":2511.8157137187
}