{
  "tokenizer":{
    "token_acc":0.9995570601,
    "token_p":0.9645015345,
    "token_r":0.9836092021,
    "token_f":0.9739616613
  },
  "transformer":{

  },
  "parser":{
    "sents_p":0.3842821782,
    "sents_r":0.6019386107,
    "sents_f":0.4690922825,
    "dep_uas":0.2846134433,
    "dep_las":0.0599493433,
    "dep_las_per_type":{
      "discourse":{
        "p":0.0,
        "r":0.0,
        "f":0.0
      },
      "vocative":{
        "p":0.0222222222,
        "r":0.0050251256,
        "f":0.0081967213
      },
      "root":{
        "p":0.2096579477,
        "r":0.3366720517,
        "f":0.258400496
      },
      "advmod":{
        "p":0.0424971794,
        "r":0.0705808869,
        "f":0.0530516432
      },
      "advcl":{
        "p":0.0045454545,
        "r":0.0021857923,
        "f":0.0029520295
      },
      "expl:pv":{
        "p":0.0,
        "r":0.0,
        "f":0.0
      },
      "obl:arg":{
        "p":0.0,
        "r":0.0,
        "f":0.0
      },
      "flat":{
        "p":0.0,
        "r":0.0,
        "f":0.0
      },
      "case":{
        "p":0.2575301205,
        "r":0.1019677996,
        "f":0.1460914139
      },
      "obl":{
        "p":0.0758017493,
        "r":0.0197793838,
        "f":0.031372549
      },
      "nummod":{
        "p":0.0071942446,
        "r":0.0108695652,
        "f":0.0086580087
      },
      "conj":{
        "p":0.0236220472,
        "r":0.012793177,
        "f":0.0165975104
      },
      "nsubj":{
        "p":0.0203665988,
        "r":0.0052770449,
        "f":0.0083822297
      },
      "appos":{
        "p":0.0092165899,
        "r":0.0028169014,
        "f":0.0043149946
      },
      "obl:agent":{
        "p":0.0,
        "r":0.0,
        "f":0.0
      },
      "mark":{
        "p":0.0013504389,
        "r":0.00625,
        "f":0.0022209883
      },
      "dep":{
        "p":0.0027231467,
        "r":0.059602649,
        "f":0.0052083333
      },
      "cop":{
        "p":0.0024937656,
        "r":0.0031055901,
        "f":0.0027662517
      },
      "acl":{
        "p":0.0027100271,
        "r":0.0044052863,
        "f":0.0033557047
      },
      "amod":{
        "p":0.0518617021,
        "r":0.0526315789,
        "f":0.0522438044
      },
      "nmod":{
        "p":0.0191637631,
        "r":0.023255814,
        "f":0.0210124164
      },
      "cc":{
        "p":0.1709401709,
        "r":0.0066622252,
        "f":0.0128246233
      },
      "obj":{
        "p":0.0291026677,
        "r":0.0215827338,
        "f":0.0247848537
      },
      "dislocated":{
        "p":0.0,
        "r":0.0,
        "f":0.0
      },
      "det":{
        "p":0.0083194676,
        "r":0.0116640747,
        "f":0.0097118809
      },
      "xcomp":{
        "p":0.0099009901,
        "r":0.0201149425,
        "f":0.0132701422
      },
      "cc:nc":{
        "p":0.0,
        "r":0.0,
        "f":0.0
      },
      "case:det":{
        "p":0.0,
        "r":0.0,
        "f":0.0
      },
      "parataxis":{
        "p":0.0,
        "r":0.0,
        "f":0.0
      },
      "expl":{
        "p":0.0,
        "r":0.0,
        "f":0.0
      },
      "nsubj:pass":{
        "p":0.0,
        "r":0.0,
        "f":0.0
      },
      "ccomp":{
        "p":0.0,
        "r":0.0,
        "f":0.0
      },
      "aux":{
        "p":0.0,
        "r":0.0,
        "f":0.0
      },
      "acl:relcl":{
        "p":0.0,
        "r":0.0,
        "f":0.0
      },
      "aux:pass":{
        "p":0.0,
        "r":0.0,
        "f":0.0
      },
      "iobj":{
        "p":0.0,
        "r":0.0,
        "f":0.0
      },
      "flat:name":{
        "p":0.0,
        "r":0.0,
        "f":0.0
      },
      "fixed":{
        "p":0.0,
        "r":0.0,
        "f":0.0
      },
      "nummod:gov":{
        "p":0.0,
        "r":0.0,
        "f":0.0
      },
      "obl:advmod":{
        "p":0.0,
        "r":0.0,
        "f":0.0
      },
      "orphan":{
        "p":0.0,
        "r":0.0,
        "f":0.0
      },
      "list":{
        "p":0.0,
        "r":0.0,
        "f":0.0
      },
      "advcl:cmp":{
        "p":0.0,
        "r":0.0,
        "f":0.0
      },
      "csubj":{
        "p":0.0,
        "r":0.0,
        "f":0.0
      },
      "nsubj:outer":{
        "p":0.0,
        "r":0.0,
        "f":0.0
      },
      "compound":{
        "p":0.0,
        "r":0.0,
        "f":0.0
      },
      "csubj:pass":{
        "p":0.0,
        "r":0.0,
        "f":0.0
      },
      "reparandum":{
        "p":0.0,
        "r":0.0,
        "f":0.0
      },
      "goeswith":{
        "p":0.0,
        "r":0.0,
        "f":0.0
      }
    }
  },
  "trainable_lemmatizer":{
    "lemma_acc":0.2943866944
  },
  "tagger":{
    "tag_acc":0.0
  },
  "speed":2164.9383668993
}