{
  "tokenizer":{
    "token_acc":1.0,
    "token_p":0.9963401882,
    "token_r":0.998777079,
    "token_f":0.9975571453
  },
  "transformer":{

  },
  "parser":{
    "sents_p":0.0360544218,
    "sents_r":0.0981481481,
    "sents_f":0.0527363184,
    "dep_uas":0.2900550074,
    "dep_las":0.1008726003,
    "dep_las_per_type":{
      "cc":{
        "p":0.3305785124,
        "r":0.0766283525,
        "f":0.1244167963
      },
      "xcomp":{
        "p":0.0327868852,
        "r":0.0092165899,
        "f":0.0143884892
      },
      "root":{
        "p":0.1791044776,
        "r":0.4888888889,
        "f":0.2621648461
      },
      "nsubj":{
        "p":0.02,
        "r":0.0110864745,
        "f":0.0142653352
      },
      "nsubj:pass":{
        "p":0.0,
        "r":0.0,
        "f":0.0
      },
      "advmod":{
        "p":0.0177777778,
        "r":0.0110497238,
        "f":0.0136286201
      },
      "acl":{
        "p":0.0,
        "r":0.0,
        "f":0.0
      },
      "case":{
        "p":0.3475336323,
        "r":0.3081510934,
        "f":0.3266596417
      },
      "obl":{
        "p":0.0806451613,
        "r":0.0340909091,
        "f":0.0479233227
      },
      "obj":{
        "p":0.027027027,
        "r":0.0138121547,
        "f":0.0182815356
      },
      "det":{
        "p":0.1081081081,
        "r":0.0944206009,
        "f":0.1008018328
      },
      "amod":{
        "p":0.011627907,
        "r":0.012195122,
        "f":0.0119047619
      },
      "appos":{
        "p":0.0,
        "r":0.0,
        "f":0.0
      },
      "cop":{
        "p":0.0,
        "r":0.0,
        "f":0.0
      },
      "dep":{
        "p":0.0,
        "r":0.0,
        "f":0.0
      },
      "conj":{
        "p":0.0268948655,
        "r":0.0322580645,
        "f":0.0293333333
      },
      "nummod":{
        "p":0.0,
        "r":0.0,
        "f":0.0
      },
      "advcl":{
        "p":0.0136986301,
        "r":0.0035714286,
        "f":0.0056657224
      },
      "nmod":{
        "p":0.0338645418,
        "r":0.0702479339,
        "f":0.0456989247
      },
      "obl:arg":{
        "p":0.0576923077,
        "r":0.0198675497,
        "f":0.0295566502
      },
      "discourse":{
        "p":0.4166666667,
        "r":0.0675675676,
        "f":0.1162790698
      },
      "mark":{
        "p":0.0769230769,
        "r":0.0049261084,
        "f":0.0092592593
      },
      "orphan":{
        "p":0.0,
        "r":0.0,
        "f":0.0
      },
      "advcl:cmp":{
        "p":0.0,
        "r":0.0,
        "f":0.0
      },
      "ccomp":{
        "p":0.0,
        "r":0.0,
        "f":0.0
      },
      "flat:name":{
        "p":0.0,
        "r":0.0,
        "f":0.0
      },
      "parataxis":{
        "p":0.0,
        "r":0.0,
        "f":0.0
      },
      "vocative":{
        "p":0.0,
        "r":0.0,
        "f":0.0
      },
      "fixed":{
        "p":0.0,
        "r":0.0,
        "f":0.0
      },
      "dislocated":{
        "p":0.0,
        "r":0.0,
        "f":0.0
      },
      "expl:pv":{
        "p":0.0,
        "r":0.0,
        "f":0.0
      },
      "obl:agent":{
        "p":0.0,
        "r":0.0,
        "f":0.0
      },
      "csubj:pass":{
        "p":0.0,
        "r":0.0,
        "f":0.0
      },
      "nsubj:outer":{
        "p":0.0,
        "r":0.0,
        "f":0.0
      }
    }
  },
  "trainable_lemmatizer":{
    "lemma_acc":0.402303866
  },
  "tagger":{
    "tag_acc":0.0829042674
  },
  "speed":1411.8119191562
}