{
  "tokenizer":{
    "token_acc":0.9995570601,
    "token_p":0.9645015345,
    "token_r":0.9836092021,
    "token_f":0.9739616613
  },
  "transformer":{

  },
  "parser":{
    "sents_p":0.483262612,
    "sents_r":0.662358643,
    "sents_f":0.5588115033,
    "dep_uas":0.5184423218,
    "dep_las":0.393098177,
    "dep_las_per_type":{
      "discourse":{
        "p":0.4344370861,
        "r":0.4568245125,
        "f":0.4453496266
      },
      "vocative":{
        "p":0.1502590674,
        "r":0.1457286432,
        "f":0.1479591837
      },
      "root":{
        "p":0.4680851064,
        "r":0.6539579968,
        "f":0.5456260952
      },
      "advmod":{
        "p":0.4380165289,
        "r":0.3972517177,
        "f":0.4166393711
      },
      "advcl":{
        "p":0.2444703143,
        "r":0.2295081967,
        "f":0.2367531003
      },
      "expl:pv":{
        "p":0.9158878505,
        "r":0.765625,
        "f":0.8340425532
      },
      "obl:arg":{
        "p":0.2155688623,
        "r":0.2105263158,
        "f":0.2130177515
      },
      "mark":{
        "p":0.3420289855,
        "r":0.36875,
        "f":0.354887218
      },
      "acl":{
        "p":0.058968059,
        "r":0.1057268722,
        "f":0.0757097792
      },
      "dep":{
        "p":0.0134615385,
        "r":0.0463576159,
        "f":0.0208643815
      },
      "case":{
        "p":0.7927372388,
        "r":0.6899224806,
        "f":0.7377650247
      },
      "obl":{
        "p":0.4012567325,
        "r":0.3400532522,
        "f":0.3681284744
      },
      "nummod":{
        "p":0.1288888889,
        "r":0.1576086957,
        "f":0.141809291
      },
      "conj":{
        "p":0.2368526696,
        "r":0.2515991471,
        "f":0.2440033085
      },
      "nsubj":{
        "p":0.3171355499,
        "r":0.2617414248,
        "f":0.286788089
      },
      "appos":{
        "p":0.0756240822,
        "r":0.1450704225,
        "f":0.0994208494
      },
      "obl:agent":{
        "p":0.0952380952,
        "r":0.0769230769,
        "f":0.085106383
      },
      "det":{
        "p":0.4459654179,
        "r":0.4813374806,
        "f":0.4629768138
      },
      "flat:name":{
        "p":0.025,
        "r":0.0097087379,
        "f":0.013986014
      },
      "cc":{
        "p":0.6104152933,
        "r":0.616922052,
        "f":0.6136514248
      },
      "amod":{
        "p":0.2875335121,
        "r":0.2894736842,
        "f":0.2885003362
      },
      "nmod":{
        "p":0.0880829016,
        "r":0.1437632135,
        "f":0.1092369478
      },
      "obj":{
        "p":0.3234870317,
        "r":0.2691846523,
        "f":0.2938481675
      },
      "dislocated":{
        "p":0.056,
        "r":0.0707070707,
        "f":0.0625
      },
      "xcomp":{
        "p":0.1683006536,
        "r":0.2959770115,
        "f":0.2145833333
      },
      "orphan":{
        "p":0.0354609929,
        "r":0.0619834711,
        "f":0.045112782
      },
      "parataxis":{
        "p":0.1020408163,
        "r":0.0543478261,
        "f":0.0709219858
      },
      "expl":{
        "p":0.0,
        "r":0.0,
        "f":0.0
      },
      "cop":{
        "p":0.3311688312,
        "r":0.3167701863,
        "f":0.3238095238
      },
      "nsubj:pass":{
        "p":0.3142857143,
        "r":0.1009174312,
        "f":0.1527777778
      },
      "ccomp":{
        "p":0.2,
        "r":0.1515151515,
        "f":0.1724137931
      },
      "csubj":{
        "p":0.3333333333,
        "r":0.1,
        "f":0.1538461538
      },
      "aux":{
        "p":0.7435897436,
        "r":0.1946308725,
        "f":0.3085106383
      },
      "aux:pass":{
        "p":0.0,
        "r":0.0,
        "f":0.0
      },
      "iobj":{
        "p":0.0,
        "r":0.0,
        "f":0.0
      },
      "fixed":{
        "p":0.0123966942,
        "r":0.0405405405,
        "f":0.0189873418
      },
      "advcl:cmp":{
        "p":0.0588235294,
        "r":0.025,
        "f":0.0350877193
      },
      "nummod:gov":{
        "p":0.0,
        "r":0.0,
        "f":0.0
      },
      "list":{
        "p":0.0,
        "r":0.0,
        "f":0.0
      },
      "flat":{
        "p":0.0,
        "r":0.0,
        "f":0.0
      },
      "acl:relcl":{
        "p":0.0,
        "r":0.0,
        "f":0.0
      },
      "nsubj:outer":{
        "p":0.0,
        "r":0.0,
        "f":0.0
      },
      "compound":{
        "p":0.0,
        "r":0.0,
        "f":0.0
      },
      "csubj:pass":{
        "p":0.0,
        "r":0.0,
        "f":0.0
      },
      "reparandum":{
        "p":0.0,
        "r":0.0,
        "f":0.0
      },
      "goeswith":{
        "p":0.0,
        "r":0.0,
        "f":0.0
      }
    }
  },
  "trainable_lemmatizer":{
    "lemma_acc":0.4061280624
  },
  "tagger":{
    "tag_acc":0.4051954708
  },
  "morphologizer":{
    "pos_acc":0.6363534299,
    "morph_acc":0.4914525803,
    "morph_micro_p":0.6297686514,
    "morph_micro_r":0.6039147414,
    "morph_micro_f":0.6165707903,
    "morph_per_feat":{
      "Case":{
        "p":0.538993591,
        "r":0.52280421,
        "f":0.5307754796
      },
      "Gender":{
        "p":0.5839763806,
        "r":0.5616288074,
        "f":0.5725846245
      },
      "Number":{
        "p":0.7526437541,
        "r":0.7160448543,
        "f":0.7338882922
      },
      "Mood":{
        "p":0.6450040617,
        "r":0.5573885574,
        "f":0.5980041423
      },
      "Person":{
        "p":0.7444852941,
        "r":0.621761658,
        "f":0.6776116282
      },
      "Tense":{
        "p":0.6208979263,
        "r":0.6273393002,
        "f":0.6241019933
      },
      "VerbForm":{
        "p":0.5957788945,
        "r":0.5826616867,
        "f":0.5891472868
      },
      "Voice":{
        "p":0.7129051741,
        "r":0.6985598737,
        "f":0.7056596253
      },
      "PronType":{
        "p":0.8446170921,
        "r":0.6265953067,
        "f":0.7194516663
      },
      "Variant":{
        "p":0.3291029709,
        "r":0.5939614784,
        "f":0.4235337788
      },
      "Reflex":{
        "p":0.9530791789,
        "r":0.7549361208,
        "f":0.842514582
      },
      "Aspect":{
        "p":0.5878378378,
        "r":0.4664879357,
        "f":0.5201793722
      },
      "Degree":{
        "p":0.4064011909,
        "r":0.5158242796,
        "f":0.454621149
      },
      "Clitic":{
        "p":0.0,
        "r":0.0,
        "f":0.0
      },
      "Polarity":{
        "p":0.9464720195,
        "r":0.9306220096,
        "f":0.9384800965
      },
      "Poss":{
        "p":0.8783185841,
        "r":0.7605363985,
        "f":0.8151950719
      },
      "Analyt":{
        "p":0.0,
        "r":0.0,
        "f":0.0
      },
      "NumType":{
        "p":0.0,
        "r":0.0,
        "f":0.0
      },
      "Animacy":{
        "p":0.0,
        "r":0.0,
        "f":0.0
      },
      "NumForm":{
        "p":0.0,
        "r":0.0,
        "f":0.0
      },
      "NameType":{
        "p":0.0,
        "r":0.0,
        "f":0.0
      },
      "Abbr":{
        "p":0.0,
        "r":0.0,
        "f":0.0
      },
      "Typo":{
        "p":0.0,
        "r":0.0,
        "f":0.0
      }
    }
  },
  "speed":3228.8115484312
}