{
  "tokenizer":{
    "token_acc":0.9996152111,
    "token_p":0.9922378791,
    "token_r":0.9963360691,
    "token_f":0.9942827512
  },
  "transformer":{

  },
  "parser":{
    "sents_p":0.038209266,
    "sents_r":0.0972958643,
    "sents_f":0.0548702998,
    "dep_uas":0.2387993377,
    "dep_las":0.1060517081,
    "dep_las_per_type":{
      "root":{
        "p":0.1549704571,
        "r":0.3963414634,
        "f":0.2228183918
      },
      "cc":{
        "p":0.2368535419,
        "r":0.3243082416,
        "f":0.2737661685
      },
      "mark":{
        "p":0.1195219124,
        "r":0.0085787818,
        "f":0.0160085379
      },
      "amod":{
        "p":0.0318734235,
        "r":0.0501805054,
        "f":0.0389847146
      },
      "nsubj:pass":{
        "p":0.0,
        "r":0.0,
        "f":0.0
      },
      "advmod:neg":{
        "p":0.0,
        "r":0.0,
        "f":0.0
      },
      "advcl":{
        "p":0.0062606716,
        "r":0.0043052838,
        "f":0.0051020408
      },
      "case":{
        "p":0.542182991,
        "r":0.5134222794,
        "f":0.5274108322
      },
      "nsubj":{
        "p":0.0353488372,
        "r":0.017419207,
        "f":0.0233379395
      },
      "obl":{
        "p":0.0420628061,
        "r":0.0295546559,
        "f":0.0347164428
      },
      "acl:relcl":{
        "p":0.0,
        "r":0.0,
        "f":0.0
      },
      "nmod":{
        "p":0.0545716343,
        "r":0.0852451642,
        "f":0.0665437626
      },
      "obj":{
        "p":0.0164986251,
        "r":0.0180360721,
        "f":0.0172331259
      },
      "dep":{
        "p":0.0,
        "r":0.0,
        "f":0.0
      },
      "advmod":{
        "p":0.0137946135,
        "r":0.0281627179,
        "f":0.0185185185
      },
      "appos":{
        "p":0.0051295204,
        "r":0.0236127509,
        "f":0.00842815
      },
      "acl":{
        "p":0.0073239437,
        "r":0.0096870343,
        "f":0.0083413539
      },
      "csubj:pass":{
        "p":0.0,
        "r":0.0,
        "f":0.0
      },
      "cop":{
        "p":0.0329985653,
        "r":0.0138805069,
        "f":0.0195412065
      },
      "fixed":{
        "p":0.0058207218,
        "r":0.0518134715,
        "f":0.0104657248
      },
      "advmod:lmod":{
        "p":0.0,
        "r":0.0,
        "f":0.0
      },
      "det":{
        "p":0.1345062429,
        "r":0.0572325525,
        "f":0.0802981535
      },
      "obl:arg":{
        "p":0.0148514851,
        "r":0.002962963,
        "f":0.0049403047
      },
      "conj":{
        "p":0.0375905099,
        "r":0.0690240453,
        "f":0.048673449
      },
      "xcomp":{
        "p":0.0027359781,
        "r":0.0017636684,
        "f":0.0021447721
      },
      "ccomp:relcl":{
        "p":0.0,
        "r":0.0,
        "f":0.0
      },
      "orphan":{
        "p":0.0021929825,
        "r":0.0205479452,
        "f":0.0039630119
      },
      "nummod":{
        "p":0.002661344,
        "r":0.0158102767,
        "f":0.0045558087
      },
      "dislocated":{
        "p":0.0,
        "r":0.0,
        "f":0.0
      },
      "discourse":{
        "p":0.1635160681,
        "r":0.1362204724,
        "f":0.1486254296
      },
      "csubj":{
        "p":0.0,
        "r":0.0,
        "f":0.0
      },
      "advmod:emph":{
        "p":0.0,
        "r":0.0,
        "f":0.0
      },
      "flat:name":{
        "p":0.0,
        "r":0.0,
        "f":0.0
      },
      "flat":{
        "p":0.0,
        "r":0.0,
        "f":0.0
      },
      "dislocated:obj":{
        "p":0.0,
        "r":0.0,
        "f":0.0
      },
      "compound":{
        "p":0.0,
        "r":0.0,
        "f":0.0
      },
      "obl:agent":{
        "p":0.0,
        "r":0.0,
        "f":0.0
      },
      "ccomp:reported":{
        "p":0.0,
        "r":0.0,
        "f":0.0
      },
      "parataxis":{
        "p":0.0,
        "r":0.0,
        "f":0.0
      },
      "ccomp":{
        "p":0.0,
        "r":0.0,
        "f":0.0
      },
      "aux:pass":{
        "p":0.0,
        "r":0.0,
        "f":0.0
      },
      "csubj:relcl":{
        "p":0.0,
        "r":0.0,
        "f":0.0
      },
      "advcl:abs":{
        "p":0.0,
        "r":0.0,
        "f":0.0
      },
      "aux":{
        "p":0.0,
        "r":0.0,
        "f":0.0
      },
      "conj:expl":{
        "p":0.0,
        "r":0.0,
        "f":0.0
      },
      "advcl:cmp":{
        "p":0.0,
        "r":0.0,
        "f":0.0
      },
      "advcl:pred":{
        "p":0.0,
        "r":0.0,
        "f":0.0
      },
      "obl:lmod":{
        "p":0.0,
        "r":0.0,
        "f":0.0
      },
      "dislocated:nsubj":{
        "p":0.0,
        "r":0.0,
        "f":0.0
      },
      "vocative":{
        "p":0.0,
        "r":0.0,
        "f":0.0
      },
      "advmod:tmod":{
        "p":0.0,
        "r":0.0,
        "f":0.0
      },
      "expl:pv":{
        "p":0.0,
        "r":0.0,
        "f":0.0
      },
      "expl:pass":{
        "p":0.0,
        "r":0.0,
        "f":0.0
      },
      "reparandum":{
        "p":0.0,
        "r":0.0,
        "f":0.0
      },
      "advcl:relcl":{
        "p":0.0,
        "r":0.0,
        "f":0.0
      },
      "obl:tmod":{
        "p":0.0,
        "r":0.0,
        "f":0.0
      },
      "nsubj:outer":{
        "p":0.0,
        "r":0.0,
        "f":0.0
      },
      "obl:cmp":{
        "p":0.0,
        "r":0.0,
        "f":0.0
      },
      "cop:outer":{
        "p":0.0,
        "r":0.0,
        "f":0.0
      },
      "csubj:outer":{
        "p":0.0,
        "r":0.0,
        "f":0.0
      },
      "flat:foreign":{
        "p":0.0,
        "r":0.0,
        "f":0.0
      },
      "parataxis:reporting":{
        "p":0.0,
        "r":0.0,
        "f":0.0
      },
      "csubj:cleft":{
        "p":0.0,
        "r":0.0,
        "f":0.0
      },
      "csubj:reported":{
        "p":0.0,
        "r":0.0,
        "f":0.0
      },
      "iobj":{
        "p":0.0,
        "r":0.0,
        "f":0.0
      },
      "dislocated:csubj":{
        "p":0.0,
        "r":0.0,
        "f":0.0
      }
    }
  },
  "trainable_lemmatizer":{
    "lemma_acc":0.4635179435
  },
  "tagger":{
    "tag_acc":0.0
  },
  "morphologizer":{
    "pos_acc":0.2339325289,
    "morph_acc":0.1856921367,
    "morph_micro_p":0.2816146872,
    "morph_micro_r":0.1755592351,
    "morph_micro_f":0.2162855607,
    "morph_per_feat":{
      "Case":{
        "p":0.2353575631,
        "r":0.2085191406,
        "f":0.2211269768
      },
      "Gender":{
        "p":0.2628759649,
        "r":0.2320956466,
        "f":0.2465287528
      },
      "InflClass":{
        "p":0.0,
        "r":0.0,
        "f":0.0
      },
      "Number":{
        "p":0.5750572366,
        "r":0.4368477954,
        "f":0.4965139575
      },
      "Polarity":{
        "p":0.0909090909,
        "r":0.0007336757,
        "f":0.0014556041
      },
      "Aspect":{
        "p":0.161682243,
        "r":0.0173294601,
        "f":0.0313037184
      },
      "Mood":{
        "p":0.2614942529,
        "r":0.0736365108,
        "f":0.1149134992
      },
      "Person":{
        "p":0.2142552283,
        "r":0.0600981683,
        "f":0.0938668661
      },
      "Tense":{
        "p":0.097960051,
        "r":0.0746075417,
        "f":0.0847037207
      },
      "VerbForm":{
        "p":0.1860662702,
        "r":0.0689492326,
        "f":0.1006144834
      },
      "Voice":{
        "p":0.2080322992,
        "r":0.1024058577,
        "f":0.1372494042
      },
      "PronType":{
        "p":0.2015564202,
        "r":0.023438914,
        "f":0.0419943251
      },
      "Variant":{
        "p":0.0,
        "r":0.0,
        "f":0.0
      },
      "Degree":{
        "p":0.0001072156,
        "r":0.0012690355,
        "f":0.0001977261
      },
      "Reflex":{
        "p":0.0,
        "r":0.0,
        "f":0.0
      },
      "InflClass[nominal]":{
        "p":0.0,
        "r":0.0,
        "f":0.0
      },
      "AdvType":{
        "p":0.0,
        "r":0.0,