{
  "tokenizer":{
    "token_acc":0.9996152111,
    "token_p":0.9922378791,
    "token_r":0.9963360691,
    "token_f":0.9942827512
  },
  "transformer":{

  },
  "parser":{
    "sents_p":0.0364897467,
    "sents_r":0.0962354189,
    "sents_f":0.0529154519,
    "dep_uas":0.2448590494,
    "dep_las":0.1074572556,
    "dep_las_per_type":{
      "root":{
        "p":0.1539846015,
        "r":0.408271474,
        "f":0.2236259348
      },
      "cc":{
        "p":0.2389669007,
        "r":0.2835465635,
        "f":0.2593550143
      },
      "mark":{
        "p":0.1089494163,
        "r":0.008006863,
        "f":0.0149174214
      },
      "amod":{
        "p":0.0248739496,
        "r":0.0267148014,
        "f":0.0257615318
      },
      "nsubj:pass":{
        "p":0.0,
        "r":0.0,
        "f":0.0
      },
      "advmod:neg":{
        "p":0.0,
        "r":0.0,
        "f":0.0
      },
      "advcl":{
        "p":0.0067014147,
        "r":0.0035225049,
        "f":0.0046177527
      },
      "case":{
        "p":0.5525106383,
        "r":0.5217810641,
        "f":0.5367063492
      },
      "nsubj":{
        "p":0.033592535,
        "r":0.0247536099,
        "f":0.0285035629
      },
      "obl":{
        "p":0.0574776786,
        "r":0.0208502024,
        "f":0.0306001188
      },
      "acl:relcl":{
        "p":0.0,
        "r":0.0,
        "f":0.0
      },
      "nmod":{
        "p":0.0535166458,
        "r":0.1059379217,
        "f":0.0711104401
      },
      "obj":{
        "p":0.0195121951,
        "r":0.0220440882,
        "f":0.0207010115
      },
      "acl":{
        "p":0.0115869018,
        "r":0.0171385991,
        "f":0.0138262699
      },
      "advmod":{
        "p":0.0164420485,
        "r":0.0272686634,
        "f":0.0205145451
      },
      "appos":{
        "p":0.0076259947,
        "r":0.0271546635,
        "f":0.0119078436
      },
      "fixed":{
        "p":0.0125404531,
        "r":0.0803108808,
        "f":0.021693492
      },
      "conj":{
        "p":0.032735891,
        "r":0.0625176803,
        "f":0.0429710286
      },
      "csubj:pass":{
        "p":0.0,
        "r":0.0,
        "f":0.0
      },
      "cop":{
        "p":0.0543352601,
        "r":0.0283645142,
        "f":0.0372720063
      },
      "advmod:lmod":{
        "p":0.0,
        "r":0.0,
        "f":0.0
      },
      "det":{
        "p":0.1169019182,
        "r":0.078000483,
        "f":0.0935689455
      },
      "obl:arg":{
        "p":0.0052910053,
        "r":0.0014814815,
        "f":0.0023148148
      },
      "xcomp":{
        "p":0.0158730159,
        "r":0.0097001764,
        "f":0.0120415982
      },
      "ccomp:relcl":{
        "p":0.0,
        "r":0.0,
        "f":0.0
      },
      "dep":{
        "p":0.0003947109,
        "r":0.1176470588,
        "f":0.0007867821
      },
      "parataxis":{
        "p":0.0,
        "r":0.0,
        "f":0.0
      },
      "flat:name":{
        "p":0.0,
        "r":0.0,
        "f":0.0
      },
      "nummod":{
        "p":0.0031897927,
        "r":0.0158102767,
        "f":0.0053085601
      },
      "advcl:cmp":{
        "p":0.0,
        "r":0.0,
        "f":0.0
      },
      "discourse":{
        "p":0.1896929825,
        "r":0.1362204724,
        "f":0.1585701192
      },
      "orphan":{
        "p":0.0012679628,
        "r":0.0205479452,
        "f":0.002388535
      },
      "csubj":{
        "p":0.0,
        "r":0.0,
        "f":0.0
      },
      "advmod:emph":{
        "p":0.0,
        "r":0.0,
        "f":0.0
      },
      "flat":{
        "p":0.0,
        "r":0.0,
        "f":0.0
      },
      "dislocated:obj":{
        "p":0.0,
        "r":0.0,
        "f":0.0
      },
      "compound":{
        "p":0.0,
        "r":0.0,
        "f":0.0
      },
      "vocative":{
        "p":0.0,
        "r":0.0,
        "f":0.0
      },
      "dislocated":{
        "p":0.0,
        "r":0.0,
        "f":0.0
      },
      "ccomp:reported":{
        "p":0.0,
        "r":0.0,
        "f":0.0
      },
      "ccomp":{
        "p":0.0,
        "r":0.0,
        "f":0.0
      },
      "aux:pass":{
        "p":0.0,
        "r":0.0,
        "f":0.0
      },
      "csubj:relcl":{
        "p":0.0,
        "r":0.0,
        "f":0.0
      },
      "advcl:abs":{
        "p":0.0,
        "r":0.0,
        "f":0.0
      },
      "aux":{
        "p":0.0,
        "r":0.0,
        "f":0.0
      },
      "conj:expl":{
        "p":0.0,
        "r":0.0,
        "f":0.0
      },
      "obl:agent":{
        "p":0.0,
        "r":0.0,
        "f":0.0
      },
      "advcl:pred":{
        "p":0.0,
        "r":0.0,
        "f":0.0
      },
      "obl:lmod":{
        "p":0.0,
        "r":0.0,
        "f":0.0
      },
      "dislocated:nsubj":{
        "p":0.0,
        "r":0.0,
        "f":0.0
      },
      "advmod:tmod":{
        "p":0.0,
        "r":0.0,
        "f":0.0
      },
      "expl:pass":{
        "p":0.0,
        "r":0.0,
        "f":0.0
      },
      "reparandum":{
        "p":0.0,
        "r":0.0,
        "f":0.0
      },
      "advcl:relcl":{
        "p":0.0,
        "r":0.0,
        "f":0.0
      },
      "expl:pv":{
        "p":0.0,
        "r":0.0,
        "f":0.0
      },
      "obl:tmod":{
        "p":0.0,
        "r":0.0,
        "f":0.0
      },
      "nsubj:outer":{
        "p":0.0,
        "r":0.0,
        "f":0.0
      },
      "obl:cmp":{
        "p":0.0,
        "r":0.0,
        "f":0.0
      },
      "cop:outer":{
        "p":0.0,
        "r":0.0,
        "f":0.0
      },
      "csubj:outer":{
        "p":0.0,
        "r":0.0,
        "f":0.0
      },
      "flat:foreign":{
        "p":0.0,
        "r":0.0,
        "f":0.0
      },
      "parataxis:reporting":{
        "p":0.0,
        "r":0.0,
        "f":0.0
      },
      "csubj:cleft":{
        "p":0.0,
        "r":0.0,
        "f":0.0
      },
      "csubj:reported":{
        "p":0.0,
        "r":0.0,
        "f":0.0
      },
      "iobj":{
        "p":0.0,
        "r":0.0,
        "f":0.0
      },
      "dislocated:csubj":{
        "p":0.0,
        "r":0.0,
        "f":0.0
      }
    }
  },
  "trainable_lemmatizer":{
    "lemma_acc":0.4707892812
  },
  "tagger":{
    "tag_acc":0.0
  },
  "speed":4229.5990644452
}