{
  "tokenizer":{
    "token_acc":1.0,
    "token_p":1.0,
    "token_r":1.0,
    "token_f":1.0
  },
  "transformer":{

  },
  "parser":{
    "sents_p":0.0103270224,
    "sents_r":0.03,
    "sents_f":0.0153649168,
    "dep_uas":0.2198607549,
    "dep_las":0.1000366435,
    "dep_las_per_type":{
      "obl":{
        "p":0.0,
        "r":0.0,
        "f":0.0
      },
      "vocative":{
        "p":0.0,
        "r":0.0,
        "f":0.0
      },
      "advmod":{
        "p":0.0833333333,
        "r":0.0138888889,
        "f":0.0238095238
      },
      "case":{
        "p":0.0086956522,
        "r":0.0243902439,
        "f":0.0128205128
      },
      "acl":{
        "p":0.0333333333,
        "r":0.0086206897,
        "f":0.0136986301
      },
      "conj":{
        "p":0.01875,
        "r":0.0170454545,
        "f":0.0178571429
      },
      "amod":{
        "p":0.0,
        "r":0.0,
        "f":0.0
      },
      "obj":{
        "p":0.0166666667,
        "r":0.0046082949,
        "f":0.0072202166
      },
      "root":{
        "p":0.2099827883,
        "r":0.61,
        "f":0.3124199744
      },
      "nsubj":{
        "p":0.0428015564,
        "r":0.0344827586,
        "f":0.0381944444
      },
      "nmod":{
        "p":0.009478673,
        "r":0.0128205128,
        "f":0.0108991826
      },
      "appos":{
        "p":0.0,
        "r":0.0,
        "f":0.0
      },
      "orphan":{
        "p":0.0094339623,
        "r":0.0416666667,
        "f":0.0153846154
      },
      "det":{
        "p":0.0303030303,
        "r":0.0256410256,
        "f":0.0277777778
      },
      "nummod":{
        "p":0.0,
        "r":0.0,
        "f":0.0
      },
      "cop":{
        "p":0.0,
        "r":0.0,
        "f":0.0
      },
      "iobj":{
        "p":0.0,
        "r":0.0,
        "f":0.0
      },
      "xcomp":{
        "p":0.0,
        "r":0.0,
        "f":0.0
      },
      "discourse":{
        "p":0.0909090909,
        "r":0.032967033,
        "f":0.0483870968
      },
      "cc":{
        "p":0.0,
        "r":0.0,
        "f":0.0
      },
      "fixed":{
        "p":0.0,
        "r":0.0,
        "f":0.0
      },
      "advcl":{
        "p":0.0,
        "r":0.0,
        "f":0.0
      },
      "ccomp":{
        "p":0.0,
        "r":0.0,
        "f":0.0
      },
      "mark":{
        "p":0.0,
        "r":0.0,
        "f":0.0
      },
      "dislocated":{
        "p":0.0,
        "r":0.0,
        "f":0.0
      },
      "dep":{
        "p":0.0,
        "r":0.0,
        "f":0.0
      },
      "parataxis":{
        "p":0.0,
        "r":0.0,
        "f":0.0
      },
      "obl:arg":{
        "p":0.0,
        "r":0.0,
        "f":0.0
      },
      "aux":{
        "p":0.0,
        "r":0.0,
        "f":0.0
      },
      "flat:name":{
        "p":0.0,
        "r":0.0,
        "f":0.0
      },
      "compound":{
        "p":0.0,
        "r":0.0,
        "f":0.0
      },
      "advcl:cmp":{
        "p":0.0,
        "r":0.0,
        "f":0.0
      },
      "flat":{
        "p":0.0,
        "r":0.0,
        "f":0.0
      },
      "csubj":{
        "p":0.0,
        "r":0.0,
        "f":0.0
      },
      "obl:agent":{
        "p":0.0,
        "r":0.0,
        "f":0.0
      }
    }
  },
  "trainable_lemmatizer":{
    "lemma_acc":0.2422132649
  },
  "tagger":{
    "tag_acc":0.0
  },
  "speed":811.6248617938
}