{
  "tokenizer":{
    "token_acc":0.9981644203,
    "token_p":0.9974335877,
    "token_r":0.9959947049,
    "token_f":0.996713627
  },
  "transformer":{

  },
  "parser":{
    "sents_p":0.0187038361,
    "sents_r":0.0575513196,
    "sents_f":0.0282323323,
    "dep_uas":0.2335711266,
    "dep_las":0.0689946747,
    "dep_las_per_type":{
      "root":{
        "p":0.1090171756,
        "r":0.3349212166,
        "f":0.1644920364
      },
      "nsubj":{
        "p":0.0559683011,
        "r":0.0189216343,
        "f":0.028281817
      },
      "advmod":{
        "p":0.0794438928,
        "r":0.0577756379,
        "f":0.0668989547
      },
      "mark":{
        "p":0.08,
        "r":0.0038424592,
        "f":0.0073327223
      },
      "acl":{
        "p":0.0028571429,
        "r":0.0065019506,
        "f":0.0039698293
      },
      "compound:prt":{
        "p":0.0,
        "r":0.0,
        "f":0.0
      },
      "obj":{
        "p":0.0191860465,
        "r":0.0116648993,
        "f":0.0145086832
      },
      "fixed":{
        "p":0.000394011,
        "r":0.015625,
        "f":0.0007686395
      },
      "det":{
        "p":0.0117647059,
        "r":0.0299921073,
        "f":0.0169001557
      },
      "nmod":{
        "p":0.0015288182,
        "r":0.1123595506,
        "f":0.0030165913
      },
      "cc":{
        "p":0.4230903383,
        "r":0.3454856166,
        "f":0.380370022
      },
      "conj":{
        "p":0.037449118,
        "r":0.0913000331,
        "f":0.053112672
      },
      "case":{
        "p":0.3808007279,
        "r":0.1703990228,
        "f":0.235443038
      },
      "amod":{
        "p":0.0064102564,
        "r":0.0044679123,
        "f":0.0052656774
      },
      "obl":{
        "p":0.0664383562,
        "r":0.0169817927,
        "f":0.0270496375
      },
      "nmod:poss":{
        "p":0.0,
        "r":0.0,
        "f":0.0
      },
      "parataxis":{
        "p":0.0,
        "r":0.0,
        "f":0.0
      },
      "orphan":{
        "p":0.0,
        "r":0.0,
        "f":0.0
      },
      "aux":{
        "p":0.0,
        "r":0.0,
        "f":0.0
      },
      "advcl":{
        "p":0.0022172949,
        "r":0.0008635579,
        "f":0.0012430081
      },
      "iobj":{
        "p":0.0,
        "r":0.0,
        "f":0.0
      },
      "acl:relcl":{
        "p":0.0,
        "r":0.0,
        "f":0.0
      },
      "xcomp":{
        "p":0.0020533881,
        "r":0.0024937656,
        "f":0.0022522523
      },
      "dep":{
        "p":0.000589391,
        "r":0.0141509434,
        "f":0.0011316484
      },
      "ccomp":{
        "p":0.0,
        "r":0.0,
        "f":0.0
      },
      "obl:arg":{
        "p":0.0,
        "r":0.0,
        "f":0.0
      },
      "appos":{
        "p":0.0040147206,
        "r":0.0187793427,
        "f":0.006615215
      },
      "cop":{
        "p":0.0545454545,
        "r":0.0090470446,
        "f":0.0155199172
      },
      "expl":{
        "p":0.0,
        "r":0.0,
        "f":0.0
      },
      "nummod":{
        "p":0.0028680688,
        "r":0.0153061224,
        "f":0.0048309179
      },
      "vocative":{
        "p":0.0,
        "r":0.0,
        "f":0.0
      },
      "dislocated":{
        "p":0.0,
        "r":0.0,
        "f":0.0
      },
      "obl:agent":{
        "p":0.0,
        "r":0.0,
        "f":0.0
      },
      "flat:name":{
        "p":0.0,
        "r":0.0,
        "f":0.0
      },
      "advcl:cmp":{
        "p":0.0,
        "r":0.0,
        "f":0.0
      },
      "flat:foreign":{
        "p":0.0,
        "r":0.0,
        "f":0.0
      },
      "discourse":{
        "p":0.0,
        "r":0.0,
        "f":0.0
      },
      "expl:pv":{
        "p":0.0,
        "r":0.0,
        "f":0.0
      },
      "nsubj:outer":{
        "p":0.0,
        "r":0.0,
        "f":0.0
      },
      "nsubj:pass":{
        "p":0.0,
        "r":0.0,
        "f":0.0
      },
      "csubj":{
        "p":0.0,
        "r":0.0,
        "f":0.0
      }
    }
  },
  "trainable_lemmatizer":{
    "lemma_acc":0.4950234167
  },
  "tagger":{
    "tag_acc":0.0
  },
  "speed":4053.2150024899
}