{
  "tokenizer":{
    "token_acc":0.9995570601,
    "token_p":0.9645015345,
    "token_r":0.9836092021,
    "token_f":0.9739616613
  },
  "transformer":{

  },
  "parser":{
    "sents_p":0.4876190476,
    "sents_r":0.6617124394,
    "sents_f":0.5614804661,
    "dep_uas":0.5130324014,
    "dep_las":0.3884234329,
    "dep_las_per_type":{
      "discourse":{
        "p":0.4251336898,
        "r":0.4428969359,
        "f":0.4338335607
      },
      "vocative":{
        "p":0.1686046512,
        "r":0.1457286432,
        "f":0.1563342318
      },
      "root":{
        "p":0.4695875087,
        "r":0.6510500808,
        "f":0.5456268616
      },
      "advmod":{
        "p":0.4730134933,
        "r":0.3941286696,
        "f":0.4299829642
      },
      "advcl":{
        "p":0.221719457,
        "r":0.2142076503,
        "f":0.2178988327
      },
      "expl:pv":{
        "p":0.8981900452,
        "r":0.775390625,
        "f":0.8322851153
      },
      "obl:arg":{
        "p":0.2016528926,
        "r":0.2378167641,
        "f":0.2182468694
      },
      "dep":{
        "p":0.0111642743,
        "r":0.0463576159,
        "f":0.0179948586
      },
      "advcl:cmp":{
        "p":0.0294117647,
        "r":0.025,
        "f":0.027027027
      },
      "obj":{
        "p":0.2964426877,
        "r":0.2697841727,
        "f":0.2824858757
      },
      "case":{
        "p":0.7998622115,
        "r":0.6923076923,
        "f":0.7422087262
      },
      "obl":{
        "p":0.4643458731,
        "r":0.3145682769,
        "f":0.3750566893
      },
      "nummod":{
        "p":0.1152073733,
        "r":0.1358695652,
        "f":0.1246882793
      },
      "conj":{
        "p":0.207046858,
        "r":0.2430703625,
        "f":0.2236171047
      },
      "nsubj":{
        "p":0.2906774754,
        "r":0.2649076517,
        "f":0.2771949199
      },
      "appos":{
        "p":0.0652985075,
        "r":0.0985915493,
        "f":0.0785634119
      },
      "obl:agent":{
        "p":0.05,
        "r":0.0192307692,
        "f":0.0277777778
      },
      "det":{
        "p":0.4322493225,
        "r":0.4961119751,
        "f":0.4619840695
      },
      "flat:name":{
        "p":0.0222222222,
        "r":0.0097087379,
        "f":0.0135135135
      },
      "cc":{
        "p":0.6124544551,
        "r":0.6159227182,
        "f":0.6141836904
      },
      "amod":{
        "p":0.3157894737,
        "r":0.2631578947,
        "f":0.2870813397
      },
      "nmod":{
        "p":0.0685071575,
        "r":0.1416490486,
        "f":0.0923501034
      },
      "dislocated":{
        "p":0.0247933884,
        "r":0.0303030303,
        "f":0.0272727273
      },
      "xcomp":{
        "p":0.1748807631,
        "r":0.316091954,
        "f":0.2251791198
      },
      "parataxis":{
        "p":0.1086956522,
        "r":0.0543478261,
        "f":0.0724637681
      },
      "expl":{
        "p":0.0,
        "r":0.0,
        "f":0.0
      },
      "mark":{
        "p":0.4047619048,
        "r":0.425,
        "f":0.4146341463
      },
      "cop":{
        "p":0.3275862069,
        "r":0.2950310559,
        "f":0.3104575163
      },
      "nsubj:pass":{
        "p":0.4761904762,
        "r":0.0917431193,
        "f":0.1538461538
      },
      "ccomp":{
        "p":0.223880597,
        "r":0.1515151515,
        "f":0.1807228916
      },
      "aux":{
        "p":0.6304347826,
        "r":0.1946308725,
        "f":0.2974358974
      },
      "acl":{
        "p":0.0410958904,
        "r":0.0792951542,
        "f":0.0541353383
      },
      "aux:pass":{
        "p":0.0,
        "r":0.0,
        "f":0.0
      },
      "iobj":{
        "p":0.0,
        "r":0.0,
        "f":0.0
      },
      "orphan":{
        "p":0.0476190476,
        "r":0.0743801653,
        "f":0.0580645161
      },
      "fixed":{
        "p":0.0061728395,
        "r":0.0135135135,
        "f":0.0084745763
      },
      "nummod:gov":{
        "p":0.0,
        "r":0.0,
        "f":0.0
      },
      "list":{
        "p":0.0,
        "r":0.0,
        "f":0.0
      },
      "csubj":{
        "p":0.3333333333,
        "r":0.1,
        "f":0.1538461538
      },
      "flat":{
        "p":0.0,
        "r":0.0,
        "f":0.0
      },
      "acl:relcl":{
        "p":0.0,
        "r":0.0,
        "f":0.0
      },
      "nsubj:outer":{
        "p":0.0,
        "r":0.0,
        "f":0.0
      },
      "compound":{
        "p":0.0,
        "r":0.0,
        "f":0.0
      },
      "csubj:pass":{
        "p":0.0,
        "r":0.0,
        "f":0.0
      },
      "reparandum":{
        "p":0.0,
        "r":0.0,
        "f":0.0
      },
      "goeswith":{
        "p":0.0,
        "r":0.0,
        "f":0.0
      }
    }
  },
  "trainable_lemmatizer":{
    "lemma_acc":0.4052134975
  },
  "tagger":{
    "tag_acc":0.4021331796
  },
  "speed":2142.6049716868
}