{
  "tokenizer":{
    "token_acc":0.9987632593,
    "token_p":0.9895828378,
    "token_r":0.9929125403,
    "token_f":0.9912448929
  },
  "transformer":{

  },
  "parser":{
    "sents_p":0.2702962678,
    "sents_r":0.4532258065,
    "sents_f":0.3386358159,
    "dep_uas":0.2753924256,
    "dep_las":0.0840969953,
    "dep_las_per_type":{
      "nsubj":{
        "p":0.050212766,
        "r":0.0214389535,
        "f":0.030048383
      },
      "case":{
        "p":0.1583769634,
        "r":0.1351451973,
        "f":0.1458417035
      },
      "obl":{
        "p":0.0493441599,
        "r":0.0293353138,
        "f":0.0367955286
      },
      "root":{
        "p":0.2113977667,
        "r":0.3541935484,
        "f":0.264769713
      },
      "det":{
        "p":0.1979332273,
        "r":0.053849481,
        "f":0.0846650799
      },
      "flat:name":{
        "p":0.0,
        "r":0.0,
        "f":0.0
      },
      "advcl":{
        "p":0.0028089888,
        "r":0.0009803922,
        "f":0.0014534884
      },
      "cop":{
        "p":0.0550161812,
        "r":0.033530572,
        "f":0.0416666667
      },
      "acl":{
        "p":0.0015810277,
        "r":0.0040322581,
        "f":0.0022714367
      },
      "advmod":{
        "p":0.0880794702,
        "r":0.0657276995,
        "f":0.0752794679
      },
      "xcomp":{
        "p":0.0173913043,
        "r":0.0082644628,
        "f":0.0112044818
      },
      "fixed":{
        "p":0.0,
        "r":0.0,
        "f":0.0
      },
      "dep":{
        "p":0.0,
        "r":0.0,
        "f":0.0
      },
      "nmod":{
        "p":0.0419655667,
        "r":0.0383732371,
        "f":0.0400890869
      },
      "obj":{
        "p":0.0329581994,
        "r":0.0130656469,
        "f":0.0187129165
      },
      "cc":{
        "p":0.2337358785,
        "r":0.2372479241,
        "f":0.2354788069
      },
      "conj":{
        "p":0.0420630946,
        "r":0.1197718631,
        "f":0.0622606547
      },
      "appos":{
        "p":0.0017338535,
        "r":0.0163934426,
        "f":0.0031360251
      },
      "amod":{
        "p":0.0126168224,
        "r":0.0541082164,
        "f":0.0204622963
      },
      "mark":{
        "p":0.0636363636,
        "r":0.0103857567,
        "f":0.0178571429
      },
      "nummod":{
        "p":0.0028328612,
        "r":0.0090909091,
        "f":0.0043196544
      },
      "nsubj:pass":{
        "p":0.0,
        "r":0.0,
        "f":0.0
      },
      "obl:arg":{
        "p":0.0684410646,
        "r":0.0302013423,
        "f":0.0419091967
      },
      "dislocated":{
        "p":0.0,
        "r":0.0,
        "f":0.0
      },
      "csubj":{
        "p":0.0,
        "r":0.0,
        "f":0.0
      },
      "discourse":{
        "p":0.1855760774,
        "r":0.1704361874,
        "f":0.1776842105
      },
      "orphan":{
        "p":0.0017636684,
        "r":0.0181818182,
        "f":0.0032154341
      },
      "ccomp":{
        "p":0.0,
        "r":0.0,
        "f":0.0
      },
      "parataxis":{
        "p":0.0,
        "r":0.0,
        "f":0.0
      },
      "iobj":{
        "p":0.0,
        "r":0.0,
        "f":0.0
      },
      "vocative":{
        "p":0.0,
        "r":0.0,
        "f":0.0
      },
      "obl:agent":{
        "p":0.0,
        "r":0.0,
        "f":0.0
      },
      "advcl:cmp":{
        "p":0.0,
        "r":0.0,
        "f":0.0
      },
      "expl:pv":{
        "p":0.0,
        "r":0.0,
        "f":0.0
      },
      "nsubj:outer":{
        "p":0.0,
        "r":0.0,
        "f":0.0
      },
      "csubj:pass":{
        "p":0.0,
        "r":0.0,
        "f":0.0
      },
      "aux:pass":{
        "p":0.0,
        "r":0.0,
        "f":0.0
      },
      "aux":{
        "p":0.0,
        "r":0.0,
        "f":0.0
      }
    }
  },
  "trainable_lemmatizer":{
    "lemma_acc":0.2015995423
  },
  "tagger":{
    "tag_acc":0.070463355
  },
  "morphologizer":{
    "pos_acc":0.2554891648,
    "morph_acc":0.1856885463,
    "morph_micro_p":0.2957275671,
    "morph_micro_r":0.1893740489,
    "morph_micro_f":0.2308923529,
    "morph_per_feat":{
      "Case":{
        "p":0.2279655808,
        "r":0.1673509904,
        "f":0.1930112143
      },
      "Gender":{
        "p":0.3111864407,
        "r":0.2293332122,
        "f":0.2640621323
      },
      "Number":{
        "p":0.5310121549,
        "r":0.3441434146,
        "f":0.4176270884
      },
      "Aspect":{
        "p":0.1581685744,
        "r":0.0500658762,
        "f":0.0760570428
      },
      "Mood":{
        "p":0.3666915609,
        "r":0.0980627122,
        "f":0.1547431453
      },
      "Person":{
        "p":0.3163522013,
        "r":0.0766651425,
        "f":0.1234204392
      },
      "Tense":{
        "p":0.2316852187,
        "r":0.1097890088,
        "f":0.1489804411
      },
      "VerbForm":{
        "p":0.2046042421,
        "r":0.0970076036,
        "f":0.1316139767
      },
      "Voice":{
        "p":0.3429976702,
        "r":0.1627364284,
        "f":0.2207413578
      },
      "Definite":{
        "p":0.0,
        "r":0.0,
        "f":0.0
      },
      "PronType":{
        "p":0.2060150376,
        "r":0.0292735043,
        "f":0.0512628625
      },
      "Degree":{
        "p":0.0491143317,
        "r":0.1900311526,
        "f":0.0780550224
      },
      "Variant":{
        "p":0.0,
        "r":0.0,
        "f":0.0
      },
      "Polarity":{
        "p":0.1,
        "r":0.0076530612,
        "f":0.0142180095
      },
      "Poss":{
        "p":0.0,
        "r":0.0,
        "f":0.0
      },
      "Reflex":{
        "p":0.0,
        "r":0.0,
        "f":0.0
      }
    }
  },
  "speed":4069.7003058447
}