{
  "tokenizer":{
    "token_acc":0.9996132525,
    "token_p":0.9992265051,
    "token_r":0.9990547798,
    "token_f":0.9991406351
  },
  "transformer":{

  },
  "parser":{
    "sents_p":0.1842562702,
    "sents_r":0.3540076336,
    "sents_f":0.2423648538,
    "dep_uas":0.3106787703,
    "dep_las":0.1474500628,
    "dep_las_per_type":{
      "ccomp":{
        "p":0.0,
        "r":0.0,
        "f":0.0
      },
      "nsubj":{
        "p":0.0769800148,
        "r":0.0562770563,
        "f":0.0650203188
      },
      "root":{
        "p":0.2329446787,
        "r":0.4479961832,
        "f":0.3065121593
      },
      "cop":{
        "p":0.0384615385,
        "r":0.0136986301,
        "f":0.0202020202
      },
      "advmod":{
        "p":0.0454545455,
        "r":0.0353741497,
        "f":0.0397857689
      },
      "nmod":{
        "p":0.0542817033,
        "r":0.1276127613,
        "f":0.0761654629
      },
      "fixed":{
        "p":0.0027472527,
        "r":0.0273972603,
        "f":0.0049937578
      },
      "obj":{
        "p":0.0585365854,
        "r":0.02200489,
        "f":0.0319857841
      },
      "case":{
        "p":0.5959021059,
        "r":0.6087209302,
        "f":0.6022433132
      },
      "obl":{
        "p":0.1598984772,
        "r":0.0370806357,
        "f":0.0602006689
      },
      "orphan":{
        "p":0.0017271157,
        "r":0.0185185185,
        "f":0.0031595577
      },
      "discourse":{
        "p":0.3459459459,
        "r":0.1695364238,
        "f":0.2275555556
      },
      "nsubj:pass":{
        "p":0.0,
        "r":0.0,
        "f":0.0
      },
      "acl":{
        "p":0.0025252525,
        "r":0.0018975332,
        "f":0.0021668472
      },
      "xcomp":{
        "p":0.0093457944,
        "r":0.0056022409,
        "f":0.0070052539
      },
      "cc":{
        "p":0.3276748971,
        "r":0.3855932203,
        "f":0.3542825362
      },
      "conj":{
        "p":0.0551356158,
        "r":0.0897250362,
        "f":0.0683007436
      },
      "advcl":{
        "p":0.0049751244,
        "r":0.000853971,
        "f":0.0014577259
      },
      "amod":{
        "p":0.0218687873,
        "r":0.0168970814,
        "f":0.0190641248
      },
      "det":{
        "p":0.1075612354,
        "r":0.0962821735,
        "f":0.1016096579
      },
      "nsubj:outer":{
        "p":0.0,
        "r":0.0,
        "f":0.0
      },
      "mark":{
        "p":0.2658227848,
        "r":0.0267175573,
        "f":0.0485549133
      },
      "aux":{
        "p":0.0,
        "r":0.0,
        "f":0.0
      },
      "obl:agent":{
        "p":0.0,
        "r":0.0,
        "f":0.0
      },
      "parataxis":{
        "p":0.0,
        "r":0.0,
        "f":0.0
      },
      "dep":{
        "p":0.0,
        "r":0.0,
        "f":0.0
      },
      "nummod":{
        "p":0.0039370079,
        "r":0.0098039216,
        "f":0.0056179775
      },
      "flat:name":{
        "p":0.0,
        "r":0.0,
        "f":0.0
      },
      "dislocated":{
        "p":0.0,
        "r":0.0,
        "f":0.0
      },
      "appos":{
        "p":0.006684492,
        "r":0.0306748466,
        "f":0.0109769484
      },
      "obl:arg":{
        "p":0.0166666667,
        "r":0.0049751244,
        "f":0.0076628352
      },
      "advcl:cmp":{
        "p":0.0,
        "r":0.0,
        "f":0.0
      },
      "advmod:neg":{
        "p":0.0,
        "r":0.0,
        "f":0.0
      },
      "vocative":{
        "p":0.0,
        "r":0.0,
        "f":0.0
      },
      "aux:pass":{
        "p":0.0,
        "r":0.0,
        "f":0.0
      },
      "csubj":{
        "p":0.0,
        "r":0.0,
        "f":0.0
      },
      "advmod:tmod":{
        "p":0.0,
        "r":0.0,
        "f":0.0
      },
      "csubj:pass":{
        "p":0.0,
        "r":0.0,
        "f":0.0
      },
      "acl:relcl":{
        "p":0.0,
        "r":0.0,
        "f":0.0
      },
      "advmod:emph":{
        "p":0.0,
        "r":0.0,
        "f":0.0
      },
      "flat:foreign":{
        "p":0.0,
        "r":0.0,
        "f":0.0
      },
      "advcl:abs":{
        "p":0.0,
        "r":0.0,
        "f":0.0
      },
      "advmod:lmod":{
        "p":0.0,
        "r":0.0,
        "f":0.0
      },
      "conj:expl":{
        "p":0.0,
        "r":0.0,
        "f":0.0
      },
      "expl:pv":{
        "p":0.0,
        "r":0.0,
        "f":0.0
      }
    }
  },
  "trainable_lemmatizer":{
    "lemma_acc":0.3845542257
  },
  "tagger":{
    "tag_acc":0.1482754916
  },
  "speed":2451.313844099
}