{
  "tokenizer":{
    "token_acc":1.0,
    "token_p":0.997476277,
    "token_r":0.9991405026,
    "token_f":0.9983076962
  },
  "transformer":{

  },
  "parser":{
    "sents_p":0.7709388391,
    "sents_r":0.8745028723,
    "sents_f":0.8194616977,
    "dep_uas":0.77755035,
    "dep_las":0.7139139443,
    "dep_las_per_type":{
      "discourse":{
        "p":0.7836611195,
        "r":0.7674074074,
        "f":0.7754491018
      },
      "case":{
        "p":0.9266625233,
        "r":0.9347962382,
        "f":0.9307116105
      },
      "root":{
        "p":0.7945525292,
        "r":0.9023420239,
        "f":0.8450237947
      },
      "nsubj":{
        "p":0.6636107193,
        "r":0.6603508772,
        "f":0.6619767851
      },
      "det":{
        "p":0.8063891578,
        "r":0.8182711198,
        "f":0.8122866894
      },
      "obj":{
        "p":0.7064220183,
        "r":0.7143803844,
        "f":0.7103789127
      },
      "mark":{
        "p":0.7179487179,
        "r":0.7446808511,
        "f":0.7310704961
      },
      "advcl":{
        "p":0.6215621562,
        "r":0.5753564155,
        "f":0.5975674246
      },
      "amod":{
        "p":0.7483266399,
        "r":0.7194337194,
        "f":0.7335958005
      },
      "obl":{
        "p":0.6884875847,
        "r":0.6258549932,
        "f":0.6556789681
      },
      "acl":{
        "p":0.3551724138,
        "r":0.3002915452,
        "f":0.3254344392
      },
      "cc":{
        "p":0.7985797289,
        "r":0.8213811421,
        "f":0.8098199673
      },
      "advmod":{
        "p":0.7206244864,
        "r":0.6725460123,
        "f":0.6957556525
      },
      "conj":{
        "p":0.5266544118,
        "r":0.5242451967,
        "f":0.5254470426
      },
      "expl:pv":{
        "p":0.9609856263,
        "r":0.9590163934,
        "f":0.96
      },
      "obl:arg":{
        "p":0.6775700935,
        "r":0.6971153846,
        "f":0.6872037915
      },
      "obl:agent":{
        "p":0.4047619048,
        "r":0.3090909091,
        "f":0.3505154639
      },
      "nsubj:pass":{
        "p":0.5588235294,
        "r":0.358490566,
        "f":0.4367816092
      },
      "dislocated":{
        "p":0.46875,
        "r":0.2631578947,
        "f":0.3370786517
      },
      "orphan":{
        "p":0.3888888889,
        "r":0.2941176471,
        "f":0.3349282297
      },
      "cop":{
        "p":0.7164556962,
        "r":0.7219387755,
        "f":0.7191867853
      },
      "vocative":{
        "p":0.7341772152,
        "r":0.7073170732,
        "f":0.7204968944
      },
      "flat:name":{
        "p":0.5909090909,
        "r":0.5652173913,
        "f":0.5777777778
      },
      "appos":{
        "p":0.3962264151,
        "r":0.3197969543,
        "f":0.3539325843
      },
      "ccomp":{
        "p":0.5753424658,
        "r":0.502994012,
        "f":0.5367412141
      },
      "xcomp":{
        "p":0.5728476821,
        "r":0.5474683544,
        "f":0.5598705502
      },
      "nmod":{
        "p":0.4434628975,
        "r":0.5386266094,
        "f":0.4864341085
      },
      "aux":{
        "p":0.8591549296,
        "r":0.734939759,
        "f":0.7922077922
      },
      "advcl:cmp":{
        "p":0.2352941176,
        "r":0.2580645161,
        "f":0.2461538462
      },
      "parataxis":{
        "p":0.2592592593,
        "r":0.152173913,
        "f":0.1917808219
      },
      "csubj":{
        "p":0.8333333333,
        "r":0.8333333333,
        "f":0.8333333333
      },
      "nsubj:outer":{
        "p":1.0,
        "r":0.1428571429,
        "f":0.25
      },
      "dep":{
        "p":0.0129032258,
        "r":0.0588235294,
        "f":0.0211640212
      },
      "nummod":{
        "p":0.6,
        "r":0.5538461538,
        "f":0.576
      },
      "fixed":{
        "p":0.6551724138,
        "r":0.387755102,
        "f":0.4871794872
      },
      "csubj:pass":{
        "p":0.0,
        "r":0.0,
        "f":0.0
      },
      "aux:pass":{
        "p":0.0,
        "r":0.0,
        "f":0.0
      }
    }
  },
  "trainable_lemmatizer":{
    "lemma_acc":0.7929370753
  },
  "tagger":{
    "tag_acc":0.8442119627
  },
  "speed":561.2761059726
}