{
  "tokenizer":{
    "token_acc":0.9464403791,
    "token_p":0.9418117699,
    "token_r":0.8969353484,
    "token_f":0.9188259327
  },
  "transformer":{

  },
  "parser":{
    "sents_p":0.0255057168,
    "sents_r":0.0745501285,
    "sents_f":0.0380078637,
    "dep_uas":0.2362132353,
    "dep_las":0.0760569853,
    "dep_las_per_type":{
      "advmod":{
        "p":0.2068965517,
        "r":0.0860655738,
        "f":0.1215629522
      },
      "iobj":{
        "p":0.0,
        "r":0.0,
        "f":0.0
      },
      "root":{
        "p":0.1624087591,
        "r":0.4575835476,
        "f":0.2397306397
      },
      "obj":{
        "p":0.0412371134,
        "r":0.0109289617,
        "f":0.0172786177
      },
      "cc:nc":{
        "p":0.0,
        "r":0.0,
        "f":0.0
      },
      "expl":{
        "p":0.0,
        "r":0.0,
        "f":0.0
      },
      "nsubj":{
        "p":0.0470588235,
        "r":0.0211081794,
        "f":0.029143898
      },
      "case":{
        "p":0.0747330961,
        "r":0.0836653386,
        "f":0.0789473684
      },
      "obl":{
        "p":0.0322580645,
        "r":0.0104529617,
        "f":0.0157894737
      },
      "ccomp":{
        "p":0.0,
        "r":0.0,
        "f":0.0
      },
      "cc":{
        "p":0.1610942249,
        "r":0.4416666667,
        "f":0.2360801782
      },
      "fixed":{
        "p":0.0,
        "r":0.0,
        "f":0.0
      },
      "amod":{
        "p":0.0060240964,
        "r":0.0094339623,
        "f":0.0073529412
      },
      "mark":{
        "p":0.125,
        "r":0.0043290043,
        "f":0.0083682008
      },
      "aux":{
        "p":0.0,
        "r":0.0,
        "f":0.0
      },
      "det":{
        "p":0.0263157895,
        "r":0.0148809524,
        "f":0.0190114068
      },
      "acl":{
        "p":0.0208333333,
        "r":0.0196078431,
        "f":0.0202020202
      },
      "xcomp":{
        "p":0.0,
        "r":0.0,
        "f":0.0
      },
      "advcl":{
        "p":0.0,
        "r":0.0,
        "f":0.0
      },
      "acl:relcl":{
        "p":0.0,
        "r":0.0,
        "f":0.0
      },
      "conj":{
        "p":0.0387811634,
        "r":0.1044776119,
        "f":0.0565656566
      },
      "nmod":{
        "p":0.0,
        "r":0.0,
        "f":0.0
      },
      "dep":{
        "p":0.0,
        "r":0.0,
        "f":0.0
      },
      "flat":{
        "p":0.0,
        "r":0.0,
        "f":0.0
      },
      "appos":{
        "p":0.0,
        "r":0.0,
        "f":0.0
      },
      "flat:name":{
        "p":0.0,
        "r":0.0,
        "f":0.0
      },
      "nummod":{
        "p":0.0,
        "r":0.0,
        "f":0.0
      },
      "cop":{
        "p":0.0,
        "r":0.0,
        "f":0.0
      },
      "case:det":{
        "p":0.0,
        "r":0.0,
        "f":0.0
      },
      "orphan":{
        "p":0.0,
        "r":0.0,
        "f":0.0
      },
      "dislocated":{
        "p":0.0,
        "r":0.0,
        "f":0.0
      },
      "obl:advmod":{
        "p":0.0,
        "r":0.0,
        "f":0.0
      },
      "parataxis":{
        "p":0.0,
        "r":0.0,
        "f":0.0
      },
      "aux:pass":{
        "p":0.0,
        "r":0.0,
        "f":0.0
      },
      "obl:arg":{
        "p":0.0,
        "r":0.0,
        "f":0.0
      },
      "discourse":{
        "p":0.0,
        "r":0.0,
        "f":0.0
      },
      "vocative":{
        "p":0.0,
        "r":0.0,
        "f":0.0
      },
      "nsubj:pass":{
        "p":0.0,
        "r":0.0,
        "f":0.0
      },
      "csubj":{
        "p":0.0,
        "r":0.0,
        "f":0.0
      },
      "obl:agent":{
        "p":0.0,
        "r":0.0,
        "f":0.0
      },
      "expl:pv":{
        "p":0.0,
        "r":0.0,
        "f":0.0
      },
      "nsubj:obj":{
        "p":0.0,
        "r":0.0,
        "f":0.0
      }
    }
  },
  "trainable_lemmatizer":{
    "lemma_acc":0.4173106646
  },
  "tagger":{
    "tag_acc":0.0
  },
  "morphologizer":{
    "pos_acc":0.2025176678,
    "morph_acc":0.1740090538,
    "morph_micro_p":0.0249475891,
    "morph_micro_r":0.0454198473,
    "morph_micro_f":0.0322056834,
    "morph_per_feat":{
      "PronType":{
        "p":0.1071428571,
        "r":0.0055658627,
        "f":0.0105820106
      },
      "VerbForm":{
        "p":0.3355704698,
        "r":0.1066098081,
        "f":0.1618122977
      },
      "Aspect":{
        "p":0.0,
        "r":0.0,
        "f":0.0
      },
      "Mood":{
        "p":0.0,
        "r":0.0,
        "f":0.0
      },
      "Number":{
        "p":0.0,
        "r":0.0,
        "f":0.0
      },
      "Person":{
        "p":0.0,
        "r":0.0,
        "f":0.0
      },
      "Tense":{
        "p":0.0436241611,
        "r":0.0977443609,
        "f":0.060324826
      },
      "Voice":{
        "p":0.0,
        "r":0.0,
        "f":0.0
      },
      "Polarity":{
        "p":0.0,
        "r":0.0,
        "f":0.0
      },
      "Case":{
        "p":0.0,
        "r":0.0,
        "f":0.0
      },
      "Degree":{
        "p":0.0,
        "r":0.0,
        "f":0.0
      },
      "Gender":{
        "p":0.0,
        "r":0.0,
        "f":0.0
      },
      "Variant":{
        "p":0.0,
        "r":0.0,
        "f":0.0
      },
      "Definite":{
        "p":0.0,
        "r":0.0,
        "f":0.0
      },
      "Poss":{
        "p":0.0,
        "r":0.0,
        "f":0.0
      },
      "NumType":{
        "p":0.0,
        "r":0.0,
        "f":0.0
      },
      "Reflex":{
        "p":0.0,
        "r":0.0,
        "f":0.0
      }
    }
  },
  "speed":1384.1398089521
}