{
  "tokenizer":{
    "token_acc":1.0,
    "token_p":0.9963401882,
    "token_r":0.998777079,
    "token_f":0.9975571453
  },
  "transformer":{

  },
  "parser":{
    "sents_p":0.0486918605,
    "sents_r":0.1240740741,
    "sents_f":0.0699373695,
    "dep_uas":0.2797031864,
    "dep_las":0.1121968243,
    "dep_las_per_type":{
      "cc":{
        "p":0.4090909091,
        "r":0.1379310345,
        "f":0.2063037249
      },
      "xcomp":{
        "p":0.0769230769,
        "r":0.0230414747,
        "f":0.0354609929
      },
      "root":{
        "p":0.1998546512,
        "r":0.5092592593,
        "f":0.2870563674
      },
      "nsubj":{
        "p":0.0547263682,
        "r":0.0243902439,
        "f":0.0337423313
      },
      "nsubj:pass":{
        "p":0.0,
        "r":0.0,
        "f":0.0
      },
      "advmod":{
        "p":0.0299003322,
        "r":0.0248618785,
        "f":0.0271493213
      },
      "acl":{
        "p":0.0,
        "r":0.0,
        "f":0.0
      },
      "case":{
        "p":0.3784461153,
        "r":0.3001988072,
        "f":0.3348115299
      },
      "obl":{
        "p":0.0750750751,
        "r":0.0568181818,
        "f":0.064683053
      },
      "dep":{
        "p":0.0,
        "r":0.0,
        "f":0.0
      },
      "obj":{
        "p":0.0427350427,
        "r":0.0276243094,
        "f":0.033557047
      },
      "det":{
        "p":0.1078431373,
        "r":0.0708154506,
        "f":0.085492228
      },
      "amod":{
        "p":0.0066666667,
        "r":0.012195122,
        "f":0.0086206897
      },
      "appos":{
        "p":0.0,
        "r":0.0,
        "f":0.0
      },
      "advcl":{
        "p":0.0,
        "r":0.0,
        "f":0.0
      },
      "conj":{
        "p":0.0464037123,
        "r":0.0586510264,
        "f":0.0518134715
      },
      "parataxis":{
        "p":0.0,
        "r":0.0,
        "f":0.0
      },
      "nmod":{
        "p":0.0462962963,
        "r":0.0619834711,
        "f":0.0530035336
      },
      "obl:arg":{
        "p":0.0579710145,
        "r":0.0264900662,
        "f":0.0363636364
      },
      "discourse":{
        "p":0.3448275862,
        "r":0.0675675676,
        "f":0.1129943503
      },
      "fixed":{
        "p":0.0,
        "r":0.0,
        "f":0.0
      },
      "mark":{
        "p":0.1176470588,
        "r":0.0098522167,
        "f":0.0181818182
      },
      "orphan":{
        "p":0.0,
        "r":0.0,
        "f":0.0
      },
      "dislocated":{
        "p":0.0,
        "r":0.0,
        "f":0.0
      },
      "ccomp":{
        "p":0.0,
        "r":0.0,
        "f":0.0
      },
      "nummod":{
        "p":0.0,
        "r":0.0,
        "f":0.0
      },
      "cop":{
        "p":0.0,
        "r":0.0,
        "f":0.0
      },
      "vocative":{
        "p":0.0,
        "r":0.0,
        "f":0.0
      },
      "flat:name":{
        "p":0.0,
        "r":0.0,
        "f":0.0
      },
      "advcl:cmp":{
        "p":0.0,
        "r":0.0,
        "f":0.0
      },
      "expl:pv":{
        "p":0.0,
        "r":0.0,
        "f":0.0
      },
      "obl:agent":{
        "p":0.0,
        "r":0.0,
        "f":0.0
      },
      "csubj:pass":{
        "p":0.0,
        "r":0.0,
        "f":0.0
      },
      "nsubj:outer":{
        "p":0.0,
        "r":0.0,
        "f":0.0
      }
    }
  },
  "trainable_lemmatizer":{
    "lemma_acc":0.4017802601
  },
  "tagger":{
    "tag_acc":0.0855148342
  },
  "morphologizer":{
    "pos_acc":0.2420804608,
    "morph_acc":0.1742014313,
    "morph_micro_p":0.3121349773,
    "morph_micro_r":0.2454220761,
    "morph_micro_f":0.2747873556,
    "morph_per_feat":{
      "Case":{
        "p":0.2190066484,
        "r":0.1950539882,
        "f":0.2063375092
      },
      "Degree":{
        "p":0.0414312618,
        "r":0.0948275862,
        "f":0.0576671035
      },
      "Gender":{
        "p":0.2907801418,
        "r":0.2604093155,
        "f":0.2747580045
      },
      "Number":{
        "p":0.6061588331,
        "r":0.4895287958,
        "f":0.5416364953
      },
      "Strength":{
        "p":0.0,
        "r":0.0,
        "f":0.0
      },
      "Mood":{
        "p":0.2428842505,
        "r":0.1348788198,
        "f":0.1734417344
      },
      "Person":{
        "p":0.1485943775,
        "r":0.0716129032,
        "f":0.0966478015
      },
      "Tense":{
        "p":0.2296211251,
        "r":0.1543209877,
        "f":0.1845869866
      },
      "VerbForm":{
        "p":0.2732491389,
        "r":0.1836419753,
        "f":0.2196585141
      },
      "Voice":{
        "p":0.4041331803,
        "r":0.2716049383,
        "f":0.3248730964
      },
      "PronType":{
        "p":0.3054662379,
        "r":0.152733119,
        "f":0.2036441586
      },
      "Polarity":{
        "p":0.0,
        "r":0.0,
        "f":0.0
      },
      "Variant":{
        "p":0.0,
        "r":0.0,
        "f":0.0
      },
      "Aspect":{
        "p":0.0416666667,
        "r":0.1617647059,
        "f":0.0662650602
      },
      "Poss":{
        "p":0.08,
        "r":0.0141843972,
        "f":0.0240963855
      },
      "Reflex":{
        "p":0.25,
        "r":0.037037037,
        "f":0.064516129
      }
    }
  },
  "speed":1669.3341708359
}