{
  "tokenizer":{
    "token_acc":0.9987632593,
    "token_p":0.9895828378,
    "token_r":0.9929125403,
    "token_f":0.9912448929
  },
  "transformer":{

  },
  "parser":{
    "sents_p":0.2536503182,
    "sents_r":0.4370967742,
    "sents_f":0.3210139777,
    "dep_uas":0.2720692155,
    "dep_las":0.0805914791,
    "dep_las_per_type":{
      "nsubj":{
        "p":0.030261348,
        "r":0.0159883721,
        "f":0.0209224917
      },
      "case":{
        "p":0.1650554959,
        "r":0.1716306776,
        "f":0.168278883
      },
      "obl":{
        "p":0.0478905359,
        "r":0.0155959896,
        "f":0.0235294118
      },
      "root":{
        "p":0.2060254491,
        "r":0.3551612903,
        "f":0.260776883
      },
      "det":{
        "p":0.1446462116,
        "r":0.0499567474,
        "f":0.0742645877
      },
      "flat:name":{
        "p":0.0,
        "r":0.0,
        "f":0.0
      },
      "advcl":{
        "p":0.0072992701,
        "r":0.0014705882,
        "f":0.0024479804
      },
      "cop":{
        "p":0.0349854227,
        "r":0.0236686391,
        "f":0.0282352941
      },
      "acl":{
        "p":0.0073260073,
        "r":0.0161290323,
        "f":0.0100755668
      },
      "advmod":{
        "p":0.1018609207,
        "r":0.0513960959,
        "f":0.0683199212
      },
      "fixed":{
        "p":0.0007867821,
        "r":0.04,
        "f":0.0015432099
      },
      "nmod":{
        "p":0.041313329,
        "r":0.0623155133,
        "f":0.0496861925
      },
      "amod":{
        "p":0.0107349298,
        "r":0.0260521042,
        "f":0.0152046784
      },
      "conj":{
        "p":0.0338526064,
        "r":0.1074144487,
        "f":0.0514806378
      },
      "obj":{
        "p":0.0361538462,
        "r":0.0149776928,
        "f":0.021180712
      },
      "cc":{
        "p":0.264354747,
        "r":0.1838671412,
        "f":0.2168843284
      },
      "xcomp":{
        "p":0.0045558087,
        "r":0.0020661157,
        "f":0.0028429282
      },
      "dep":{
        "p":0.0,
        "r":0.0,
        "f":0.0
      },
      "orphan":{
        "p":0.0015067805,
        "r":0.0272727273,
        "f":0.002855783
      },
      "appos":{
        "p":0.0026472535,
        "r":0.0163934426,
        "f":0.0045584046
      },
      "mark":{
        "p":0.0506329114,
        "r":0.0059347181,
        "f":0.01062417
      },
      "nsubj:pass":{
        "p":0.0,
        "r":0.0,
        "f":0.0
      },
      "obl:arg":{
        "p":0.0933333333,
        "r":0.0469798658,
        "f":0.0625
      },
      "dislocated":{
        "p":0.0,
        "r":0.0,
        "f":0.0
      },
      "csubj":{
        "p":0.0,
        "r":0.0,
        "f":0.0
      },
      "discourse":{
        "p":0.1760299625,
        "r":0.1518578352,
        "f":0.1630529055
      },
      "ccomp":{
        "p":0.0,
        "r":0.0,
        "f":0.0
      },
      "iobj":{
        "p":0.0,
        "r":0.0,
        "f":0.0
      },
      "vocative":{
        "p":0.0,
        "r":0.0,
        "f":0.0
      },
      "nummod":{
        "p":0.0,
        "r":0.0,
        "f":0.0
      },
      "obl:agent":{
        "p":0.0,
        "r":0.0,
        "f":0.0
      },
      "expl:pv":{
        "p":0.0,
        "r":0.0,
        "f":0.0
      },
      "parataxis":{
        "p":0.0,
        "r":0.0,
        "f":0.0
      },
      "advcl:cmp":{
        "p":0.0,
        "r":0.0,
        "f":0.0
      },
      "nsubj:outer":{
        "p":0.0,
        "r":0.0,
        "f":0.0
      },
      "csubj:pass":{
        "p":0.0,
        "r":0.0,
        "f":0.0
      },
      "aux":{
        "p":0.0,
        "r":0.0,
        "f":0.0
      },
      "aux:pass":{
        "p":0.0,
        "r":0.0,
        "f":0.0
      }
    }
  },
  "trainable_lemmatizer":{
    "lemma_acc":0.1996686492
  },
  "tagger":{
    "tag_acc":0.0709040626
  },
  "speed":2741.2320739763
}