{
  "tokenizer":{
    "token_acc":1.0,
    "token_p":0.9268717742,
    "token_r":0.9632433186,
    "token_f":0.944707597
  },
  "transformer":{

  },
  "parser":{
    "sents_p":0.9808045977,
    "sents_r":0.9894480519,
    "sents_f":0.9851073655,
    "dep_uas":0.8228271306,
    "dep_las":0.7703219397,
    "dep_las_per_type":{
      "obl:lmod":{
        "p":0.724738676,
        "r":0.7703703704,
        "f":0.7468581688
      },
      "root":{
        "p":0.8493056353,
        "r":0.8580705009,
        "f":0.8536655707
      },
      "obj":{
        "p":0.7878246753,
        "r":0.8263238549,
        "f":0.8066151417
      },
      "nsubj":{
        "p":0.7660703755,
        "r":0.7684874778,
        "f":0.767277023
      },
      "advmod":{
        "p":0.834625323,
        "r":0.8291715286,
        "f":0.8318894872
      },
      "case":{
        "p":0.8498273878,
        "r":0.8547453704,
        "f":0.8522792845
      },
      "acl":{
        "p":0.6804878049,
        "r":0.6213808463,
        "f":0.6495925495
      },
      "amod":{
        "p":0.7589359933,
        "r":0.6713235294,
        "f":0.7124463519
      },
      "parataxis":{
        "p":0.5093596059,
        "r":0.601862631,
        "f":0.5517609392
      },
      "conj":{
        "p":0.5870056497,
        "r":0.550609433,
        "f":0.5682253213
      },
      "iobj":{
        "p":0.5102040816,
        "r":0.6637168142,
        "f":0.5769230769
      },
      "nmod":{
        "p":0.698358625,
        "r":0.7529215359,
        "f":0.7246143959
      },
      "cop":{
        "p":0.6689655172,
        "r":0.8049792531,
        "f":0.7306967985
      },
      "discourse:sp":{
        "p":0.8123028391,
        "r":0.8135860979,
        "f":0.8129439621
      },
      "ccomp":{
        "p":0.5366197183,
        "r":0.5695067265,
        "f":0.5525743292
      },
      "aux":{
        "p":0.8967889908,
        "r":0.8708240535,
        "f":0.8836158192
      },
      "csubj":{
        "p":0.5193133047,
        "r":0.4115646259,
        "f":0.4592030361
      },
      "clf":{
        "p":0.7727272727,
        "r":0.623853211,
        "f":0.6903553299
      },
      "nummod":{
        "p":0.7285945073,
        "r":0.8336414048,
        "f":0.7775862069
      },
      "obl:tmod":{
        "p":0.7013888889,
        "r":0.75,
        "f":0.7248803828
      },
      "det":{
        "p":0.8565965583,
        "r":0.8598848369,
        "f":0.8582375479
      },
      "compound":{
        "p":0.8364661654,
        "r":0.8492366412,
        "f":0.8428030303
      },
      "obl":{
        "p":0.6679920477,
        "r":0.5925925926,
        "f":0.6280373832
      },
      "flat:vv":{
        "p":0.5630252101,
        "r":0.5877192982,
        "f":0.5751072961
      },
      "cc":{
        "p":0.8785942492,
        "r":0.8914100486,
        "f":0.8849557522
      },
      "advcl":{
        "p":0.6465753425,
        "r":0.5400457666,
        "f":0.5885286783
      },
      "flat":{
        "p":0.7286476868,
        "r":0.7625698324,
        "f":0.7452229299
      },
      "fixed":{
        "p":0.7534246575,
        "r":0.6470588235,
        "f":0.6962025316
      },
      "xcomp":{
        "p":0.8357142857,
        "r":0.8540145985,
        "f":0.844765343
      },
      "dislocated":{
        "p":0.4444444444,
        "r":0.2105263158,
        "f":0.2857142857
      },
      "mark":{
        "p":0.6396761134,
        "r":0.6124031008,
        "f":0.6257425743
      },
      "nsubj:outer":{
        "p":0.4607843137,
        "r":0.3381294964,
        "f":0.3900414938
      },
      "compound:redup":{
        "p":0.5806451613,
        "r":0.48,
        "f":0.5255474453
      },
      "discourse":{
        "p":0.5657894737,
        "r":0.5119047619,
        "f":0.5375
      },
      "expl":{
        "p":0.8181818182,
        "r":0.4821428571,
        "f":0.606741573
      },
      "vocative":{
        "p":0.5,
        "r":0.375,
        "f":0.4285714286
      },
      "list":{
        "p":0.0,
        "r":0.0,
        "f":0.0
      },
      "csubj:outer":{
        "p":0.0,
        "r":0.0,
        "f":0.0
      },
      "flat:foreign":{
        "p":0.0,
        "r":0.0,
        "f":0.0
      },
      "dep":{
        "p":0.0,
        "r":0.0,
        "f":0.0
      }
    }
  },
  "trainable_lemmatizer":{
    "lemma_acc":0.942007037
  },
  "tagger":{
    "tag_acc":0.742052984
  },
  "morphologizer":{
    "pos_acc":0.7949418685,
    "morph_acc":0.8236478744,
    "morph_micro_p":0.8976674191,
    "morph_micro_r":0.7634850978,
    "morph_micro_f":0.8251568598,
    "morph_per_feat":{
      "Case":{
        "p":0.9428028704,
        "r":0.8492395437,
        "f":0.8935787157
      },
      "NameType":{
        "p":0.8543936935,
        "r":0.8106027277,
        "f":0.8319223389
      },
      "PronType":{
        "p":0.918753478,
        "r":0.7903303016,
        "f":0.8497169326
      },
      "AdvType":{
        "p":0.8959212377,
        "r":0.8810511757,
        "f":0.8884239888
      },
      "Degree":{
        "p":0.9257469244,
        "r":0.7310895212,
        "f":0.8169833269
      },
      "VerbForm":{
        "p":0.8499384994,
        "r":0.5501592357,
        "f":0.6679555341
      },
      "Polarity":{
        "p":0.8815261044,
        "r":0.6289398281,
        "f":0.7341137124
      },
      "Person":{
        "p":0.9484629295,
        "r":0.7816691505,
        "f":0.8570261438
      },
      "VerbType":{
        "p":0.7818181818,
        "r":0.7136929461,
        "f":0.7462039046
      },
      "Mood":{
        "p":0.7377777778,
        "r":0.7264770241,
        "f":0.7320837927
      },
      "NounType":{
        "p":0.8939393939,
        "r":0.5841584158,
        "f":0.7065868263
      },
      "Tense":{
        "p":0.8529411765,
        "r":0.8529411765,
        "f":0.8529411765
      },
      "Aspect":{
        "p":0.9705882353,
        "r":0.8918918919,
        "f":0.9295774648
      },
      "Reflex":{
        "p":0.9482758621,
        "r":0.8943089431,
        "f":0.9205020921
      },
      "Voice":{
        "p":1.0,
        "r":0.5,
        "f":0.6666666667
      },
      "NumType":{
        "p":0.9411764706,
        "r":0.8,
        "f":0.8648648649
      }
    }
  },
  "speed":2343.1951146568
}