{
  "tokenizer":{
    "token_acc":1.0,
    "token_p":0.0352813407,
    "token_r":0.1394894946,
    "token_f":0.0563180507
  },
  "transformer":{

  },
  "parser":{
    "sents_p":0.2805447471,
    "sents_r":0.2642961877,
    "sents_f":0.2721781804,
    "dep_uas":0.156150623,
    "dep_las":0.0108399503,
    "dep_las_per_type":{
      "root":{
        "p":0.0940656566,
        "r":0.2183950165,
        "f":0.1314947601
      },
      "nsubj":{
        "p":0.0143582127,
        "r":0.0194239786,
        "f":0.0165112803
      },
      "advmod":{
        "p":0.0008598452,
        "r":0.0004814636,
        "f":0.000617284
      },
      "mark":{
        "p":0.0125588697,
        "r":0.0025616394,
        "f":0.0042553191
      },
      "acl":{
        "p":0.0,
        "r":0.0,
        "f":0.0
      },
      "compound:prt":{
        "p":0.0,
        "r":0.0,
        "f":0.0
      },
      "obj":{
        "p":0.005899705,
        "r":0.0219158713,
        "f":0.0092967461
      },
      "nmod":{
        "p":0.0000894935,
        "r":0.0112359551,
        "f":0.0001775726
      },
      "conj":{
        "p":0.0020172729,
        "r":0.0317565332,
        "f":0.0037935667
      },
      "compound:redup":{
        "p":0.0,
        "r":0.0,
        "f":0.0
      },
      "flat:vv":{
        "p":0.0,
        "r":0.0,
        "f":0.0
      },
      "cc":{
        "p":0.0019607843,
        "r":0.0002848191,
        "f":0.0004973887
      },
      "case":{
        "p":0.0055027514,
        "r":0.0022394137,
        "f":0.0031833309
      },
      "amod":{
        "p":0.0085810604,
        "r":0.0113728676,
        "f":0.0097816594
      },
      "obl":{
        "p":0.0019379845,
        "r":0.0005252101,
        "f":0.0008264463
      },
      "nmod:poss":{
        "p":0.0,
        "r":0.0,
        "f":0.0
      },
      "flat":{
        "p":0.0,
        "r":0.0,
        "f":0.0
      },
      "parataxis":{
        "p":0.0,
        "r":0.0,
        "f":0.0
      },
      "compound":{
        "p":0.0,
        "r":0.0,
        "f":0.0
      },
      "aux":{
        "p":0.0,
        "r":0.0,
        "f":0.0
      },
      "advcl":{
        "p":0.0,
        "r":0.0,
        "f":0.0
      },
      "iobj":{
        "p":0.0010729614,
        "r":0.0020964361,
        "f":0.0014194464
      },
      "det":{
        "p":0.0,
        "r":0.0,
        "f":0.0
      },
      "acl:relcl":{
        "p":0.0,
        "r":0.0,
        "f":0.0
      },
      "xcomp":{
        "p":0.0,
        "r":0.0,
        "f":0.0
      },
      "dep":{
        "p":0.0004033885,
        "r":0.0047169811,
        "f":0.0007432181
      },
      "list":{
        "p":0.0,
        "r":0.0,
        "f":0.0
      },
      "ccomp":{
        "p":0.0035502959,
        "r":0.0020949721,
        "f":0.0026350461
      },
      "cop":{
        "p":0.0,
        "r":0.0,
        "f":0.0
      },
      "dislocated":{
        "p":0.0,
        "r":0.0,
        "f":0.0
      },
      "discourse":{
        "p":0.0,
        "r":0.0,
        "f":0.0
      },
      "expl":{
        "p":0.0,
        "r":0.0,
        "f":0.0
      },
      "csubj":{
        "p":0.0,
        "r":0.0,
        "f":0.0
      },
      "clf":{
        "p":0.0,
        "r":0.0,
        "f":0.0
      },
      "obl:lmod":{
        "p":0.0,
        "r":0.0,
        "f":0.0
      },
      "appos":{
        "p":0.0,
        "r":0.0,
        "f":0.0
      },
      "vocative":{
        "p":0.0,
        "r":0.0,
        "f":0.0
      },
      "nummod":{
        "p":0.0,
        "r":0.0,
        "f":0.0
      },
      "flat:name":{
        "p":0.0,
        "r":0.0,
        "f":0.0
      },
      "fixed":{
        "p":0.0,
        "r":0.0,
        "f":0.0
      },
      "flat:foreign":{
        "p":0.0,
        "r":0.0,
        "f":0.0
      },
      "nsubj:outer":{
        "p":0.0,
        "r":0.0,
        "f":0.0
      },
      "discourse:sp":{
        "p":0.0,
        "r":0.0,
        "f":0.0
      },
      "csubj:outer":{
        "p":0.0,
        "r":0.0,
        "f":0.0
      },
      "obl:tmod":{
        "p":0.0,
        "r":0.0,
        "f":0.0
      }
    }
  },
  "trainable_lemmatizer":{
    "lemma_acc":0.0603528972
  },
  "tagger":{
    "tag_acc":0.0
  },
  "morphologizer":{
    "pos_acc":0.140419852,
    "morph_acc":0.3047565222,
    "morph_micro_p":0.0236195839,
    "morph_micro_r":0.0009889577,
    "morph_micro_f":0.0018984278,
    "morph_per_feat":{
      "Mood":{
        "p":0.0,
        "r":0.0,
        "f":0.0
      },
      "Number":{
        "p":0.0,
        "r":0.0,
        "f":0.0
      },
      "Person":{
        "p":0.1538461538,
        "r":0.0002074689,
        "f":0.0004143789
      },
      "Tense":{
        "p":0.0,
        "r":0.0,
        "f":0.0
      },
      "VerbForm":{
        "p":0.0103896104,
        "r":0.0007575758,
        "f":0.0014121801
      },
      "Voice":{
        "p":0.0,
        "r":0.0,
        "f":0.0
      },
      "Case":{
        "p":0.0,
        "r":0.0,
        "f":0.0
      },
      "Gender":{
        "p":0.0,
        "r":0.0,
        "f":0.0
      },
      "PronType":{
        "p":0.0588235294,
        "r":0.0001084716,
        "f":0.000216544
      },
      "Definite":{
        "p":0.0,
        "r":0.0,
        "f":0.0
      },
      "Degree":{
        "p":0.127388535,
        "r":0.0488145049,
        "f":0.070582304
      },
      "NameType":{
        "p":0.0,
        "r":0.0,
        "f":0.0
      },
      "Foreign":{
        "p":0.0,
        "r":0.0,
        "f":0.0
      },
      "NumType":{
        "p":0.0,
        "r":0.0,
        "f":0.0
      },
      "Polarity":{
        "p":0.0,
        "r":0.0,
        "f":0.0
      }
    }
  },
  "speed":14979.6052651136
}