{
  "tokenizer":{
    "token_acc":1.0,
    "token_p":0.0095557468,
    "token_r":0.0488396784,
    "token_f":0.0159841152
  },
  "transformer":{

  },
  "parser":{
    "sents_p":0.343385214,
    "sents_r":0.155987627,
    "sents_f":0.2145244607,
    "dep_uas":0.2501120413,
    "dep_las":0.0315393991,
    "dep_las_per_type":{
      "discourse":{
        "p":0.0,
        "r":0.0,
        "f":0.0
      },
      "case":{
        "p":0.0215053763,
        "r":0.007523511,
        "f":0.0111472364
      },
      "root":{
        "p":0.1810714952,
        "r":0.4286345559,
        "f":0.2545931759
      },
      "nsubj":{
        "p":0.0141724312,
        "r":0.0589473684,
        "f":0.0228509249
      },
      "det":{
        "p":0.0,
        "r":0.0,
        "f":0.0
      },
      "flat:vv":{
        "p":0.0,
        "r":0.0,
        "f":0.0
      },
      "conj":{
        "p":0.0063844086,
        "r":0.0869167429,
        "f":0.0118950729
      },
      "csubj":{
        "p":0.0,
        "r":0.0,
        "f":0.0
      },
      "compound:redup":{
        "p":0.0,
        "r":0.0,
        "f":0.0
      },
      "parataxis":{
        "p":0.0,
        "r":0.0,
        "f":0.0
      },
      "obj":{
        "p":0.0082356668,
        "r":0.0344599072,
        "f":0.0132941327
      },
      "mark":{
        "p":0.0,
        "r":0.0,
        "f":0.0
      },
      "advcl":{
        "p":0.0097087379,
        "r":0.0071283096,
        "f":0.0082207868
      },
      "amod":{
        "p":0.0045495905,
        "r":0.0128700129,
        "f":0.0067226891
      },
      "obl":{
        "p":0.0062893082,
        "r":0.0034199726,
        "f":0.0044306602
      },
      "nmod":{
        "p":0.0007055918,
        "r":0.008583691,
        "f":0.0013039935
      },
      "flat":{
        "p":0.0,
        "r":0.0,
        "f":0.0
      },
      "acl":{
        "p":0.0018621974,
        "r":0.0058309038,
        "f":0.0028228652
      },
      "dep":{
        "p":0.0003972984,
        "r":0.0294117647,
        "f":0.0007840063
      },
      "cc":{
        "p":0.0,
        "r":0.0,
        "f":0.0
      },
      "advmod":{
        "p":0.0096870343,
        "r":0.0099693252,
        "f":0.0098261527
      },
      "expl:pv":{
        "p":0.0,
        "r":0.0,
        "f":0.0
      },
      "obl:arg":{
        "p":0.0,
        "r":0.0,
        "f":0.0
      },
      "iobj":{
        "p":0.0,
        "r":0.0,
        "f":0.0
      },
      "dislocated":{
        "p":0.0,
        "r":0.0,
        "f":0.0
      },
      "ccomp":{
        "p":0.0,
        "r":0.0,
        "f":0.0
      },
      "compound":{
        "p":0.0,
        "r":0.0,
        "f":0.0
      },
      "nsubj:pass":{
        "p":0.0,
        "r":0.0,
        "f":0.0
      },
      "obl:lmod":{
        "p":0.0,
        "r":0.0,
        "f":0.0
      },
      "cop":{
        "p":0.0,
        "r":0.0,
        "f":0.0
      },
      "vocative":{
        "p":0.0,
        "r":0.0,
        "f":0.0
      },
      "flat:name":{
        "p":0.0,
        "r":0.0,
        "f":0.0
      },
      "xcomp":{
        "p":0.0,
        "r":0.0,
        "f":0.0
      },
      "list":{
        "p":0.0,
        "r":0.0,
        "f":0.0
      },
      "appos":{
        "p":0.0,
        "r":0.0,
        "f":0.0
      },
      "aux":{
        "p":0.0,
        "r":0.0,
        "f":0.0
      },
      "orphan":{
        "p":0.0,
        "r":0.0,
        "f":0.0
      },
      "advcl:cmp":{
        "p":0.0,
        "r":0.0,
        "f":0.0
      },
      "nummod":{
        "p":0.0,
        "r":0.0,
        "f":0.0
      },
      "obl:agent":{
        "p":0.0,
        "r":0.0,
        "f":0.0
      },
      "nsubj:outer":{
        "p":0.0,
        "r":0.0,
        "f":0.0
      },
      "fixed":{
        "p":0.0,
        "r":0.0,
        "f":0.0
      },
      "clf":{
        "p":0.0,
        "r":0.0,
        "f":0.0
      },
      "expl":{
        "p":0.0,
        "r":0.0,
        "f":0.0
      },
      "obl:tmod":{
        "p":0.0,
        "r":0.0,
        "f":0.0
      },
      "csubj:outer":{
        "p":0.0,
        "r":0.0,
        "f":0.0
      },
      "csubj:pass":{
        "p":0.0,
        "r":0.0,
        "f":0.0
      },
      "discourse:sp":{
        "p":0.0,
        "r":0.0,
        "f":0.0
      },
      "aux:pass":{
        "p":0.0,
        "r":0.0,
        "f":0.0
      }
    }
  },
  "trainable_lemmatizer":{
    "lemma_acc":0.0213164262
  },
  "tagger":{
    "tag_acc":0.0
  },
  "morphologizer":{
    "pos_acc":0.2252367229,
    "morph_acc":0.1903114974,
    "morph_micro_p":0.0615414864,
    "morph_micro_r":0.0048235475,
    "morph_micro_f":0.0089459243,
    "morph_per_feat":{
      "Case":{
        "p":0.0350877193,
        "r":0.004698365,
        "f":0.0082870639
      },
      "Gender":{
        "p":0.0,
        "r":0.0,
        "f":0.0
      },
      "Number":{
        "p":0.0,
        "r":0.0,
        "f":0.0
      },
      "Person":{
        "p":0.2475728155,
        "r":0.0094339623,
        "f":0.0181753386
      },
      "PronType":{
        "p":0.2083333333,
        "r":0.0183523654,
        "f":0.0337331334
      },
      "NameType":{
        "p":0.0,
        "r":0.0,
        "f":0.0
      },
      "Mood":{
        "p":0.0,
        "r":0.0,
        "f":0.0
      },
      "Tense":{
        "p":0.0,
        "r":0.0,
        "f":0.0
      },
      "VerbForm":{
        "p":0.1208576998,
        "r":0.0132478632,
        "f":0.0238782977
      },
      "Voice":{
        "p":0.0,
        "r":0.0,
        "f":0.0
      },
      "Variant":{
        "p":0.0,
        "r":0.0,
        "f":0.0
      },
      "Degree":{
        "p":0.1269649335,
        "r":0.0808936826,
        "f":0.0988235294
      },
      "Reflex":{
        "p":0.0,
        "r":0.0,
        "f":0.0
      },
      "Poss":{
        "p":0.0,
        "r":0.0,
        "f":0.0
      },
      "Polarity":{
        "p":0.0,
        "r":0.0,
        "f":0.0
      },
      "Aspect":{
        "p":0.0,
        "r":0.0,
        "f":0.0
      },
      "NumType":{
        "p":0.0,
        "r":0.0,
        "f":0.0
      },
      "AdvType":{
        "p":0.0,
        "r":0.0,
        "f":0.0
      },
      "VerbType":{
        "p":0.0,
        "r":0.0,
        "f":0.0
      }
    }
  },
  "speed":9308.7718663949
}