{
  "tokenizer":{
    "token_acc":1.0,
    "token_p":0.0389468992,
    "token_r":0.1719743168,
    "token_f":0.063510599
  },
  "transformer":{

  },
  "parser":{
    "sents_p":0.4366666667,
    "sents_r":0.211631664,
    "sents_f":0.2850924918,
    "dep_uas":0.2276494749,
    "dep_las":0.0311884623,
    "dep_las_per_type":{
      "discourse":{
        "p":0.0,
        "r":0.0,
        "f":0.0
      },
      "vocative":{
        "p":0.0,
        "r":0.0,
        "f":0.0
      },
      "root":{
        "p":0.1919613075,
        "r":0.3718901454,
        "f":0.2532174678
      },
      "advmod":{
        "p":0.0040959626,
        "r":0.0043722673,
        "f":0.0042296073
      },
      "advcl":{
        "p":0.0021321962,
        "r":0.0010928962,
        "f":0.0014450867
      },
      "expl:pv":{
        "p":0.0,
        "r":0.0,
        "f":0.0
      },
      "obl:arg":{
        "p":0.0,
        "r":0.0,
        "f":0.0
      },
      "acl":{
        "p":0.0018034265,
        "r":0.0088105727,
        "f":0.002994012
      },
      "conj":{
        "p":0.0111428937,
        "r":0.1113006397,
        "f":0.0202576839
      },
      "amod":{
        "p":0.0043410853,
        "r":0.0094466937,
        "f":0.0059485872
      },
      "nsubj":{
        "p":0.0154953827,
        "r":0.0522427441,
        "f":0.0239014969
      },
      "obj":{
        "p":0.0059776111,
        "r":0.0329736211,
        "f":0.0101205263
      },
      "flat":{
        "p":0.0,
        "r":0.0,
        "f":0.0
      },
      "nmod":{
        "p":0.0004940711,
        "r":0.0031712474,
        "f":0.0008549444
      },
      "case":{
        "p":0.0894736842,
        "r":0.0152057245,
        "f":0.0259938838
      },
      "obl":{
        "p":0.0112888053,
        "r":0.0045644732,
        "f":0.0065005417
      },
      "nummod":{
        "p":0.0,
        "r":0.0,
        "f":0.0
      },
      "appos":{
        "p":0.0,
        "r":0.0,
        "f":0.0
      },
      "obl:agent":{
        "p":0.0,
        "r":0.0,
        "f":0.0
      },
      "compound:redup":{
        "p":0.0,
        "r":0.0,
        "f":0.0
      },
      "ccomp":{
        "p":0.0011848341,
        "r":0.0101010101,
        "f":0.0021208908
      },
      "dep":{
        "p":0.0019417476,
        "r":0.0264900662,
        "f":0.0036182723
      },
      "compound":{
        "p":0.0,
        "r":0.0,
        "f":0.0
      },
      "flat:vv":{
        "p":0.0,
        "r":0.0,
        "f":0.0
      },
      "cc":{
        "p":0.0048309179,
        "r":0.0003331113,
        "f":0.0006232471
      },
      "dislocated":{
        "p":0.0,
        "r":0.0,
        "f":0.0
      },
      "det":{
        "p":0.0,
        "r":0.0,
        "f":0.0
      },
      "parataxis":{
        "p":0.0003629764,
        "r":0.0108695652,
        "f":0.0007024939
      },
      "csubj":{
        "p":0.0,
        "r":0.0,
        "f":0.0
      },
      "aux":{
        "p":0.0,
        "r":0.0,
        "f":0.0
      },
      "list":{
        "p":0.0,
        "r":0.0,
        "f":0.0
      },
      "iobj":{
        "p":0.0,
        "r":0.0,
        "f":0.0
      },
      "expl":{
        "p":0.0,
        "r":0.0,
        "f":0.0
      },
      "fixed":{
        "p":0.0,
        "r":0.0,
        "f":0.0
      },
      "cop":{
        "p":0.0,
        "r":0.0,
        "f":0.0
      },
      "nsubj:pass":{
        "p":0.0,
        "r":0.0,
        "f":0.0
      },
      "xcomp":{
        "p":0.0,
        "r":0.0,
        "f":0.0
      },
      "obl:lmod":{
        "p":0.0,
        "r":0.0,
        "f":0.0
      },
      "mark":{
        "p":0.0,
        "r":0.0,
        "f":0.0
      },
      "aux:pass":{
        "p":0.0,
        "r":0.0,
        "f":0.0
      },
      "flat:name":{
        "p":0.0,
        "r":0.0,
        "f":0.0
      },
      "nummod:gov":{
        "p":0.0,
        "r":0.0,
        "f":0.0
      },
      "nsubj:outer":{
        "p":0.0,
        "r":0.0,
        "f":0.0
      },
      "discourse:sp":{
        "p":0.0,
        "r":0.0,
        "f":0.0
      },
      "orphan":{
        "p":0.0,
        "r":0.0,
        "f":0.0
      },
      "advcl:cmp":{
        "p":0.0,
        "r":0.0,
        "f":0.0
      },
      "clf":{
        "p":0.0,
        "r":0.0,
        "f":0.0
      },
      "acl:relcl":{
        "p":0.0,
        "r":0.0,
        "f":0.0
      },
      "csubj:outer":{
        "p":0.0,
        "r":0.0,
        "f":0.0
      },
      "obl:tmod":{
        "p":0.0,
        "r":0.0,
        "f":0.0
      },
      "csubj:pass":{
        "p":0.0,
        "r":0.0,
        "f":0.0
      },
      "reparandum":{
        "p":0.0,
        "r":0.0,
        "f":0.0
      },
      "goeswith":{
        "p":0.0,
        "r":0.0,
        "f":0.0
      }
    }
  },
  "trainable_lemmatizer":{
    "lemma_acc":0.0503482537
  },
  "tagger":{
    "tag_acc":0.0
  },
  "morphologizer":{
    "pos_acc":0.223536851,
    "morph_acc":0.2407623842,
    "morph_micro_p":0.0506626405,
    "morph_micro_r":0.0035524397,
    "morph_micro_f":0.0066393325,
    "morph_per_feat":{
      "Case":{
        "p":0.0239303843,
        "r":0.0020311442,
        "f":0.0037444684
      },
      "Gender":{
        "p":0.0,
        "r":0.0,
        "f":0.0
      },
      "Number":{
        "p":0.0,
        "r":0.0,
        "f":0.0
      },
      "Mood":{
        "p":0.0,
        "r":0.0,
        "f":0.0
      },
      "Person":{
        "p":0.2,
        "r":0.0003838035,
        "f":0.0007661368
      },
      "Tense":{
        "p":0.0,
        "r":0.0,
        "f":0.0
      },
      "VerbForm":{
        "p":0.053968254,
        "r":0.0066837036,
        "f":0.0118943502
      },
      "Voice":{
        "p":0.0,
        "r":0.0,
        "f":0.0
      },
      "PronType":{
        "p":0.1764705882,
        "r":0.0012350762,
        "f":0.0024529845
      },
      "Variant":{
        "p":0.0,
        "r":0.0,
        "f":0.0
      },
      "Reflex":{
        "p":0.0,
        "r":0.0,
        "f":0.0
      },
      "Aspect":{
        "p":0.0,
        "r":0.0,
        "f":0.0
      },
      "Degree":{
        "p":0.1519337017,
        "r":0.0779404818,
        "f":0.1030284109
      },
      "NameType":{
        "p":0.0231563947,
        "r":0.1963746224,
        "f":0.0414276609
      },
      "Clitic":{
        "p":0.0,
        "r":0.0,
        "f":0.0
      },
      "Polarity":{
        "p":0.0,
        "r":0.0,
        "f":0.0
      },
      "Poss":{
        "p":0.0,
        "r":0.0,
        "f":0.0
      },
      "Analyt":{
        "p":0.0,
        "r":0.0,
        "f":0.0
      },
      "NumType":{
        "p":0.0,
        "r":0.0,
        "f":0.0
      },
      "Animacy":{
        "p":0.0,
        "r":0.0,
        "f":0.0
      },
      "NumForm":{
        "p":0.0,
        "r":0.0,
        "f":0.0
      },
      "Abbr":{
        "p":0.0,
        "r":0.0,
        "f":0.0
      },
      "AdvType":{
        "p":0.0,
        "r":0.0,
        "f":0.0
      },
      "Typo":{
        "p":0.0,
        "r":0.0,
        "f":0.0
      }
    }
  },
  "speed":10059.6003243366
}