{
  "tokenizer":{
    "token_acc":1.0,
    "token_p":0.0170287987,
    "token_r":0.0827586207,
    "token_f":0.0282456426
  },
  "transformer":{

  },
  "parser":{
    "sents_p":0.5266120778,
    "sents_r":0.3319354839,
    "sents_f":0.4072022161,
    "dep_uas":0.1789281364,
    "dep_las":0.0153045482,
    "dep_las_per_type":{
      "nsubj":{
        "p":0.0097837903,
        "r":0.0294331395,
        "f":0.0146858852
      },
      "case":{
        "p":0.0066539924,
        "r":0.0026061057,
        "f":0.0037453184
      },
      "obl":{
        "p":0.0081466395,
        "r":0.0059413294,
        "f":0.0068713764
      },
      "root":{
        "p":0.128639882,
        "r":0.2251612903,
        "f":0.1637344593
      },
      "det":{
        "p":0.0322580645,
        "r":0.0006487889,
        "f":0.0012719949
      },
      "flat:name":{
        "p":0.0,
        "r":0.0,
        "f":0.0
      },
      "advcl":{
        "p":0.0015898251,
        "r":0.0004901961,
        "f":0.0007493443
      },
      "cop":{
        "p":0.0,
        "r":0.0,
        "f":0.0
      },
      "acl":{
        "p":0.0,
        "r":0.0,
        "f":0.0
      },
      "conj":{
        "p":0.004288455,
        "r":0.072243346,
        "f":0.0080963034
      },
      "advmod":{
        "p":0.0070560564,
        "r":0.0044477391,
        "f":0.0054561988
      },
      "list":{
        "p":0.0,
        "r":0.0,
        "f":0.0
      },
      "nmod":{
        "p":0.0058110984,
        "r":0.0232863234,
        "f":0.009301107
      },
      "compound":{
        "p":0.0,
        "r":0.0,
        "f":0.0
      },
      "iobj":{
        "p":0.0,
        "r":0.0,
        "f":0.0
      },
      "obj":{
        "p":0.0048814505,
        "r":0.0200764818,
        "f":0.0078534031
      },
      "mark":{
        "p":0.0,
        "r":0.0,
        "f":0.0
      },
      "flat:vv":{
        "p":0.0,
        "r":0.0,
        "f":0.0
      },
      "parataxis":{
        "p":0.0003125,
        "r":0.0196078431,
        "f":0.0006151953
      },
      "cc":{
        "p":0.0,
        "r":0.0,
        "f":0.0
      },
      "xcomp":{
        "p":0.0,
        "r":0.0,
        "f":0.0
      },
      "flat":{
        "p":0.0,
        "r":0.0,
        "f":0.0
      },
      "amod":{
        "p":0.0008663009,
        "r":0.006012024,
        "f":0.0015143867
      },
      "compound:redup":{
        "p":0.0,
        "r":0.0,
        "f":0.0
      },
      "nsubj:pass":{
        "p":0.0,
        "r":0.0,
        "f":0.0
      },
      "dep":{
        "p":0.0,
        "r":0.0,
        "f":0.0
      },
      "ccomp":{
        "p":0.0047058824,
        "r":0.0051020408,
        "f":0.0048959608
      },
      "dislocated":{
        "p":0.0,
        "r":0.0,
        "f":0.0
      },
      "appos":{
        "p":0.0,
        "r":0.0,
        "f":0.0
      },
      "csubj":{
        "p":0.0,
        "r":0.0,
        "f":0.0
      },
      "obl:lmod":{
        "p":0.0,
        "r":0.0,
        "f":0.0
      },
      "nummod":{
        "p":0.0,
        "r":0.0,
        "f":0.0
      },
      "obl:arg":{
        "p":0.0,
        "r":0.0,
        "f":0.0
      },
      "discourse":{
        "p":0.0,
        "r":0.0,
        "f":0.0
      },
      "orphan":{
        "p":0.0,
        "r":0.0,
        "f":0.0
      },
      "vocative":{
        "p":0.0,
        "r":0.0,
        "f":0.0
      },
      "obl:agent":{
        "p":0.0,
        "r":0.0,
        "f":0.0
      },
      "nsubj:outer":{
        "p":0.0,
        "r":0.0,
        "f":0.0
      },
      "fixed":{
        "p":0.0,
        "r":0.0,
        "f":0.0
      },
      "obl:tmod":{
        "p":0.0,
        "r":0.0,
        "f":0.0
      },
      "discourse:sp":{
        "p":0.0,
        "r":0.0,
        "f":0.0
      },
      "clf":{
        "p":0.0,
        "r":0.0,
        "f":0.0
      },
      "csubj:outer":{
        "p":0.0,
        "r":0.0,
        "f":0.0
      },
      "expl":{
        "p":0.0,
        "r":0.0,
        "f":0.0
      },
      "advcl:cmp":{
        "p":0.0,
        "r":0.0,
        "f":0.0
      },
      "csubj:pass":{
        "p":0.0,
        "r":0.0,
        "f":0.0
      },
      "aux:pass":{
        "p":0.0,
        "r":0.0,
        "f":0.0
      },
      "aux":{
        "p":0.0,
        "r":0.0,
        "f":0.0
      }
    }
  },
  "trainable_lemmatizer":{
    "lemma_acc":0.0260893173
  },
  "tagger":{
    "tag_acc":0.0
  },
  "morphologizer":{
    "pos_acc":0.2084784334,
    "morph_acc":0.2864212805,
    "morph_micro_p":0.0489434712,
    "morph_micro_r":0.002266,
    "morph_micro_f":0.0043314606,
    "morph_per_feat":{
      "Case":{
        "p":0.0,
        "r":0.0,
        "f":0.0
      },
      "Gender":{
        "p":0.0,
        "r":0.0,
        "f":0.0
      },
      "Number":{
        "p":0.0,
        "r":0.0,
        "f":0.0
      },
      "Aspect":{
        "p":0.0,
        "r":0.0,
        "f":0.0
      },
      "Mood":{
        "p":0.0,
        "r":0.0,
        "f":0.0
      },
      "Person":{
        "p":0.6462585034,
        "r":0.0144795001,
        "f":0.0283243888
      },
      "Tense":{
        "p":0.0,
        "r":0.0,
        "f":0.0
      },
      "VerbForm":{
        "p":0.0478142077,
        "r":0.0042923718,
        "f":0.0078775602
      },
      "Voice":{
        "p":0.0,
        "r":0.0,
        "f":0.0
      },
      "Definite":{
        "p":0.0,
        "r":0.0,
        "f":0.0
      },
      "PronType":{
        "p":0.6092715232,
        "r":0.0196581197,
        "f":0.0380873525
      },
      "NameType":{
        "p":0.0,
        "r":0.0,
        "f":0.0
      },
      "Degree":{
        "p":0.067867036,
        "r":0.0381619938,
        "f":0.0488534397
      },
      "Polarity":{
        "p":0.0,
        "r":0.0,
        "f":0.0
      },
      "Poss":{
        "p":0.0,
        "r":0.0,
        "f":0.0
      },
      "Reflex":{
        "p":0.0,
        "r":0.0,
        "f":0.0
      },
      "AdvType":{
        "p":0.0,
        "r":0.0,
        "f":0.0
      },
      "NounType":{
        "p":0.0,
        "r":0.0,
        "f":0.0
      }
    }
  },
  "speed":13267.6129882493
}