{
  "tokenizer":{
    "token_acc":0.9987632593,
    "token_p":0.9895828378,
    "token_r":0.9929125403,
    "token_f":0.9912448929
  },
  "transformer":{

  },
  "parser":{
    "sents_p":0.3487641391,
    "sents_r":0.5370967742,
    "sents_f":0.4229108458,
    "dep_uas":0.3598849784,
    "dep_las":0.1403849224,
    "dep_las_per_type":{
      "nsubj":{
        "p":0.080872914,
        "r":0.0457848837,
        "f":0.0584686775
      },
      "case":{
        "p":0.1409182789,
        "r":0.1816827997,
        "f":0.1587249959
      },
      "obl":{
        "p":0.0901885761,
        "r":0.1225399183,
        "f":0.1039042821
      },
      "root":{
        "p":0.3561443772,
        "r":0.5506451613,
        "f":0.4325351577
      },
      "det":{
        "p":0.1336477987,
        "r":0.0367647059,
        "f":0.0576662144
      },
      "flat:name":{
        "p":0.0333333333,
        "r":0.0416666667,
        "f":0.037037037
      },
      "advcl":{
        "p":0.1138868479,
        "r":0.0759803922,
        "f":0.0911496619
      },
      "cop":{
        "p":0.0735930736,
        "r":0.033530572,
        "f":0.0460704607
      },
      "acl":{
        "p":0.0090909091,
        "r":0.0362903226,
        "f":0.01453958
      },
      "obl:arg":{
        "p":0.1113762928,
        "r":0.2348993289,
        "f":0.1511063141
      },
      "mark":{
        "p":0.2962962963,
        "r":0.059347181,
        "f":0.0988875155
      },
      "aux":{
        "p":0.0,
        "r":0.0,
        "f":0.0
      },
      "ccomp":{
        "p":0.0869565217,
        "r":0.0051020408,
        "f":0.0096385542
      },
      "nmod":{
        "p":0.0687390543,
        "r":0.1029845851,
        "f":0.0824471577
      },
      "advmod":{
        "p":0.1848932677,
        "r":0.1391153941,
        "f":0.1587704456
      },
      "obj":{
        "p":0.1138297872,
        "r":0.0681963034,
        "f":0.0852929454
      },
      "cc":{
        "p":0.4520819564,
        "r":0.2704626335,
        "f":0.3384463137
      },
      "conj":{
        "p":0.1214648296,
        "r":0.1592205323,
        "f":0.1378033731
      },
      "xcomp":{
        "p":0.0505709625,
        "r":0.0320247934,
        "f":0.0392156863
      },
      "discourse":{
        "p":0.2687687688,
        "r":0.2891760905,
        "f":0.2785992218
      },
      "appos":{
        "p":0.0028694405,
        "r":0.0163934426,
        "f":0.0048840049
      },
      "amod":{
        "p":0.0045532157,
        "r":0.0160320641,
        "f":0.0070921986
      },
      "fixed":{
        "p":0.0,
        "r":0.0,
        "f":0.0
      },
      "orphan":{
        "p":0.0053763441,
        "r":0.0181818182,
        "f":0.0082987552
      },
      "nsubj:pass":{
        "p":0.0,
        "r":0.0,
        "f":0.0
      },
      "dislocated":{
        "p":0.0,
        "r":0.0,
        "f":0.0
      },
      "csubj":{
        "p":0.0,
        "r":0.0,
        "f":0.0
      },
      "parataxis":{
        "p":0.0,
        "r":0.0,
        "f":0.0
      },
      "advcl:cmp":{
        "p":0.0,
        "r":0.0,
        "f":0.0
      },
      "nummod":{
        "p":0.0034305317,
        "r":0.0181818182,
        "f":0.0057720058
      },
      "dep":{
        "p":0.0,
        "r":0.0,
        "f":0.0
      },
      "iobj":{
        "p":0.0,
        "r":0.0,
        "f":0.0
      },
      "vocative":{
        "p":0.1388888889,
        "r":0.0282485876,
        "f":0.0469483568
      },
      "obl:agent":{
        "p":0.0096153846,
        "r":0.02,
        "f":0.012987013
      },
      "expl:pv":{
        "p":0.0,
        "r":0.0,
        "f":0.0
      },
      "nsubj:outer":{
        "p":0.0,
        "r":0.0,
        "f":0.0
      },
      "csubj:pass":{
        "p":0.0,
        "r":0.0,
        "f":0.0
      },
      "aux:pass":{
        "p":0.0,
        "r":0.0,
        "f":0.0
      }
    }
  },
  "trainable_lemmatizer":{
    "lemma_acc":0.2000977366
  },
  "tagger":{
    "tag_acc":0.0803367035
  },
  "morphologizer":{
    "pos_acc":0.3765488784,
    "morph_acc":0.1943169216,
    "morph_micro_p":0.3791456563,
    "morph_micro_r":0.2973811395,
    "morph_micro_f":0.3333223991,
    "morph_per_feat":{
      "Case":{
        "p":0.2811136276,
        "r":0.2296169291,
        "f":0.2527690856
      },
      "Gender":{
        "p":0.2944026734,
        "r":0.2400981105,
        "f":0.2644917565
      },
      "Number":{
        "p":0.5499095086,
        "r":0.4362070235,
        "f":0.4865031305
      },
      "Aspect":{
        "p":0.2184710904,
        "r":0.1854413702,
        "f":0.2006057367
      },
      "Mood":{
        "p":0.5488613433,
        "r":0.3802676253,
        "f":0.4492685229
      },
      "Person":{
        "p":0.4345915202,
        "r":0.2562109435,
        "f":0.3223703135
      },
      "Tense":{
        "p":0.3859473383,
        "r":0.3308390579,
        "f":0.3562747688
      },
      "VerbForm":{
        "p":0.409583571,
        "r":0.3522197694,
        "f":0.3787419227
      },
      "Voice":{
        "p":0.4652261019,
        "r":0.3992876443,
        "f":0.429742234
      },
      "Definite":{
        "p":0.0,
        "r":0.0,
        "f":0.0
      },
      "PronType":{
        "p":0.2787810384,
        "r":0.0527777778,
        "f":0.0887531441
      },
      "Variant":{
        "p":0.0,
        "r":0.0,
        "f":0.0
      },
      "Degree":{
        "p":0.0367156208,
        "r":0.042834891,
        "f":0.0395398994
      },
      "Polarity":{
        "p":0.5702479339,
        "r":0.1760204082,
        "f":0.269005848
      },
      "Poss":{
        "p":0.0,
        "r":0.0,
        "f":0.0
      },
      "Reflex":{
        "p":0.0285714286,
        "r":0.0120481928,
        "f":0.0169491525
      }
    }
  },
  "speed":4173.8133790334
}