{
  "tokenizer":{
    "token_acc":0.9981644203,
    "token_p":0.9974335877,
    "token_r":0.9959947049,
    "token_f":0.996713627
  },
  "transformer":{

  },
  "parser":{
    "sents_p":0.0252764613,
    "sents_r":0.0703812317,
    "sents_f":0.0371948857,
    "dep_uas":0.2316058401,
    "dep_las":0.0713142035,
    "dep_las_per_type":{
      "root":{
        "p":0.1238132911,
        "r":0.3440820813,
        "f":0.1821002618
      },
      "nsubj":{
        "p":0.0660944206,
        "r":0.012893503,
        "f":0.0215776937
      },
      "advmod":{
        "p":0.0904749937,
        "r":0.0866634569,
        "f":0.0885282184
      },
      "mark":{
        "p":0.0642857143,
        "r":0.0028818444,
        "f":0.005516396
      },
      "acl":{
        "p":0.0012143291,
        "r":0.0026007802,
        "f":0.0016556291
      },
      "compound:prt":{
        "p":0.0,
        "r":0.0,
        "f":0.0
      },
      "obj":{
        "p":0.0390301597,
        "r":0.0233297985,
        "f":0.0292035398
      },
      "obl":{
        "p":0.0690423163,
        "r":0.0379901961,
        "f":0.0490118577
      },
      "det":{
        "p":0.0118293198,
        "r":0.0220994475,
        "f":0.0154100165
      },
      "amod":{
        "p":0.0080827675,
        "r":0.0101543461,
        "f":0.0090009001
      },
      "cc":{
        "p":0.3604060914,
        "r":0.3235545429,
        "f":0.3409875431
      },
      "conj":{
        "p":0.0399152243,
        "r":0.074760172,
        "f":0.0520437536
      },
      "case":{
        "p":0.3604193971,
        "r":0.1679560261,
        "f":0.2291348424
      },
      "nmod:poss":{
        "p":0.0,
        "r":0.0,
        "f":0.0
      },
      "fixed":{
        "p":0.0,
        "r":0.0,
        "f":0.0
      },
      "parataxis":{
        "p":0.0,
        "r":0.0,
        "f":0.0
      },
      "nmod":{
        "p":0.0018192844,
        "r":0.1011235955,
        "f":0.0035742653
      },
      "dep":{
        "p":0.0006808897,
        "r":0.0141509434,
        "f":0.0012992638
      },
      "aux":{
        "p":0.0,
        "r":0.0,
        "f":0.0
      },
      "advcl":{
        "p":0.0020491803,
        "r":0.0017271157,
        "f":0.0018744142
      },
      "iobj":{
        "p":0.0,
        "r":0.0,
        "f":0.0
      },
      "acl:relcl":{
        "p":0.0,
        "r":0.0,
        "f":0.0
      },
      "xcomp":{
        "p":0.0065645514,
        "r":0.0074812968,
        "f":0.006993007
      },
      "ccomp":{
        "p":0.0377358491,
        "r":0.001396648,
        "f":0.0026936027
      },
      "appos":{
        "p":0.0051594747,
        "r":0.034428795,
        "f":0.0089740975
      },
      "dislocated":{
        "p":0.0,
        "r":0.0,
        "f":0.0
      },
      "cop":{
        "p":0.0526315789,
        "r":0.0072376357,
        "f":0.0127253446
      },
      "obl:arg":{
        "p":0.0,
        "r":0.0,
        "f":0.0
      },
      "orphan":{
        "p":0.0,
        "r":0.0,
        "f":0.0
      },
      "expl":{
        "p":0.0,
        "r":0.0,
        "f":0.0
      },
      "vocative":{
        "p":0.0,
        "r":0.0,
        "f":0.0
      },
      "nummod":{
        "p":0.0008748906,
        "r":0.0051020408,
        "f":0.001493652
      },
      "flat:name":{
        "p":0.0,
        "r":0.0,
        "f":0.0
      },
      "nsubj:pass":{
        "p":0.0,
        "r":0.0,
        "f":0.0
      },
      "obl:agent":{
        "p":0.0,
        "r":0.0,
        "f":0.0
      },
      "flat:foreign":{
        "p":0.0,
        "r":0.0,
        "f":0.0
      },
      "discourse":{
        "p":0.0,
        "r":0.0,
        "f":0.0
      },
      "advcl:cmp":{
        "p":0.0,
        "r":0.0,
        "f":0.0
      },
      "csubj":{
        "p":0.0,
        "r":0.0,
        "f":0.0
      },
      "nsubj:outer":{
        "p":0.0,
        "r":0.0,
        "f":0.0
      },
      "expl:pv":{
        "p":0.0,
        "r":0.0,
        "f":0.0
      }
    }
  },
  "trainable_lemmatizer":{
    "lemma_acc":0.5013812037
  },
  "tagger":{
    "tag_acc":0.0
  },
  "morphologizer":{
    "pos_acc":0.2363571453,
    "morph_acc":0.1988541702,
    "morph_micro_p":0.2738141449,
    "morph_micro_r":0.1847975584,
    "morph_micro_f":0.2206667866,
    "morph_per_feat":{
      "Mood":{
        "p":0.3635087719,
        "r":0.0657694261,
        "f":0.1113858725
      },
      "Number":{
        "p":0.5282116672,
        "r":0.4105422899,
        "f":0.4620022654
      },
      "Person":{
        "p":0.2834101382,
        "r":0.0510373444,
        "f":0.0864978903
      },
      "Tense":{
        "p":0.1431293669,
        "r":0.0858303707,
        "f":0.107310104
      },
      "VerbForm":{
        "p":0.164380671,
        "r":0.0737689394,
        "f":0.1018367214
      },
      "Voice":{
        "p":0.3459665467,
        "r":0.1547348485,
        "f":0.2138323628
      },
      "Case":{
        "p":0.200270179,
        "r":0.1942749498,
        "f":0.1972270148
      },
      "Gender":{
        "p":0.2438879204,
        "r":0.2537267218,
        "f":0.2487100551
      },
      "PronType":{
        "p":0.0526717557,
        "r":0.0074845428,
        "f":0.0131066578
      },
      "Definite":{
        "p":0.0,
        "r":0.0,
        "f":0.0
      },
      "Degree":{
        "p":0.0551431601,
        "r":0.1087866109,
        "f":0.0731878958
      },
      "Variant":{
        "p":0.0,
        "r":0.0,
        "f":0.0
      },
      "Aspect":{
        "p":0.0,
        "r":0.0,
        "f":0.0
      },
      "Foreign":{
        "p":0.0,
        "r":0.0,
        "f":0.0
      },
      "NumType":{
        "p":0.0,
        "r":0.0,
        "f":0.0
      },
      "Poss":{
        "p":0.0,
        "r":0.0,
        "f":0.0
      },
      "Reflex":{
        "p":0.0,
        "r":0.0,
        "f":0.0
      },
      "Polarity":{
        "p":0.0,
        "r":0.0,
        "f":0.0
      }
    }
  },
  "speed":6255.6786980756
}