{
  "tokenizer":{
    "token_acc":1.0,
    "token_p":0.997476277,
    "token_r":0.9991405026,
    "token_f":0.9983076962
  },
  "transformer":{

  },
  "parser":{
    "sents_p":0.7908445146,
    "sents_r":0.8855501547,
    "sents_f":0.8355222014,
    "dep_uas":0.7827954815,
    "dep_las":0.7210389348,
    "dep_las_per_type":{
      "discourse":{
        "p":0.784962406,
        "r":0.7733333333,
        "f":0.7791044776
      },
      "case":{
        "p":0.9265255293,
        "r":0.9329153605,
        "f":0.9297094658
      },
      "root":{
        "p":0.8005518329,
        "r":0.8974812196,
        "f":0.84625
      },
      "nsubj":{
        "p":0.6842857143,
        "r":0.6722807018,
        "f":0.6782300885
      },
      "det":{
        "p":0.8250988142,
        "r":0.8202357564,
        "f":0.8226600985
      },
      "obj":{
        "p":0.7208053691,
        "r":0.7117296223,
        "f":0.7162387462
      },
      "mark":{
        "p":0.7279792746,
        "r":0.7473404255,
        "f":0.7375328084
      },
      "advcl":{
        "p":0.6321585903,
        "r":0.5845213849,
        "f":0.6074074074
      },
      "amod":{
        "p":0.7372353674,
        "r":0.7619047619,
        "f":0.7493670886
      },
      "obl":{
        "p":0.6778947368,
        "r":0.6607387141,
        "f":0.6692067891
      },
      "cc":{
        "p":0.7892405063,
        "r":0.8280212483,
        "f":0.8081659106
      },
      "advmod":{
        "p":0.7350993377,
        "r":0.6809815951,
        "f":0.7070063694
      },
      "conj":{
        "p":0.529676259,
        "r":0.538883806,
        "f":0.5342403628
      },
      "expl:pv":{
        "p":0.963190184,
        "r":0.9651639344,
        "f":0.9641760491
      },
      "obl:arg":{
        "p":0.7034035656,
        "r":0.6955128205,
        "f":0.6994359388
      },
      "acl":{
        "p":0.3669064748,
        "r":0.2973760933,
        "f":0.3285024155
      },
      "dep":{
        "p":0.0128205128,
        "r":0.0588235294,
        "f":0.0210526316
      },
      "nsubj:pass":{
        "p":0.6470588235,
        "r":0.4150943396,
        "f":0.5057471264
      },
      "dislocated":{
        "p":0.64,
        "r":0.2807017544,
        "f":0.3902439024
      },
      "cop":{
        "p":0.695863747,
        "r":0.7295918367,
        "f":0.7123287671
      },
      "vocative":{
        "p":0.7551020408,
        "r":0.6768292683,
        "f":0.7138263666
      },
      "flat:name":{
        "p":0.4642857143,
        "r":0.5652173913,
        "f":0.5098039216
      },
      "appos":{
        "p":0.3870967742,
        "r":0.3654822335,
        "f":0.3759791123
      },
      "xcomp":{
        "p":0.6138613861,
        "r":0.5886075949,
        "f":0.6009693053
      },
      "nmod":{
        "p":0.4744376278,
        "r":0.4978540773,
        "f":0.4858638743
      },
      "orphan":{
        "p":0.3440860215,
        "r":0.268907563,
        "f":0.3018867925
      },
      "aux":{
        "p":0.884057971,
        "r":0.734939759,
        "f":0.8026315789
      },
      "advcl:cmp":{
        "p":0.4090909091,
        "r":0.2903225806,
        "f":0.3396226415
      },
      "ccomp":{
        "p":0.5761589404,
        "r":0.5209580838,
        "f":0.5471698113
      },
      "parataxis":{
        "p":0.2592592593,
        "r":0.152173913,
        "f":0.1917808219
      },
      "nummod":{
        "p":0.5223880597,
        "r":0.5384615385,
        "f":0.5303030303
      },
      "obl:agent":{
        "p":0.4666666667,
        "r":0.2545454545,
        "f":0.3294117647
      },
      "csubj":{
        "p":0.6666666667,
        "r":0.6666666667,
        "f":0.6666666667
      },
      "nsubj:outer":{
        "p":1.0,
        "r":0.2857142857,
        "f":0.4444444444
      },
      "fixed":{
        "p":0.6875,
        "r":0.4489795918,
        "f":0.5432098765
      },
      "csubj:pass":{
        "p":0.0,
        "r":0.0,
        "f":0.0
      },
      "aux:pass":{
        "p":0.0,
        "r":0.0,
        "f":0.0
      }
    }
  },
  "trainable_lemmatizer":{
    "lemma_acc":0.7941495946
  },
  "tagger":{
    "tag_acc":0.8505874921
  },
  "morphologizer":{
    "pos_acc":0.9390416498,
    "morph_acc":0.8610991788,
    "morph_micro_p":0.9307506807,
    "morph_micro_r":0.921929419,
    "morph_micro_f":0.9263190493,
    "morph_per_feat":{
      "Case":{
        "p":0.8854285714,
        "r":0.8736139823,
        "f":0.8794816006
      },
      "Gender":{
        "p":0.8947259351,
        "r":0.880403752,
        "f":0.8875070661
      },
      "Number":{
        "p":0.9462238331,
        "r":0.9370055669,
        "f":0.9415921387
      },
      "Person":{
        "p":0.9583797845,
        "r":0.9541250462,
        "f":0.9562476826
      },
      "PronType":{
        "p":0.977953411,
        "r":0.9588091354,
        "f":0.9682866557
      },
      "Mood":{
        "p":0.9445178336,
        "r":0.9470198675,
        "f":0.9457671958
      },
      "Tense":{
        "p":0.9424027509,
        "r":0.9389721627,
        "f":0.9406843291
      },
      "VerbForm":{
        "p":0.951512551,
        "r":0.9476495726,
        "f":0.9495771331
      },
      "Voice":{
        "p":0.962389856,
        "r":0.9588865096,
        "f":0.9606349887
      },
      "Variant":{
        "p":0.9028753994,
        "r":0.8836772983,
        "f":0.8931731985
      },
      "Degree":{
        "p":0.8908807482,
        "r":0.8805855162,
        "f":0.8857032158
      },
      "Reflex":{
        "p":0.9898107715,
        "r":0.988372093,
        "f":0.9890909091
      },
      "Poss":{
        "p":0.9920948617,
        "r":0.98046875,
        "f":0.9862475442
      },
      "Polarity":{
        "p":0.9950248756,
        "r":0.987654321,
        "f":0.9913258984
      },
      "Aspect":{
        "p":0.9377262853,
        "r":0.9329971182,
        "f":0.9353557241
      }
    }
  },
  "speed":629.2318789014
}