{
  "tokenizer":{
    "token_acc":1.0,
    "token_p":1.0,
    "token_r":1.0,
    "token_f":1.0
  },
  "transformer":{

  },
  "parser":{
    "sents_p":0.0132450331,
    "sents_r":0.04,
    "sents_f":0.0199004975,
    "dep_uas":0.2106998901,
    "dep_las":0.0978380359,
    "dep_las_per_type":{
      "obl":{
        "p":0.0,
        "r":0.0,
        "f":0.0
      },
      "vocative":{
        "p":0.0,
        "r":0.0,
        "f":0.0
      },
      "advmod":{
        "p":0.0515463918,
        "r":0.0173611111,
        "f":0.025974026
      },
      "case":{
        "p":0.0085470085,
        "r":0.0243902439,
        "f":0.0126582278
      },
      "acl":{
        "p":0.0,
        "r":0.0,
        "f":0.0
      },
      "conj":{
        "p":0.0479452055,
        "r":0.0397727273,
        "f":0.0434782609
      },
      "amod":{
        "p":0.0,
        "r":0.0,
        "f":0.0
      },
      "obj":{
        "p":0.0677966102,
        "r":0.0184331797,
        "f":0.0289855072
      },
      "root":{
        "p":0.1986754967,
        "r":0.6,
        "f":0.2985074627
      },
      "nsubj":{
        "p":0.0241545894,
        "r":0.0156739812,
        "f":0.0190114068
      },
      "nmod":{
        "p":0.0057471264,
        "r":0.0064102564,
        "f":0.0060606061
      },
      "obl:arg":{
        "p":0.0,
        "r":0.0,
        "f":0.0
      },
      "appos":{
        "p":0.0303030303,
        "r":0.0625,
        "f":0.0408163265
      },
      "orphan":{
        "p":0.0,
        "r":0.0,
        "f":0.0
      },
      "det":{
        "p":0.0,
        "r":0.0,
        "f":0.0
      },
      "iobj":{
        "p":0.0,
        "r":0.0,
        "f":0.0
      },
      "xcomp":{
        "p":0.0,
        "r":0.0,
        "f":0.0
      },
      "discourse":{
        "p":0.0909090909,
        "r":0.021978022,
        "f":0.0353982301
      },
      "fixed":{
        "p":0.0151515152,
        "r":0.3333333333,
        "f":0.0289855072
      },
      "cc":{
        "p":0.0,
        "r":0.0,
        "f":0.0
      },
      "advcl":{
        "p":0.0,
        "r":0.0,
        "f":0.0
      },
      "ccomp":{
        "p":0.0,
        "r":0.0,
        "f":0.0
      },
      "mark":{
        "p":0.0,
        "r":0.0,
        "f":0.0
      },
      "dep":{
        "p":0.0,
        "r":0.0,
        "f":0.0
      },
      "nummod":{
        "p":0.0,
        "r":0.0,
        "f":0.0
      },
      "cop":{
        "p":0.0,
        "r":0.0,
        "f":0.0
      },
      "aux":{
        "p":0.0,
        "r":0.0,
        "f":0.0
      },
      "parataxis":{
        "p":0.0,
        "r":0.0,
        "f":0.0
      },
      "compound":{
        "p":0.0,
        "r":0.0,
        "f":0.0
      },
      "dislocated":{
        "p":0.0,
        "r":0.0,
        "f":0.0
      },
      "flat:name":{
        "p":0.0,
        "r":0.0,
        "f":0.0
      },
      "flat":{
        "p":0.0,
        "r":0.0,
        "f":0.0
      },
      "csubj":{
        "p":0.0,
        "r":0.0,
        "f":0.0
      },
      "nsubj:pass":{
        "p":0.0,
        "r":0.0,
        "f":0.0
      }
    }
  },
  "trainable_lemmatizer":{
    "lemma_acc":0.2488090876
  },
  "tagger":{
    "tag_acc":0.0
  },
  "morphologizer":{
    "pos_acc":0.2359838769,
    "morph_acc":0.1322828875,
    "morph_micro_p":0.26860332,
    "morph_micro_r":0.2744954665,
    "morph_micro_f":0.2715174309,
    "morph_per_feat":{
      "Case":{
        "p":0.2317436662,
        "r":0.1902140673,
        "f":0.2089351696
      },
      "Number":{
        "p":0.6441194394,
        "r":0.5126091174,
        "f":0.5708884688
      },
      "Gender":{
        "p":0.2695195195,
        "r":0.2252195734,
        "f":0.2453861928
      },
      "Tense":{
        "p":0.1689189189,
        "r":0.138121547,
        "f":0.1519756839
      },
      "VerbForm":{
        "p":0.0179372197,
        "r":0.0583941606,
        "f":0.0274442539
      },
      "Mood":{
        "p":0.0996677741,
        "r":0.0702576112,
        "f":0.0824175824
      },
      "Person":{
        "p":0.1094674556,
        "r":0.0866510539,
        "f":0.0967320261
      },
      "Degree":{
        "p":0.0,
        "r":0.0,
        "f":0.0
      },
      "Variant":{
        "p":0.0,
        "r":0.0,
        "f":0.0
      },
      "Aspect":{
        "p":0.0,
        "r":0.0,
        "f":0.0
      },
      "Voice":{
        "p":0.0,
        "r":0.0,
        "f":0.0
      },
      "PronType":{
        "p":0.0,
        "r":0.0,
        "f":0.0
      },
      "Poss":{
        "p":0.0,
        "r":0.0,
        "f":0.0
      },
      "Polarity":{
        "p":0.0,
        "r":0.0,
        "f":0.0
      },
      "Reflex":{
        "p":0.0,
        "r":0.0,
        "f":0.0
      }
    }
  },
  "speed":953.7790627734
}