{
  "tokenizer":{
    "token_acc":0.9996132525,
    "token_p":0.9992265051,
    "token_r":0.9990547798,
    "token_f":0.9991406351
  },
  "transformer":{

  },
  "parser":{
    "sents_p":0.1571776156,
    "sents_r":0.3082061069,
    "sents_f":0.2081856268,
    "dep_uas":0.3110687436,
    "dep_las":0.1455033906,
    "dep_las_per_type":{
      "ccomp":{
        "p":0.0,
        "r":0.0,
        "f":0.0
      },
      "nsubj":{
        "p":0.0791366906,
        "r":0.0416666667,
        "f":0.0545905707
      },
      "root":{
        "p":0.2347931873,
        "r":0.4604007634,
        "f":0.3109893651
      },
      "cop":{
        "p":0.0616438356,
        "r":0.0176125245,
        "f":0.0273972603
      },
      "advmod":{
        "p":0.0338028169,
        "r":0.0326530612,
        "f":0.0332179931
      },
      "case":{
        "p":0.5874848117,
        "r":0.5622093023,
        "f":0.5745692216
      },
      "dep":{
        "p":0.0,
        "r":0.0,
        "f":0.0
      },
      "appos":{
        "p":0.0021929825,
        "r":0.0122699387,
        "f":0.0037209302
      },
      "orphan":{
        "p":0.0030120482,
        "r":0.0185185185,
        "f":0.0051813472
      },
      "obj":{
        "p":0.0518134715,
        "r":0.0183374083,
        "f":0.0270880361
      },
      "obl":{
        "p":0.1013767209,
        "r":0.047675103,
        "f":0.0648518815
      },
      "discourse":{
        "p":0.3368983957,
        "r":0.1668874172,
        "f":0.2232063773
      },
      "nmod":{
        "p":0.0587475791,
        "r":0.100110011,
        "f":0.0740439382
      },
      "nsubj:pass":{
        "p":0.0,
        "r":0.0,
        "f":0.0
      },
      "acl":{
        "p":0.0073891626,
        "r":0.0056925996,
        "f":0.0064308682
      },
      "xcomp":{
        "p":0.0136363636,
        "r":0.0084033613,
        "f":0.0103986135
      },
      "cc":{
        "p":0.3240566038,
        "r":0.4158595642,
        "f":0.3642629905
      },
      "conj":{
        "p":0.0670254403,
        "r":0.0991316932,
        "f":0.0799766492
      },
      "advcl":{
        "p":0.0058139535,
        "r":0.0017079419,
        "f":0.002640264
      },
      "dislocated":{
        "p":0.0,
        "r":0.0,
        "f":0.0
      },
      "amod":{
        "p":0.0261363636,
        "r":0.0353302611,
        "f":0.0300457218
      },
      "det":{
        "p":0.1229135053,
        "r":0.0772163966,
        "f":0.0948477752
      },
      "nummod":{
        "p":0.0,
        "r":0.0,
        "f":0.0
      },
      "fixed":{
        "p":0.0036798528,
        "r":0.0547945205,
        "f":0.0068965517
      },
      "nsubj:outer":{
        "p":0.0,
        "r":0.0,
        "f":0.0
      },
      "mark":{
        "p":0.1851851852,
        "r":0.0190839695,
        "f":0.0346020761
      },
      "aux":{
        "p":0.0,
        "r":0.0,
        "f":0.0
      },
      "obl:agent":{
        "p":0.0,
        "r":0.0,
        "f":0.0
      },
      "parataxis":{
        "p":0.0,
        "r":0.0,
        "f":0.0
      },
      "vocative":{
        "p":0.0,
        "r":0.0,
        "f":0.0
      },
      "obl:arg":{
        "p":0.0314465409,
        "r":0.008291874,
        "f":0.0131233596
      },
      "advmod:neg":{
        "p":0.0,
        "r":0.0,
        "f":0.0
      },
      "flat:name":{
        "p":0.0,
        "r":0.0,
        "f":0.0
      },
      "aux:pass":{
        "p":0.0,
        "r":0.0,
        "f":0.0
      },
      "advcl:cmp":{
        "p":0.0,
        "r":0.0,
        "f":0.0
      },
      "csubj":{
        "p":0.0,
        "r":0.0,
        "f":0.0
      },
      "advmod:tmod":{
        "p":0.0,
        "r":0.0,
        "f":0.0
      },
      "csubj:pass":{
        "p":0.0,
        "r":0.0,
        "f":0.0
      },
      "acl:relcl":{
        "p":0.0,
        "r":0.0,
        "f":0.0
      },
      "expl:pv":{
        "p":0.0,
        "r":0.0,
        "f":0.0
      },
      "advmod:emph":{
        "p":0.0,
        "r":0.0,
        "f":0.0
      },
      "flat:foreign":{
        "p":0.0,
        "r":0.0,
        "f":0.0
      },
      "advcl:abs":{
        "p":0.0,
        "r":0.0,
        "f":0.0
      },
      "advmod:lmod":{
        "p":0.0,
        "r":0.0,
        "f":0.0
      },
      "conj:expl":{
        "p":0.0,
        "r":0.0,
        "f":0.0
      }
    }
  },
  "trainable_lemmatizer":{
    "lemma_acc":0.3742828287
  },
  "tagger":{
    "tag_acc":0.1506393037
  },
  "morphologizer":{
    "pos_acc":0.3093585473,
    "morph_acc":0.2229289782,
    "morph_micro_p":0.2875783311,
    "morph_micro_r":0.1955263416,
    "morph_micro_f":0.2327824266,
    "morph_per_feat":{
      "Case":{
        "p":0.1974185978,
        "r":0.1755499522,
        "f":0.1858431517
      },
      "Gender":{
        "p":0.2625061912,
        "r":0.2365437829,
        "f":0.2488496572
      },
      "Number":{
        "p":0.5418019124,
        "r":0.4004668655,
        "f":0.4605346557
      },
      "PronType":{
        "p":0.1993865031,
        "r":0.0531697342,
        "f":0.0839522118
      },
      "Person":{
        "p":0.2873258129,
        "r":0.075739024,
        "f":0.1198781838
      },
      "Mood":{
        "p":0.3020477816,
        "r":0.0893713709,
        "f":0.1379310345
      },
      "Tense":{
        "p":0.1957627119,
        "r":0.0871698113,
        "f":0.1206266319
      },
      "VerbForm":{
        "p":0.2228813559,
        "r":0.0950659678,
        "f":0.1332826555
      },
      "Voice":{
        "p":0.3665254237,
        "r":0.1605419451,
        "f":0.223283428
      },
      "Polarity":{
        "p":0.0,
        "r":0.0,
        "f":0.0
      },
      "Degree":{
        "p":0.0744721689,
        "r":0.1444527178,
        "f":0.0982776089
      },
      "Variant":{
        "p":0.0,
        "r":0.0,
        "f":0.0
      },
      "Aspect":{
        "p":0.1818181818,
        "r":0.0548060708,
        "f":0.0842241659
      },
      "Reflex":{
        "p":0.0,
        "r":0.0,
        "f":0.0
      },
      "Poss":{
        "p":0.15,
        "r":0.0272108844,
        "f":0.0460652591
      },
      "NumType":{
        "p":0.0,
        "r":0.0,
        "f":0.0
      },
      "NumForm":{
        "p":0.0,
        "r":0.0,
        "f":0.0
      },
      "AdvType":{
        "p":0.0,
        "r":0.0,
        "f":0.0
      },
      "AdpType":{
        "p":0.0,
        "r":0.0,
        "f":0.0
      },
      "Number[psor]":{
        "p":0.0,
        "r":0.0,
        "f":0.0
      },
      "Person[psor]":{
        "p":0.0,
        "r":0.0,
        "f":0.0
      },
      "Typo":{
        "p":0.0,
        "r":0.0,
        "f":0.0
      },
      "Compound":{
        "p":0.0,
        "r":0.0,
        "f":0.0
      }
    }
  },
  "speed":3394.0713052601
}