{
  "tokenizer":{
    "token_acc":0.9981644203,
    "token_p":0.9974335877,
    "token_r":0.9959947049,
    "token_f":0.996713627
  },
  "transformer":{

  },
  "parser":{
    "sents_p":0.0191445535,
    "sents_r":0.0579178886,
    "sents_f":0.0287769784,
    "dep_uas":0.2701535638,
    "dep_las":0.0939487438,
    "dep_las_per_type":{
      "root":{
        "p":0.1469981807,
        "r":0.4441187248,
        "f":0.2208857299
      },
      "nsubj":{
        "p":0.108399546,
        "r":0.0319825854,
        "f":0.0493922938
      },
      "advmod":{
        "p":0.052027972,
        "r":0.0447761194,
        "f":0.0481304179
      },
      "mark":{
        "p":0.1542056075,
        "r":0.0105667627,
        "f":0.0197782439
      },
      "acl":{
        "p":0.0008406894,
        "r":0.0026007802,
        "f":0.001270648
      },
      "compound:prt":{
        "p":0.0,
        "r":0.0,
        "f":0.0
      },
      "obj":{
        "p":0.1003470214,
        "r":0.1226581831,
        "f":0.1103865118
      },
      "parataxis":{
        "p":0.0,
        "r":0.0,
        "f":0.0
      },
      "case":{
        "p":0.5790925812,
        "r":0.3845684039,
        "f":0.4621972107
      },
      "nmod":{
        "p":0.0012690355,
        "r":0.0674157303,
        "f":0.0024911771
      },
      "cc":{
        "p":0.2671957672,
        "r":0.0863001994,
        "f":0.1304628633
      },
      "conj":{
        "p":0.0177321512,
        "r":0.0251405888,
        "f":0.0207962786
      },
      "amod":{
        "p":0.0222450376,
        "r":0.0264012998,
        "f":0.0241456166
      },
      "obl":{
        "p":0.136134068,
        "r":0.1038165266,
        "f":0.117798967
      },
      "nmod:poss":{
        "p":0.0,
        "r":0.0,
        "f":0.0
      },
      "det":{
        "p":0.0710545999,
        "r":0.1499605367,
        "f":0.0964222279
      },
      "aux":{
        "p":0.1,
        "r":0.0024,
        "f":0.0046875
      },
      "advcl":{
        "p":0.016924209,
        "r":0.0198618307,
        "f":0.0182757251
      },
      "iobj":{
        "p":0.0,
        "r":0.0,
        "f":0.0
      },
      "acl:relcl":{
        "p":0.0,
        "r":0.0,
        "f":0.0
      },
      "xcomp":{
        "p":0.0016611296,
        "r":0.0024937656,
        "f":0.0019940179
      },
      "dep":{
        "p":0.0005720824,
        "r":0.0094339623,
        "f":0.0010787487
      },
      "advcl:cmp":{
        "p":0.0,
        "r":0.0,
        "f":0.0
      },
      "obl:arg":{
        "p":0.0,
        "r":0.0,
        "f":0.0
      },
      "ccomp":{
        "p":0.0247933884,
        "r":0.0020949721,
        "f":0.00386349
      },
      "cop":{
        "p":0.146484375,
        "r":0.0452352232,
        "f":0.069124424
      },
      "expl":{
        "p":0.0,
        "r":0.0,
        "f":0.0
      },
      "fixed":{
        "p":0.0006802721,
        "r":0.015625,
        "f":0.001303781
      },
      "orphan":{
        "p":0.0,
        "r":0.0,
        "f":0.0
      },
      "appos":{
        "p":0.0072780204,
        "r":0.0234741784,
        "f":0.0111111111
      },
      "vocative":{
        "p":0.0,
        "r":0.0,
        "f":0.0
      },
      "dislocated":{
        "p":0.0,
        "r":0.0,
        "f":0.0
      },
      "nummod":{
        "p":0.0071022727,
        "r":0.0255102041,
        "f":0.0111111111
      },
      "obl:agent":{
        "p":0.0,
        "r":0.0,
        "f":0.0
      },
      "discourse":{
        "p":0.0,
        "r":0.0,
        "f":0.0
      },
      "flat:name":{
        "p":0.0117647059,
        "r":0.0048309179,
        "f":0.0068493151
      },
      "nsubj:pass":{
        "p":0.0,
        "r":0.0,
        "f":0.0
      },
      "csubj":{
        "p":0.0,
        "r":0.0,
        "f":0.0
      },
      "flat:foreign":{
        "p":0.0,
        "r":0.0,
        "f":0.0
      },
      "nsubj:outer":{
        "p":0.0,
        "r":0.0,
        "f":0.0
      },
      "expl:pv":{
        "p":0.0,
        "r":0.0,
        "f":0.0
      }
    }
  },
  "trainable_lemmatizer":{
    "lemma_acc":0.5082659731
  },
  "tagger":{
    "tag_acc":0.0
  },
  "morphologizer":{
    "pos_acc":0.3067533682,
    "morph_acc":0.1908129611,
    "morph_micro_p":0.3535486059,
    "morph_micro_r":0.2594409442,
    "morph_micro_f":0.2992709553,
    "morph_per_feat":{
      "Mood":{
        "p":0.4925447316,
        "r":0.2516505841,
        "f":0.3331092437
      },
      "Number":{
        "p":0.5728073703,
        "r":0.4852426523,
        "f":0.5254015627
      },
      "Person":{
        "p":0.4012638231,
        "r":0.184439834,
        "f":0.2527183569
      },
      "Tense":{
        "p":0.2508763908,
        "r":0.2089893347,
        "f":0.228025213
      },
      "VerbForm":{
        "p":0.4017613119,
        "r":0.2505681818,
        "f":0.3086434154
      },
      "Voice":{
        "p":0.5477823503,
        "r":0.3403409091,
        "f":0.41983529
      },
      "Case":{
        "p":0.2280453864,
        "r":0.2181088497,
        "f":0.2229664671
      },
      "Gender":{
        "p":0.2804335622,
        "r":0.2872561596,
        "f":0.2838038633
      },
      "PronType":{
        "p":0.2073469388,
        "r":0.0275517952,
        "f":0.0486403677
      },
      "Definite":{
        "p":0.0,
        "r":0.0,
        "f":0.0
      },
      "Degree":{
        "p":0.0689972401,
        "r":0.0784518828,
        "f":0.0734214391
      },
      "Aspect":{
        "p":0.0,
        "r":0.0,
        "f":0.0
      },
      "Variant":{
        "p":0.0,
        "r":0.0,
        "f":0.0
      },
      "Foreign":{
        "p":0.0,
        "r":0.0,
        "f":0.0
      },
      "NumType":{
        "p":0.0,
        "r":0.0,
        "f":0.0
      },
      "Polarity":{
        "p":0.0,
        "r":0.0,
        "f":0.0
      },
      "Poss":{
        "p":0.0,
        "r":0.0,
        "f":0.0
      },
      "Reflex":{
        "p":0.0,
        "r":0.0,
        "f":0.0
      }
    }
  },
  "speed":6386.9618147912
}