{
  "tokenizer":{
    "token_acc":1.0,
    "token_p":0.997476277,
    "token_r":0.9991405026,
    "token_f":0.9983076962
  },
  "transformer":{

  },
  "parser":{
    "sents_p":0.8745860927,
    "sents_r":0.9337163058,
    "sents_f":0.9031844411,
    "dep_uas":0.8006369105,
    "dep_las":0.7396270278,
    "dep_las_per_type":{
      "discourse":{
        "p":0.8228228228,
        "r":0.8118518519,
        "f":0.817300522
      },
      "case":{
        "p":0.9360248447,
        "r":0.9448275862,
        "f":0.9404056162
      },
      "root":{
        "p":0.8479966956,
        "r":0.9072028281,
        "f":0.8766011956
      },
      "nsubj":{
        "p":0.7238912732,
        "r":0.7101754386,
        "f":0.7169677648
      },
      "det":{
        "p":0.838,
        "r":0.8231827112,
        "f":0.8305252725
      },
      "obj":{
        "p":0.7276757441,
        "r":0.7614314115,
        "f":0.7441709845
      },
      "mark":{
        "p":0.7251308901,
        "r":0.7367021277,
        "f":0.7308707124
      },
      "advcl":{
        "p":0.6589229145,
        "r":0.6354378819,
        "f":0.6469673406
      },
      "amod":{
        "p":0.7583547558,
        "r":0.7593307593,
        "f":0.7588424437
      },
      "obl":{
        "p":0.7052704577,
        "r":0.695622435,
        "f":0.7004132231
      },
      "acl":{
        "p":0.3918495298,
        "r":0.3644314869,
        "f":0.3776435045
      },
      "cc":{
        "p":0.819435325,
        "r":0.828685259,
        "f":0.8240343348
      },
      "advmod":{
        "p":0.7150882825,
        "r":0.6832822086,
        "f":0.6988235294
      },
      "conj":{
        "p":0.5580270793,
        "r":0.527904849,
        "f":0.5425481899
      },
      "expl:pv":{
        "p":0.9731958763,
        "r":0.9672131148,
        "f":0.9701952724
      },
      "obl:arg":{
        "p":0.6962843296,
        "r":0.6907051282,
        "f":0.6934835076
      },
      "nsubj:pass":{
        "p":0.5681818182,
        "r":0.4716981132,
        "f":0.5154639175
      },
      "dislocated":{
        "p":0.4444444444,
        "r":0.2807017544,
        "f":0.3440860215
      },
      "xcomp":{
        "p":0.5700934579,
        "r":0.5791139241,
        "f":0.5745682889
      },
      "cop":{
        "p":0.7286432161,
        "r":0.7397959184,
        "f":0.7341772152
      },
      "vocative":{
        "p":0.8222222222,
        "r":0.6768292683,
        "f":0.7424749164
      },
      "flat:name":{
        "p":0.8235294118,
        "r":0.6086956522,
        "f":0.7
      },
      "appos":{
        "p":0.3548387097,
        "r":0.3908629442,
        "f":0.3719806763
      },
      "ccomp":{
        "p":0.6434108527,
        "r":0.497005988,
        "f":0.5608108108
      },
      "dep":{
        "p":0.0211267606,
        "r":0.0882352941,
        "f":0.0340909091
      },
      "orphan":{
        "p":0.4268292683,
        "r":0.2941176471,
        "f":0.3482587065
      },
      "nmod":{
        "p":0.50390625,
        "r":0.5536480687,
        "f":0.527607362
      },
      "aux":{
        "p":0.9315068493,
        "r":0.8192771084,
        "f":0.8717948718
      },
      "advcl:cmp":{
        "p":0.2325581395,
        "r":0.3225806452,
        "f":0.2702702703
      },
      "parataxis":{
        "p":0.3181818182,
        "r":0.152173913,
        "f":0.2058823529
      },
      "obl:agent":{
        "p":0.4166666667,
        "r":0.3636363636,
        "f":0.3883495146
      },
      "csubj":{
        "p":0.7142857143,
        "r":0.8333333333,
        "f":0.7692307692
      },
      "nsubj:outer":{
        "p":0.5,
        "r":0.1428571429,
        "f":0.2222222222
      },
      "nummod":{
        "p":0.5588235294,
        "r":0.5846153846,
        "f":0.5714285714
      },
      "fixed":{
        "p":0.6279069767,
        "r":0.5510204082,
        "f":0.5869565217
      },
      "csubj:pass":{
        "p":0.0,
        "r":0.0,
        "f":0.0
      },
      "aux:pass":{
        "p":0.0,
        "r":0.0,
        "f":0.0
      }
    }
  },
  "trainable_lemmatizer":{
    "lemma_acc":0.8030919241
  },
  "tagger":{
    "tag_acc":0.866513379
  },
  "morphologizer":{
    "pos_acc":0.9466474587,
    "morph_acc":0.8764908025,
    "morph_micro_p":0.9413675719,
    "morph_micro_r":0.9332871012,
    "morph_micro_f":0.9373099216,
    "morph_per_feat":{
      "Case":{
        "p":0.8985987502,
        "r":0.8918436384,
        "f":0.8952084512
      },
      "Gender":{
        "p":0.9069504421,
        "r":0.899367863,
        "f":0.9031432374
      },
      "Number":{
        "p":0.9536169899,
        "r":0.9472604747,
        "f":0.9504281042
      },
      "Person":{
        "p":0.9666914775,
        "r":0.9609692934,
        "f":0.9638218924
      },
      "PronType":{
        "p":0.9816590246,
        "r":0.9604404568,
        "f":0.9709338281
      },
      "Mood":{
        "p":0.9558872305,
        "r":0.9543046358,
        "f":0.9550952775
      },
      "Tense":{
        "p":0.9551627506,
        "r":0.9488222698,
        "f":0.9519819529
      },
      "VerbForm":{
        "p":0.9640860215,
        "r":0.9579059829,
        "f":0.9609860665
      },
      "Voice":{
        "p":0.9726234102,
        "r":0.9661670236,
        "f":0.9693844666
      },
      "Variant":{
        "p":0.9248704663,
        "r":0.8930581614,
        "f":0.9086859688
      },
      "Degree":{
        "p":0.9153908139,
        "r":0.875192604,
        "f":0.8948404884
      },
      "Reflex":{
        "p":0.9912536443,
        "r":0.988372093,
        "f":0.9898107715
      },
      "Poss":{
        "p":0.9901380671,
        "r":0.98046875,
        "f":0.985279686
      },
      "Polarity":{
        "p":0.9925373134,
        "r":0.9851851852,
        "f":0.9888475836
      },
      "Aspect":{
        "p":0.946685879,
        "r":0.946685879,
        "f":0.946685879
      }
    }
  },
  "speed":2508.0329099567
}