{
  "tokenizer":{
    "token_acc":0.9464403791,
    "token_p":0.9418117699,
    "token_r":0.8969353484,
    "token_f":0.9188259327
  },
  "transformer":{

  },
  "parser":{
    "sents_p":0.1702997275,
    "sents_r":0.3213367609,
    "sents_f":0.2226179875,
    "dep_uas":0.1815257353,
    "dep_las":0.0654871324,
    "dep_las_per_type":{
      "advmod":{
        "p":0.0693512304,
        "r":0.0635245902,
        "f":0.0663101604
      },
      "iobj":{
        "p":0.0,
        "r":0.0,
        "f":0.0
      },
      "root":{
        "p":0.1910274964,
        "r":0.3393316195,
        "f":0.2444444444
      },
      "orphan":{
        "p":0.0,
        "r":0.0,
        "f":0.0
      },
      "cc:nc":{
        "p":0.0,
        "r":0.0,
        "f":0.0
      },
      "expl":{
        "p":0.0,
        "r":0.0,
        "f":0.0
      },
      "nsubj":{
        "p":0.0569105691,
        "r":0.018469657,
        "f":0.0278884462
      },
      "case":{
        "p":0.2692307692,
        "r":0.2231075697,
        "f":0.2440087146
      },
      "obl":{
        "p":0.0413533835,
        "r":0.0383275261,
        "f":0.0397830018
      },
      "ccomp":{
        "p":0.0,
        "r":0.0,
        "f":0.0
      },
      "xcomp":{
        "p":0.0,
        "r":0.0,
        "f":0.0
      },
      "conj":{
        "p":0.0178571429,
        "r":0.0746268657,
        "f":0.0288184438
      },
      "mark":{
        "p":0.0,
        "r":0.0,
        "f":0.0
      },
      "aux":{
        "p":0.0,
        "r":0.0,
        "f":0.0
      },
      "det":{
        "p":0.1470588235,
        "r":0.0297619048,
        "f":0.0495049505
      },
      "acl":{
        "p":0.0028901734,
        "r":0.0196078431,
        "f":0.0050377834
      },
      "nmod":{
        "p":0.0067567568,
        "r":0.0357142857,
        "f":0.0113636364
      },
      "advcl":{
        "p":0.0,
        "r":0.0,
        "f":0.0
      },
      "obj":{
        "p":0.027027027,
        "r":0.0054644809,
        "f":0.0090909091
      },
      "acl:relcl":{
        "p":0.0,
        "r":0.0,
        "f":0.0
      },
      "dep":{
        "p":0.0,
        "r":0.0,
        "f":0.0
      },
      "amod":{
        "p":0.0110497238,
        "r":0.0188679245,
        "f":0.0139372822
      },
      "fixed":{
        "p":0.0,
        "r":0.0,
        "f":0.0
      },
      "appos":{
        "p":0.0,
        "r":0.0,
        "f":0.0
      },
      "cc":{
        "p":0.2985074627,
        "r":0.1666666667,
        "f":0.2139037433
      },
      "flat":{
        "p":0.0,
        "r":0.0,
        "f":0.0
      },
      "cop":{
        "p":0.0833333333,
        "r":0.0333333333,
        "f":0.0476190476
      },
      "parataxis":{
        "p":0.0,
        "r":0.0,
        "f":0.0
      },
      "dislocated":{
        "p":0.0,
        "r":0.0,
        "f":0.0
      },
      "obl:arg":{
        "p":0.0,
        "r":0.0,
        "f":0.0
      },
      "case:det":{
        "p":0.0,
        "r":0.0,
        "f":0.0
      },
      "advcl:cmp":{
        "p":0.0,
        "r":0.0,
        "f":0.0
      },
      "obl:advmod":{
        "p":0.0,
        "r":0.0,
        "f":0.0
      },
      "nummod":{
        "p":0.0,
        "r":0.0,
        "f":0.0
      },
      "aux:pass":{
        "p":0.0,
        "r":0.0,
        "f":0.0
      },
      "discourse":{
        "p":0.0,
        "r":0.0,
        "f":0.0
      },
      "vocative":{
        "p":0.0,
        "r":0.0,
        "f":0.0
      },
      "obl:agent":{
        "p":0.0,
        "r":0.0,
        "f":0.0
      },
      "csubj":{
        "p":0.0,
        "r":0.0,
        "f":0.0
      },
      "nsubj:pass":{
        "p":0.0,
        "r":0.0,
        "f":0.0
      },
      "nsubj:obj":{
        "p":0.0,
        "r":0.0,
        "f":0.0
      }
    }
  },
  "trainable_lemmatizer":{
    "lemma_acc":0.420622654
  },
  "tagger":{
    "tag_acc":0.0
  },
  "morphologizer":{
    "pos_acc":0.2316440322,
    "morph_acc":0.1123868404,
    "morph_micro_p":0.0307627476,
    "morph_micro_r":0.0557251908,
    "morph_micro_f":0.0396415965,
    "morph_per_feat":{
      "PronType":{
        "p":0.0350194553,
        "r":0.0083487941,
        "f":0.0134831461
      },
      "VerbForm":{
        "p":0.426056338,
        "r":0.1289978678,
        "f":0.1980360065
      },
      "Case":{
        "p":0.0,
        "r":0.0,
        "f":0.0
      },
      "Gender":{
        "p":0.0,
        "r":0.0,
        "f":0.0
      },
      "Number":{
        "p":0.0,
        "r":0.0,
        "f":0.0
      },
      "Polarity":{
        "p":0.1182795699,
        "r":0.1009174312,
        "f":0.1089108911
      },
      "Degree":{
        "p":0.0,
        "r":0.0,
        "f":0.0
      },
      "Tense":{
        "p":0.0179856115,
        "r":0.037593985,
        "f":0.0243309002
      },
      "Aspect":{
        "p":0.0,
        "r":0.0,
        "f":0.0
      },
      "Mood":{
        "p":0.0,
        "r":0.0,
        "f":0.0
      },
      "Person":{
        "p":0.0,
        "r":0.0,
        "f":0.0
      },
      "Voice":{
        "p":0.0,
        "r":0.0,
        "f":0.0
      },
      "Definite":{
        "p":0.0,
        "r":0.0,
        "f":0.0
      },
      "Poss":{
        "p":0.0,
        "r":0.0,
        "f":0.0
      },
      "Variant":{
        "p":0.0,
        "r":0.0,
        "f":0.0
      },
      "NumType":{
        "p":0.0,
        "r":0.0,
        "f":0.0
      },
      "Reflex":{
        "p":0.0,
        "r":0.0,
        "f":0.0
      }
    }
  },
  "speed":1439.364388158
}