{
  "tokenizer":{
    "token_acc":0.9996132525,
    "token_p":0.9992265051,
    "token_r":0.9990547798,
    "token_f":0.9991406351
  },
  "transformer":{

  },
  "parser":{
    "sents_p":0.2723589001,
    "sents_r":0.4489503817,
    "sents_f":0.3390380112,
    "dep_uas":0.3862819013,
    "dep_las":0.1726677932,
    "dep_las_per_type":{
      "ccomp":{
        "p":0.12,
        "r":0.0069605568,
        "f":0.0131578947
      },
      "nsubj":{
        "p":0.1051401869,
        "r":0.0730519481,
        "f":0.0862068966
      },
      "root":{
        "p":0.3454861111,
        "r":0.5696564885,
        "f":0.4301152738
      },
      "cop":{
        "p":0.0213903743,
        "r":0.0078277886,
        "f":0.0114613181
      },
      "advmod":{
        "p":0.0477599324,
        "r":0.0768707483,
        "f":0.058915537
      },
      "amod":{
        "p":0.0195071869,
        "r":0.0291858679,
        "f":0.0233846154
      },
      "nmod":{
        "p":0.0641213901,
        "r":0.1441144114,
        "f":0.0887533875
      },
      "acl":{
        "p":0.0282258065,
        "r":0.0398481973,
        "f":0.0330448466
      },
      "advcl:cmp":{
        "p":0.0,
        "r":0.0,
        "f":0.0
      },
      "fixed":{
        "p":0.0133779264,
        "r":0.0547945205,
        "f":0.0215053763
      },
      "obj":{
        "p":0.0937829294,
        "r":0.054400978,
        "f":0.0688588008
      },
      "case":{
        "p":0.6538181818,
        "r":0.5226744186,
        "f":0.5809369952
      },
      "obl":{
        "p":0.1444108761,
        "r":0.1406709829,
        "f":0.1425163983
      },
      "discourse":{
        "p":0.4553571429,
        "r":0.2026490066,
        "f":0.2804766269
      },
      "nsubj:pass":{
        "p":0.0,
        "r":0.0,
        "f":0.0
      },
      "xcomp":{
        "p":0.0211267606,
        "r":0.0084033613,
        "f":0.0120240481
      },
      "cc":{
        "p":0.5213358071,
        "r":0.3401937046,
        "f":0.4117216117
      },
      "conj":{
        "p":0.0842368641,
        "r":0.0730824891,
        "f":0.0782642387
      },
      "advcl":{
        "p":0.0731707317,
        "r":0.0281810418,
        "f":0.0406905055
      },
      "orphan":{
        "p":0.0030120482,
        "r":0.0092592593,
        "f":0.0045454545
      },
      "appos":{
        "p":0.0178403756,
        "r":0.1165644172,
        "f":0.0309446254
      },
      "det":{
        "p":0.1739674593,
        "r":0.1325071497,
        "f":0.1504329004
      },
      "dep":{
        "p":0.0,
        "r":0.0,
        "f":0.0
      },
      "nsubj:outer":{
        "p":0.0,
        "r":0.0,
        "f":0.0
      },
      "mark":{
        "p":0.2444444444,
        "r":0.0279898219,
        "f":0.0502283105
      },
      "obl:arg":{
        "p":0.1605584642,
        "r":0.1525704809,
        "f":0.156462585
      },
      "aux":{
        "p":0.0,
        "r":0.0,
        "f":0.0
      },
      "obl:agent":{
        "p":0.0,
        "r":0.0,
        "f":0.0
      },
      "parataxis":{
        "p":0.0,
        "r":0.0,
        "f":0.0
      },
      "nummod":{
        "p":0.0094936709,
        "r":0.0294117647,
        "f":0.014354067
      },
      "advmod:neg":{
        "p":0.0,
        "r":0.0,
        "f":0.0
      },
      "vocative":{
        "p":0.125,
        "r":0.0588235294,
        "f":0.08
      },
      "dislocated":{
        "p":0.0,
        "r":0.0,
        "f":0.0
      },
      "aux:pass":{
        "p":0.0,
        "r":0.0,
        "f":0.0
      },
      "csubj":{
        "p":0.0,
        "r":0.0,
        "f":0.0
      },
      "advmod:tmod":{
        "p":0.0,
        "r":0.0,
        "f":0.0
      },
      "csubj:pass":{
        "p":0.0,
        "r":0.0,
        "f":0.0
      },
      "acl:relcl":{
        "p":0.0,
        "r":0.0,
        "f":0.0
      },
      "flat:name":{
        "p":0.0952380952,
        "r":0.0377358491,
        "f":0.0540540541
      },
      "expl:pv":{
        "p":0.0,
        "r":0.0,
        "f":0.0
      },
      "advmod:emph":{
        "p":0.0,
        "r":0.0,
        "f":0.0
      },
      "flat:foreign":{
        "p":0.0,
        "r":0.0,
        "f":0.0
      },
      "advcl:abs":{
        "p":0.0,
        "r":0.0,
        "f":0.0
      },
      "advmod:lmod":{
        "p":0.0,
        "r":0.0,
        "f":0.0
      },
      "conj:expl":{
        "p":0.0,
        "r":0.0,
        "f":0.0
      }
    }
  },
  "trainable_lemmatizer":{
    "lemma_acc":0.3751853364
  },
  "tagger":{
    "tag_acc":0.1539453326
  },
  "morphologizer":{
    "pos_acc":0.4097043149,
    "morph_acc":0.2244665535,
    "morph_micro_p":0.3756757233,
    "morph_micro_r":0.29901473,
    "morph_micro_f":0.3329899643,
    "morph_per_feat":{
      "Case":{
        "p":0.1884860227,
        "r":0.1776367272,
        "f":0.1829006267
      },
      "Gender":{
        "p":0.3210028382,
        "r":0.3028653039,
        "f":0.3116704175
      },
      "Number":{
        "p":0.5355785312,
        "r":0.4568149397,
        "f":0.4930711086
      },
      "PronType":{
        "p":0.339673913,
        "r":0.1533742331,
        "f":0.2113271344
      },
      "Person":{
        "p":0.5366112487,
        "r":0.2653489592,
        "f":0.3551029963
      },
      "Mood":{
        "p":0.5629565965,
        "r":0.3307245645,
        "f":0.4166666667
      },
      "Tense":{
        "p":0.3321496859,
        "r":0.2294339623,
        "f":0.2713982814
      },
      "VerbForm":{
        "p":0.5240947454,
        "r":0.3479125249,
        "f":0.4182055181
      },
      "Voice":{
        "p":0.5386506419,
        "r":0.3659985152,
        "f":0.4358492651
      },
      "Polarity":{
        "p":0.2916666667,
        "r":0.0402298851,
        "f":0.0707070707
      },
      "Degree":{
        "p":0.052496799,
        "r":0.0610573343,
        "f":0.056454389
      },
      "Aspect":{
        "p":0.276843467,
        "r":0.1804384486,
        "f":0.2184788157
      },
      "Variant":{
        "p":0.0,
        "r":0.0,
        "f":0.0
      },
      "Reflex":{
        "p":0.0869565217,
        "r":0.0089686099,
        "f":0.0162601626
      },
      "Poss":{
        "p":0.3421052632,
        "r":0.029478458,
        "f":0.0542797495
      },
      "NumType":{
        "p":0.0,
        "r":0.0,
        "f":0.0
      },
      "NumForm":{
        "p":0.0,
        "r":0.0,
        "f":0.0
      },
      "AdvType":{
        "p":0.0,
        "r":0.0,
        "f":0.0
      },
      "AdpType":{
        "p":0.0,
        "r":0.0,
        "f":0.0
      },
      "Number[psor]":{
        "p":0.0,
        "r":0.0,
        "f":0.0
      },
      "Person[psor]":{
        "p":0.0,
        "r":0.0,
        "f":0.0
      },
      "Typo":{
        "p":0.0,
        "r":0.0,
        "f":0.0
      },
      "Compound":{
        "p":0.0,
        "r":0.0,
        "f":0.0
      }
    }
  },
  "speed":3415.640812759
}