{
  "tokenizer":{
    "token_acc":0.9995570601,
    "token_p":0.9645015345,
    "token_r":0.9836092021,
    "token_f":0.9739616613
  },
  "transformer":{

  },
  "parser":{
    "sents_p":0.6807871003,
    "sents_r":0.8048465267,
    "sents_f":0.7376369559,
    "dep_uas":0.5669209035,
    "dep_las":0.4441371681,
    "dep_las_per_type":{
      "discourse":{
        "p":0.5193075899,
        "r":0.5431754875,
        "f":0.5309734513
      },
      "vocative":{
        "p":0.2012578616,
        "r":0.1608040201,
        "f":0.1787709497
      },
      "root":{
        "p":0.5758142018,
        "r":0.6969305331,
        "f":0.63060956
      },
      "advmod":{
        "p":0.4701247538,
        "r":0.4472204872,
        "f":0.4583866837
      },
      "advcl":{
        "p":0.3119810202,
        "r":0.287431694,
        "f":0.2992036405
      },
      "expl:pv":{
        "p":0.9406779661,
        "r":0.8671875,
        "f":0.9024390244
      },
      "obl:arg":{
        "p":0.2345132743,
        "r":0.3099415205,
        "f":0.2670025189
      },
      "nsubj":{
        "p":0.3777915633,
        "r":0.3213720317,
        "f":0.3473053892
      },
      "mark":{
        "p":0.3865030675,
        "r":0.39375,
        "f":0.3900928793
      },
      "case":{
        "p":0.8138639281,
        "r":0.7561121049,
        "f":0.7839258114
      },
      "obl":{
        "p":0.4357058592,
        "r":0.421453024,
        "f":0.4284609435
      },
      "nummod":{
        "p":0.1574074074,
        "r":0.1847826087,
        "f":0.17
      },
      "conj":{
        "p":0.2590818363,
        "r":0.2767590618,
        "f":0.267628866
      },
      "appos":{
        "p":0.0900826446,
        "r":0.1535211268,
        "f":0.1135416667
      },
      "obl:agent":{
        "p":0.09375,
        "r":0.0576923077,
        "f":0.0714285714
      },
      "advcl:cmp":{
        "p":0.0297029703,
        "r":0.075,
        "f":0.0425531915
      },
      "cc":{
        "p":0.6821573948,
        "r":0.6698867422,
        "f":0.6759663866
      },
      "amod":{
        "p":0.3378766141,
        "r":0.3178137652,
        "f":0.3275382476
      },
      "obj":{
        "p":0.3753771877,
        "r":0.3729016787,
        "f":0.3741353383
      },
      "nmod":{
        "p":0.087529976,
        "r":0.1543340381,
        "f":0.1117061974
      },
      "dislocated":{
        "p":0.0927835052,
        "r":0.0909090909,
        "f":0.0918367347
      },
      "det":{
        "p":0.503649635,
        "r":0.5365474339,
        "f":0.5195783133
      },
      "xcomp":{
        "p":0.2265625,
        "r":0.3333333333,
        "f":0.2697674419
      },
      "parataxis":{
        "p":0.0588235294,
        "r":0.0543478261,
        "f":0.0564971751
      },
      "expl":{
        "p":0.0,
        "r":0.0,
        "f":0.0
      },
      "dep":{
        "p":0.0,
        "r":0.0,
        "f":0.0
      },
      "cop":{
        "p":0.397993311,
        "r":0.3695652174,
        "f":0.383252818
      },
      "nsubj:pass":{
        "p":0.2121212121,
        "r":0.128440367,
        "f":0.16
      },
      "orphan":{
        "p":0.042042042,
        "r":0.0578512397,
        "f":0.0486956522
      },
      "fixed":{
        "p":0.0145631068,
        "r":0.0405405405,
        "f":0.0214285714
      },
      "ccomp":{
        "p":0.2333333333,
        "r":0.1414141414,
        "f":0.1761006289
      },
      "aux":{
        "p":0.6388888889,
        "r":0.3087248322,
        "f":0.4162895928
      },
      "acl":{
        "p":0.0580912863,
        "r":0.1233480176,
        "f":0.0789844852
      },
      "aux:pass":{
        "p":0.0,
        "r":0.0,
        "f":0.0
      },
      "iobj":{
        "p":0.0,
        "r":0.0,
        "f":0.0
      },
      "flat:name":{
        "p":0.0408163265,
        "r":0.0097087379,
        "f":0.0156862745
      },
      "nummod:gov":{
        "p":0.0,
        "r":0.0,
        "f":0.0
      },
      "list":{
        "p":0.0,
        "r":0.0,
        "f":0.0
      },
      "csubj":{
        "p":0.375,
        "r":0.15,
        "f":0.2142857143
      },
      "flat":{
        "p":0.0,
        "r":0.0,
        "f":0.0
      },
      "acl:relcl":{
        "p":0.0,
        "r":0.0,
        "f":0.0
      },
      "nsubj:outer":{
        "p":0.0,
        "r":0.0,
        "f":0.0
      },
      "compound":{
        "p":0.0,
        "r":0.0,
        "f":0.0
      },
      "csubj:pass":{
        "p":0.0,
        "r":0.0,
        "f":0.0
      },
      "reparandum":{
        "p":0.0,
        "r":0.0,
        "f":0.0
      },
      "goeswith":{
        "p":0.0,
        "r":0.0,
        "f":0.0
      }
    }
  },
  "trainable_lemmatizer":{
    "lemma_acc":0.4099406694
  },
  "tagger":{
    "tag_acc":0.4300734045
  },
  "morphologizer":{
    "pos_acc":0.683625975,
    "morph_acc":0.5206718968,
    "morph_micro_p":0.6695847527,
    "morph_micro_r":0.6450971628,
    "morph_micro_f":0.6571129018,
    "morph_per_feat":{
      "Case":{
        "p":0.5905230219,
        "r":0.5691512279,
        "f":0.5796401931
      },
      "Gender":{
        "p":0.5994589111,
        "r":0.5719540527,
        "f":0.5853835739
      },
      "Number":{
        "p":0.7487393591,
        "r":0.7235904423,
        "f":0.7359501159
      },
      "Mood":{
        "p":0.6875876578,
        "r":0.6883116883,
        "f":0.6879494825
      },
      "Person":{
        "p":0.7675866362,
        "r":0.7098445596,
        "f":0.7375872383
      },
      "Tense":{
        "p":0.6810663553,
        "r":0.7119609439,
        "f":0.6961710592
      },
      "VerbForm":{
        "p":0.6567222007,
        "r":0.6664045606,
        "f":0.6615279539
      },
      "Voice":{
        "p":0.7685869988,
        "r":0.7790491221,
        "f":0.7737826981
      },
      "PronType":{
        "p":0.8519280206,
        "r":0.682173734,
        "f":0.7576588935
      },
      "Variant":{
        "p":0.4389956846,
        "r":0.5825091098,
        "f":0.5006711409
      },
      "Reflex":{
        "p":0.9805013928,
        "r":0.8176538908,
        "f":0.8917036099
      },
      "Aspect":{
        "p":0.6356502242,
        "r":0.6080428954,
        "f":0.621540148
      },
      "Degree":{
        "p":0.4983213429,
        "r":0.4907888521,
        "f":0.494526416
      },
      "Clitic":{
        "p":0.0,
        "r":0.0,
        "f":0.0
      },
      "Polarity":{
        "p":0.9676616915,
        "r":0.9306220096,
        "f":0.9487804878
      },
      "Poss":{
        "p":0.9007092199,
        "r":0.7298850575,
        "f":0.8063492063
      },
      "Analyt":{
        "p":0.0,
        "r":0.0,
        "f":0.0
      },
      "NumType":{
        "p":0.0,
        "r":0.0,
        "f":0.0
      },
      "Animacy":{
        "p":0.0,
        "r":0.0,
        "f":0.0
      },
      "NumForm":{
        "p":0.0,
        "r":0.0,
        "f":0.0
      },
      "NameType":{
        "p":0.0,
        "r":0.0,
        "f":0.0
      },
      "Abbr":{
        "p":0.0,
        "r":0.0,
        "f":0.0
      },
      "Typo":{
        "p":0.0,
        "r":0.0,
        "f":0.0
      }
    }
  },
  "speed":3222.7722671288
}