{
  "tokenizer":{
    "token_acc":1.0,
    "token_p":1.0,
    "token_r":1.0,
    "token_f":1.0
  },
  "transformer":{

  },
  "parser":{
    "sents_p":0.5733855186,
    "sents_r":0.7325,
    "sents_f":0.6432491767,
    "dep_uas":0.2077684133,
    "dep_las":0.0597288384,
    "dep_las_per_type":{
      "obl":{
        "p":0.009569378,
        "r":0.010989011,
        "f":0.010230179
      },
      "vocative":{
        "p":0.0,
        "r":0.0,
        "f":0.0
      },
      "advmod":{
        "p":0.1028037383,
        "r":0.0381944444,
        "f":0.0556962025
      },
      "case":{
        "p":0.0,
        "r":0.0,
        "f":0.0
      },
      "acl":{
        "p":0.0072463768,
        "r":0.0172413793,
        "f":0.0102040816
      },
      "conj":{
        "p":0.0569105691,
        "r":0.0397727273,
        "f":0.0468227425
      },
      "amod":{
        "p":0.0103092784,
        "r":0.0153846154,
        "f":0.012345679
      },
      "obj":{
        "p":0.0526315789,
        "r":0.0092165899,
        "f":0.0156862745
      },
      "root":{
        "p":0.2191780822,
        "r":0.28,
        "f":0.2458836443
      },
      "nsubj":{
        "p":0.0,
        "r":0.0,
        "f":0.0
      },
      "nmod":{
        "p":0.0233516484,
        "r":0.108974359,
        "f":0.0384615385
      },
      "appos":{
        "p":0.0094339623,
        "r":0.0625,
        "f":0.0163934426
      },
      "orphan":{
        "p":0.0,
        "r":0.0,
        "f":0.0
      },
      "dep":{
        "p":0.0,
        "r":0.0,
        "f":0.0
      },
      "det":{
        "p":0.0,
        "r":0.0,
        "f":0.0
      },
      "advcl:cmp":{
        "p":0.0,
        "r":0.0,
        "f":0.0
      },
      "advcl":{
        "p":0.0,
        "r":0.0,
        "f":0.0
      },
      "iobj":{
        "p":0.0,
        "r":0.0,
        "f":0.0
      },
      "xcomp":{
        "p":0.0,
        "r":0.0,
        "f":0.0
      },
      "discourse":{
        "p":0.1951219512,
        "r":0.0879120879,
        "f":0.1212121212
      },
      "cc":{
        "p":0.0,
        "r":0.0,
        "f":0.0
      },
      "dislocated":{
        "p":0.0,
        "r":0.0,
        "f":0.0
      },
      "ccomp":{
        "p":0.0,
        "r":0.0,
        "f":0.0
      },
      "mark":{
        "p":0.0,
        "r":0.0,
        "f":0.0
      },
      "nummod":{
        "p":0.0,
        "r":0.0,
        "f":0.0
      },
      "obl:arg":{
        "p":0.0,
        "r":0.0,
        "f":0.0
      },
      "fixed":{
        "p":0.0,
        "r":0.0,
        "f":0.0
      },
      "nsubj:pass":{
        "p":0.0,
        "r":0.0,
        "f":0.0
      },
      "cop":{
        "p":0.0,
        "r":0.0,
        "f":0.0
      },
      "aux":{
        "p":0.0,
        "r":0.0,
        "f":0.0
      },
      "parataxis":{
        "p":0.0,
        "r":0.0,
        "f":0.0
      },
      "compound":{
        "p":0.0,
        "r":0.0,
        "f":0.0
      },
      "obl:agent":{
        "p":0.0,
        "r":0.0,
        "f":0.0
      },
      "flat":{
        "p":0.0,
        "r":0.0,
        "f":0.0
      },
      "csubj":{
        "p":0.0,
        "r":0.0,
        "f":0.0
      },
      "nsubj:outer":{
        "p":0.0,
        "r":0.0,
        "f":0.0
      }
    }
  },
  "trainable_lemmatizer":{
    "lemma_acc":0.2495419568
  },
  "tagger":{
    "tag_acc":0.0
  },
  "morphologizer":{
    "pos_acc":0.2850861121,
    "morph_acc":0.0952729938,
    "morph_micro_p":0.2498107494,
    "morph_micro_r":0.2412986253,
    "morph_micro_f":0.2454809194,
    "morph_per_feat":{
      "Case":{
        "p":0.1406155703,
        "r":0.1425076453,
        "f":0.1415552855
      },
      "Number":{
        "p":0.5467048711,
        "r":0.462657614,
        "f":0.5011820331
      },
      "Gender":{
        "p":0.2418181818,
        "r":0.2503136763,
        "f":0.2459926017
      },
      "Tense":{
        "p":0.1438848921,
        "r":0.073664825,
        "f":0.0974421437
      },
      "VerbForm":{
        "p":0.0284697509,
        "r":0.0583941606,
        "f":0.038277512
      },
      "Mood":{
        "p":0.0879120879,
        "r":0.018735363,
        "f":0.0308880309
      },
      "Person":{
        "p":0.0760869565,
        "r":0.0163934426,
        "f":0.0269749518
      },
      "Degree":{
        "p":0.0,
        "r":0.0,
        "f":0.0
      },
      "Variant":{
        "p":0.0,
        "r":0.0,
        "f":0.0
      },
      "Aspect":{
        "p":0.0,
        "r":0.0,
        "f":0.0
      },
      "Voice":{
        "p":0.0035971223,
        "r":0.0769230769,
        "f":0.0068728522
      },
      "PronType":{
        "p":0.0,
        "r":0.0,
        "f":0.0
      }
    }
  },
  "speed":898.9446982494
}