{
  "tokenizer":{
    "token_acc":1.0,
    "token_p":0.9963401882,
    "token_r":0.998777079,
    "token_f":0.9975571453
  },
  "transformer":{

  },
  "parser":{
    "sents_p":0.5601719198,
    "sents_r":0.7240740741,
    "sents_f":0.6316639742,
    "dep_uas":0.4460544693,
    "dep_las":0.2403141361,
    "dep_las_per_type":{
      "cc":{
        "p":0.6146572104,
        "r":0.4980842912,
        "f":0.5502645503
      },
      "xcomp":{
        "p":0.0,
        "r":0.0,
        "f":0.0
      },
      "root":{
        "p":0.4014285714,
        "r":0.5203703704,
        "f":0.4532258065
      },
      "nsubj":{
        "p":0.1739130435,
        "r":0.0620842572,
        "f":0.091503268
      },
      "nsubj:pass":{
        "p":0.0,
        "r":0.0,
        "f":0.0
      },
      "advmod":{
        "p":0.144112478,
        "r":0.226519337,
        "f":0.1761546724
      },
      "acl":{
        "p":0.0210526316,
        "r":0.0612244898,
        "f":0.0313315927
      },
      "case":{
        "p":0.6845794393,
        "r":0.5825049702,
        "f":0.6294307197
      },
      "obl":{
        "p":0.2557077626,
        "r":0.2545454545,
        "f":0.2551252847
      },
      "det":{
        "p":0.2782874618,
        "r":0.19527897,
        "f":0.2295081967
      },
      "mark":{
        "p":0.1463414634,
        "r":0.0295566502,
        "f":0.0491803279
      },
      "aux":{
        "p":0.0,
        "r":0.0,
        "f":0.0
      },
      "advcl":{
        "p":0.16,
        "r":0.0571428571,
        "f":0.0842105263
      },
      "amod":{
        "p":0.0181818182,
        "r":0.0365853659,
        "f":0.024291498
      },
      "appos":{
        "p":0.0,
        "r":0.0,
        "f":0.0
      },
      "obj":{
        "p":0.1716738197,
        "r":0.1104972376,
        "f":0.1344537815
      },
      "conj":{
        "p":0.1612149533,
        "r":0.2023460411,
        "f":0.1794538362
      },
      "dep":{
        "p":0.0,
        "r":0.0,
        "f":0.0
      },
      "nmod":{
        "p":0.109263658,
        "r":0.1900826446,
        "f":0.1387631976
      },
      "obl:arg":{
        "p":0.2891566265,
        "r":0.1589403974,
        "f":0.2051282051
      },
      "discourse":{
        "p":0.3673469388,
        "r":0.1216216216,
        "f":0.1827411168
      },
      "orphan":{
        "p":0.008,
        "r":0.025,
        "f":0.0121212121
      },
      "nummod":{
        "p":0.0163934426,
        "r":0.0555555556,
        "f":0.0253164557
      },
      "ccomp":{
        "p":0.0,
        "r":0.0,
        "f":0.0
      },
      "advcl:cmp":{
        "p":0.0,
        "r":0.0,
        "f":0.0
      },
      "dislocated":{
        "p":0.0,
        "r":0.0,
        "f":0.0
      },
      "fixed":{
        "p":0.0,
        "r":0.0,
        "f":0.0
      },
      "cop":{
        "p":0.0,
        "r":0.0,
        "f":0.0
      },
      "parataxis":{
        "p":0.0,
        "r":0.0,
        "f":0.0
      },
      "vocative":{
        "p":0.0,
        "r":0.0,
        "f":0.0
      },
      "flat:name":{
        "p":0.0,
        "r":0.0,
        "f":0.0
      },
      "obl:agent":{
        "p":0.0,
        "r":0.0,
        "f":0.0
      },
      "expl:pv":{
        "p":0.0,
        "r":0.0,
        "f":0.0
      },
      "csubj:pass":{
        "p":0.0,
        "r":0.0,
        "f":0.0
      },
      "nsubj:outer":{
        "p":0.0,
        "r":0.0,
        "f":0.0
      }
    }
  },
  "trainable_lemmatizer":{
    "lemma_acc":0.3899118597
  },
  "tagger":{
    "tag_acc":0.1851981149
  },
  "morphologizer":{
    "pos_acc":0.4544343575,
    "morph_acc":0.2454608939,
    "morph_micro_p":0.4141685195,
    "morph_micro_r":0.306253189,
    "morph_micro_f":0.3521282837,
    "morph_per_feat":{
      "Case":{
        "p":0.2600151172,
        "r":0.2396377569,
        "f":0.2494109117
      },
      "Degree":{
        "p":0.0734824281,
        "r":0.099137931,
        "f":0.0844036697
      },
      "Gender":{
        "p":0.3333333333,
        "r":0.3052223006,
        "f":0.3186590532
      },
      "Number":{
        "p":0.6082874717,
        "r":0.4918848168,
        "f":0.5439282096
      },
      "Strength":{
        "p":0.0,
        "r":0.0,
        "f":0.0
      },
      "Mood":{
        "p":0.5964523282,
        "r":0.2834562698,
        "f":0.3842857143
      },
      "Person":{
        "p":0.4768439108,
        "r":0.1793548387,
        "f":0.260665729
      },
      "Tense":{
        "p":0.4438709677,
        "r":0.2654320988,
        "f":0.3322066634
      },
      "VerbForm":{
        "p":0.5108556833,
        "r":0.3086419753,
        "f":0.3848003848
      },
      "Voice":{
        "p":0.7019354839,
        "r":0.4197530864,
        "f":0.5253500724
      },
      "PronType":{
        "p":0.3991416309,
        "r":0.1495176849,
        "f":0.2175438596
      },
      "Polarity":{
        "p":0.3333333333,
        "r":0.0151515152,
        "f":0.0289855072
      },
      "Variant":{
        "p":0.0,
        "r":0.0,
        "f":0.0
      },
      "Aspect":{
        "p":0.0142450142,
        "r":0.0735294118,
        "f":0.0238663484
      },
      "Poss":{
        "p":0.2571428571,
        "r":0.0638297872,
        "f":0.1022727273
      },
      "Reflex":{
        "p":0.1875,
        "r":0.0555555556,
        "f":0.0857142857
      }
    }
  },
  "speed":1696.16590341
}