{
  "tokenizer":{
    "token_acc":0.9996152111,
    "token_p":0.9922378791,
    "token_r":0.9963360691,
    "token_f":0.9942827512
  },
  "transformer":{

  },
  "parser":{
    "sents_p":0.048397169,
    "sents_r":0.1232767762,
    "sents_f":0.0695067265,
    "dep_uas":0.2589876485,
    "dep_las":0.1022206304,
    "dep_las_per_type":{
      "root":{
        "p":0.2052315964,
        "r":0.5262460233,
        "f":0.2952990181
      },
      "cc":{
        "p":0.2635761589,
        "r":0.1184171378,
        "f":0.1634161363
      },
      "mark":{
        "p":0.2165289256,
        "r":0.0374606806,
        "f":0.0638712823
      },
      "amod":{
        "p":0.0260745569,
        "r":0.0462093863,
        "f":0.0333376742
      },
      "nsubj:pass":{
        "p":0.0112676056,
        "r":0.0035056968,
        "f":0.0053475936
      },
      "advmod:neg":{
        "p":0.0,
        "r":0.0,
        "f":0.0
      },
      "advcl":{
        "p":0.0219435737,
        "r":0.0109589041,
        "f":0.0146175933
      },
      "case":{
        "p":0.5944123314,
        "r":0.3967207844,
        "f":0.4758507664
      },
      "nsubj":{
        "p":0.0577458256,
        "r":0.0570708228,
        "f":0.0574063401
      },
      "obl":{
        "p":0.0692448792,
        "r":0.0917004049,
        "f":0.0789061139
      },
      "acl:relcl":{
        "p":0.0,
        "r":0.0,
        "f":0.0
      },
      "nmod":{
        "p":0.0579562786,
        "r":0.0769230769,
        "f":0.0661061177
      },
      "obj":{
        "p":0.0321528425,
        "r":0.0345691383,
        "f":0.033317238
      },
      "advmod":{
        "p":0.0261834939,
        "r":0.0558784086,
        "f":0.0356582513
      },
      "dep":{
        "p":0.0,
        "r":0.0,
        "f":0.0
      },
      "acl":{
        "p":0.0091161316,
        "r":0.0171385991,
        "f":0.0119016818
      },
      "advcl:cmp":{
        "p":0.0,
        "r":0.0,
        "f":0.0
      },
      "appos":{
        "p":0.0034207526,
        "r":0.0212514758,
        "f":0.0058929448
      },
      "csubj:pass":{
        "p":0.0,
        "r":0.0,
        "f":0.0
      },
      "cop":{
        "p":0.01,
        "r":0.0024140012,
        "f":0.003889159
      },
      "obl:arg":{
        "p":0.0170040486,
        "r":0.0103703704,
        "f":0.0128834356
      },
      "advmod:lmod":{
        "p":0.0,
        "r":0.0,
        "f":0.0
      },
      "det":{
        "p":0.1252478519,
        "r":0.0915237865,
        "f":0.1057625227
      },
      "fixed":{
        "p":0.0187165775,
        "r":0.0906735751,
        "f":0.0310283688
      },
      "conj":{
        "p":0.0231941683,
        "r":0.0198019802,
        "f":0.0213642606
      },
      "xcomp":{
        "p":0.0163934426,
        "r":0.0044091711,
        "f":0.0069492703
      },
      "ccomp:relcl":{
        "p":0.0,
        "r":0.0,
        "f":0.0
      },
      "dislocated":{
        "p":0.0,
        "r":0.0,
        "f":0.0
      },
      "nummod":{
        "p":0.0038071066,
        "r":0.0118577075,
        "f":0.0057636888
      },
      "parataxis":{
        "p":0.0014144272,
        "r":0.0263157895,
        "f":0.0026845638
      },
      "vocative":{
        "p":0.0,
        "r":0.0,
        "f":0.0
      },
      "aux":{
        "p":0.0,
        "r":0.0,
        "f":0.0
      },
      "ccomp":{
        "p":0.0298507463,
        "r":0.0082304527,
        "f":0.0129032258
      },
      "discourse":{
        "p":0.1853320119,
        "r":0.1472440945,
        "f":0.1641070645
      },
      "orphan":{
        "p":0.0036310821,
        "r":0.0342465753,
        "f":0.0065659882
      },
      "csubj":{
        "p":0.0,
        "r":0.0,
        "f":0.0
      },
      "advmod:emph":{
        "p":0.0,
        "r":0.0,
        "f":0.0
      },
      "flat":{
        "p":0.0,
        "r":0.0,
        "f":0.0
      },
      "dislocated:obj":{
        "p":0.0,
        "r":0.0,
        "f":0.0
      },
      "compound":{
        "p":0.0,
        "r":0.0,
        "f":0.0
      },
      "ccomp:reported":{
        "p":0.0,
        "r":0.0,
        "f":0.0
      },
      "obl:agent":{
        "p":0.0,
        "r":0.0,
        "f":0.0
      },
      "aux:pass":{
        "p":0.0,
        "r":0.0,
        "f":0.0
      },
      "csubj:relcl":{
        "p":0.0,
        "r":0.0,
        "f":0.0
      },
      "advcl:abs":{
        "p":0.0,
        "r":0.0,
        "f":0.0
      },
      "conj:expl":{
        "p":0.0,
        "r":0.0,
        "f":0.0
      },
      "advcl:pred":{
        "p":0.0,
        "r":0.0,
        "f":0.0
      },
      "obl:lmod":{
        "p":0.0,
        "r":0.0,
        "f":0.0
      },
      "flat:name":{
        "p":0.0,
        "r":0.0,
        "f":0.0
      },
      "dislocated:nsubj":{
        "p":0.0,
        "r":0.0,
        "f":0.0
      },
      "advmod:tmod":{
        "p":0.0,
        "r":0.0,
        "f":0.0
      },
      "nsubj:outer":{
        "p":0.0,
        "r":0.0,
        "f":0.0
      },
      "expl:pass":{
        "p":0.0,
        "r":0.0,
        "f":0.0
      },
      "reparandum":{
        "p":0.0,
        "r":0.0,
        "f":0.0
      },
      "advcl:relcl":{
        "p":0.0,
        "r":0.0,
        "f":0.0
      },
      "obl:tmod":{
        "p":0.0,
        "r":0.0,
        "f":0.0
      },
      "obl:cmp":{
        "p":0.0,
        "r":0.0,
        "f":0.0
      },
      "expl:pv":{
        "p":0.0,
        "r":0.0,
        "f":0.0
      },
      "cop:outer":{
        "p":0.0,
        "r":0.0,
        "f":0.0
      },
      "csubj:outer":{
        "p":0.0,
        "r":0.0,
        "f":0.0
      },
      "flat:foreign":{
        "p":0.0,
        "r":0.0,
        "f":0.0
      },
      "parataxis:reporting":{
        "p":0.0,
        "r":0.0,
        "f":0.0
      },
      "csubj:cleft":{
        "p":0.0,
        "r":0.0,
        "f":0.0
      },
      "csubj:reported":{
        "p":0.0,
        "r":0.0,
        "f":0.0
      },
      "iobj":{
        "p":0.0,
        "r":0.0,
        "f":0.0
      },
      "dislocated:csubj":{
        "p":0.0,
        "r":0.0,
        "f":0.0
      }
    }
  },
  "trainable_lemmatizer":{
    "lemma_acc":0.4669224478
  },
  "tagger":{
    "tag_acc":0.0
  },
  "morphologizer":{
    "pos_acc":0.2891073818,
    "morph_acc":0.1812217195,
    "morph_micro_p":0.3058935081,
    "morph_micro_r":0.2239566965,
    "morph_micro_f":0.258589688,
    "morph_per_feat":{
      "Case":{
        "p":0.1978474097,
        "r":0.1740603463,
        "f":0.1851931727
      },
      "Gender":{
        "p":0.32216296,
        "r":0.2821220845,
        "f":0.3008159366
      },
      "InflClass":{
        "p":0.0,
        "r":0.0,
        "f":0.0
      },
      "Number":{
        "p":0.5505016908,
        "r":0.4667904484,
        "f":0.5052018416
      },
      "Polarity":{
        "p":0.0506329114,
        "r":0.0058694057,
        "f":0.0105193951
      },
      "Aspect":{
        "p":0.1081905656,
        "r":0.0461785035,
        "f":0.0647290087
      },
      "Mood":{
        "p":0.3497459261,
        "r":0.3230296164,
        "f":0.3358573111
      },
      "Person":{
        "p":0.3261603376,
        "r":0.2776248055,
        "f":0.2999417965
      },
      "Tense":{
        "p":0.0799882801,
        "r":0.1325457194,
        "f":0.0997685467
      },
      "VerbForm":{
        "p":0.3825221886,
        "r":0.3086973632,
        "f":0.3416673926
      },
      "Voice":{
        "p":0.2170133802,
        "r":0.2324267782,
        "f":0.2244557806
      },
      "PronType":{
        "p":0.2034510433,
        "r":0.0458823529,
        "f":0.0748781568
      },
      "Variant":{
        "p":0.0,
        "r":0.0,
        "f":0.0
      },
      "Degree":{
        "p":0.0004032258,
        "r":0.0025380711,
        "f":0.0006958942
      },
      "Reflex":{
        "p":0.0088888889,
        "r":0.0033840948,
        "f":0.0049019608
      },
      "InflClass[nominal]":{
        "p":0.0,