{
  "tokenizer":{
    "token_acc":1.0,
    "token_p":0.997476277,
    "token_r":0.9991405026,
    "token_f":0.9983076962
  },
  "transformer":{

  },
  "parser":{
    "sents_p":0.5572105619,
    "sents_r":0.7273530711,
    "sents_f":0.6310139927,
    "dep_uas":0.566323823,
    "dep_las":0.4307622344,
    "dep_las_per_type":{
      "discourse":{
        "p":0.4498525074,
        "r":0.4518518519,
        "f":0.450849963
      },
      "case":{
        "p":0.803257329,
        "r":0.7730407524,
        "f":0.7878594249
      },
      "root":{
        "p":0.5327702703,
        "r":0.6968625718,
        "f":0.6038675091
      },
      "nsubj":{
        "p":0.3879539415,
        "r":0.3073684211,
        "f":0.3429913861
      },
      "det":{
        "p":0.6115107914,
        "r":0.5009823183,
        "f":0.5507559395
      },
      "orphan":{
        "p":0.0316455696,
        "r":0.0840336134,
        "f":0.0459770115
      },
      "obj":{
        "p":0.4500537057,
        "r":0.2776673294,
        "f":0.343442623
      },
      "mark":{
        "p":0.3625,
        "r":0.2313829787,
        "f":0.2824675325
      },
      "advcl":{
        "p":0.3406998158,
        "r":0.1883910387,
        "f":0.2426229508
      },
      "amod":{
        "p":0.4234104046,
        "r":0.3770913771,
        "f":0.3989108237
      },
      "obl":{
        "p":0.4421364985,
        "r":0.4076607387,
        "f":0.4241992883
      },
      "dislocated":{
        "p":0.0318181818,
        "r":0.1228070175,
        "f":0.0505415162
      },
      "conj":{
        "p":0.2496274218,
        "r":0.3064958829,
        "f":0.2751540041
      },
      "cc":{
        "p":0.5691803279,
        "r":0.5763612218,
        "f":0.5727482679
      },
      "advmod":{
        "p":0.4982728843,
        "r":0.4424846626,
        "f":0.4687246141
      },
      "expl:pv":{
        "p":0.9475138122,
        "r":0.7028688525,
        "f":0.8070588235
      },
      "obl:arg":{
        "p":0.5189393939,
        "r":0.4391025641,
        "f":0.4756944444
      },
      "acl":{
        "p":0.0895522388,
        "r":0.0699708455,
        "f":0.0785597381
      },
      "nmod":{
        "p":0.1549295775,
        "r":0.2124463519,
        "f":0.1791855204
      },
      "advcl:cmp":{
        "p":0.0588235294,
        "r":0.0322580645,
        "f":0.0416666667
      },
      "vocative":{
        "p":0.2523364486,
        "r":0.3292682927,
        "f":0.2857142857
      },
      "appos":{
        "p":0.0864440079,
        "r":0.2233502538,
        "f":0.1246458924
      },
      "dep":{
        "p":0.0039473684,
        "r":0.0882352941,
        "f":0.0075566751
      },
      "fixed":{
        "p":0.0,
        "r":0.0,
        "f":0.0
      },
      "nummod":{
        "p":0.25,
        "r":0.3230769231,
        "f":0.2818791946
      },
      "nsubj:pass":{
        "p":0.2,
        "r":0.0943396226,
        "f":0.1282051282
      },
      "cop":{
        "p":0.3791469194,
        "r":0.2040816327,
        "f":0.2653399668
      },
      "flat:name":{
        "p":0.4444444444,
        "r":0.1739130435,
        "f":0.25
      },
      "xcomp":{
        "p":0.3517786561,
        "r":0.2816455696,
        "f":0.3128295255
      },
      "aux":{
        "p":0.4406779661,
        "r":0.313253012,
        "f":0.3661971831
      },
      "ccomp":{
        "p":0.1746031746,
        "r":0.0658682635,
        "f":0.0956521739
      },
      "parataxis":{
        "p":0.0138888889,
        "r":0.0434782609,
        "f":0.0210526316
      },
      "obl:agent":{
        "p":0.12,
        "r":0.0545454545,
        "f":0.075
      },
      "csubj":{
        "p":0.5,
        "r":0.1666666667,
        "f":0.25
      },
      "nsubj:outer":{
        "p":0.0,
        "r":0.0,
        "f":0.0
      },
      "acl:relcl":{
        "p":0.0,
        "r":0.0,
        "f":0.0
      },
      "iobj":{
        "p":0.0,
        "r":0.0,
        "f":0.0
      },
      "flat":{
        "p":0.0,
        "r":0.0,
        "f":0.0
      },
      "csubj:pass":{
        "p":0.0,
        "r":0.0,
        "f":0.0
      },
      "nummod:gov":{
        "p":0.0,
        "r":0.0,
        "f":0.0
      },
      "aux:pass":{
        "p":0.0,
        "r":0.0,
        "f":0.0
      }
    }
  },
  "trainable_lemmatizer":{
    "lemma_acc":0.3516305858
  },
  "tagger":{
    "tag_acc":0.513923283
  },
  "morphologizer":{
    "pos_acc":0.7058585654,
    "morph_acc":0.5622299158,
    "morph_micro_p":0.7367220247,
    "morph_micro_r":0.6419325012,
    "morph_micro_f":0.6860686316,
    "morph_per_feat":{
      "Case":{
        "p":0.6300099701,
        "r":0.5937793648,
        "f":0.6113583591
      },
      "Gender":{
        "p":0.6388304586,
        "r":0.6192903752,
        "f":0.6289086767
      },
      "Number":{
        "p":0.8163429769,
        "r":0.7420158219,
        "f":0.7774068532
      },
      "Person":{
        "p":0.8118764846,
        "r":0.6322604514,
        "f":0.7108985025
      },
      "PronType":{
        "p":0.9197692711,
        "r":0.7153344209,
        "f":0.8047717366
      },
      "Mood":{
        "p":0.7450567943,
        "r":0.5864238411,
        "f":0.6562905318
      },
      "Tense":{
        "p":0.7648670869,
        "r":0.5976445396,
        "f":0.6709941099
      },
      "VerbForm":{
        "p":0.7618662352,
        "r":0.6036324786,
        "f":0.6735813066
      },
      "Voice":{
        "p":0.8428880476,
        "r":0.6674518201,
        "f":0.7449808795
      },
      "Variant":{
        "p":0.553868402,
        "r":0.4790494059,
        "f":0.5137491616
      },
      "Degree":{
        "p":0.5333896872,
        "r":0.4861325116,
        "f":0.5086658605
      },
      "Reflex":{
        "p":0.9546979866,
        "r":0.8270348837,
        "f":0.8862928349
      },
      "Poss":{
        "p":0.9125,
        "r":0.5703125,
        "f":0.7019230769
      },
      "Polarity":{
        "p":0.9868766404,
        "r":0.9283950617,
        "f":0.9567430025
      },
      "Aspect":{
        "p":0.7179039301,
        "r":0.5922190202,
        "f":0.6490327675
      },
      "Analyt":{
        "p":0.0,
        "r":0.0,
        "f":0.0
      },
      "Clitic":{
        "p":0.0,
        "r":0.0,
        "f":0.0
      },
      "NameType":{
        "p":0.0,
        "r":0.0,
        "f":0.0
      },
      "NumType":{
        "p":0.0,
        "r":0.0,
        "f":0.0
      }
    }
  },
  "speed":2577.5327950146
}