{
  "tokenizer":{
    "token_acc":1.0,
    "token_p":1.0,
    "token_r":1.0,
    "token_f":1.0
  },
  "transformer":{

  },
  "parser":{
    "sents_p":0.1435768262,
    "sents_r":0.285,
    "sents_f":0.1909547739,
    "dep_uas":0.2142333089,
    "dep_las":0.082538518,
    "dep_las_per_type":{
      "obl":{
        "p":0.0119047619,
        "r":0.0054945055,
        "f":0.007518797
      },
      "vocative":{
        "p":0.0,
        "r":0.0,
        "f":0.0
      },
      "advmod":{
        "p":0.0520833333,
        "r":0.0173611111,
        "f":0.0260416667
      },
      "case":{
        "p":0.0102040816,
        "r":0.0487804878,
        "f":0.0168776371
      },
      "acl":{
        "p":0.0,
        "r":0.0,
        "f":0.0
      },
      "conj":{
        "p":0.0204081633,
        "r":0.0113636364,
        "f":0.0145985401
      },
      "amod":{
        "p":0.0,
        "r":0.0,
        "f":0.0
      },
      "obj":{
        "p":0.0322580645,
        "r":0.0046082949,
        "f":0.0080645161
      },
      "root":{
        "p":0.2518891688,
        "r":0.5,
        "f":0.3350083752
      },
      "nsubj":{
        "p":0.0167597765,
        "r":0.0094043887,
        "f":0.0120481928
      },
      "nmod":{
        "p":0.025862069,
        "r":0.0192307692,
        "f":0.0220588235
      },
      "fixed":{
        "p":0.0142857143,
        "r":0.3333333333,
        "f":0.0273972603
      },
      "cc":{
        "p":0.012987013,
        "r":0.015625,
        "f":0.0141843972
      },
      "parataxis":{
        "p":0.0,
        "r":0.0,
        "f":0.0
      },
      "orphan":{
        "p":0.0,
        "r":0.0,
        "f":0.0
      },
      "nummod":{
        "p":0.0434782609,
        "r":0.0740740741,
        "f":0.0547945205
      },
      "ccomp":{
        "p":0.0,
        "r":0.0,
        "f":0.0
      },
      "iobj":{
        "p":0.0,
        "r":0.0,
        "f":0.0
      },
      "xcomp":{
        "p":0.0,
        "r":0.0,
        "f":0.0
      },
      "discourse":{
        "p":0.0,
        "r":0.0,
        "f":0.0
      },
      "det":{
        "p":0.1428571429,
        "r":0.0384615385,
        "f":0.0606060606
      },
      "advcl":{
        "p":0.0277777778,
        "r":0.012195122,
        "f":0.0169491525
      },
      "dislocated":{
        "p":0.0,
        "r":0.0,
        "f":0.0
      },
      "cop":{
        "p":0.0,
        "r":0.0,
        "f":0.0
      },
      "dep":{
        "p":0.0,
        "r":0.0,
        "f":0.0
      },
      "appos":{
        "p":0.0,
        "r":0.0,
        "f":0.0
      },
      "mark":{
        "p":0.0,
        "r":0.0,
        "f":0.0
      },
      "compound":{
        "p":0.0,
        "r":0.0,
        "f":0.0
      },
      "aux":{
        "p":0.0,
        "r":0.0,
        "f":0.0
      },
      "flat:name":{
        "p":0.0,
        "r":0.0,
        "f":0.0
      },
      "flat":{
        "p":0.0,
        "r":0.0,
        "f":0.0
      },
      "csubj":{
        "p":0.0,
        "r":0.0,
        "f":0.0
      },
      "expl:pv":{
        "p":0.0,
        "r":0.0,
        "f":0.0
      },
      "obl:arg":{
        "p":0.0,
        "r":0.0,
        "f":0.0
      }
    }
  },
  "trainable_lemmatizer":{
    "lemma_acc":0.2070355442
  },
  "tagger":{
    "tag_acc":0.0010993038
  },
  "morphologizer":{
    "pos_acc":0.154268963,
    "morph_acc":0.1696592158,
    "morph_micro_p":0.2962506601,
    "morph_micro_r":0.2461245978,
    "morph_micro_f":0.2688713156,
    "morph_per_feat":{
      "Case":{
        "p":0.2662057044,
        "r":0.1883792049,
        "f":0.2206303725
      },
      "Number":{
        "p":0.6621621622,
        "r":0.4515033948,
        "f":0.5369088812
      },
      "Gender":{
        "p":0.3068875327,
        "r":0.2208281054,
        "f":0.2568405691
      },
      "Tense":{
        "p":0.1220238095,
        "r":0.0755064457,
        "f":0.0932878271
      },
      "VerbForm":{
        "p":0.0088495575,
        "r":0.0218978102,
        "f":0.012605042
      },
      "Mood":{
        "p":0.0956175299,
        "r":0.056206089,
        "f":0.0707964602
      },
      "Person":{
        "p":0.0875912409,
        "r":0.056206089,
        "f":0.0684736091
      },
      "Voice":{
        "p":0.0,
        "r":0.0,
        "f":0.0
      },
      "Degree":{
        "p":0.0,
        "r":0.0,
        "f":0.0
      },
      "Variant":{
        "p":0.0,
        "r":0.0,
        "f":0.0
      },
      "Aspect":{
        "p":0.0,
        "r":0.0,
        "f":0.0
      },
      "PronType":{
        "p":0.0,
        "r":0.0,
        "f":0.0
      },
      "Polarity":{
        "p":0.0,
        "r":0.0,
        "f":0.0
      },
      "NumType":{
        "p":0.0,
        "r":0.0,
        "f":0.0
      },
      "NameType":{
        "p":0.0,
        "r":0.0,
        "f":0.0
      },
      "Poss":{
        "p":0.0,
        "r":0.0,
        "f":0.0
      },
      "Reflex":{
        "p":0.0,
        "r":0.0,
        "f":0.0
      }
    }
  },
  "speed":960.1526131652
}