{
  "tokenizer":{
    "token_acc":1.0,
    "token_p":0.997476277,
    "token_r":0.9991405026,
    "token_f":0.9983076962
  },
  "transformer":{

  },
  "parser":{
    "sents_p":0.6354907539,
    "sents_r":0.7896597437,
    "sents_f":0.7042364532,
    "dep_uas":0.6071220967,
    "dep_las":0.480416435,
    "dep_las_per_type":{
      "discourse":{
        "p":0.5304777595,
        "r":0.477037037,
        "f":0.5023400936
      },
      "case":{
        "p":0.8781163435,
        "r":0.794984326,
        "f":0.834485028
      },
      "root":{
        "p":0.5995732575,
        "r":0.7450287229,
        "f":0.6644334975
      },
      "nsubj":{
        "p":0.4158249158,
        "r":0.3466666667,
        "f":0.3781094527
      },
      "det":{
        "p":0.6086021505,
        "r":0.5559921415,
        "f":0.5811088296
      },
      "orphan":{
        "p":0.0358306189,
        "r":0.0924369748,
        "f":0.0516431925
      },
      "obj":{
        "p":0.464057508,
        "r":0.3850231942,
        "f":0.4208620065
      },
      "mark":{
        "p":0.5384615385,
        "r":0.204787234,
        "f":0.2967244701
      },
      "advcl":{
        "p":0.41301059,
        "r":0.2780040733,
        "f":0.3323189288
      },
      "amod":{
        "p":0.419858156,
        "r":0.380952381,
        "f":0.3994601889
      },
      "obl":{
        "p":0.5339403974,
        "r":0.4411764706,
        "f":0.4831460674
      },
      "nmod":{
        "p":0.197869102,
        "r":0.2789699571,
        "f":0.231522707
      },
      "ccomp":{
        "p":0.1214953271,
        "r":0.0778443114,
        "f":0.0948905109
      },
      "appos":{
        "p":0.104859335,
        "r":0.2081218274,
        "f":0.1394557823
      },
      "cc":{
        "p":0.5953654189,
        "r":0.6653386454,
        "f":0.6284101599
      },
      "advmod":{
        "p":0.5554493308,
        "r":0.4455521472,
        "f":0.4944680851
      },
      "conj":{
        "p":0.2942097027,
        "r":0.3440073193,
        "f":0.3171657528
      },
      "expl:pv":{
        "p":0.9481641469,
        "r":0.8995901639,
        "f":0.9232386961
      },
      "obl:arg":{
        "p":0.4563380282,
        "r":0.5192307692,
        "f":0.4857571214
      },
      "acl":{
        "p":0.1029900332,
        "r":0.0903790087,
        "f":0.0962732919
      },
      "cop":{
        "p":0.49,
        "r":0.25,
        "f":0.3310810811
      },
      "xcomp":{
        "p":0.3538461538,
        "r":0.3639240506,
        "f":0.3588143526
      },
      "dep":{
        "p":0.0047169811,
        "r":0.0882352941,
        "f":0.0089552239
      },
      "nsubj:pass":{
        "p":0.1230769231,
        "r":0.1509433962,
        "f":0.1355932203
      },
      "dislocated":{
        "p":0.095890411,
        "r":0.1228070175,
        "f":0.1076923077
      },
      "vocative":{
        "p":0.2054794521,
        "r":0.2743902439,
        "f":0.2349869452
      },
      "flat:name":{
        "p":0.3529411765,
        "r":0.2608695652,
        "f":0.3
      },
      "iobj":{
        "p":0.0,
        "r":0.0,
        "f":0.0
      },
      "fixed":{
        "p":0.012195122,
        "r":0.0408163265,
        "f":0.0187793427
      },
      "aux":{
        "p":0.7058823529,
        "r":0.4337349398,
        "f":0.5373134328
      },
      "advcl:cmp":{
        "p":0.0,
        "r":0.0,
        "f":0.0
      },
      "parataxis":{
        "p":0.0217391304,
        "r":0.0217391304,
        "f":0.0217391304
      },
      "obl:agent":{
        "p":0.2666666667,
        "r":0.0727272727,
        "f":0.1142857143
      },
      "csubj":{
        "p":0.6,
        "r":0.25,
        "f":0.3529411765
      },
      "nsubj:outer":{
        "p":0.0,
        "r":0.0,
        "f":0.0
      },
      "nummod":{
        "p":0.3142857143,
        "r":0.3384615385,
        "f":0.3259259259
      },
      "csubj:pass":{
        "p":0.0,
        "r":0.0,
        "f":0.0
      },
      "nummod:gov":{
        "p":0.0,
        "r":0.0,
        "f":0.0
      },
      "compound":{
        "p":0.0,
        "r":0.0,
        "f":0.0
      },
      "aux:pass":{
        "p":0.0,
        "r":0.0,
        "f":0.0
      }
    }
  },
  "trainable_lemmatizer":{
    "lemma_acc":0.3549144921
  },
  "tagger":{
    "tag_acc":0.5535398454
  },
  "morphologizer":{
    "pos_acc":0.7554331345,
    "morph_acc":0.5867758155,
    "morph_micro_p":0.7635351804,
    "morph_micro_r":0.6935120974,
    "morph_micro_f":0.7268410469,
    "morph_per_feat":{
      "Case":{
        "p":0.6624648502,
        "r":0.6419845894,
        "f":0.6520639466
      },
      "Gender":{
        "p":0.6630111715,
        "r":0.6595636215,
        "f":0.6612829031
      },
      "Number":{
        "p":0.8272534714,
        "r":0.7724142983,
        "f":0.7988938975
      },
      "Person":{
        "p":0.838225256,
        "r":0.6814650388,
        "f":0.7517600245
      },
      "PronType":{
        "p":0.9290709291,
        "r":0.7585644372,
        "f":0.8352043107
      },
      "Mood":{
        "p":0.7867104184,
        "r":0.6350993377,
        "f":0.7028215464
      },
      "Tense":{
        "p":0.8006602336,
        "r":0.6751605996,
        "f":0.7325743494
      },
      "VerbForm":{
        "p":0.8061840121,
        "r":0.6852564103,
        "f":0.7408177408
      },
      "Voice":{
        "p":0.873864783,
        "r":0.7417558887,
        "f":0.8024090804
      },
      "Variant":{
        "p":0.6060606061,
        "r":0.5753595997,
        "f":0.5903111967
      },
      "Degree":{
        "p":0.5446775447,
        "r":0.5400616333,
        "f":0.5423597679
      },
      "Reflex":{
        "p":0.9762282092,
        "r":0.8953488372,
        "f":0.9340409401
      },
      "Poss":{
        "p":0.9166666667,
        "r":0.64453125,
        "f":0.7568807339
      },
      "Polarity":{
        "p":0.9817708333,
        "r":0.9308641975,
        "f":0.9556400507
      },
      "Aspect":{
        "p":0.7814345992,
        "r":0.6671469741,
        "f":0.7197823552
      },
      "Analyt":{
        "p":0.0,
        "r":0.0,
        "f":0.0
      },
      "Clitic":{
        "p":0.0,
        "r":0.0,
        "f":0.0
      },
      "NameType":{
        "p":0.0,
        "r":0.0,
        "f":0.0
      },
      "NumType":{
        "p":0.0,
        "r":0.0,
        "f":0.0
      },
      "Animacy":{
        "p":0.0,
        "r":0.0,
        "f":0.0
      }
    }
  },
  "speed":1529.3954170344
}