{
  "tokenizer":{
    "token_acc":1.0,
    "token_p":0.9963401882,
    "token_r":0.998777079,
    "token_f":0.9975571453
  },
  "transformer":{

  },
  "parser":{
    "sents_p":0.3844252163,
    "sents_r":0.5759259259,
    "sents_f":0.4610822832,
    "dep_uas":0.4551567549,
    "dep_las":0.2295740223,
    "dep_las_per_type":{
      "cc":{
        "p":0.5680751174,
        "r":0.4636015326,
        "f":0.5105485232
      },
      "xcomp":{
        "p":0.0588235294,
        "r":0.0046082949,
        "f":0.0085470085
      },
      "root":{
        "p":0.369592089,
        "r":0.5537037037,
        "f":0.4432913269
      },
      "nsubj":{
        "p":0.1394230769,
        "r":0.1286031042,
        "f":0.1337946943
      },
      "nsubj:pass":{
        "p":0.0,
        "r":0.0,
        "f":0.0
      },
      "advmod":{
        "p":0.2713754647,
        "r":0.2016574586,
        "f":0.2313787639
      },
      "acl":{
        "p":0.0245398773,
        "r":0.0408163265,
        "f":0.030651341
      },
      "case":{
        "p":0.780058651,
        "r":0.5288270378,
        "f":0.6303317536
      },
      "obl":{
        "p":0.3641304348,
        "r":0.1522727273,
        "f":0.2147435897
      },
      "vocative":{
        "p":0.0,
        "r":0.0,
        "f":0.0
      },
      "cop":{
        "p":0.0,
        "r":0.0,
        "f":0.0
      },
      "dep":{
        "p":0.0,
        "r":0.0,
        "f":0.0
      },
      "obl:arg":{
        "p":0.2708333333,
        "r":0.0860927152,
        "f":0.1306532663
      },
      "det":{
        "p":0.337164751,
        "r":0.1888412017,
        "f":0.242090784
      },
      "amod":{
        "p":0.012195122,
        "r":0.012195122,
        "f":0.012195122
      },
      "appos":{
        "p":0.0058027079,
        "r":0.0731707317,
        "f":0.0107526882
      },
      "nmod":{
        "p":0.072407045,
        "r":0.152892562,
        "f":0.0982735724
      },
      "obj":{
        "p":0.1904761905,
        "r":0.1325966851,
        "f":0.1563517915
      },
      "conj":{
        "p":0.1683168317,
        "r":0.1994134897,
        "f":0.1825503356
      },
      "orphan":{
        "p":0.0097087379,
        "r":0.075,
        "f":0.0171919771
      },
      "advcl":{
        "p":0.1272727273,
        "r":0.025,
        "f":0.0417910448
      },
      "nummod":{
        "p":0.0,
        "r":0.0,
        "f":0.0
      },
      "discourse":{
        "p":0.3676470588,
        "r":0.1689189189,
        "f":0.2314814815
      },
      "mark":{
        "p":0.1428571429,
        "r":0.0492610837,
        "f":0.0732600733
      },
      "dislocated":{
        "p":0.0,
        "r":0.0,
        "f":0.0
      },
      "ccomp":{
        "p":0.1666666667,
        "r":0.0194174757,
        "f":0.0347826087
      },
      "fixed":{
        "p":0.0,
        "r":0.0,
        "f":0.0
      },
      "flat:name":{
        "p":0.0,
        "r":0.0,
        "f":0.0
      },
      "advcl:cmp":{
        "p":0.0,
        "r":0.0,
        "f":0.0
      },
      "aux":{
        "p":0.0,
        "r":0.0,
        "f":0.0
      },
      "expl:pv":{
        "p":0.0,
        "r":0.0,
        "f":0.0
      },
      "parataxis":{
        "p":0.0,
        "r":0.0,
        "f":0.0
      },
      "compound":{
        "p":0.0,
        "r":0.0,
        "f":0.0
      },
      "nummod:gov":{
        "p":0.0,
        "r":0.0,
        "f":0.0
      },
      "obl:agent":{
        "p":0.0,
        "r":0.0,
        "f":0.0
      },
      "csubj:pass":{
        "p":0.0,
        "r":0.0,
        "f":0.0
      },
      "nsubj:outer":{
        "p":0.0,
        "r":0.0,
        "f":0.0
      }
    }
  },
  "trainable_lemmatizer":{
    "lemma_acc":0.3649533118
  },
  "tagger":{
    "tag_acc":0.1843414506
  },
  "morphologizer":{
    "pos_acc":0.4364144191,
    "morph_acc":0.2528153645,
    "morph_micro_p":0.4403307792,
    "morph_micro_r":0.3290435966,
    "morph_micro_f":0.3766385464,
    "morph_per_feat":{
      "Case":{
        "p":0.2411227596,
        "r":0.2483455242,
        "f":0.2446808511
      },
      "Degree":{
        "p":0.0598802395,
        "r":0.0431034483,
        "f":0.0501253133
      },
      "Gender":{
        "p":0.3894915254,
        "r":0.4054340155,
        "f":0.3973029046
      },
      "Number":{
        "p":0.6069415604,
        "r":0.5356020942,
        "f":0.5690446391
      },
      "Strength":{
        "p":0.0,
        "r":0.0,
        "f":0.0
      },
      "Mood":{
        "p":0.6365853659,
        "r":0.2750263435,
        "f":0.3841059603
      },
      "Person":{
        "p":0.5575048733,
        "r":0.184516129,
        "f":0.2772661173
      },
      "Tense":{
        "p":0.5243902439,
        "r":0.2654320988,
        "f":0.3524590164
      },
      "VerbForm":{
        "p":0.5518292683,
        "r":0.2793209877,
        "f":0.3709016393
      },
      "Voice":{
        "p":0.7789634146,
        "r":0.3942901235,
        "f":0.5235655738
      },
      "PronType":{
        "p":0.3879598662,
        "r":0.1864951768,
        "f":0.2519001086
      },
      "Polarity":{
        "p":1.0,
        "r":0.0075757576,
        "f":0.015037594
      },
      "Variant":{
        "p":0.0,
        "r":0.0,
        "f":0.0
      },
      "Poss":{
        "p":0.0666666667,
        "r":0.0070921986,
        "f":0.0128205128
      },
      "Aspect":{
        "p":0.0111940299,
        "r":0.0441176471,
        "f":0.0178571429
      },
      "Reflex":{
        "p":0.25,
        "r":0.0185185185,
        "f":0.0344827586
      },
      "NumForm":{
        "p":0.0,
        "r":0.0,
        "f":0.0
      },
      "NumType":{
        "p":0.0,
        "r":0.0,
        "f":0.0
      },
      "NameType":{
        "p":0.0,
        "r":0.0,
        "f":0.0
      }
    }
  },
  "speed":1338.687867989
}