{
  "tokenizer":{
    "token_acc":0.9981644203,
    "token_p":0.9974335877,
    "token_r":0.9959947049,
    "token_f":0.996713627
  },
  "transformer":{

  },
  "parser":{
    "sents_p":0.4222972973,
    "sents_r":0.6414956012,
    "sents_f":0.5093131548,
    "dep_uas":0.3696079742,
    "dep_las":0.1375366373,
    "dep_las_per_type":{
      "root":{
        "p":0.2254307207,
        "r":0.3404177354,
        "f":0.2712408759
      },
      "nsubj":{
        "p":0.1164515243,
        "r":0.0709979906,
        "f":0.088213877
      },
      "advmod":{
        "p":0.1447054818,
        "r":0.1023110255,
        "f":0.1198702581
      },
      "mark":{
        "p":0.1257783313,
        "r":0.032340698,
        "f":0.0514518594
      },
      "acl":{
        "p":0.0013477089,
        "r":0.0013003901,
        "f":0.0013236267
      },
      "compound:prt":{
        "p":0.0,
        "r":0.0,
        "f":0.0
      },
      "obj":{
        "p":0.1367847411,
        "r":0.0887239307,
        "f":0.1076329331
      },
      "fixed":{
        "p":0.003003003,
        "r":0.0625,
        "f":0.005730659
      },
      "case":{
        "p":0.5187360745,
        "r":0.5213762215,
        "f":0.5200527972
      },
      "cc":{
        "p":0.381722452,
        "r":0.2890914269,
        "f":0.3290113452
      },
      "conj":{
        "p":0.0785998742,
        "r":0.124048958,
        "f":0.0962278676
      },
      "amod":{
        "p":0.1088059013,
        "r":0.0958570268,
        "f":0.1019218311
      },
      "obl":{
        "p":0.2629679747,
        "r":0.1020658263,
        "f":0.1470551141
      },
      "nmod:poss":{
        "p":0.0,
        "r":0.0,
        "f":0.0
      },
      "nmod":{
        "p":0.0005527916,
        "r":0.0337078652,
        "f":0.0010877447
      },
      "aux":{
        "p":0.015625,
        "r":0.0008,
        "f":0.00152207
      },
      "advcl":{
        "p":0.0161870504,
        "r":0.0077720207,
        "f":0.0105017503
      },
      "iobj":{
        "p":0.0355648536,
        "r":0.035639413,
        "f":0.0356020942
      },
      "det":{
        "p":0.0715294118,
        "r":0.1199684294,
        "f":0.0896226415
      },
      "acl:relcl":{
        "p":0.1304347826,
        "r":0.0101237345,
        "f":0.0187891441
      },
      "xcomp":{
        "p":0.0172413793,
        "r":0.0074812968,
        "f":0.0104347826
      },
      "dep":{
        "p":0.0004331817,
        "r":0.0094339623,
        "f":0.0008283288
      },
      "vocative":{
        "p":0.0047095761,
        "r":0.0245901639,
        "f":0.0079051383
      },
      "nummod":{
        "p":0.0257731959,
        "r":0.0255102041,
        "f":0.0256410256
      },
      "nummod:gov":{
        "p":0.0,
        "r":0.0,
        "f":0.0
      },
      "appos":{
        "p":0.0328577605,
        "r":0.1189358372,
        "f":0.0514905149
      },
      "csubj":{
        "p":0.0,
        "r":0.0,
        "f":0.0
      },
      "parataxis":{
        "p":0.0090909091,
        "r":0.0483870968,
        "f":0.0153061224
      },
      "ccomp":{
        "p":0.0238095238,
        "r":0.000698324,
        "f":0.0013568521
      },
      "cop":{
        "p":0.0147058824,
        "r":0.0012062726,
        "f":0.0022296544
      },
      "expl":{
        "p":0.0,
        "r":0.0,
        "f":0.0
      },
      "compound":{
        "p":0.0,
        "r":0.0,
        "f":0.0
      },
      "dislocated":{
        "p":0.0,
        "r":0.0,
        "f":0.0
      },
      "orphan":{
        "p":0.0,
        "r":0.0,
        "f":0.0
      },
      "nsubj:pass":{
        "p":0.0,
        "r":0.0,
        "f":0.0
      },
      "flat:name":{
        "p":0.0769230769,
        "r":0.0434782609,
        "f":0.0555555556
      },
      "obl:agent":{
        "p":0.0,
        "r":0.0,
        "f":0.0
      },
      "flat":{
        "p":0.0,
        "r":0.0,
        "f":0.0
      },
      "flat:foreign":{
        "p":0.0,
        "r":0.0,
        "f":0.0
      },
      "discourse":{
        "p":0.0,
        "r":0.0,
        "f":0.0
      },
      "obl:arg":{
        "p":0.0,
        "r":0.0,
        "f":0.0
      },
      "advcl:cmp":{
        "p":0.0,
        "r":0.0,
        "f":0.0
      },
      "expl:pv":{
        "p":0.0,
        "r":0.0,
        "f":0.0
      }
    }
  },
  "trainable_lemmatizer":{
    "lemma_acc":0.5118018546
  },
  "tagger":{
    "tag_acc":0.000459008
  },
  "morphologizer":{
    "pos_acc":0.4041652499,
    "morph_acc":0.3126838142,
    "morph_micro_p":0.3171666905,
    "morph_micro_r":0.2036990949,
    "morph_micro_f":0.2480737633,
    "morph_per_feat":{
      "Mood":{
        "p":0.1494532199,
        "r":0.031234129,
        "f":0.0516698173
      },
      "Number":{
        "p":0.5561381863,
        "r":0.4467155997,
        "f":0.4954572778
      },
      "Person":{
        "p":0.1988582303,
        "r":0.0433609959,
        "f":0.071197411
      },
      "Tense":{
        "p":0.1910789632,
        "r":0.0402488573,
        "f":0.0664918721
      },
      "VerbForm":{
        "p":0.3219223173,
        "r":0.0926136364,
        "f":0.143844683
      },
      "Voice":{
        "p":0.4429419525,
        "r":0.1271780303,
        "f":0.1976162448
      },
      "Case":{
        "p":0.2231378382,
        "r":0.2273229862,
        "f":0.2252109705
      },
      "Gender":{
        "p":0.2960282733,
        "r":0.3112310346,
        "f":0.3034393531
      },
      "PronType":{
        "p":0.2727272727,
        "r":0.0686625447,
        "f":0.1097053726
      },
      "Definite":{
        "p":0.0,
        "r":0.0,
        "f":0.0
      },
      "Degree":{
        "p":0.052140884,
        "r":0.0526499303,
        "f":0.0523941707
      },
      "Animacy":{
        "p":0.0,
        "r":0.0,
        "f":0.0
      },
      "NameType":{
        "p":0.0,
        "r":0.0,
        "f":0.0
      },
      "Variant":{
        "p":0.0,
        "r":0.0,
        "f":0.0
      },
      "Aspect":{
        "p":0.0,
        "r":0.0,
        "f":0.0
      },
      "Poss":{
        "p":0.0,
        "r":0.0,
        "f":0.0
      },
      "Foreign":{
        "p":0.0,
        "r":0.0,
        "f":0.0
      },
      "NumType":{
        "p":0.0181818182,
        "r":0.014619883,
        "f":0.0162074554
      },
      "NumForm":{
        "p":0.0,
        "r":0.0,
        "f":0.0
      },
      "Abbr":{
        "p":0.0,
        "r":0.0,
        "f":0.0
      },
      "Polarity":{
        "p":0.0,
        "r":0.0,
        "f":0.0
      },
      "Reflex":{
        "p":0.0,
        "r":0.0,
        "f":0.0
      },
      "Analyt":{
        "p":0.0,
        "r":0.0,
        "f":0.0
      },
      "Typo":{
        "p":0.0,
        "r":0.0,
        "f":0.0
      }
    }
  },
  "speed":4078.3126555842
}