{
  "tokenizer":{
    "token_acc":1.0,
    "token_p":1.0,
    "token_r":1.0,
    "token_f":1.0
  },
  "transformer":{

  },
  "parser":{
    "sents_p":0.3051643192,
    "sents_r":0.4875,
    "sents_f":0.375360924,
    "dep_uas":0.2216929278,
    "dep_las":0.0743862221,
    "dep_las_per_type":{
      "obl":{
        "p":0.0,
        "r":0.0,
        "f":0.0
      },
      "vocative":{
        "p":0.0,
        "r":0.0,
        "f":0.0
      },
      "advmod":{
        "p":0.1914893617,
        "r":0.0625,
        "f":0.0942408377
      },
      "case":{
        "p":0.0,
        "r":0.0,
        "f":0.0
      },
      "acl":{
        "p":0.0,
        "r":0.0,
        "f":0.0
      },
      "conj":{
        "p":0.0308880309,
        "r":0.0454545455,
        "f":0.0367816092
      },
      "amod":{
        "p":0.0303030303,
        "r":0.0461538462,
        "f":0.0365853659
      },
      "obj":{
        "p":0.0,
        "r":0.0,
        "f":0.0
      },
      "root":{
        "p":0.234741784,
        "r":0.375,
        "f":0.2887391723
      },
      "nsubj":{
        "p":0.0880829016,
        "r":0.0532915361,
        "f":0.06640625
      },
      "nmod":{
        "p":0.0051813472,
        "r":0.0128205128,
        "f":0.0073800738
      },
      "det":{
        "p":0.0,
        "r":0.0,
        "f":0.0
      },
      "appos":{
        "p":0.0,
        "r":0.0,
        "f":0.0
      },
      "orphan":{
        "p":0.0077220077,
        "r":0.0833333333,
        "f":0.0141342756
      },
      "cc":{
        "p":0.0363636364,
        "r":0.03125,
        "f":0.0336134454
      },
      "obl:arg":{
        "p":0.0,
        "r":0.0,
        "f":0.0
      },
      "iobj":{
        "p":0.0,
        "r":0.0,
        "f":0.0
      },
      "xcomp":{
        "p":0.0,
        "r":0.0,
        "f":0.0
      },
      "discourse":{
        "p":0.0625,
        "r":0.010989011,
        "f":0.0186915888
      },
      "dep":{
        "p":0.0,
        "r":0.0,
        "f":0.0
      },
      "fixed":{
        "p":0.0,
        "r":0.0,
        "f":0.0
      },
      "advcl":{
        "p":0.0,
        "r":0.0,
        "f":0.0
      },
      "ccomp":{
        "p":0.0,
        "r":0.0,
        "f":0.0
      },
      "mark":{
        "p":0.0,
        "r":0.0,
        "f":0.0
      },
      "parataxis":{
        "p":0.0,
        "r":0.0,
        "f":0.0
      },
      "cop":{
        "p":0.0,
        "r":0.0,
        "f":0.0
      },
      "aux":{
        "p":0.0,
        "r":0.0,
        "f":0.0
      },
      "dislocated":{
        "p":0.0,
        "r":0.0,
        "f":0.0
      },
      "nummod":{
        "p":0.0,
        "r":0.0,
        "f":0.0
      },
      "compound":{
        "p":0.0,
        "r":0.0,
        "f":0.0
      },
      "nsubj:pass":{
        "p":0.0,
        "r":0.0,
        "f":0.0
      },
      "flat":{
        "p":0.0,
        "r":0.0,
        "f":0.0
      },
      "csubj":{
        "p":0.0,
        "r":0.0,
        "f":0.0
      },
      "flat:name":{
        "p":0.0,
        "r":0.0,
        "f":0.0
      }
    }
  },
  "trainable_lemmatizer":{
    "lemma_acc":0.2422132649
  },
  "tagger":{
    "tag_acc":0.0003664346
  },
  "morphologizer":{
    "pos_acc":0.2751923782,
    "morph_acc":0.136313668,
    "morph_micro_p":0.3263191455,
    "morph_micro_r":0.299356537,
    "morph_micro_f":0.3122568835,
    "morph_per_feat":{
      "Case":{
        "p":0.1775592828,
        "r":0.1877675841,
        "f":0.1825208086
      },
      "Number":{
        "p":0.593527153,
        "r":0.5247332687,
        "f":0.557014157
      },
      "Gender":{
        "p":0.3591671486,
        "r":0.3895859473,
        "f":0.3737586518
      },
      "Tense":{
        "p":0.1460674157,
        "r":0.0478821363,
        "f":0.0721220527
      },
      "VerbForm":{
        "p":0.0168539326,
        "r":0.0218978102,
        "f":0.019047619
      },
      "Mood":{
        "p":0.0319148936,
        "r":0.0070257611,
        "f":0.0115163148
      },
      "Person":{
        "p":0.0416666667,
        "r":0.0093676815,
        "f":0.0152963671
      },
      "Degree":{
        "p":0.0,
        "r":0.0,
        "f":0.0
      },
      "Voice":{
        "p":0.0056179775,
        "r":0.0769230769,
        "f":0.0104712042
      },
      "Variant":{
        "p":0.0,
        "r":0.0,
        "f":0.0
      },
      "Aspect":{
        "p":0.0,
        "r":0.0,
        "f":0.0
      },
      "PronType":{
        "p":0.0,
        "r":0.0,
        "f":0.0
      }
    }
  },
  "speed":733.9772328316
}