{
  "tokenizer":{
    "token_acc":0.9996152111,
    "token_p":0.9922378791,
    "token_r":0.9963360691,
    "token_f":0.9942827512
  },
  "transformer":{

  },
  "parser":{
    "sents_p":0.2506099214,
    "sents_r":0.4901908802,
    "sents_f":0.3316591928,
    "dep_uas":0.3317400278,
    "dep_las":0.1320760503,
    "dep_las_per_type":{
      "root":{
        "p":0.1986255222,
        "r":0.3907741251,
        "f":0.2633788975
      },
      "cc":{
        "p":0.4181553044,
        "r":0.3412674799,
        "f":0.375819135
      },
      "mark":{
        "p":0.1839738348,
        "r":0.0643408636,
        "f":0.0953389831
      },
      "amod":{
        "p":0.0472560976,
        "r":0.0223826715,
        "f":0.030377266
      },
      "nsubj:pass":{
        "p":0.009009009,
        "r":0.0008764242,
        "f":0.0015974441
      },
      "advmod:neg":{
        "p":0.0,
        "r":0.0,
        "f":0.0
      },
      "advcl":{
        "p":0.0467365028,
        "r":0.0227005871,
        "f":0.0305584826
      },
      "case":{
        "p":0.5050554468,
        "r":0.4978299309,
        "f":0.5014166599
      },
      "nsubj":{
        "p":0.0772263451,
        "r":0.0763236305,
        "f":0.0767723343
      },
      "obl":{
        "p":0.1823579304,
        "r":0.1305668016,
        "f":0.1521764775
      },
      "acl:relcl":{
        "p":0.0263157895,
        "r":0.0015661707,
        "f":0.0029563932
      },
      "nmod":{
        "p":0.060252996,
        "r":0.0814215025,
        "f":0.0692557873
      },
      "obj":{
        "p":0.0794464377,
        "r":0.0776553106,
        "f":0.0785406638
      },
      "advmod":{
        "p":0.067114094,
        "r":0.1206973625,
        "f":0.0862619808
      },
      "dep":{
        "p":0.0001209775,
        "r":0.0588235294,
        "f":0.0002414584
      },
      "conj":{
        "p":0.1008303677,
        "r":0.14427157,
        "f":0.1187012685
      },
      "iobj":{
        "p":0.0,
        "r":0.0,
        "f":0.0
      },
      "appos":{
        "p":0.006822058,
        "r":0.0141676505,
        "f":0.0092095165
      },
      "csubj:pass":{
        "p":0.0,
        "r":0.0,
        "f":0.0
      },
      "cop":{
        "p":0.0526315789,
        "r":0.0018105009,
        "f":0.0035005834
      },
      "vocative":{
        "p":0.0,
        "r":0.0,
        "f":0.0
      },
      "advmod:lmod":{
        "p":0.0,
        "r":0.0,
        "f":0.0
      },
      "det":{
        "p":0.13101983,
        "r":0.0446751992,
        "f":0.0666306501
      },
      "fixed":{
        "p":0.0113141862,
        "r":0.0336787565,
        "f":0.0169381107
      },
      "obl:arg":{
        "p":0.15,
        "r":0.0014814815,
        "f":0.0029339853
      },
      "xcomp":{
        "p":0.0366197183,
        "r":0.0114638448,
        "f":0.0174613835
      },
      "ccomp:relcl":{
        "p":0.0,
        "r":0.0,
        "f":0.0
      },
      "acl":{
        "p":0.0129533679,
        "r":0.0037257824,
        "f":0.005787037
      },
      "nummod":{
        "p":0.0154440154,
        "r":0.0316205534,
        "f":0.0207522698
      },
      "dislocated":{
        "p":0.0,
        "r":0.0,
        "f":0.0
      },
      "parataxis":{
        "p":0.0,
        "r":0.0,
        "f":0.0
      },
      "nummod:gov":{
        "p":0.0,
        "r":0.0,
        "f":0.0
      },
      "discourse":{
        "p":0.1347150259,
        "r":0.0204724409,
        "f":0.035543404
      },
      "orphan":{
        "p":0.0,
        "r":0.0,
        "f":0.0
      },
      "csubj":{
        "p":0.1538461538,
        "r":0.0032894737,
        "f":0.0064412238
      },
      "advmod:emph":{
        "p":0.0,
        "r":0.0,
        "f":0.0
      },
      "expl":{
        "p":0.0,
        "r":0.0,
        "f":0.0
      },
      "flat":{
        "p":0.0,
        "r":0.0,
        "f":0.0
      },
      "dislocated:obj":{
        "p":0.0,
        "r":0.0,
        "f":0.0
      },
      "compound":{
        "p":0.0,
        "r":0.0,
        "f":0.0
      },
      "flat:name":{
        "p":0.0,
        "r":0.0,
        "f":0.0
      },
      "ccomp:reported":{
        "p":0.0,
        "r":0.0,
        "f":0.0
      },
      "ccomp":{
        "p":0.0202020202,
        "r":0.0041152263,
        "f":0.0068376068
      },
      "aux:pass":{
        "p":0.0,
        "r":0.0,
        "f":0.0
      },
      "csubj:relcl":{
        "p":0.0,
        "r":0.0,
        "f":0.0
      },
      "aux":{
        "p":0.0,
        "r":0.0,
        "f":0.0
      },
      "advcl:abs":{
        "p":0.0,
        "r":0.0,
        "f":0.0
      },
      "conj:expl":{
        "p":0.0,
        "r":0.0,
        "f":0.0
      },
      "advcl:cmp":{
        "p":0.0,
        "r":0.0,
        "f":0.0
      },
      "advcl:pred":{
        "p":0.0,
        "r":0.0,
        "f":0.0
      },
      "obl:agent":{
        "p":0.0,
        "r":0.0,
        "f":0.0
      },
      "obl:lmod":{
        "p":0.0,
        "r":0.0,
        "f":0.0
      },
      "dislocated:nsubj":{
        "p":0.0,
        "r":0.0,
        "f":0.0
      },
      "advmod:tmod":{
        "p":0.0,
        "r":0.0,
        "f":0.0
      },
      "expl:pass":{
        "p":0.0,
        "r":0.0,
        "f":0.0
      },
      "reparandum":{
        "p":0.0,
        "r":0.0,
        "f":0.0
      },
      "expl:pv":{
        "p":0.0,
        "r":0.0,
        "f":0.0
      },
      "advcl:relcl":{
        "p":0.0,
        "r":0.0,
        "f":0.0
      },
      "obl:tmod":{
        "p":0.0,
        "r":0.0,
        "f":0.0
      },
      "nsubj:outer":{
        "p":0.0,
        "r":0.0,
        "f":0.0
      },
      "obl:cmp":{
        "p":0.0,
        "r":0.0,
        "f":0.0
      },
      "cop:outer":{
        "p":0.0,
        "r":0.0,
        "f":0.0
      },
      "csubj:outer":{
        "p":0.0,
        "r":0.0,
        "f":0.0
      },
      "flat:foreign":{
        "p":0.0,
        "r":0.0,
        "f":0.0
      },
      "parataxis:reporting":{
        "p":0.0,
        "r":0.0,
        "f":0.0
      },
      "csubj:cleft":{
        "p":0.0,
        "r":0.0,
        "f":0.0
      },
      "csubj:reported":{
        "p":0.0,
        "r":0.0,
        "f":0.0
      },
      "dislocated:csubj":{
        "p":0.0,
        "r":0.0,
        "f":0.0
      }
    }
  },
  "trainable_lemmatizer":{
    "lemma_acc":0.472906928
  },
  "tagger":{
    "tag_acc":0.0060562499
  },
  "morphologizer":{
    "pos_acc":0.4760065785,
    "morph_acc":0.3208465045,
    "morph_micro_p":0.3057555852,
    "morph_micro_r":0.1905972523,
    "morph_micro_f":0.234817533,
    "morph_per_feat":{
      "Case":{
        "p":0.1894981593,
        "r":0.1699194996,
        "f":0.1791755725
      },
      "Gender":{
        "p":0.2905999358,
        "r":0.2660830738,
        "f":0.2778016316
      },
      "InflClass":{
        "p":0.0,
        "r":0.0,
        "f":0.0
      },
      "Number":{
        "p":0.5643514841,
        "r":0.4508790072,
        "f":0.5012738271
      },
      "Polarity":{
        "p":0.2807486631,
        "r":0.0770359501,
        "f":0.1208981002
      },
      "Aspect":{
        "p":0.2741679873,
        "r":0.1039767605,
        "f":0.1507734767
      },
      "Mood":{
        "p":0.2345013477,
        "r":0.0844796893,
        "f":0.1242117787
      },
      "Person":{
        "p":0.1884517766,
        "r":0.0711121753,
        "f":0.1032594524
      },
      "Tense":{
        "p":0.1241946234,
        "r":0.0904677132,
        "f":0.1046816479
      },
      "VerbForm":{
        "p":0.2991250456,
        "r":0.1291617473,
        "f":0.1804188885
      },
      "Voice":{
        "p":0.2973367384,
        "r":0.1705020921,
        "f":0.2167264991
      },
      "PronType":{
        "p":0.1655052265,
        "r":0.0257918552,
        "f":0.0446288757
      },
      "Degree":{
        "p":0.0042694497,
        "r":0.0228426396,
        "f":0.0071942446
      },
      "Variant":{
        "p":0.0,
        "r":0.0,