{
  "tokenizer":{
    "token_acc":0.9995570601,
    "token_p":0.9645015345,
    "token_r":0.9836092021,
    "token_f":0.9739616613
  },
  "transformer":{

  },
  "parser":{
    "sents_p":0.8844864371,
    "sents_r":0.937641357,
    "sents_f":0.9102885822,
    "dep_uas":0.7826000133,
    "dep_las":0.7147911303,
    "dep_las_per_type":{
      "discourse":{
        "p":0.6720867209,
        "r":0.6908077994,
        "f":0.6813186813
      },
      "vocative":{
        "p":0.4156626506,
        "r":0.3467336683,
        "f":0.3780821918
      },
      "root":{
        "p":0.8072948328,
        "r":0.8581583199,
        "f":0.8319498825
      },
      "advmod":{
        "p":0.7267479153,
        "r":0.7076826983,
        "f":0.7170886076
      },
      "advcl":{
        "p":0.5767590618,
        "r":0.5912568306,
        "f":0.5839179709
      },
      "expl:pv":{
        "p":0.9764705882,
        "r":0.97265625,
        "f":0.9745596869
      },
      "obl:arg":{
        "p":0.5357766143,
        "r":0.5984405458,
        "f":0.5653775322
      },
      "case":{
        "p":0.9373501199,
        "r":0.9323196184,
        "f":0.9348281016
      },
      "obl":{
        "p":0.7386363636,
        "r":0.7170026626,
        "f":0.7276587531
      },
      "nummod":{
        "p":0.4982206406,
        "r":0.7608695652,
        "f":0.6021505376
      },
      "conj":{
        "p":0.5297777778,
        "r":0.508315565,
        "f":0.5188248096
      },
      "nsubj":{
        "p":0.6583649161,
        "r":0.6416886544,
        "f":0.649919829
      },
      "appos":{
        "p":0.4818067754,
        "r":0.5408450704,
        "f":0.5096217651
      },
      "obl:agent":{
        "p":0.46,
        "r":0.4423076923,
        "f":0.4509803922
      },
      "cc":{
        "p":0.8291556728,
        "r":0.8374417055,
        "f":0.8332780908
      },
      "obj":{
        "p":0.6807760141,
        "r":0.6942446043,
        "f":0.6874443455
      },
      "nmod":{
        "p":0.5099337748,
        "r":0.488372093,
        "f":0.4989200864
      },
      "dislocated":{
        "p":0.3538461538,
        "r":0.2323232323,
        "f":0.2804878049
      },
      "det":{
        "p":0.8251582278,
        "r":0.8110419907,
        "f":0.8180392157
      },
      "amod":{
        "p":0.7724550898,
        "r":0.7834008097,
        "f":0.7778894472
      },
      "xcomp":{
        "p":0.6605504587,
        "r":0.6206896552,
        "f":0.64
      },
      "parataxis":{
        "p":0.375,
        "r":0.2608695652,
        "f":0.3076923077
      },
      "expl":{
        "p":0.3333333333,
        "r":0.25,
        "f":0.2857142857
      },
      "cop":{
        "p":0.6286549708,
        "r":0.6677018634,
        "f":0.6475903614
      },
      "nsubj:pass":{
        "p":0.6421052632,
        "r":0.5596330275,
        "f":0.5980392157
      },
      "ccomp":{
        "p":0.3544303797,
        "r":0.2828282828,
        "f":0.3146067416
      },
      "dep":{
        "p":0.121761658,
        "r":0.3112582781,
        "f":0.1750465549
      },
      "aux":{
        "p":0.7551020408,
        "r":0.744966443,
        "f":0.75
      },
      "acl":{
        "p":0.2552083333,
        "r":0.2158590308,
        "f":0.2338902148
      },
      "mark":{
        "p":0.6728971963,
        "r":0.675,
        "f":0.6739469579
      },
      "orphan":{
        "p":0.3831775701,
        "r":0.3388429752,
        "f":0.3596491228
      },
      "aux:pass":{
        "p":0.0,
        "r":0.0,
        "f":0.0
      },
      "iobj":{
        "p":0.5365853659,
        "r":0.515625,
        "f":0.5258964143
      },
      "flat:name":{
        "p":0.7647058824,
        "r":0.7572815534,
        "f":0.7609756098
      },
      "fixed":{
        "p":0.484375,
        "r":0.4189189189,
        "f":0.4492753623
      },
      "nummod:gov":{
        "p":0.7840375587,
        "r":0.847715736,
        "f":0.8146341463
      },
      "list":{
        "p":0.0,
        "r":0.0,
        "f":0.0
      },
      "advcl:cmp":{
        "p":0.3333333333,
        "r":0.25,
        "f":0.2857142857
      },
      "csubj":{
        "p":0.4,
        "r":0.2,
        "f":0.2666666667
      },
      "flat":{
        "p":0.0,
        "r":0.0,
        "f":0.0
      },
      "acl:relcl":{
        "p":0.25,
        "r":0.0526315789,
        "f":0.0869565217
      },
      "compound":{
        "p":0.5,
        "r":0.4285714286,
        "f":0.4615384615
      },
      "nsubj:outer":{
        "p":0.0,
        "r":0.0,
        "f":0.0
      },
      "csubj:pass":{
        "p":0.0,
        "r":0.0,
        "f":0.0
      },
      "reparandum":{
        "p":0.0,
        "r":0.0,
        "f":0.0
      },
      "goeswith":{
        "p":0.0,
        "r":0.0,
        "f":0.0
      }
    }
  },
  "trainable_lemmatizer":{
    "lemma_acc":0.7866304174
  },
  "tagger":{
    "tag_acc":0.8390253323
  },
  "morphologizer":{
    "pos_acc":0.9330306104,
    "morph_acc":0.8593465694,
    "morph_micro_p":0.9217671749,
    "morph_micro_r":0.9144591352,
    "morph_micro_f":0.9180986123,
    "morph_per_feat":{
      "Case":{
        "p":0.8787445618,
        "r":0.8702529698,
        "f":0.874478152
      },
      "Gender":{
        "p":0.9035470225,
        "r":0.8959086216,
        "f":0.8997116101
      },
      "Number":{
        "p":0.9467180652,
        "r":0.9394256969,
        "f":0.9430577839
      },
      "Mood":{
        "p":0.9326352531,
        "r":0.9378729379,
        "f":0.9352467623
      },
      "Person":{
        "p":0.9556110684,
        "r":0.9543273844,
        "f":0.954968795
      },
      "Tense":{
        "p":0.940900754,
        "r":0.9391781937,
        "f":0.9400386847
      },
      "VerbForm":{
        "p":0.9439731703,
        "r":0.940632986,
        "f":0.9423001182
      },
      "Voice":{
        "p":0.9558939873,
        "r":0.9534424936,
        "f":0.9546666667
      },
      "PronType":{
        "p":0.9564102564,
        "r":0.9213668176,
        "f":0.9385615433
      },
      "Variant":{
        "p":0.8862786973,
        "r":0.8641332639,
        "f":0.8750658935
      },
      "Reflex":{
        "p":0.9826589595,
        "r":0.987224158,
        "f":0.9849362688
      },
      "Aspect":{
        "p":0.9193114578,
        "r":0.9163538874,
        "f":0.91783029
      },
      "Degree":{
        "p":0.8915139826,
        "r":0.8734057629,
        "f":0.8823669769
      },
      "Clitic":{
        "p":0.64,
        "r":0.7272727273,
        "f":0.6808510638
      },
      "Polarity":{
        "p":0.9828431373,
        "r":0.9593301435,
        "f":0.9709443099
      },
      "Poss":{
        "p":0.9529411765,
        "r":0.9310344828,
        "f":0.9418604651
      },
      "Analyt":{
        "p":0.8,
        "r":0.6153846154,
        "f":0.6956521739
      },
      "NumType":{
        "p":0.8608695652,
        "r":0.8761061947,
        "f":0.8684210526
      },
      "Animacy":{
        "p":0.4833333333,
        "r":0.568627451,
        "f":0.5225225225
      },
      "NumForm":{
        "p":0.8909090909,
        "r":0.9074074074,
        "f":0.8990825688
      },
      "NameType":{
        "p":0.7094801223,
        "r":0.7009063444,
        "f":0.7051671733
      },
      "Abbr":{
        "p":1.0,
        "r":0.9333333333,
        "f":0.9655172414
      },
      "Typo":{
        "p":0.0,
        "r":0.0,
        "f":0.0
      }
    }
  },
  "speed":1977.2077718473
}