{
  "tokenizer":{
    "token_acc":0.9996132525,
    "token_p":0.9992265051,
    "token_r":0.9990547798,
    "token_f":0.9991406351
  },
  "transformer":{

  },
  "parser":{
    "sents_p":0.3315331533,
    "sents_r":0.5271946565,
    "sents_f":0.4070731258,
    "dep_uas":0.3897776129,
    "dep_las":0.1876827725,
    "dep_las_per_type":{
      "ccomp":{
        "p":0.0967741935,
        "r":0.0208816705,
        "f":0.034351145
      },
      "nsubj":{
        "p":0.1118130133,
        "r":0.0957792208,
        "f":0.1031769164
      },
      "root":{
        "p":0.367916042,
        "r":0.5854007634,
        "f":0.4518504879
      },
      "cop":{
        "p":0.0217391304,
        "r":0.0019569472,
        "f":0.0035906643
      },
      "advmod":{
        "p":0.1819632881,
        "r":0.1551020408,
        "f":0.1674623577
      },
      "dep":{
        "p":0.0,
        "r":0.0,
        "f":0.0
      },
      "appos":{
        "p":0.0147826087,
        "r":0.1042944785,
        "f":0.0258948972
      },
      "obj":{
        "p":0.1670378619,
        "r":0.0916870416,
        "f":0.1183898974
      },
      "obl:arg":{
        "p":0.1930693069,
        "r":0.0646766169,
        "f":0.0968944099
      },
      "case":{
        "p":0.6499215071,
        "r":0.4813953488,
        "f":0.5531062124
      },
      "obl":{
        "p":0.1778618732,
        "r":0.1106533255,
        "f":0.1364296081
      },
      "discourse":{
        "p":0.2267250821,
        "r":0.2741721854,
        "f":0.2482014388
      },
      "nmod":{
        "p":0.0568383659,
        "r":0.1056105611,
        "f":0.0739030023
      },
      "nsubj:pass":{
        "p":0.0,
        "r":0.0,
        "f":0.0
      },
      "acl":{
        "p":0.0128205128,
        "r":0.0056925996,
        "f":0.0078843627
      },
      "xcomp":{
        "p":0.0408921933,
        "r":0.0308123249,
        "f":0.03514377
      },
      "cc":{
        "p":0.490990991,
        "r":0.3958837772,
        "f":0.4383378016
      },
      "conj":{
        "p":0.1548893647,
        "r":0.1570188133,
        "f":0.15594682
      },
      "advcl":{
        "p":0.1083032491,
        "r":0.0256191289,
        "f":0.0414364641
      },
      "det":{
        "p":0.2613827993,
        "r":0.1477597712,
        "f":0.1887941535
      },
      "orphan":{
        "p":0.0031595577,
        "r":0.0185185185,
        "f":0.0053981107
      },
      "nsubj:outer":{
        "p":0.0,
        "r":0.0,
        "f":0.0
      },
      "mark":{
        "p":0.309352518,
        "r":0.0547073791,
        "f":0.092972973
      },
      "amod":{
        "p":0.0258899676,
        "r":0.0122887865,
        "f":0.0166666667
      },
      "aux":{
        "p":0.0,
        "r":0.0,
        "f":0.0
      },
      "obl:agent":{
        "p":0.0,
        "r":0.0,
        "f":0.0
      },
      "parataxis":{
        "p":0.0106382979,
        "r":0.0535714286,
        "f":0.0177514793
      },
      "dislocated":{
        "p":0.0,
        "r":0.0,
        "f":0.0
      },
      "fixed":{
        "p":0.0050847458,
        "r":0.0410958904,
        "f":0.0090497738
      },
      "advmod:neg":{
        "p":0.0,
        "r":0.0,
        "f":0.0
      },
      "nummod":{
        "p":0.0149253731,
        "r":0.0196078431,
        "f":0.0169491525
      },
      "vocative":{
        "p":0.0,
        "r":0.0,
        "f":0.0
      },
      "flat:name":{
        "p":0.0487804878,
        "r":0.0377358491,
        "f":0.0425531915
      },
      "aux:pass":{
        "p":0.0,
        "r":0.0,
        "f":0.0
      },
      "advcl:cmp":{
        "p":0.0,
        "r":0.0,
        "f":0.0
      },
      "csubj":{
        "p":0.0,
        "r":0.0,
        "f":0.0
      },
      "advmod:tmod":{
        "p":0.0,
        "r":0.0,
        "f":0.0
      },
      "iobj":{
        "p":0.0,
        "r":0.0,
        "f":0.0
      },
      "csubj:pass":{
        "p":0.0,
        "r":0.0,
        "f":0.0
      },
      "acl:relcl":{
        "p":0.0,
        "r":0.0,
        "f":0.0
      },
      "expl:pv":{
        "p":0.0,
        "r":0.0,
        "f":0.0
      },
      "advmod:emph":{
        "p":0.0,
        "r":0.0,
        "f":0.0
      },
      "nummod:gov":{
        "p":0.0,
        "r":0.0,
        "f":0.0
      },
      "flat:foreign":{
        "p":0.0,
        "r":0.0,
        "f":0.0
      },
      "advcl:abs":{
        "p":0.0,
        "r":0.0,
        "f":0.0
      },
      "flat":{
        "p":0.0,
        "r":0.0,
        "f":0.0
      },
      "advmod:lmod":{
        "p":0.0,
        "r":0.0,
        "f":0.0
      },
      "conj:expl":{
        "p":0.0,
        "r":0.0,
        "f":0.0
      },
      "compound":{
        "p":0.0,
        "r":0.0,
        "f":0.0
      },
      "expl":{
        "p":0.0,
        "r":0.0,
        "f":0.0
      }
    }
  },
  "trainable_lemmatizer":{
    "lemma_acc":0.3796548983
  },
  "tagger":{
    "tag_acc":0.1458194555
  },
  "morphologizer":{
    "pos_acc":0.4344350367,
    "morph_acc":0.2462986441,
    "morph_micro_p":0.3600379867,
    "morph_micro_r":0.2656725204,
    "morph_micro_f":0.3057394698,
    "morph_per_feat":{
      "Case":{
        "p":0.1738855802,
        "r":0.1675506478,
        "f":0.1706593455
      },
      "Gender":{
        "p":0.2930941219,
        "r":0.2901901276,
        "f":0.2916348957
      },
      "Number":{
        "p":0.5774303088,
        "r":0.4741278693,
        "f":0.5207050027
      },
      "PronType":{
        "p":0.4082733813,
        "r":0.0928425358,
        "f":0.1512829057
      },
      "Person":{
        "p":0.4204486176,
        "r":0.1409830331,
        "f":0.2111605973
      },
      "Mood":{
        "p":0.4736147757,
        "r":0.1812673567,
        "f":0.2621873288
      },
      "Tense":{
        "p":0.3478664193,
        "r":0.2122641509,
        "f":0.2636512772
      },
      "VerbForm":{
        "p":0.3357820631,
        "r":0.1982649557,
        "f":0.2493181818
      },
      "Voice":{
        "p":0.6448942042,
        "r":0.390311804,
        "f":0.4862989941
      },
      "Polarity":{
        "p":0.4285714286,
        "r":0.0344827586,
        "f":0.0638297872
      },
      "Aspect":{
        "p":0.3460122699,
        "r":0.1188870152,
        "f":0.1769689363
      },
      "Degree":{
        "p":0.0822199383,
        "r":0.059568131,
        "f":0.0690846287
      },
      "Variant":{
        "p":0.0,
        "r":0.0,
        "f":0.0
      },
      "Reflex":{
        "p":0.0222222222,
        "r":0.0044843049,
        "f":0.0074626866
      },
      "Poss":{
        "p":0.25,
        "r":0.0340136054,
        "f":0.0598802395
      },
      "NumType":{
        "p":0.0,
        "r":0.0,
        "f":0.0
      },
      "NumForm":{
        "p":0.0,
        "r":0.0,
        "f":0.0
      },
      "Abbr":{
        "p":0.0,
        "r":0.0,
        "f":0.0
      },
      "AdvType":{
        "p":0.0,
        "r":0.0,
        "f":0.0
      },
      "Animacy":{
        "p":0.0,
        "r":0.0,
        "f":0.0
      },
      "AdpType":{
        "p":0.0,
        "r":0.0,
        "f":0.0
      },
      "Number[psor]":{
        "p":0.0,
        "r":0.0,
        "f":0.0
      },
      "Person[psor]":{
        "p":0.0,
        "r":0.0,
        "f":0.0
      },
      "NameType":{
        "p":0.0,
        "r":0.0,
        "f":0.0
      },
      "Typo":{
        "p":0.0,
        "r":0.0,
        "f":0.0
      },
      "Compound":{
        "p":0.0,
        "r":0.0,
        "f":0.0
      }
    }
  },
  "speed":2313.8008665713
}