{
  "tokenizer":{
    "token_acc":0.9996152111,
    "token_p":0.9922378791,
    "token_r":0.9963360691,
    "token_f":0.9942827512
  },
  "transformer":{

  },
  "parser":{
    "sents_p":0.5272692234,
    "sents_r":0.7253446448,
    "sents_f":0.6106461332,
    "dep_uas":0.3139587818,
    "dep_las":0.1134760521,
    "dep_las_per_type":{
      "root":{
        "p":0.2345962495,
        "r":0.3250265111,
        "f":0.2725050011
      },
      "cc":{
        "p":0.1912790698,
        "r":0.2936626004,
        "f":0.2316629504
      },
      "mark":{
        "p":0.0442890443,
        "r":0.0054332285,
        "f":0.0096790627
      },
      "amod":{
        "p":0.0497179126,
        "r":0.0509025271,
        "f":0.0503032465
      },
      "nsubj:pass":{
        "p":0.0210526316,
        "r":0.0052585451,
        "f":0.0084151473
      },
      "advmod:neg":{
        "p":0.0,
        "r":0.0,
        "f":0.0
      },
      "advcl":{
        "p":0.02200489,
        "r":0.0035225049,
        "f":0.0060728745
      },
      "case":{
        "p":0.5296337054,
        "r":0.541552805,
        "f":0.5355269433
      },
      "nsubj":{
        "p":0.0323901713,
        "r":0.039880816,
        "f":0.0357473035
      },
      "obl":{
        "p":0.105015674,
        "r":0.0406882591,
        "f":0.0586518821
      },
      "acl:relcl":{
        "p":0.0094517958,
        "r":0.0039154268,
        "f":0.0055370986
      },
      "nmod":{
        "p":0.0518586508,
        "r":0.0762483131,
        "f":0.0617317673
      },
      "obj":{
        "p":0.0448717949,
        "r":0.0140280561,
        "f":0.0213740458
      },
      "advmod":{
        "p":0.0345759049,
        "r":0.0572194904,
        "f":0.0431048998
      },
      "dep":{
        "p":0.0,
        "r":0.0,
        "f":0.0
      },
      "conj":{
        "p":0.0469021424,
        "r":0.0916548798,
        "f":0.0620511347
      },
      "csubj:pass":{
        "p":0.0,
        "r":0.0,
        "f":0.0
      },
      "cop":{
        "p":0.0181818182,
        "r":0.0036210018,
        "f":0.0060392552
      },
      "orphan":{
        "p":0.0,
        "r":0.0,
        "f":0.0
      },
      "advmod:lmod":{
        "p":0.0,
        "r":0.0,
        "f":0.0
      },
      "det":{
        "p":0.2715340443,
        "r":0.0799323835,
        "f":0.1235074627
      },
      "fixed":{
        "p":0.0033755274,
        "r":0.0103626943,
        "f":0.0050922979
      },
      "obl:arg":{
        "p":0.0,
        "r":0.0,
        "f":0.0
      },
      "appos":{
        "p":0.0022718667,
        "r":0.0070838253,
        "f":0.003440367
      },
      "xcomp":{
        "p":0.0114503817,
        "r":0.0026455026,
        "f":0.0042979943
      },
      "ccomp:relcl":{
        "p":0.0,
        "r":0.0,
        "f":0.0
      },
      "acl":{
        "p":0.0239085239,
        "r":0.0171385991,
        "f":0.0199652778
      },
      "dislocated":{
        "p":0.0,
        "r":0.0,
        "f":0.0
      },
      "iobj":{
        "p":0.0,
        "r":0.0,
        "f":0.0
      },
      "parataxis":{
        "p":0.0,
        "r":0.0,
        "f":0.0
      },
      "nummod":{
        "p":0.0065789474,
        "r":0.0118577075,
        "f":0.0084626234
      },
      "discourse":{
        "p":0.2641509434,
        "r":0.0220472441,
        "f":0.0406976744
      },
      "nummod:gov":{
        "p":0.0,
        "r":0.0,
        "f":0.0
      },
      "csubj":{
        "p":0.0,
        "r":0.0,
        "f":0.0
      },
      "advmod:emph":{
        "p":0.0,
        "r":0.0,
        "f":0.0
      },
      "flat":{
        "p":0.0,
        "r":0.0,
        "f":0.0
      },
      "dislocated:obj":{
        "p":0.0,
        "r":0.0,
        "f":0.0
      },
      "compound":{
        "p":0.0,
        "r":0.0,
        "f":0.0
      },
      "ccomp:reported":{
        "p":0.0,
        "r":0.0,
        "f":0.0
      },
      "ccomp":{
        "p":0.0,
        "r":0.0,
        "f":0.0
      },
      "vocative":{
        "p":0.0,
        "r":0.0,
        "f":0.0
      },
      "aux:pass":{
        "p":0.0,
        "r":0.0,
        "f":0.0
      },
      "csubj:relcl":{
        "p":0.0,
        "r":0.0,
        "f":0.0
      },
      "advcl:abs":{
        "p":0.0,
        "r":0.0,
        "f":0.0
      },
      "aux":{
        "p":0.0,
        "r":0.0,
        "f":0.0
      },
      "conj:expl":{
        "p":0.0,
        "r":0.0,
        "f":0.0
      },
      "advcl:cmp":{
        "p":0.0,
        "r":0.0,
        "f":0.0
      },
      "advcl:pred":{
        "p":0.0,
        "r":0.0,
        "f":0.0
      },
      "obl:agent":{
        "p":0.0,
        "r":0.0,
        "f":0.0
      },
      "obl:lmod":{
        "p":0.0,
        "r":0.0,
        "f":0.0
      },
      "dislocated:nsubj":{
        "p":0.0,
        "r":0.0,
        "f":0.0
      },
      "flat:name":{
        "p":0.0,
        "r":0.0,
        "f":0.0
      },
      "advmod:tmod":{
        "p":0.0,
        "r":0.0,
        "f":0.0
      },
      "expl":{
        "p":0.0,
        "r":0.0,
        "f":0.0
      },
      "expl:pass":{
        "p":0.0,
        "r":0.0,
        "f":0.0
      },
      "reparandum":{
        "p":0.0,
        "r":0.0,
        "f":0.0
      },
      "advcl:relcl":{
        "p":0.0,
        "r":0.0,
        "f":0.0
      },
      "obl:tmod":{
        "p":0.0,
        "r":0.0,
        "f":0.0
      },
      "nsubj:outer":{
        "p":0.0,
        "r":0.0,
        "f":0.0
      },
      "obl:cmp":{
        "p":0.0,
        "r":0.0,
        "f":0.0
      },
      "cop:outer":{
        "p":0.0,
        "r":0.0,
        "f":0.0
      },
      "csubj:outer":{
        "p":0.0,
        "r":0.0,
        "f":0.0
      },
      "expl:pv":{
        "p":0.0,
        "r":0.0,
        "f":0.0
      },
      "flat:foreign":{
        "p":0.0,
        "r":0.0,
        "f":0.0
      },
      "parataxis:reporting":{
        "p":0.0,
        "r":0.0,
        "f":0.0
      },
      "csubj:cleft":{
        "p":0.0,
        "r":0.0,
        "f":0.0
      },
      "csubj:reported":{
        "p":0.0,
        "r":0.0,
        "f":0.0
      },
      "dislocated:csubj":{
        "p":0.0,
        "r":0.0,
        "f":0.0
      }
    }
  },
  "trainable_lemmatizer":{
    "lemma_acc":0.472135595
  },
  "tagger":{
    "tag_acc":0.0060551216
  },
  "morphologizer":{
    "pos_acc":0.4109705765,
    "morph_acc":0.3143410363,
    "morph_micro_p":0.2948716968,
    "morph_micro_r":0.1808361438,
    "morph_micro_f":0.2241857544,
    "morph_per_feat":{
      "Case":{
        "p":0.2274078746,
        "r":0.2192621764,
        "f":0.223260751
      },
      "Gender":{
        "p":0.2775675156,
        "r":0.254215381,
        "f":0.2653787182
      },
      "InflClass":{
        "p":0.0,
        "r":0.0,
        "f":0.0
      },
      "Number":{
        "p":0.5728118194,
        "r":0.4574363072,
        "f":0.5086637221
      },
      "Polarity":{
        "p":0.2764227642,
        "r":0.0249449743,
        "f":0.0457604307
      },
      "Aspect":{
        "p":0.1461689587,
        "r":0.0372633477,
        "f":0.0593869732
      },
      "Mood":{
        "p":0.0591658584,
        "r":0.0197442952,
        "f":0.0296080573
      },
      "Person":{
        "p":0.0968939905,
        "r":0.034358913,
        "f":0.0507291206
      },
      "Tense":{
        "p":0.1196820944,
        "r":0.0414306522,
        "f":0.061553258
      },
      "VerbForm":{
        "p":0.2187234043,
        "r":0.0606847698,
        "f":0.0950092421
      },
      "Voice":{
        "p":0.1881950385,
        "r":0.0690376569,
        "f":0.1010178312
      },
      "PronType":{
        "p":0.1096114519,
        "r":0.0242533937,
        "f":0.0397184142
      },
      "Degree":{
        "p":0.0011004559,
        "r":0.0088832487,
        "f":0.0019583158
      },
      "Variant":{
        "p":0.0,
        "r":0.0,
        "f":0.0
      },
      "Animacy":{
        "p":0.0,
        "r":0.0,