{
  "tokenizer":{
    "token_acc":0.9987632593,
    "token_p":0.9895828378,
    "token_r":0.9929125403,
    "token_f":0.9912448929
  },
  "transformer":{

  },
  "parser":{
    "sents_p":0.389008158,
    "sents_r":0.584516129,
    "sents_f":0.4671307038,
    "dep_uas":0.3974154718,
    "dep_las":0.1449696663,
    "dep_las_per_type":{
      "nsubj":{
        "p":0.0828819068,
        "r":0.0555959302,
        "f":0.0665506742
      },
      "case":{
        "p":0.1406134969,
        "r":0.2133283693,
        "f":0.169501553
      },
      "obl":{
        "p":0.1137745975,
        "r":0.1180839213,
        "f":0.1158892128
      },
      "root":{
        "p":0.3535244665,
        "r":0.5290322581,
        "f":0.4238273679
      },
      "det":{
        "p":0.1265474553,
        "r":0.0198961938,
        "f":0.0343860961
      },
      "flat:name":{
        "p":0.0,
        "r":0.0,
        "f":0.0
      },
      "advcl":{
        "p":0.1125356125,
        "r":0.0387254902,
        "f":0.0576221736
      },
      "cop":{
        "p":0.2138728324,
        "r":0.0729783037,
        "f":0.1088235294
      },
      "acl":{
        "p":0.0190311419,
        "r":0.0221774194,
        "f":0.0204841713
      },
      "nmod":{
        "p":0.0883825739,
        "r":0.1157756642,
        "f":0.1002413744
      },
      "obj":{
        "p":0.1551410373,
        "r":0.1086679414,
        "f":0.1278110945
      },
      "xcomp":{
        "p":0.0833333333,
        "r":0.0227272727,
        "f":0.0357142857
      },
      "dep":{
        "p":0.0,
        "r":0.0,
        "f":0.0
      },
      "advmod":{
        "p":0.2100977199,
        "r":0.0956263899,
        "f":0.1314314824
      },
      "cc":{
        "p":0.39445629,
        "r":0.292605773,
        "f":0.3359818388
      },
      "conj":{
        "p":0.1555474982,
        "r":0.2038973384,
        "f":0.1764705882
      },
      "appos":{
        "p":0.0069444444,
        "r":0.0327868852,
        "f":0.0114613181
      },
      "vocative":{
        "p":0.0073855244,
        "r":0.0282485876,
        "f":0.0117096019
      },
      "iobj":{
        "p":0.0189125296,
        "r":0.0625,
        "f":0.0290381125
      },
      "dislocated":{
        "p":0.0,
        "r":0.0,
        "f":0.0
      },
      "mark":{
        "p":0.1177446103,
        "r":0.1053412463,
        "f":0.1111981206
      },
      "nsubj:pass":{
        "p":0.0,
        "r":0.0,
        "f":0.0
      },
      "aux":{
        "p":0.0,
        "r":0.0,
        "f":0.0
      },
      "amod":{
        "p":0.0064724919,
        "r":0.0120240481,
        "f":0.0084151473
      },
      "csubj":{
        "p":0.0,
        "r":0.0,
        "f":0.0
      },
      "discourse":{
        "p":0.488,
        "r":0.246365105,
        "f":0.3274288782
      },
      "obl:arg":{
        "p":0.1991404011,
        "r":0.2332214765,
        "f":0.2148377125
      },
      "orphan":{
        "p":0.0028490028,
        "r":0.0181818182,
        "f":0.0049261084
      },
      "fixed":{
        "p":0.0,
        "r":0.0,
        "f":0.0
      },
      "nummod:gov":{
        "p":0.0,
        "r":0.0,
        "f":0.0
      },
      "parataxis":{
        "p":0.0039292731,
        "r":0.0392156863,
        "f":0.0071428571
      },
      "ccomp":{
        "p":0.0666666667,
        "r":0.0306122449,
        "f":0.041958042
      },
      "obl:agent":{
        "p":0.0,
        "r":0.0,
        "f":0.0
      },
      "advcl:cmp":{
        "p":0.0,
        "r":0.0,
        "f":0.0
      },
      "nummod":{
        "p":0.0212765957,
        "r":0.0181818182,
        "f":0.0196078431
      },
      "compound":{
        "p":0.0,
        "r":0.0,
        "f":0.0
      },
      "expl:pv":{
        "p":0.0,
        "r":0.0,
        "f":0.0
      },
      "acl:relcl":{
        "p":0.0,
        "r":0.0,
        "f":0.0
      },
      "nsubj:outer":{
        "p":0.0,
        "r":0.0,
        "f":0.0
      },
      "flat":{
        "p":0.0,
        "r":0.0,
        "f":0.0
      },
      "csubj:pass":{
        "p":0.0,
        "r":0.0,
        "f":0.0
      },
      "expl":{
        "p":0.0,
        "r":0.0,
        "f":0.0
      },
      "aux:pass":{
        "p":0.0,
        "r":0.0,
        "f":0.0
      }
    }
  },
  "trainable_lemmatizer":{
    "lemma_acc":0.199644811
  },
  "tagger":{
    "tag_acc":0.0837389064
  },
  "morphologizer":{
    "pos_acc":0.4373665438,
    "morph_acc":0.2431626175,
    "morph_micro_p":0.4004828206,
    "morph_micro_r":0.2982340251,
    "morph_micro_f":0.3418769829,
    "morph_per_feat":{
      "Case":{
        "p":0.2526099254,
        "r":0.2216306457,
        "f":0.2361084407
      },
      "Gender":{
        "p":0.36587006,
        "r":0.3212663517,
        "f":0.3421205379
      },
      "Number":{
        "p":0.5936040564,
        "r":0.4912758595,
        "f":0.5376140506
      },
      "Aspect":{
        "p":0.1812987013,
        "r":0.1149538867,
        "f":0.14069744
      },
      "Mood":{
        "p":0.3946488294,
        "r":0.2121030557,
        "f":0.2759158223
      },
      "Person":{
        "p":0.3513513514,
        "r":0.1921963115,
        "f":0.2484729064
      },
      "Tense":{
        "p":0.4396764772,
        "r":0.240063788,
        "f":0.3105609775
      },
      "VerbForm":{
        "p":0.4446,
        "r":0.2726269316,
        "f":0.3379960468
      },
      "Voice":{
        "p":0.5576267789,
        "r":0.3416850897,
        "f":0.4237301043
      },
      "Definite":{
        "p":0.0,
        "r":0.0,
        "f":0.0
      },
      "PronType":{
        "p":0.5040723982,
        "r":0.119017094,
        "f":0.1925669836
      },
      "Variant":{
        "p":0.0,
        "r":0.0,
        "f":0.0
      },
      "Animacy":{
        "p":0.0,
        "r":0.0,
        "f":0.0
      },
      "NameType":{
        "p":0.0,
        "r":0.0,
        "f":0.0
      },
      "Degree":{
        "p":0.0515063168,
        "r":0.0412772586,
        "f":0.0458279291
      },
      "Polarity":{
        "p":0.9157894737,
        "r":0.2219387755,
        "f":0.3572895277
      },
      "Poss":{
        "p":0.0,
        "r":0.0,
        "f":0.0
      },
      "Reflex":{
        "p":0.0724637681,
        "r":0.0602409639,
        "f":0.0657894737
      },
      "NumType":{
        "p":0.0,
        "r":0.0,
        "f":0.0
      },
      "Analyt":{
        "p":0.0,
        "r":0.0,
        "f":0.0
      },
      "NumForm":{
        "p":0.0,
        "r":0.0,
        "f":0.0
      },
      "Clitic":{
        "p":0.0,
        "r":0.0,
        "f":0.0
      },
      "Abbr":{
        "p":0.0,
        "r":0.0,
        "f":0.0
      }
    }
  },
  "speed":2655.6543801938
}