{
  "tokenizer":{
    "token_acc":0.9987632593,
    "token_p":0.9895828378,
    "token_r":0.9929125403,
    "token_f":0.9912448929
  },
  "transformer":{

  },
  "parser":{
    "sents_p":0.5164835165,
    "sents_r":0.6974193548,
    "sents_f":0.5934669229,
    "dep_uas":0.246208336,
    "dep_las":0.0471358346,
    "dep_las_per_type":{
      "nsubj":{
        "p":0.0305591678,
        "r":0.0341569767,
        "f":0.0322580645
      },
      "case":{
        "p":0.0564588979,
        "r":0.0465376024,
        "f":0.0510204082
      },
      "obl":{
        "p":0.0262964325,
        "r":0.0531006313,
        "f":0.0351740253
      },
      "root":{
        "p":0.1787856971,
        "r":0.2403225806,
        "f":0.2050364662
      },
      "det":{
        "p":0.2524137931,
        "r":0.0395761246,
        "f":0.0684240045
      },
      "flat:name":{
        "p":0.0,
        "r":0.0,
        "f":0.0
      },
      "advcl":{
        "p":0.0039946738,
        "r":0.0014705882,
        "f":0.0021497671
      },
      "cop":{
        "p":0.0,
        "r":0.0,
        "f":0.0
      },
      "acl":{
        "p":0.0,
        "r":0.0,
        "f":0.0
      },
      "aux":{
        "p":0.0,
        "r":0.0,
        "f":0.0
      },
      "nmod:poss":{
        "p":0.0,
        "r":0.0,
        "f":0.0
      },
      "nummod":{
        "p":0.0010438413,
        "r":0.0090909091,
        "f":0.0018726592
      },
      "amod":{
        "p":0.0074476142,
        "r":0.1182364729,
        "f":0.0140125876
      },
      "conj":{
        "p":0.0315714792,
        "r":0.0423003802,
        "f":0.036156815
      },
      "nmod":{
        "p":0.0078740157,
        "r":0.0006559528,
        "f":0.0012110203
      },
      "advmod":{
        "p":0.0595695619,
        "r":0.0382999753,
        "f":0.0466235524
      },
      "obj":{
        "p":0.0231425091,
        "r":0.006054812,
        "f":0.0095983834
      },
      "cc":{
        "p":0.2064343164,
        "r":0.0913404508,
        "f":0.1266447368
      },
      "xcomp":{
        "p":0.0061728395,
        "r":0.0020661157,
        "f":0.0030959752
      },
      "appos":{
        "p":0.009118541,
        "r":0.0491803279,
        "f":0.0153846154
      },
      "parataxis":{
        "p":0.0,
        "r":0.0,
        "f":0.0
      },
      "mark":{
        "p":0.0,
        "r":0.0,
        "f":0.0
      },
      "nsubj:pass":{
        "p":0.0,
        "r":0.0,
        "f":0.0
      },
      "dislocated":{
        "p":0.0,
        "r":0.0,
        "f":0.0
      },
      "csubj":{
        "p":0.0,
        "r":0.0,
        "f":0.0
      },
      "dep":{
        "p":0.0,
        "r":0.0,
        "f":0.0
      },
      "obl:arg":{
        "p":0.0,
        "r":0.0,
        "f":0.0
      },
      "ccomp":{
        "p":0.0041407867,
        "r":0.0051020408,
        "f":0.0045714286
      },
      "discourse":{
        "p":0.0,
        "r":0.0,
        "f":0.0
      },
      "orphan":{
        "p":0.0,
        "r":0.0,
        "f":0.0
      },
      "iobj":{
        "p":0.0,
        "r":0.0,
        "f":0.0
      },
      "vocative":{
        "p":0.0,
        "r":0.0,
        "f":0.0
      },
      "obl:agent":{
        "p":0.0,
        "r":0.0,
        "f":0.0
      },
      "acl:relcl":{
        "p":0.0,
        "r":0.0,
        "f":0.0
      },
      "compound:prt":{
        "p":0.0,
        "r":0.0,
        "f":0.0
      },
      "flat:foreign":{
        "p":0.0,
        "r":0.0,
        "f":0.0
      },
      "fixed":{
        "p":0.0,
        "r":0.0,
        "f":0.0
      },
      "nsubj:outer":{
        "p":0.0,
        "r":0.0,
        "f":0.0
      },
      "advcl:cmp":{
        "p":0.0,
        "r":0.0,
        "f":0.0
      },
      "csubj:pass":{
        "p":0.0,
        "r":0.0,
        "f":0.0
      },
      "aux:pass":{
        "p":0.0,
        "r":0.0,
        "f":0.0
      }
    }
  },
  "trainable_lemmatizer":{
    "lemma_acc":0.2059380922
  },
  "tagger":{
    "tag_acc":0.0
  },
  "speed":2751.1153987327
}