{
  "tokenizer":{
    "token_acc":0.9987632593,
    "token_p":0.9895828378,
    "token_r":0.9929125403,
    "token_f":0.9912448929
  },
  "transformer":{

  },
  "parser":{
    "sents_p":0.6224858174,
    "sents_r":0.7787096774,
    "sents_f":0.6918887934,
    "dep_uas":0.2439863847,
    "dep_las":0.0423466357,
    "dep_las_per_type":{
      "nsubj":{
        "p":0.031862105,
        "r":0.0443313953,
        "f":0.0370764322
      },
      "case":{
        "p":0.0611169652,
        "r":0.043186895,
        "f":0.0506108202
      },
      "obl":{
        "p":0.0229024943,
        "r":0.0375046417,
        "f":0.0284386879
      },
      "root":{
        "p":0.1872571873,
        "r":0.2332258065,
        "f":0.2077287746
      },
      "det":{
        "p":0.1313269494,
        "r":0.0207612457,
        "f":0.0358543417
      },
      "flat:name":{
        "p":0.0,
        "r":0.0,
        "f":0.0
      },
      "advcl":{
        "p":0.0077071291,
        "r":0.0039215686,
        "f":0.0051981806
      },
      "cop":{
        "p":0.0,
        "r":0.0,
        "f":0.0
      },
      "acl":{
        "p":0.0,
        "r":0.0,
        "f":0.0
      },
      "advmod":{
        "p":0.0613630193,
        "r":0.0558438349,
        "f":0.0584734799
      },
      "aux":{
        "p":0.0,
        "r":0.0,
        "f":0.0
      },
      "amod":{
        "p":0.0064829822,
        "r":0.0881763527,
        "f":0.0120779577
      },
      "dep":{
        "p":0.0,
        "r":0.0,
        "f":0.0
      },
      "appos":{
        "p":0.0046253469,
        "r":0.0204918033,
        "f":0.0075471698
      },
      "nmod:poss":{
        "p":0.0,
        "r":0.0,
        "f":0.0
      },
      "nmod":{
        "p":0.0,
        "r":0.0,
        "f":0.0
      },
      "obj":{
        "p":0.0237825595,
        "r":0.0066921606,
        "f":0.0104451629
      },
      "cc":{
        "p":0.1827284105,
        "r":0.0577303282,
        "f":0.0877403846
      },
      "conj":{
        "p":0.0158682635,
        "r":0.0251901141,
        "f":0.0194709772
      },
      "xcomp":{
        "p":0.0028694405,
        "r":0.0020661157,
        "f":0.0024024024
      },
      "nummod":{
        "p":0.0037688442,
        "r":0.0272727273,
        "f":0.0066225166
      },
      "mark":{
        "p":0.0037523452,
        "r":0.0029673591,
        "f":0.0033140017
      },
      "nsubj:pass":{
        "p":0.0,
        "r":0.0,
        "f":0.0
      },
      "dislocated":{
        "p":0.0,
        "r":0.0,
        "f":0.0
      },
      "csubj":{
        "p":0.0,
        "r":0.0,
        "f":0.0
      },
      "obl:arg":{
        "p":0.0,
        "r":0.0,
        "f":0.0
      },
      "ccomp":{
        "p":0.0127041742,
        "r":0.0178571429,
        "f":0.0148462354
      },
      "discourse":{
        "p":0.0,
        "r":0.0,
        "f":0.0
      },
      "orphan":{
        "p":0.0,
        "r":0.0,
        "f":0.0
      },
      "flat:foreign":{
        "p":0.0,
        "r":0.0,
        "f":0.0
      },
      "acl:relcl":{
        "p":0.0,
        "r":0.0,
        "f":0.0
      },
      "iobj":{
        "p":0.0,
        "r":0.0,
        "f":0.0
      },
      "vocative":{
        "p":0.0,
        "r":0.0,
        "f":0.0
      },
      "obl:agent":{
        "p":0.0,
        "r":0.0,
        "f":0.0
      },
      "compound:prt":{
        "p":0.0,
        "r":0.0,
        "f":0.0
      },
      "parataxis":{
        "p":0.0,
        "r":0.0,
        "f":0.0
      },
      "fixed":{
        "p":0.0,
        "r":0.0,
        "f":0.0
      },
      "nsubj:outer":{
        "p":0.0,
        "r":0.0,
        "f":0.0
      },
      "advcl:cmp":{
        "p":0.0,
        "r":0.0,
        "f":0.0
      },
      "csubj:pass":{
        "p":0.0,
        "r":0.0,
        "f":0.0
      },
      "aux:pass":{
        "p":0.0,
        "r":0.0,
        "f":0.0
      }
    }
  },
  "trainable_lemmatizer":{
    "lemma_acc":0.2048176975
  },
  "tagger":{
    "tag_acc":0.0
  },
  "morphologizer":{
    "pos_acc":0.2840556906,
    "morph_acc":0.2077296414,
    "morph_micro_p":0.2581192438,
    "morph_micro_r":0.2048179675,
    "morph_micro_f":0.2284001268,
    "morph_per_feat":{
      "Case":{
        "p":0.2241863213,
        "r":0.2054324776,
        "f":0.2144000753
      },
      "Gender":{
        "p":0.286313896,
        "r":0.2602652616,
        "f":0.2726688715
      },
      "Number":{
        "p":0.5899981444,
        "r":0.4681587278,
        "f":0.5220639547
      },
      "Aspect":{
        "p":0.0,
        "r":0.0,
        "f":0.0
      },
      "Mood":{
        "p":0.1586538462,
        "r":0.0395446375,
        "f":0.0633093525
      },
      "Person":{
        "p":0.1327116212,
        "r":0.0281969212,
        "f":0.0465116279
      },
      "Tense":{
        "p":0.1158146965,
        "r":0.0177870461,
        "f":0.0308379413
      },
      "VerbForm":{
        "p":0.131138694,
        "r":0.0298013245,
        "f":0.0485660038
      },
      "Voice":{
        "p":0.2168739859,
        "r":0.0492507983,
        "f":0.080272245
      },
      "Definite":{
        "p":0.0004966887,
        "r":0.0033112583,
        "f":0.0008638065
      },
      "PronType":{
        "p":0.1105845182,
        "r":0.0299145299,
        "f":0.047090481
      },
      "Degree":{
        "p":0.0397792596,
        "r":0.1347352025,
        "f":0.0614237529
      },
      "Foreign":{
        "p":0.0,
        "r":0.0,
        "f":0.0
      },
      "NumType":{
        "p":0.0,
        "r":0.0,
        "f":0.0
      },
      "Polarity":{
        "p":0.0,
        "r":0.0,
        "f":0.0
      },
      "Poss":{
        "p":0.0,
        "r":0.0,
        "f":0.0
      },
      "Reflex":{
        "p":0.0,
        "r":0.0,
        "f":0.0
      }
    }
  },
  "speed":4169.9485374578
}