{
  "tokenizer":{
    "token_acc":0.9996152111,
    "token_p":0.9922378791,
    "token_r":0.9963360691,
    "token_f":0.9942827512
  },
  "transformer":{

  },
  "parser":{
    "sents_p":0.6919315403,
    "sents_r":0.8252916225,
    "sents_f":0.7527505743,
    "dep_uas":0.2236018114,
    "dep_las":0.0334465235,
    "dep_las_per_type":{
      "root":{
        "p":0.2058432935,
        "r":0.2465535525,
        "f":0.2243667069
      },
      "cc":{
        "p":0.0822072072,
        "r":0.0217197263,
        "f":0.0343610261
      },
      "mark":{
        "p":0.0204081633,
        "r":0.0002859594,
        "f":0.0005640158
      },
      "amod":{
        "p":0.0277484542,
        "r":0.0664259928,
        "f":0.0391447718
      },
      "nsubj:pass":{
        "p":0.0,
        "r":0.0,
        "f":0.0
      },
      "advmod:neg":{
        "p":0.0,
        "r":0.0,
        "f":0.0
      },
      "advcl":{
        "p":0.0137254902,
        "r":0.0054794521,
        "f":0.0078321678
      },
      "case":{
        "p":0.1855791962,
        "r":0.0252371001,
        "f":0.0444318664
      },
      "nsubj":{
        "p":0.0274275603,
        "r":0.0284208114,
        "f":0.0279153534
      },
      "obl":{
        "p":0.0207624234,
        "r":0.0246963563,
        "f":0.0225591716
      },
      "acl:relcl":{
        "p":0.0169491525,
        "r":0.0015661707,
        "f":0.0028673835
      },
      "nmod":{
        "p":0.0,
        "r":0.0,
        "f":0.0
      },
      "obj":{
        "p":0.0131061599,
        "r":0.0150300601,
        "f":0.0140023337
      },
      "dep":{
        "p":0.0,
        "r":0.0,
        "f":0.0
      },
      "det":{
        "p":0.1078546307,
        "r":0.0444337117,
        "f":0.0629382589
      },
      "advmod":{
        "p":0.0174846626,
        "r":0.0254805543,
        "f":0.0207385847
      },
      "nmod:poss":{
        "p":0.0,
        "r":0.0,
        "f":0.0
      },
      "conj":{
        "p":0.0315103223,
        "r":0.0492220651,
        "f":0.038423319
      },
      "flat:foreign":{
        "p":0.0,
        "r":0.0,
        "f":0.0
      },
      "csubj:pass":{
        "p":0.0,
        "r":0.0,
        "f":0.0
      },
      "cop":{
        "p":0.0431654676,
        "r":0.0036210018,
        "f":0.0066815145
      },
      "compound:prt":{
        "p":0.0,
        "r":0.0,
        "f":0.0
      },
      "advmod:lmod":{
        "p":0.0,
        "r":0.0,
        "f":0.0
      },
      "fixed":{
        "p":0.0,
        "r":0.0,
        "f":0.0
      },
      "obl:arg":{
        "p":0.0,
        "r":0.0,
        "f":0.0
      },
      "appos":{
        "p":0.0261391734,
        "r":0.0873671783,
        "f":0.0402392605
      },
      "xcomp":{
        "p":0.0140562249,
        "r":0.0061728395,
        "f":0.0085784314
      },
      "ccomp:relcl":{
        "p":0.0,
        "r":0.0,
        "f":0.0
      },
      "acl":{
        "p":0.0,
        "r":0.0,
        "f":0.0
      },
      "nummod":{
        "p":0.0233297985,
        "r":0.0869565217,
        "f":0.0367892977
      },
      "parataxis":{
        "p":0.0,
        "r":0.0,
        "f":0.0
      },
      "ccomp":{
        "p":0.0023364486,
        "r":0.0020576132,
        "f":0.0021881838
      },
      "discourse":{
        "p":0.0,
        "r":0.0,
        "f":0.0
      },
      "orphan":{
        "p":0.0,
        "r":0.0,
        "f":0.0
      },
      "csubj":{
        "p":0.0,
        "r":0.0,
        "f":0.0
      },
      "advmod:emph":{
        "p":0.0,
        "r":0.0,
        "f":0.0
      },
      "aux":{
        "p":0.0,
        "r":0.0,
        "f":0.0
      },
      "flat":{
        "p":0.0,
        "r":0.0,
        "f":0.0
      },
      "dislocated:obj":{
        "p":0.0,
        "r":0.0,
        "f":0.0
      },
      "compound":{
        "p":0.0,
        "r":0.0,
        "f":0.0
      },
      "ccomp:reported":{
        "p":0.0,
        "r":0.0,
        "f":0.0
      },
      "flat:name":{
        "p":0.0,
        "r":0.0,
        "f":0.0
      },
      "aux:pass":{
        "p":0.0,
        "r":0.0,
        "f":0.0
      },
      "csubj:relcl":{
        "p":0.0,
        "r":0.0,
        "f":0.0
      },
      "advcl:abs":{
        "p":0.0,
        "r":0.0,
        "f":0.0
      },
      "conj:expl":{
        "p":0.0,
        "r":0.0,
        "f":0.0
      },
      "advcl:cmp":{
        "p":0.0,
        "r":0.0,
        "f":0.0
      },
      "iobj":{
        "p":0.0,
        "r":0.0,
        "f":0.0
      },
      "advcl:pred":{
        "p":0.0,
        "r":0.0,
        "f":0.0
      },
      "obl:agent":{
        "p":0.0,
        "r":0.0,
        "f":0.0
      },
      "obl:lmod":{
        "p":0.0,
        "r":0.0,
        "f":0.0
      },
      "dislocated:nsubj":{
        "p":0.0,
        "r":0.0,
        "f":0.0
      },
      "advmod:tmod":{
        "p":0.0,
        "r":0.0,
        "f":0.0
      },
      "expl:pass":{
        "p":0.0,
        "r":0.0,
        "f":0.0
      },
      "reparandum":{
        "p":0.0,
        "r":0.0,
        "f":0.0
      },
      "vocative":{
        "p":0.0,
        "r":0.0,
        "f":0.0
      },
      "advcl:relcl":{
        "p":0.0,
        "r":0.0,
        "f":0.0
      },
      "obl:tmod":{
        "p":0.0,
        "r":0.0,
        "f":0.0
      },
      "nsubj:outer":{
        "p":0.0,
        "r":0.0,
        "f":0.0
      },
      "obl:cmp":{
        "p":0.0,
        "r":0.0,
        "f":0.0
      },
      "cop:outer":{
        "p":0.0,
        "r":0.0,
        "f":0.0
      },
      "csubj:outer":{
        "p":0.0,
        "r":0.0,
        "f":0.0
      },
      "parataxis:reporting":{
        "p":0.0,
        "r":0.0,
        "f":0.0
      },
      "dislocated":{
        "p":0.0,
        "r":0.0,
        "f":0.0
      },
      "csubj:cleft":{
        "p":0.0,
        "r":0.0,
        "f":0.0
      },
      "csubj:reported":{
        "p":0.0,
        "r":0.0,
        "f":0.0
      },
      "dislocated:csubj":{
        "p":0.0,
        "r":0.0,
        "f":0.0
      }
    }
  },
  "trainable_lemmatizer":{
    "lemma_acc":0.4616070004
  },
  "tagger":{
    "tag_acc":0.0
  },
  "morphologizer":{
    "pos_acc":0.2895784247,
    "morph_acc":0.2067569817,
    "morph_micro_p":0.2313207828,
    "morph_micro_r":0.1313504665,
    "morph_micro_f":0.1675572177,
    "morph_per_feat":{
      "Case":{
        "p":0.2352214314,
        "r":0.13780622,
        "f":0.1737939598
      },
      "Gender":{
        "p":0.2647544676,
        "r":0.1553668997,
        "f":0.1958199893
      },
      "InflClass":{
        "p":0.0,
        "r":0.0,
        "f":0.0
      },
      "Number":{
        "p":0.626323429,
        "r":0.3448105669,
        "f":0.4447644455
      },
      "Polarity":{
        "p":0.0,
        "r":0.0,
        "f":0.0
      },
      "Aspect":{
        "p":0.0,
        "r":0.0,
        "f":0.0
      },
      "Mood":{
        "p":0.1454375584,
        "r":0.0755785726,
        "f":0.0994675186
      },
      "Person":{
        "p":0.1746418775,
        "r":0.0685981085,
        "f":0.0985043837
      },
      "Tense":{
        "p":0.1301775148,
        "r":0.0676484868,
        "f":0.0890308839
      },
      "VerbForm":{
        "p":0.2275491113,
        "r":0.076584022,
        "f":0.1145986691
      },
      "Voice":{
        "p":0.144059869,
        "r":0.0644351464,
        "f":0.089043076
      },
      "PronType":{
        "p":0.1258064516,
        "r":0.0176470588,
        "f":0.030952381
      },
      "Definite":{
        "p":0.0,
        "r":0.0,
        "f":0.0
      },
      "Degree":{
        "p":0.0005678592,
        "r":0.0025380711,
        "f":0.0009280742
      },
      "Foreign":{
        "p":0.0014069195,
        "r":0.88,
        "f":0.0028093475
      },
      "Reflex":{
        "p":0.0,
        "r":0.0,
        "f":0.0
      },
      "InflClass[nominal]":{
        "p":0.0,
        "r":0.0,
        "f":0.0
      },
      "AdvType":{
        "p":0.0,