{
  "tokenizer":{
    "token_acc":1.0,
    "token_p":0.997476277,
    "token_r":0.9991405026,
    "token_f":0.9983076962
  },
  "transformer":{

  },
  "parser":{
    "sents_p":0.4925854288,
    "sents_r":0.6752098984,
    "sents_f":0.5696178938,
    "dep_uas":0.2615341786,
    "dep_las":0.0703441296,
    "dep_las_per_type":{
      "discourse":{
        "p":0.0,
        "r":0.0,
        "f":0.0
      },
      "case":{
        "p":0.3193146417,
        "r":0.1285266458,
        "f":0.1832811802
      },
      "root":{
        "p":0.2491137609,
        "r":0.3415819708,
        "f":0.2881103243
      },
      "nsubj":{
        "p":0.0521680217,
        "r":0.0540350877,
        "f":0.0530851431
      },
      "det":{
        "p":0.0211267606,
        "r":0.0058939096,
        "f":0.0092165899
      },
      "obj":{
        "p":0.0377358491,
        "r":0.0053015242,
        "f":0.0092969204
      },
      "mark":{
        "p":0.0,
        "r":0.0,
        "f":0.0
      },
      "advcl":{
        "p":0.0074074074,
        "r":0.0030549898,
        "f":0.0043258832
      },
      "amod":{
        "p":0.0186020293,
        "r":0.0849420849,
        "f":0.0305202312
      },
      "obl":{
        "p":0.030982906,
        "r":0.0396716826,
        "f":0.0347930414
      },
      "conj":{
        "p":0.0206706477,
        "r":0.0411710887,
        "f":0.0275229358
      },
      "nmod:poss":{
        "p":0.0,
        "r":0.0,
        "f":0.0
      },
      "dep":{
        "p":0.0008710801,
        "r":0.0294117647,
        "f":0.0016920474
      },
      "flat:foreign":{
        "p":0.0,
        "r":0.0,
        "f":0.0
      },
      "cc":{
        "p":0.2,
        "r":0.0590969456,
        "f":0.091235264
      },
      "advmod":{
        "p":0.06375,
        "r":0.0391104294,
        "f":0.0484790875
      },
      "expl:pv":{
        "p":0.0,
        "r":0.0,
        "f":0.0
      },
      "obl:arg":{
        "p":0.0,
        "r":0.0,
        "f":0.0
      },
      "acl":{
        "p":0.0,
        "r":0.0,
        "f":0.0
      },
      "nummod":{
        "p":0.0,
        "r":0.0,
        "f":0.0
      },
      "ccomp":{
        "p":0.0118343195,
        "r":0.0239520958,
        "f":0.0158415842
      },
      "appos":{
        "p":0.0017761989,
        "r":0.0050761421,
        "f":0.0026315789
      },
      "cop":{
        "p":0.0,
        "r":0.0,
        "f":0.0
      },
      "nsubj:pass":{
        "p":0.0,
        "r":0.0,
        "f":0.0
      },
      "dislocated":{
        "p":0.0,
        "r":0.0,
        "f":0.0
      },
      "vocative":{
        "p":0.0,
        "r":0.0,
        "f":0.0
      },
      "flat:name":{
        "p":0.0,
        "r":0.0,
        "f":0.0
      },
      "compound:prt":{
        "p":0.0,
        "r":0.0,
        "f":0.0
      },
      "xcomp":{
        "p":0.0011600928,
        "r":0.003164557,
        "f":0.0016977929
      },
      "nmod":{
        "p":0.0117647059,
        "r":0.0021459227,
        "f":0.0036297641
      },
      "aux":{
        "p":0.010989011,
        "r":0.0120481928,
        "f":0.0114942529
      },
      "orphan":{
        "p":0.0,
        "r":0.0,
        "f":0.0
      },
      "parataxis":{
        "p":0.0,
        "r":0.0,
        "f":0.0
      },
      "advcl:cmp":{
        "p":0.0,
        "r":0.0,
        "f":0.0
      },
      "obl:agent":{
        "p":0.0,
        "r":0.0,
        "f":0.0
      },
      "csubj":{
        "p":0.0,
        "r":0.0,
        "f":0.0
      },
      "nsubj:outer":{
        "p":0.0,
        "r":0.0,
        "f":0.0
      },
      "fixed":{
        "p":0.0,
        "r":0.0,
        "f":0.0
      },
      "acl:relcl":{
        "p":0.0,
        "r":0.0,
        "f":0.0
      },
      "iobj":{
        "p":0.0,
        "r":0.0,
        "f":0.0
      },
      "csubj:pass":{
        "p":0.0,
        "r":0.0,
        "f":0.0
      },
      "aux:pass":{
        "p":0.0,
        "r":0.0,
        "f":0.0
      }
    }
  },
  "trainable_lemmatizer":{
    "lemma_acc":0.2195670296
  },
  "tagger":{
    "tag_acc":0.0
  },
  "morphologizer":{
    "pos_acc":0.2186899828,
    "morph_acc":0.135881104,
    "morph_micro_p":0.2716571945,
    "morph_micro_r":0.1760517799,
    "morph_micro_f":0.213646522,
    "morph_per_feat":{
      "Case":{
        "p":0.2157636646,
        "r":0.1695170081,
        "f":0.1898647582
      },
      "Gender":{
        "p":0.2918188459,
        "r":0.2443923328,
        "f":0.2660082122
      },
      "Number":{
        "p":0.618955095,
        "r":0.4200117199,
        "f":0.5004363763
      },
      "Person":{
        "p":0.2545068929,
        "r":0.0443951165,
        "f":0.0756024571
      },
      "PronType":{
        "p":0.2230623819,
        "r":0.0481239804,
        "f":0.0791680644
      },
      "Definite":{
        "p":0.0,
        "r":0.0,
        "f":0.0
      },
      "Mood":{
        "p":0.1885336273,
        "r":0.0566225166,
        "f":0.0870893812
      },
      "Tense":{
        "p":0.1896361632,
        "r":0.0368308351,
        "f":0.0616819078
      },
      "VerbForm":{
        "p":0.2005119454,
        "r":0.0502136752,
        "f":0.0803144224
      },
      "Voice":{
        "p":0.3344709898,
        "r":0.0839400428,
        "f":0.1342006162
      },
      "Variant":{
        "p":0.0,
        "r":0.0,
        "f":0.0
      },
      "Degree":{
        "p":0.0889502762,
        "r":0.12403698,
        "f":0.1036036036
      },
      "Reflex":{
        "p":0.0,
        "r":0.0,
        "f":0.0
      },
      "Foreign":{
        "p":0.0,
        "r":0.0,
        "f":0.0
      },
      "Poss":{
        "p":0.0,
        "r":0.0,
        "f":0.0
      },
      "Polarity":{
        "p":0.0,
        "r":0.0,
        "f":0.0
      },
      "Aspect":{
        "p":0.0,
        "r":0.0,
        "f":0.0
      },
      "NumType":{
        "p":0.0,
        "r":0.0,
        "f":0.0
      }
    }
  },
  "speed":2558.7543879904
}