{
  "tokenizer":{
    "token_acc":1.0,
    "token_p":0.9963401882,
    "token_r":0.998777079,
    "token_f":0.9975571453
  },
  "transformer":{

  },
  "parser":{
    "sents_p":0.5034106412,
    "sents_r":0.6833333333,
    "sents_f":0.5797329144,
    "dep_uas":0.2305940074,
    "dep_las":0.0474647517,
    "dep_las_per_type":{
      "cc":{
        "p":0.0721649485,
        "r":0.0134099617,
        "f":0.0226171244
      },
      "xcomp":{
        "p":0.0447761194,
        "r":0.0138248848,
        "f":0.0211267606
      },
      "root":{
        "p":0.2182810368,
        "r":0.2962962963,
        "f":0.2513747054
      },
      "nsubj":{
        "p":0.0483870968,
        "r":0.0532150776,
        "f":0.050686378
      },
      "nsubj:pass":{
        "p":0.0,
        "r":0.0,
        "f":0.0
      },
      "advmod":{
        "p":0.030162413,
        "r":0.0359116022,
        "f":0.0327868852
      },
      "acl":{
        "p":0.0,
        "r":0.0,
        "f":0.0
      },
      "case":{
        "p":0.1205673759,
        "r":0.0337972167,
        "f":0.0527950311
      },
      "obl":{
        "p":0.017208413,
        "r":0.0204545455,
        "f":0.0186915888
      },
      "nmod:poss":{
        "p":0.0,
        "r":0.0,
        "f":0.0
      },
      "det":{
        "p":0.0909090909,
        "r":0.0193133047,
        "f":0.0318584071
      },
      "amod":{
        "p":0.0029325513,
        "r":0.0243902439,
        "f":0.0052356021
      },
      "appos":{
        "p":0.0108108108,
        "r":0.0487804878,
        "f":0.017699115
      },
      "obj":{
        "p":0.0286885246,
        "r":0.0193370166,
        "f":0.0231023102
      },
      "conj":{
        "p":0.0331858407,
        "r":0.0439882698,
        "f":0.0378310214
      },
      "nmod":{
        "p":0.0,
        "r":0.0,
        "f":0.0
      },
      "advcl":{
        "p":0.0076335878,
        "r":0.0035714286,
        "f":0.00486618
      },
      "vocative":{
        "p":0.0,
        "r":0.0,
        "f":0.0
      },
      "obl:arg":{
        "p":0.0,
        "r":0.0,
        "f":0.0
      },
      "discourse":{
        "p":0.0,
        "r":0.0,
        "f":0.0
      },
      "mark":{
        "p":0.0,
        "r":0.0,
        "f":0.0
      },
      "dep":{
        "p":0.0,
        "r":0.0,
        "f":0.0
      },
      "ccomp":{
        "p":0.0285714286,
        "r":0.0097087379,
        "f":0.0144927536
      },
      "compound:prt":{
        "p":0.0,
        "r":0.0,
        "f":0.0
      },
      "nummod":{
        "p":0.0076923077,
        "r":0.0555555556,
        "f":0.0135135135
      },
      "orphan":{
        "p":0.0,
        "r":0.0,
        "f":0.0
      },
      "iobj":{
        "p":0.0,
        "r":0.0,
        "f":0.0
      },
      "acl:relcl":{
        "p":0.0,
        "r":0.0,
        "f":0.0
      },
      "flat:foreign":{
        "p":0.0,
        "r":0.0,
        "f":0.0
      },
      "dislocated":{
        "p":0.0,
        "r":0.0,
        "f":0.0
      },
      "cop":{
        "p":0.0,
        "r":0.0,
        "f":0.0
      },
      "aux":{
        "p":0.0,
        "r":0.0,
        "f":0.0
      },
      "flat:name":{
        "p":0.0,
        "r":0.0,
        "f":0.0
      },
      "advcl:cmp":{
        "p":0.0,
        "r":0.0,
        "f":0.0
      },
      "expl:pv":{
        "p":0.0,
        "r":0.0,
        "f":0.0
      },
      "parataxis":{
        "p":0.0,
        "r":0.0,
        "f":0.0
      },
      "obl:agent":{
        "p":0.0,
        "r":0.0,
        "f":0.0
      },
      "csubj:pass":{
        "p":0.0,
        "r":0.0,
        "f":0.0
      },
      "fixed":{
        "p":0.0,
        "r":0.0,
        "f":0.0
      },
      "nsubj:outer":{
        "p":0.0,
        "r":0.0,
        "f":0.0
      }
    }
  },
  "trainable_lemmatizer":{
    "lemma_acc":0.3729819356
  },
  "tagger":{
    "tag_acc":0.0
  },
  "speed":1454.7367535118
}