{
  "tokenizer":{
    "token_acc":0.9996152111,
    "token_p":0.9922378791,
    "token_r":0.9963360691,
    "token_f":0.9942827512
  },
  "transformer":{

  },
  "parser":{
    "sents_p":0.6348254444,
    "sents_r":0.7857900318,
    "sents_f":0.702286459,
    "dep_uas":0.2302748382,
    "dep_las":0.0356014129,
    "dep_las_per_type":{
      "root":{
        "p":0.1964133219,
        "r":0.243902439,
        "f":0.2175969726
      },
      "cc":{
        "p":0.1004830918,
        "r":0.0309431717,
        "f":0.0473157416
      },
      "mark":{
        "p":0.0461538462,
        "r":0.0017157564,
        "f":0.0033085194
      },
      "amod":{
        "p":0.0269257785,
        "r":0.083032491,
        "f":0.0406647808
      },
      "nsubj:pass":{
        "p":0.0,
        "r":0.0,
        "f":0.0
      },
      "advmod:neg":{
        "p":0.0,
        "r":0.0,
        "f":0.0
      },
      "advcl":{
        "p":0.0087281796,
        "r":0.002739726,
        "f":0.0041703902
      },
      "case":{
        "p":0.1917577796,
        "r":0.0366500563,
        "f":0.0615384615
      },
      "nsubj":{
        "p":0.0315844427,
        "r":0.0277332111,
        "f":0.0295338052
      },
      "obl":{
        "p":0.0246662797,
        "r":0.0344129555,
        "f":0.0287356322
      },
      "acl:relcl":{
        "p":0.0119047619,
        "r":0.0007830854,
        "f":0.0014695077
      },
      "nmod":{
        "p":0.0076923077,
        "r":0.0011246064,
        "f":0.0019623234
      },
      "obj":{
        "p":0.0123175182,
        "r":0.0135270541,
        "f":0.0128939828
      },
      "advmod":{
        "p":0.0282574568,
        "r":0.0402324542,
        "f":0.0331980819
      },
      "ccomp":{
        "p":0.0,
        "r":0.0,
        "f":0.0
      },
      "flat:foreign":{
        "p":0.0,
        "r":0.0,
        "f":0.0
      },
      "csubj:pass":{
        "p":0.0,
        "r":0.0,
        "f":0.0
      },
      "cop":{
        "p":0.0511363636,
        "r":0.0054315027,
        "f":0.0098199673
      },
      "dep":{
        "p":0.0,
        "r":0.0,
        "f":0.0
      },
      "compound:prt":{
        "p":0.0,
        "r":0.0,
        "f":0.0
      },
      "advmod:lmod":{
        "p":0.0,
        "r":0.0,
        "f":0.0
      },
      "det":{
        "p":0.0429338104,
        "r":0.011591403,
        "f":0.018254421
      },
      "fixed":{
        "p":0.0,
        "r":0.0,
        "f":0.0
      },
      "obl:arg":{
        "p":0.0,
        "r":0.0,
        "f":0.0
      },
      "appos":{
        "p":0.0302860348,
        "r":0.1275088548,
        "f":0.048946295
      },
      "conj":{
        "p":0.0330213668,
        "r":0.0528995757,
        "f":0.0406610133
      },
      "xcomp":{
        "p":0.0286396181,
        "r":0.0105820106,
        "f":0.0154539601
      },
      "ccomp:relcl":{
        "p":0.0,
        "r":0.0,
        "f":0.0
      },
      "acl":{
        "p":0.0,
        "r":0.0,
        "f":0.0
      },
      "nmod:poss":{
        "p":0.0,
        "r":0.0,
        "f":0.0
      },
      "nummod":{
        "p":0.0116387337,
        "r":0.0988142292,
        "f":0.0208246564
      },
      "discourse":{
        "p":0.0,
        "r":0.0,
        "f":0.0
      },
      "orphan":{
        "p":0.0,
        "r":0.0,
        "f":0.0
      },
      "csubj":{
        "p":0.0,
        "r":0.0,
        "f":0.0
      },
      "advmod:emph":{
        "p":0.0,
        "r":0.0,
        "f":0.0
      },
      "aux":{
        "p":0.0,
        "r":0.0,
        "f":0.0
      },
      "flat":{
        "p":0.0,
        "r":0.0,
        "f":0.0
      },
      "dislocated:obj":{
        "p":0.0,
        "r":0.0,
        "f":0.0
      },
      "compound":{
        "p":0.0,
        "r":0.0,
        "f":0.0
      },
      "ccomp:reported":{
        "p":0.0,
        "r":0.0,
        "f":0.0
      },
      "flat:name":{
        "p":0.0,
        "r":0.0,
        "f":0.0
      },
      "vocative":{
        "p":0.0,
        "r":0.0,
        "f":0.0
      },
      "parataxis":{
        "p":0.0,
        "r":0.0,
        "f":0.0
      },
      "aux:pass":{
        "p":0.0,
        "r":0.0,
        "f":0.0
      },
      "csubj:relcl":{
        "p":0.0,
        "r":0.0,
        "f":0.0
      },
      "advcl:abs":{
        "p":0.0,
        "r":0.0,
        "f":0.0
      },
      "conj:expl":{
        "p":0.0,
        "r":0.0,
        "f":0.0
      },
      "advcl:cmp":{
        "p":0.0,
        "r":0.0,
        "f":0.0
      },
      "iobj":{
        "p":0.0,
        "r":0.0,
        "f":0.0
      },
      "advcl:pred":{
        "p":0.0,
        "r":0.0,
        "f":0.0
      },
      "obl:agent":{
        "p":0.0,
        "r":0.0,
        "f":0.0
      },
      "obl:lmod":{
        "p":0.0,
        "r":0.0,
        "f":0.0
      },
      "dislocated:nsubj":{
        "p":0.0,
        "r":0.0,
        "f":0.0
      },
      "advmod:tmod":{
        "p":0.0,
        "r":0.0,
        "f":0.0
      },
      "expl:pass":{
        "p":0.0,
        "r":0.0,
        "f":0.0
      },
      "reparandum":{
        "p":0.0,
        "r":0.0,
        "f":0.0
      },
      "advcl:relcl":{
        "p":0.0,
        "r":0.0,
        "f":0.0
      },
      "obl:tmod":{
        "p":0.0,
        "r":0.0,
        "f":0.0
      },
      "nsubj:outer":{
        "p":0.0,
        "r":0.0,
        "f":0.0
      },
      "obl:cmp":{
        "p":0.0,
        "r":0.0,
        "f":0.0
      },
      "cop:outer":{
        "p":0.0,
        "r":0.0,
        "f":0.0
      },
      "csubj:outer":{
        "p":0.0,
        "r":0.0,
        "f":0.0
      },
      "parataxis:reporting":{
        "p":0.0,
        "r":0.0,
        "f":0.0
      },
      "dislocated":{
        "p":0.0,
        "r":0.0,
        "f":0.0
      },
      "csubj:cleft":{
        "p":0.0,
        "r":0.0,
        "f":0.0
      },
      "csubj:reported":{
        "p":0.0,
        "r":0.0,
        "f":0.0
      },
      "dislocated:csubj":{
        "p":0.0,
        "r":0.0,
        "f":0.0
      }
    }
  },
  "trainable_lemmatizer":{
    "lemma_acc":0.4653398852
  },
  "tagger":{
    "tag_acc":0.0
  },
  "speed":4279.1693821151
}