{
  "tokenizer":{
    "token_acc":0.9996132525,
    "token_p":0.9992265051,
    "token_r":0.9990547798,
    "token_f":0.9991406351
  },
  "transformer":{

  },
  "parser":{
    "sents_p":0.6131718395,
    "sents_r":0.7729007634,
    "sents_f":0.6838328409,
    "dep_uas":0.2390809628,
    "dep_las":0.0519474836,
    "dep_las_per_type":{
      "ccomp":{
        "p":0.0151515152,
        "r":0.0023201856,
        "f":0.0040241449
      },
      "nsubj":{
        "p":0.0580204778,
        "r":0.0367965368,
        "f":0.0450331126
      },
      "root":{
        "p":0.2547312642,
        "r":0.3210877863,
        "f":0.2840861123
      },
      "cop":{
        "p":0.0416666667,
        "r":0.0039138943,
        "f":0.0071556351
      },
      "advmod":{
        "p":0.0164569216,
        "r":0.0115646259,
        "f":0.0135836996
      },
      "nmod:poss":{
        "p":0.0,
        "r":0.0,
        "f":0.0
      },
      "dep":{
        "p":0.0,
        "r":0.0,
        "f":0.0
      },
      "obl":{
        "p":0.0333185251,
        "r":0.0441436139,
        "f":0.0379746835
      },
      "amod":{
        "p":0.013708781,
        "r":0.0568356375,
        "f":0.0220895522
      },
      "obj":{
        "p":0.0563380282,
        "r":0.0171149144,
        "f":0.0262541022
      },
      "case":{
        "p":0.1876675603,
        "r":0.0406976744,
        "f":0.0668896321
      },
      "discourse":{
        "p":0.0,
        "r":0.0,
        "f":0.0
      },
      "nmod":{
        "p":0.015503876,
        "r":0.00220022,
        "f":0.0038535645
      },
      "nsubj:pass":{
        "p":0.0,
        "r":0.0,
        "f":0.0
      },
      "acl":{
        "p":0.0,
        "r":0.0,
        "f":0.0
      },
      "xcomp":{
        "p":0.0283018868,
        "r":0.0084033613,
        "f":0.0129589633
      },
      "cc":{
        "p":0.2271762208,
        "r":0.0647699758,
        "f":0.1008007537
      },
      "conj":{
        "p":0.0364203954,
        "r":0.0506512301,
        "f":0.0423728814
      },
      "advcl":{
        "p":0.0104166667,
        "r":0.0017079419,
        "f":0.0029347029
      },
      "appos":{
        "p":0.0033707865,
        "r":0.018404908,
        "f":0.0056980057
      },
      "flat:foreign":{
        "p":0.0,
        "r":0.0,
        "f":0.0
      },
      "det":{
        "p":0.0421686747,
        "r":0.0133460439,
        "f":0.0202751629
      },
      "nummod":{
        "p":0.0027548209,
        "r":0.0196078431,
        "f":0.0048309179
      },
      "nsubj:outer":{
        "p":0.0,
        "r":0.0,
        "f":0.0
      },
      "mark":{
        "p":0.1363636364,
        "r":0.0038167939,
        "f":0.0074257426
      },
      "aux":{
        "p":0.0,
        "r":0.0,
        "f":0.0
      },
      "obl:agent":{
        "p":0.0,
        "r":0.0,
        "f":0.0
      },
      "parataxis":{
        "p":0.0,
        "r":0.0,
        "f":0.0
      },
      "compound:prt":{
        "p":0.0,
        "r":0.0,
        "f":0.0
      },
      "obl:arg":{
        "p":0.0,
        "r":0.0,
        "f":0.0
      },
      "orphan":{
        "p":0.0,
        "r":0.0,
        "f":0.0
      },
      "advmod:neg":{
        "p":0.0,
        "r":0.0,
        "f":0.0
      },
      "vocative":{
        "p":0.0,
        "r":0.0,
        "f":0.0
      },
      "aux:pass":{
        "p":0.0,
        "r":0.0,
        "f":0.0
      },
      "advcl:cmp":{
        "p":0.0,
        "r":0.0,
        "f":0.0
      },
      "dislocated":{
        "p":0.0,
        "r":0.0,
        "f":0.0
      },
      "flat:name":{
        "p":0.1111111111,
        "r":0.1886792453,
        "f":0.1398601399
      },
      "fixed":{
        "p":0.0,
        "r":0.0,
        "f":0.0
      },
      "csubj":{
        "p":0.0,
        "r":0.0,
        "f":0.0
      },
      "iobj":{
        "p":0.0,
        "r":0.0,
        "f":0.0
      },
      "advmod:tmod":{
        "p":0.0,
        "r":0.0,
        "f":0.0
      },
      "csubj:pass":{
        "p":0.0,
        "r":0.0,
        "f":0.0
      },
      "acl:relcl":{
        "p":0.0,
        "r":0.0,
        "f":0.0
      },
      "advmod:emph":{
        "p":0.0,
        "r":0.0,
        "f":0.0
      },
      "advcl:abs":{
        "p":0.0,
        "r":0.0,
        "f":0.0
      },
      "advmod:lmod":{
        "p":0.0,
        "r":0.0,
        "f":0.0
      },
      "conj:expl":{
        "p":0.0,
        "r":0.0,
        "f":0.0
      },
      "expl":{
        "p":0.0,
        "r":0.0,
        "f":0.0
      }
    }
  },
  "trainable_lemmatizer":{
    "lemma_acc":0.3692545716
  },
  "tagger":{
    "tag_acc":0.0
  },
  "speed":2496.2178140827
}