{
  "tokenizer":{
    "token_acc":0.9981644203,
    "token_p":0.9974335877,
    "token_r":0.9959947049,
    "token_f":0.996713627
  },
  "transformer":{

  },
  "parser":{
    "sents_p":0.9541711421,
    "sents_r":0.9769061584,
    "sents_f":0.965404818,
    "dep_uas":0.8120983782,
    "dep_las":0.7562461156,
    "dep_las_per_type":{
      "root":{
        "p":0.887887527,
        "r":0.9025283987,
        "f":0.895148101
      },
      "nsubj":{
        "p":0.8376186368,
        "r":0.8127930342,
        "f":0.8250191213
      },
      "advmod":{
        "p":0.7542926239,
        "r":0.7508425614,
        "f":0.7525636386
      },
      "mark":{
        "p":0.8524382521,
        "r":0.8619916747,
        "f":0.8571883458
      },
      "acl":{
        "p":0.665819568,
        "r":0.6814044213,
        "f":0.6735218509
      },
      "compound:prt":{
        "p":0.6922024624,
        "r":0.6828609987,
        "f":0.6875
      },
      "obj":{
        "p":0.6979166667,
        "r":0.7104984093,
        "f":0.70415134
      },
      "cc":{
        "p":0.7891310501,
        "r":0.7940757619,
        "f":0.7915956843
      },
      "conj":{
        "p":0.6090848806,
        "r":0.6076744955,
        "f":0.6083788707
      },
      "case":{
        "p":0.9153737659,
        "r":0.9248778502,
        "f":0.9201012658
      },
      "amod":{
        "p":0.6956172095,
        "r":0.7026807474,
        "f":0.6991311376
      },
      "obl":{
        "p":0.7038227939,
        "r":0.6897759104,
        "f":0.6967285588
      },
      "nmod:poss":{
        "p":0.8689067676,
        "r":0.8788894208,
        "f":0.8738695859
      },
      "aux":{
        "p":0.8644747394,
        "r":0.8624,
        "f":0.8634361233
      },
      "advcl":{
        "p":0.5157894737,
        "r":0.5077720207,
        "f":0.5117493473
      },
      "iobj":{
        "p":0.6887254902,
        "r":0.5890985325,
        "f":0.6350282486
      },
      "det":{
        "p":0.8233927188,
        "r":0.8389897395,
        "f":0.831118061
      },
      "acl:relcl":{
        "p":0.5479452055,
        "r":0.5399325084,
        "f":0.5439093484
      },
      "xcomp":{
        "p":0.3869209809,
        "r":0.3541147132,
        "f":0.3697916667
      },
      "appos":{
        "p":0.6105417277,
        "r":0.6525821596,
        "f":0.6308623298
      },
      "ccomp":{
        "p":0.6129737609,
        "r":0.5872905028,
        "f":0.5998573466
      },
      "cop":{
        "p":0.7096385542,
        "r":0.7104945718,
        "f":0.710066305
      },
      "expl":{
        "p":0.44,
        "r":0.4489795918,
        "f":0.4444444444
      },
      "dep":{
        "p":0.41875,
        "r":0.3160377358,
        "f":0.3602150538
      },
      "vocative":{
        "p":0.5858585859,
        "r":0.4754098361,
        "f":0.5248868778
      },
      "parataxis":{
        "p":0.7529411765,
        "r":0.5161290323,
        "f":0.6124401914
      },
      "flat:name":{
        "p":0.8212560386,
        "r":0.8212560386,
        "f":0.8212560386
      },
      "nummod":{
        "p":0.6651376147,
        "r":0.7397959184,
        "f":0.7004830918
      },
      "fixed":{
        "p":0.8484848485,
        "r":0.875,
        "f":0.8615384615
      },
      "nmod":{
        "p":0.5333333333,
        "r":0.3595505618,
        "f":0.4295302013
      },
      "flat:foreign":{
        "p":0.6363636364,
        "r":0.2745098039,
        "f":0.3835616438
      },
      "discourse":{
        "p":0.4210526316,
        "r":0.32,
        "f":0.3636363636
      },
      "dislocated":{
        "p":0.0,
        "r":0.0,
        "f":0.0
      }
    }
  },
  "trainable_lemmatizer":{
    "lemma_acc":0.9436213887
  },
  "tagger":{
    "tag_acc":0.8340303989
  },
  "speed":4112.7815071616
}