{
  "tokenizer":{
    "token_acc":0.9981644203,
    "token_p":0.9974335877,
    "token_r":0.9959947049,
    "token_f":0.996713627
  },
  "transformer":{

  },
  "parser":{
    "sents_p":0.9601579325,
    "sents_r":0.9805718475,
    "sents_f":0.9702575263,
    "dep_uas":0.8110459835,
    "dep_las":0.7581413137,
    "dep_las_per_type":{
      "root":{
        "p":0.8921462179,
        "r":0.9032612679,
        "f":0.8976693372
      },
      "nsubj":{
        "p":0.8289855072,
        "r":0.8141326189,
        "f":0.8214919321
      },
      "advmod":{
        "p":0.7648197435,
        "r":0.760953298,
        "f":0.7628816218
      },
      "mark":{
        "p":0.8500477555,
        "r":0.8549471662,
        "f":0.8524904215
      },
      "acl":{
        "p":0.6401985112,
        "r":0.6710013004,
        "f":0.6552380952
      },
      "compound:prt":{
        "p":0.7164591978,
        "r":0.6990553306,
        "f":0.7076502732
      },
      "obj":{
        "p":0.7130681818,
        "r":0.7097914457,
        "f":0.7114260407
      },
      "cc":{
        "p":0.7924901186,
        "r":0.7994873255,
        "f":0.7959733447
      },
      "conj":{
        "p":0.6054354944,
        "r":0.6116440622,
        "f":0.6085239427
      },
      "case":{
        "p":0.914923572,
        "r":0.9260993485,
        "f":0.9204775395
      },
      "amod":{
        "p":0.7147568013,
        "r":0.7043054427,
        "f":0.709492635
      },
      "obl":{
        "p":0.7034213792,
        "r":0.6946778711,
        "f":0.6990222849
      },
      "nmod:poss":{
        "p":0.8716375649,
        "r":0.8841550981,
        "f":0.877851711
      },
      "aux":{
        "p":0.8739837398,
        "r":0.86,
        "f":0.8669354839
      },
      "advcl":{
        "p":0.5356820235,
        "r":0.51208981,
        "f":0.5236203091
      },
      "iobj":{
        "p":0.7142857143,
        "r":0.6289308176,
        "f":0.6688963211
      },
      "det":{
        "p":0.8224442736,
        "r":0.8445146014,
        "f":0.8333333333
      },
      "acl:relcl":{
        "p":0.5288135593,
        "r":0.5264341957,
        "f":0.527621195
      },
      "xcomp":{
        "p":0.3989071038,
        "r":0.3640897756,
        "f":0.3807040417
      },
      "appos":{
        "p":0.6269349845,
        "r":0.6338028169,
        "f":0.6303501946
      },
      "ccomp":{
        "p":0.6130909091,
        "r":0.5886871508,
        "f":0.600641254
      },
      "cop":{
        "p":0.6965144231,
        "r":0.6990349819,
        "f":0.6977724262
      },
      "expl":{
        "p":0.3617021277,
        "r":0.3469387755,
        "f":0.3541666667
      },
      "dep":{
        "p":0.4468085106,
        "r":0.2971698113,
        "f":0.3569405099
      },
      "vocative":{
        "p":0.5882352941,
        "r":0.4918032787,
        "f":0.5357142857
      },
      "nmod":{
        "p":0.3855421687,
        "r":0.3595505618,
        "f":0.3720930233
      },
      "parataxis":{
        "p":0.6354166667,
        "r":0.4919354839,
        "f":0.5545454545
      },
      "flat:name":{
        "p":0.8252427184,
        "r":0.8212560386,
        "f":0.8232445521
      },
      "nummod":{
        "p":0.6712328767,
        "r":0.75,
        "f":0.7084337349
      },
      "fixed":{
        "p":0.90625,
        "r":0.90625,
        "f":0.90625
      },
      "flat:foreign":{
        "p":0.6923076923,
        "r":0.3529411765,
        "f":0.4675324675
      },
      "discourse":{
        "p":0.347826087,
        "r":0.32,
        "f":0.3333333333
      },
      "dislocated":{
        "p":0.0,
        "r":0.0,
        "f":0.0
      }
    }
  },
  "trainable_lemmatizer":{
    "lemma_acc":0.9458313147
  },
  "tagger":{
    "tag_acc":0.8362718262
  },
  "morphologizer":{
    "pos_acc":0.9580896355,
    "morph_acc":0.891807571,
    "morph_micro_p":0.9329256539,
    "morph_micro_r":0.9192329356,
    "morph_micro_f":0.9260286807,
    "morph_per_feat":{
      "Mood":{
        "p":0.9271694215,
        "r":0.9116302692,
        "f":0.9193341869
      },
      "Number":{
        "p":0.9568048827,
        "r":0.9418997182,
        "f":0.9492937963
      },
      "Person":{
        "p":0.9405090138,
        "r":0.9200207469,
        "f":0.9301520713
      },
      "Tense":{
        "p":0.944214876,
        "r":0.9283900457,
        "f":0.9362355954
      },
      "VerbForm":{
        "p":0.9322614404,
        "r":0.9279356061,
        "f":0.9300934934
      },
      "Voice":{
        "p":0.9558557701,
        "r":0.9514204545,
        "f":0.9536329552
      },
      "Case":{
        "p":0.9003410698,
        "r":0.8864408862,
        "f":0.8933369101
      },
      "Gender":{
        "p":0.9077950603,
        "r":0.8958287256,
        "f":0.901772197
      },
      "PronType":{
        "p":0.9629793347,
        "r":0.9452218245,
        "f":0.9540179549
      },
      "Definite":{
        "p":0.9504546431,
        "r":0.9378974142,
        "f":0.9441342769
      },
      "Degree":{
        "p":0.8596681097,
        "r":0.8308926081,
        "f":0.845035461
      },
      "Foreign":{
        "p":0.6956521739,
        "r":0.5797101449,
        "f":0.6324110672
      },
      "NumType":{
        "p":0.8685714286,
        "r":0.8888888889,
        "f":0.8786127168
      }
    }
  },
  "speed":6462.7932332404
}