{
  "tokenizer":{
    "token_acc":0.9995570601,
    "token_p":0.9645015345,
    "token_r":0.9836092021,
    "token_f":0.9739616613
  },
  "transformer":{

  },
  "parser":{
    "sents_p":0.4521520147,
    "sents_r":0.6381260097,
    "sents_f":0.5292777703,
    "dep_uas":0.2526622131,
    "dep_las":0.0610173959,
    "dep_las_per_type":{
      "discourse":{
        "p":0.0,
        "r":0.0,
        "f":0.0
      },
      "vocative":{
        "p":0.1666666667,
        "r":0.0050251256,
        "f":0.0097560976
      },
      "root":{
        "p":0.2169683258,
        "r":0.3098546042,
        "f":0.2552228876
      },
      "advmod":{
        "p":0.0431924883,
        "r":0.0287320425,
        "f":0.0345086272
      },
      "advcl":{
        "p":0.0,
        "r":0.0,
        "f":0.0
      },
      "expl:pv":{
        "p":0.0,
        "r":0.0,
        "f":0.0
      },
      "obl:arg":{
        "p":0.0,
        "r":0.0,
        "f":0.0
      },
      "amod":{
        "p":0.0261529247,
        "r":0.0883940621,
        "f":0.0403635803
      },
      "flat:foreign":{
        "p":0.0,
        "r":0.0,
        "f":0.0
      },
      "det":{
        "p":0.0241935484,
        "r":0.0093312597,
        "f":0.0134680135
      },
      "nsubj":{
        "p":0.0447311828,
        "r":0.0548812665,
        "f":0.0492890995
      },
      "xcomp":{
        "p":0.0009505703,
        "r":0.0028735632,
        "f":0.0014285714
      },
      "aux":{
        "p":0.0,
        "r":0.0,
        "f":0.0
      },
      "ccomp":{
        "p":0.0,
        "r":0.0,
        "f":0.0
      },
      "conj":{
        "p":0.0327613105,
        "r":0.0268656716,
        "f":0.0295220244
      },
      "case":{
        "p":0.3438177874,
        "r":0.0945140131,
        "f":0.1482694107
      },
      "obl":{
        "p":0.0326816458,
        "r":0.0426017497,
        "f":0.036988111
      },
      "nummod":{
        "p":0.0066889632,
        "r":0.0108695652,
        "f":0.0082815735
      },
      "appos":{
        "p":0.012465374,
        "r":0.0126760563,
        "f":0.0125698324
      },
      "obl:agent":{
        "p":0.0,
        "r":0.0,
        "f":0.0
      },
      "cc":{
        "p":0.1350844278,
        "r":0.0239840107,
        "f":0.0407355021
      },
      "obj":{
        "p":0.025,
        "r":0.0053956835,
        "f":0.0088757396
      },
      "nmod":{
        "p":0.0061538462,
        "r":0.0021141649,
        "f":0.0031471282
      },
      "dislocated":{
        "p":0.0,
        "r":0.0,
        "f":0.0
      },
      "dep":{
        "p":0.004842615,
        "r":0.0662251656,
        "f":0.0090252708
      },
      "nmod:poss":{
        "p":0.0,
        "r":0.0,
        "f":0.0
      },
      "parataxis":{
        "p":0.012345679,
        "r":0.0108695652,
        "f":0.0115606936
      },
      "expl":{
        "p":0.0,
        "r":0.0,
        "f":0.0
      },
      "cop":{
        "p":0.0,
        "r":0.0,
        "f":0.0
      },
      "nsubj:pass":{
        "p":0.0,
        "r":0.0,
        "f":0.0
      },
      "mark":{
        "p":0.0021505376,
        "r":0.003125,
        "f":0.0025477707
      },
      "acl":{
        "p":0.0,
        "r":0.0,
        "f":0.0
      },
      "compound:prt":{
        "p":0.0,
        "r":0.0,
        "f":0.0
      },
      "acl:relcl":{
        "p":0.0,
        "r":0.0,
        "f":0.0
      },
      "aux:pass":{
        "p":0.0,
        "r":0.0,
        "f":0.0
      },
      "iobj":{
        "p":0.0,
        "r":0.0,
        "f":0.0
      },
      "flat:name":{
        "p":0.0,
        "r":0.0,
        "f":0.0
      },
      "fixed":{
        "p":0.0,
        "r":0.0,
        "f":0.0
      },
      "nummod:gov":{
        "p":0.0,
        "r":0.0,
        "f":0.0
      },
      "orphan":{
        "p":0.0,
        "r":0.0,
        "f":0.0
      },
      "list":{
        "p":0.0,
        "r":0.0,
        "f":0.0
      },
      "advcl:cmp":{
        "p":0.0,
        "r":0.0,
        "f":0.0
      },
      "csubj":{
        "p":0.0,
        "r":0.0,
        "f":0.0
      },
      "flat":{
        "p":0.0,
        "r":0.0,
        "f":0.0
      },
      "nsubj:outer":{
        "p":0.0,
        "r":0.0,
        "f":0.0
      },
      "compound":{
        "p":0.0,
        "r":0.0,
        "f":0.0
      },
      "csubj:pass":{
        "p":0.0,
        "r":0.0,
        "f":0.0
      },
      "reparandum":{
        "p":0.0,
        "r":0.0,
        "f":0.0
      },
      "goeswith":{
        "p":0.0,
        "r":0.0,
        "f":0.0
      }
    }
  },
  "trainable_lemmatizer":{
    "lemma_acc":0.2945786023
  },
  "tagger":{
    "tag_acc":0.0000320072
  },
  "morphologizer":{
    "pos_acc":0.2124741657,
    "morph_acc":0.1504417684,
    "morph_micro_p":0.2638373149,
    "morph_micro_r":0.1947372136,
    "morph_micro_f":0.224081105,
    "morph_per_feat":{
      "Case":{
        "p":0.2192864355,
        "r":0.1603988429,
        "f":0.18527603
      },
      "Gender":{
        "p":0.310814282,
        "r":0.234254001,
        "f":0.2671573137
      },
      "Number":{
        "p":0.6167731392,
        "r":0.4350765039,
        "f":0.5102316721
      },
      "Mood":{
        "p":0.1208515967,
        "r":0.0677430677,
        "f":0.0868196131
      },
      "Person":{
        "p":0.1665638495,
        "r":0.0518134715,
        "f":0.0790398126
      },
      "Tense":{
        "p":0.1164683782,
        "r":0.0378356387,
        "f":0.0571165362
      },
      "VerbForm":{
        "p":0.1272977941,
        "r":0.054452526,
        "f":0.0762770205
      },
      "Voice":{
        "p":0.2627703636,
        "r":0.1126454922,
        "f":0.1576912455
      },
      "PronType":{
        "p":0.1281708945,
        "r":0.0395224372,
        "f":0.0604153556
      },
      "Variant":{
        "p":0.0,
        "r":0.0,
        "f":0.0
      },
      "Reflex":{
        "p":0.0,
        "r":0.0,
        "f":0.0
      },
      "Aspect":{
        "p":0.0,
        "r":0.0,
        "f":0.0
      },
      "Foreign":{
        "p":0.0,
        "r":0.0,
        "f":0.0
      },
      "Definite":{
        "p":0.0,
        "r":0.0,
        "f":0.0
      },
      "Degree":{
        "p":0.119688615,
        "r":0.1743032593,
        "f":0.1419230769
      },
      "Clitic":{
        "p":0.0,
        "r":0.0,
        "f":0.0
      },
      "Polarity":{
        "p":0.0,
        "r":0.0,
        "f":0.0
      },
      "Poss":{
        "p":0.0,
        "r":0.0,
        "f":0.0
      },
      "Analyt":{
        "p":0.0,
        "r":0.0,
        "f":0.0
      },
      "NumType":{
        "p":0.1483516484,
        "r":0.2389380531,
        "f":0.1830508475
      },
      "Animacy":{
        "p":0.0,
        "r":0.0,
        "f":0.0
      },
      "NumForm":{
        "p":0.0,
        "r":0.0,
        "f":0.0
      },
      "NameType":{
        "p":0.0,
        "r":0.0,
        "f":0.0
      },
      "Abbr":{
        "p":0.0,
        "r":0.0,
        "f":0.0
      },
      "Typo":{
        "p":0.0,
        "r":0.0,
        "f":0.0
      }
    }
  },
  "speed":3272.5053643772
}