{
  "tokenizer":{
    "token_acc":0.9995570601,
    "token_p":0.9645015345,
    "token_r":0.9836092021,
    "token_f":0.9739616613
  },
  "transformer":{

  },
  "parser":{
    "sents_p":0.355785473,
    "sents_r":0.5444264943,
    "sents_f":0.4303409526,
    "dep_uas":0.2557316307,
    "dep_las":0.0673190985,
    "dep_las_per_type":{
      "discourse":{
        "p":0.0,
        "r":0.0,
        "f":0.0
      },
      "vocative":{
        "p":0.0,
        "r":0.0,
        "f":0.0
      },
      "root":{
        "p":0.2089770355,
        "r":0.3234248788,
        "f":0.2538998098
      },
      "advmod":{
        "p":0.0441347271,
        "r":0.0237351655,
        "f":0.030869212
      },
      "advcl":{
        "p":0.0,
        "r":0.0,
        "f":0.0
      },
      "expl:pv":{
        "p":0.0,
        "r":0.0,
        "f":0.0
      },
      "obl:arg":{
        "p":0.0,
        "r":0.0,
        "f":0.0
      },
      "amod":{
        "p":0.0315620542,
        "r":0.1194331984,
        "f":0.0499294781
      },
      "nsubj":{
        "p":0.0384951881,
        "r":0.0464379947,
        "f":0.0420951925
      },
      "xcomp":{
        "p":0.0,
        "r":0.0,
        "f":0.0
      },
      "appos":{
        "p":0.0170502984,
        "r":0.0281690141,
        "f":0.0212426978
      },
      "dep":{
        "p":0.0019392372,
        "r":0.0198675497,
        "f":0.0035335689
      },
      "conj":{
        "p":0.0293819656,
        "r":0.0247334755,
        "f":0.026858069
      },
      "parataxis":{
        "p":0.0,
        "r":0.0,
        "f":0.0
      },
      "case":{
        "p":0.3281393217,
        "r":0.106738223,
        "f":0.161079865
      },
      "obl":{
        "p":0.0395021645,
        "r":0.0555344237,
        "f":0.0461660079
      },
      "nummod":{
        "p":0.0147453083,
        "r":0.0597826087,
        "f":0.023655914
      },
      "obl:agent":{
        "p":0.0,
        "r":0.0,
        "f":0.0
      },
      "cc":{
        "p":0.1797101449,
        "r":0.0413057961,
        "f":0.0671722644
      },
      "nmod:poss":{
        "p":0.0,
        "r":0.0,
        "f":0.0
      },
      "obj":{
        "p":0.0222717149,
        "r":0.0059952038,
        "f":0.0094473311
      },
      "nmod":{
        "p":0.0,
        "r":0.0,
        "f":0.0
      },
      "dislocated":{
        "p":0.0,
        "r":0.0,
        "f":0.0
      },
      "det":{
        "p":0.0224358974,
        "r":0.0054432348,
        "f":0.0087609512
      },
      "ccomp":{
        "p":0.001270648,
        "r":0.0101010101,
        "f":0.0022573363
      },
      "mark":{
        "p":0.0015576324,
        "r":0.003125,
        "f":0.0020790021
      },
      "expl":{
        "p":0.0,
        "r":0.0,
        "f":0.0
      },
      "cop":{
        "p":0.0,
        "r":0.0,
        "f":0.0
      },
      "nsubj:pass":{
        "p":0.0,
        "r":0.0,
        "f":0.0
      },
      "aux":{
        "p":0.0,
        "r":0.0,
        "f":0.0
      },
      "iobj":{
        "p":0.0,
        "r":0.0,
        "f":0.0
      },
      "acl":{
        "p":0.0,
        "r":0.0,
        "f":0.0
      },
      "flat:foreign":{
        "p":0.0,
        "r":0.0,
        "f":0.0
      },
      "compound:prt":{
        "p":0.0,
        "r":0.0,
        "f":0.0
      },
      "aux:pass":{
        "p":0.0,
        "r":0.0,
        "f":0.0
      },
      "acl:relcl":{
        "p":0.0,
        "r":0.0,
        "f":0.0
      },
      "flat:name":{
        "p":0.0,
        "r":0.0,
        "f":0.0
      },
      "fixed":{
        "p":0.0,
        "r":0.0,
        "f":0.0
      },
      "nummod:gov":{
        "p":0.0,
        "r":0.0,
        "f":0.0
      },
      "orphan":{
        "p":0.0,
        "r":0.0,
        "f":0.0
      },
      "list":{
        "p":0.0,
        "r":0.0,
        "f":0.0
      },
      "advcl:cmp":{
        "p":0.0,
        "r":0.0,
        "f":0.0
      },
      "csubj":{
        "p":0.0,
        "r":0.0,
        "f":0.0
      },
      "flat":{
        "p":0.0,
        "r":0.0,
        "f":0.0
      },
      "nsubj:outer":{
        "p":0.0,
        "r":0.0,
        "f":0.0
      },
      "compound":{
        "p":0.0,
        "r":0.0,
        "f":0.0
      },
      "csubj:pass":{
        "p":0.0,
        "r":0.0,
        "f":0.0
      },
      "reparandum":{
        "p":0.0,
        "r":0.0,
        "f":0.0
      },
      "goeswith":{
        "p":0.0,
        "r":0.0,
        "f":0.0
      }
    }
  },
  "trainable_lemmatizer":{
    "lemma_acc":0.2939934753
  },
  "tagger":{
    "tag_acc":0.0000320015
  },
  "speed":2162.211883057
}