{
  "tokenizer":{
    "token_acc":1.0,
    "token_p":1.0,
    "token_r":1.0,
    "token_f":1.0
  },
  "transformer":{

  },
  "parser":{
    "sents_p":0.5604606526,
    "sents_r":0.73,
    "sents_f":0.6340933768,
    "dep_uas":0.1967273396,
    "dep_las":0.0665563523,
    "dep_las_per_type":{
      "obl":{
        "p":0.0114503817,
        "r":0.0164835165,
        "f":0.0135135135
      },
      "vocative":{
        "p":0.0,
        "r":0.0,
        "f":0.0
      },
      "advmod":{
        "p":0.0714285714,
        "r":0.0416666667,
        "f":0.0526315789
      },
      "case":{
        "p":0.0,
        "r":0.0,
        "f":0.0
      },
      "acl":{
        "p":0.0,
        "r":0.0,
        "f":0.0
      },
      "conj":{
        "p":0.0444444444,
        "r":0.0681818182,
        "f":0.0538116592
      },
      "amod":{
        "p":0.0,
        "r":0.0,
        "f":0.0
      },
      "obj":{
        "p":0.0166666667,
        "r":0.0046082949,
        "f":0.0072202166
      },
      "root":{
        "p":0.2571976967,
        "r":0.335,
        "f":0.2909880565
      },
      "nsubj":{
        "p":0.0438247012,
        "r":0.0344827586,
        "f":0.0385964912
      },
      "nmod":{
        "p":0.0,
        "r":0.0,
        "f":0.0
      },
      "dep":{
        "p":0.0,
        "r":0.0,
        "f":0.0
      },
      "flat:foreign":{
        "p":0.0,
        "r":0.0,
        "f":0.0
      },
      "nmod:poss":{
        "p":0.0,
        "r":0.0,
        "f":0.0
      },
      "appos":{
        "p":0.0194174757,
        "r":0.125,
        "f":0.0336134454
      },
      "acl:relcl":{
        "p":0.0,
        "r":0.0,
        "f":0.0
      },
      "orphan":{
        "p":0.0,
        "r":0.0,
        "f":0.0
      },
      "nummod":{
        "p":0.0,
        "r":0.0,
        "f":0.0
      },
      "xcomp":{
        "p":0.0,
        "r":0.0,
        "f":0.0
      },
      "parataxis":{
        "p":0.0,
        "r":0.0,
        "f":0.0
      },
      "iobj":{
        "p":0.0,
        "r":0.0,
        "f":0.0
      },
      "discourse":{
        "p":0.0,
        "r":0.0,
        "f":0.0
      },
      "det":{
        "p":0.0,
        "r":0.0,
        "f":0.0
      },
      "cc":{
        "p":0.1333333333,
        "r":0.09375,
        "f":0.1100917431
      },
      "advcl":{
        "p":0.0,
        "r":0.0,
        "f":0.0
      },
      "ccomp":{
        "p":0.0,
        "r":0.0,
        "f":0.0
      },
      "mark":{
        "p":0.0,
        "r":0.0,
        "f":0.0
      },
      "cop":{
        "p":0.0,
        "r":0.0,
        "f":0.0
      },
      "aux":{
        "p":0.0,
        "r":0.0,
        "f":0.0
      },
      "compound":{
        "p":0.0,
        "r":0.0,
        "f":0.0
      },
      "fixed":{
        "p":0.0,
        "r":0.0,
        "f":0.0
      },
      "flat":{
        "p":0.0,
        "r":0.0,
        "f":0.0
      },
      "compound:prt":{
        "p":0.0,
        "r":0.0,
        "f":0.0
      },
      "csubj":{
        "p":0.0,
        "r":0.0,
        "f":0.0
      },
      "flat:name":{
        "p":0.0,
        "r":0.0,
        "f":0.0
      }
    }
  },
  "trainable_lemmatizer":{
    "lemma_acc":0.2495419568
  },
  "tagger":{
    "tag_acc":0.0271161598
  },
  "morphologizer":{
    "pos_acc":0.2216929278,
    "morph_acc":0.0846463906,
    "morph_micro_p":0.243902439,
    "morph_micro_r":0.1857268207,
    "morph_micro_f":0.2108758821,
    "morph_per_feat":{
      "Case":{
        "p":0.2461089494,
        "r":0.1547400612,
        "f":0.1900112655
      },
      "Number":{
        "p":0.646684832,
        "r":0.3452958293,
        "f":0.4502055011
      },
      "Gender":{
        "p":0.2926108374,
        "r":0.1863237139,
        "f":0.2276734381
      },
      "Tense":{
        "p":0.0547945205,
        "r":0.0073664825,
        "f":0.012987013
      },
      "VerbForm":{
        "p":0.0,
        "r":0.0,
        "f":0.0
      },
      "Mood":{
        "p":0.0410958904,
        "r":0.0070257611,
        "f":0.012
      },
      "Person":{
        "p":0.0126582278,
        "r":0.0023419204,
        "f":0.0039525692
      },
      "Definite":{
        "p":0.0,
        "r":0.0,
        "f":0.0
      },
      "Degree":{
        "p":0.0,
        "r":0.0,
        "f":0.0
      },
      "Foreign":{
        "p":0.0,
        "r":0.0,
        "f":0.0
      },
      "Voice":{
        "p":0.0,
        "r":0.0,
        "f":0.0
      },
      "PronType":{
        "p":0.0,
        "r":0.0,
        "f":0.0
      },
      "NumType":{
        "p":0.0,
        "r":0.0,
        "f":0.0
      }
    }
  },
  "speed":949.0475134499
}