{
  "tokenizer":{
    "token_acc":0.9996132525,
    "token_p":0.9992265051,
    "token_r":0.9990547798,
    "token_f":0.9991406351
  },
  "transformer":{

  },
  "parser":{
    "sents_p":0.9848484848,
    "sents_r":0.9923664122,
    "sents_f":0.9885931559,
    "dep_uas":0.7544242954,
    "dep_las":0.6861699803,
    "dep_las_per_type":{
      "ccomp":{
        "p":0.4589371981,
        "r":0.4408352668,
        "f":0.449704142
      },
      "nsubj":{
        "p":0.6554666667,
        "r":0.66504329,
        "f":0.6602202525
      },
      "root":{
        "p":0.8541666667,
        "r":0.8606870229,
        "f":0.8574144487
      },
      "cop":{
        "p":0.6224299065,
        "r":0.6516634051,
        "f":0.6367112811
      },
      "advmod":{
        "p":0.6739283204,
        "r":0.6523809524,
        "f":0.6629796059
      },
      "obj":{
        "p":0.7280858676,
        "r":0.7463325183,
        "f":0.7370962874
      },
      "case":{
        "p":0.9368847713,
        "r":0.9406976744,
        "f":0.9387873513
      },
      "obl":{
        "p":0.6158160404,
        "r":0.6462625074,
        "f":0.6306720276
      },
      "discourse":{
        "p":0.7552910053,
        "r":0.7562913907,
        "f":0.755790867
      },
      "nmod":{
        "p":0.6601156069,
        "r":0.6281628163,
        "f":0.6437429538
      },
      "nsubj:pass":{
        "p":0.6104513064,
        "r":0.6253041363,
        "f":0.6177884615
      },
      "acl":{
        "p":0.4389721627,
        "r":0.3889943074,
        "f":0.4124748491
      },
      "xcomp":{
        "p":0.5114503817,
        "r":0.5630252101,
        "f":0.536
      },
      "cc":{
        "p":0.7842669845,
        "r":0.7966101695,
        "f":0.7903903904
      },
      "conj":{
        "p":0.4982027318,
        "r":0.501447178,
        "f":0.4998196899
      },
      "advcl":{
        "p":0.5373256768,
        "r":0.5593509821,
        "f":0.5481171548
      },
      "orphan":{
        "p":0.3150684932,
        "r":0.212962963,
        "f":0.2541436464
      },
      "det":{
        "p":0.7834146341,
        "r":0.7654909438,
        "f":0.7743490839
      },
      "nsubj:outer":{
        "p":0.3333333333,
        "r":0.0769230769,
        "f":0.125
      },
      "mark":{
        "p":0.7526753864,
        "r":0.8053435115,
        "f":0.7781192379
      },
      "amod":{
        "p":0.6037099494,
        "r":0.5499231951,
        "f":0.575562701
      },
      "aux":{
        "p":0.7272727273,
        "r":0.5882352941,
        "f":0.6504065041
      },
      "obl:agent":{
        "p":0.4489795918,
        "r":0.3548387097,
        "f":0.3963963964
      },
      "parataxis":{
        "p":0.3333333333,
        "r":0.125,
        "f":0.1818181818
      },
      "dep":{
        "p":0.0,
        "r":0.0,
        "f":0.0
      },
      "obl:arg":{
        "p":0.6639741519,
        "r":0.6815920398,
        "f":0.6726677578
      },
      "advmod:neg":{
        "p":0.7307692308,
        "r":0.7037037037,
        "f":0.7169811321
      },
      "nummod":{
        "p":0.7717391304,
        "r":0.6960784314,
        "f":0.7319587629
      },
      "vocative":{
        "p":0.6,
        "r":0.4852941176,
        "f":0.5365853659
      },
      "flat:name":{
        "p":0.5243902439,
        "r":0.8113207547,
        "f":0.637037037
      },
      "appos":{
        "p":0.3805970149,
        "r":0.3128834356,
        "f":0.3434343434
      },
      "csubj":{
        "p":0.325,
        "r":0.3513513514,
        "f":0.3376623377
      },
      "csubj:pass":{
        "p":0.380952381,
        "r":0.4444444444,
        "f":0.4102564103
      },
      "aux:pass":{
        "p":0.827027027,
        "r":0.827027027,
        "f":0.827027027
      },
      "advcl:cmp":{
        "p":0.4482758621,
        "r":0.3611111111,
        "f":0.4
      },
      "dislocated":{
        "p":0.2666666667,
        "r":0.0579710145,
        "f":0.0952380952
      },
      "fixed":{
        "p":0.796875,
        "r":0.698630137,
        "f":0.7445255474
      },
      "compound:redup":{
        "p":0.0,
        "r":0.0,
        "f":0.0
      },
      "advmod:tmod":{
        "p":0.68,
        "r":0.5862068966,
        "f":0.6296296296
      },
      "acl:relcl":{
        "p":0.2222222222,
        "r":0.1379310345,
        "f":0.170212766
      },
      "advmod:emph":{
        "p":0.1666666667,
        "r":0.1666666667,
        "f":0.1666666667
      },
      "advcl:pred":{
        "p":0.0,
        "r":0.0,
        "f":0.0
      },
      "flat:foreign":{
        "p":0.0,
        "r":0.0,
        "f":0.0
      },
      "advcl:abs":{
        "p":0.375,
        "r":0.2307692308,
        "f":0.2857142857
      },
      "advmod:lmod":{
        "p":0.0,
        "r":0.0,
        "f":0.0
      },
      "ccomp:relcl":{
        "p":0.0,
        "r":0.0,
        "f":0.0
      },
      "conj:expl":{
        "p":0.0,
        "r":0.0,
        "f":0.0
      }
    }
  },
  "trainable_lemmatizer":{
    "lemma_acc":0.9011324323
  },
  "tagger":{
    "tag_acc":0.8487492478
  },
  "morphologizer":{
    "pos_acc":0.9440182236,
    "morph_acc":0.861858506,
    "morph_micro_p":0.9385071856,
    "morph_micro_r":0.9353898334,
    "morph_micro_f":0.9369459165,
    "morph_per_feat":{
      "Case":{
        "p":0.9119380663,
        "r":0.9013129293,
        "f":0.9065943677
      },
      "Gender":{
        "p":0.898906857,
        "r":0.8881549585,
        "f":0.8934985632
      },
      "Number":{
        "p":0.9724950884,
        "r":0.9629101284,
        "f":0.967678874
      },
      "PronType":{
        "p":0.9449579832,
        "r":0.9198364008,
        "f":0.9322279793
      },
      "Person":{
        "p":0.9795311407,
        "r":0.9793598041,
        "f":0.9794454649
      },
      "Mood":{
        "p":0.94626109,
        "r":0.9424387781,
        "f":0.9443460663
      },
      "Tense":{
        "p":0.9343462765,
        "r":0.9398113208,
        "f":0.9370708306
      },
      "VerbForm":{
        "p":0.9622709307,
        "r":0.9680101211,
        "f":0.9651319939
      },
      "Voice":{
        "p":0.9602356406,
        "r":0.9680772086,
        "f":0.9641404806
      },
      "Polarity":{
        "p":0.9886039886,
        "r":0.9971264368,
        "f":0.9928469242
      },
      "Aspect":{
        "p":0.9178082192,
        "r":0.9321247892,
        "f":0.9249111065
      },
      "Degree":{
        "p":0.8824940048,
        "r":0.8220402085,
        "f":0.8511950655
      },
      "Reflex":{
        "p":0.9735682819,
        "r":0.9910313901,
        "f":0.9822222222
      },
      "Poss":{
        "p":0.9885321101,
        "r":0.977324263,
        "f":0.9828962372
      },
      "NumType":{
        "p":0.7368421053,
        "r":0.6363636364,
        "f":0.6829268293
      },
      "NumForm":{
        "p":1.0,
        "r":0.5714285714,
        "f":0.7272727273
      },
      "InflClass":{
        "p":0.0,
        "r":0.0,
        "f":0.0
      },
      "NumValue":{
        "p":0.0,
        "r":0.0,
        "f":0.0
      },
      "AdvType":{
        "p":0.9642857143,
        "r":0.84375,
        "f":0.9
      },
      "AdpType":{
        "p":0.0,
        "r":0.0,
        "f":0.0
      },
      "Number[psor]":{
        "p":0.96875,
        "r":0.96875,
        "f":0.96875
      },
      "Person[psor]":{
        "p":0.94,
        "r":0.9791666667,
        "f":0.9591836735
      },
      "InflClass[nominal]":{
        "p":0.0,
        "r":0.0,
        "f":0.0
      },
      "Typo":{
        "p":0.0,
        "r":0.0,
        "f":0.0
      },
      "Compound":{
        "p":0.0,
        "r":0.0,
        "f":0.0
      },
      "NameType":{
        "p":0.0,
        "r":0.0,
        "f":0.0
      },
      "Form":{
        "p":0.0,
        "r":0.0,
        "f":0.0
      }
    }
  },
  "speed":2182.5897688797
}