{
  "tokenizer":{
    "token_acc":0.3369041243,
    "token_p":0.3369041243,
    "token_r":0.1658755274,
    "token_f":0.2223007599
  },
  "transformer":{

  },
  "parser":{
    "sents_p":0.9329268293,
    "sents_r":0.9683544304,
    "sents_f":0.950310559,
    "dep_uas":0.0599033816,
    "dep_las":0.0448309179,
    "dep_las_per_type":{
      "cc":{
        "p":0.0,
        "r":0.0,
        "f":0.0
      },
      "root":{
        "p":0.5,
        "r":0.0506329114,
        "f":0.091954023
      },
      "nsubj":{
        "p":0.4871794872,
        "r":0.0698529412,
        "f":0.1221864952
      },
      "case":{
        "p":1.0,
        "r":0.0043763676,
        "f":0.0087145969
      },
      "obj":{
        "p":0.3157894737,
        "r":0.0327868852,
        "f":0.0594059406
      },
      "mark":{
        "p":0.8947368421,
        "r":0.2048192771,
        "f":0.3333333333
      },
      "advmod":{
        "p":0.6923076923,
        "r":0.1475409836,
        "f":0.2432432432
      },
      "ccomp":{
        "p":0.0,
        "r":0.0,
        "f":0.0
      },
      "obl":{
        "p":0.25,
        "r":0.0034482759,
        "f":0.0068027211
      },
      "det":{
        "p":0.0,
        "r":0.0,
        "f":0.0
      },
      "conj":{
        "p":0.3,
        "r":0.0188679245,
        "f":0.0355029586
      },
      "dislocated":{
        "p":0.0,
        "r":0.0,
        "f":0.0
      },
      "nmod:poss":{
        "p":0.0,
        "r":0.0,
        "f":0.0
      },
      "discourse":{
        "p":0.0,
        "r":0.0,
        "f":0.0
      },
      "compound:smixut":{
        "p":0.6341463415,
        "r":0.119266055,
        "f":0.2007722008
      },
      "parataxis":{
        "p":0.2,
        "r":0.0555555556,
        "f":0.0869565217
      },
      "xcomp":{
        "p":0.0,
        "r":0.0,
        "f":0.0
      },
      "appos":{
        "p":0.303030303,
        "r":0.1333333333,
        "f":0.1851851852
      },
      "nmod":{
        "p":0.0,
        "r":0.0,
        "f":0.0
      },
      "cop":{
        "p":1.0,
        "r":0.0714285714,
        "f":0.1333333333
      },
      "acl":{
        "p":0.0,
        "r":0.0,
        "f":0.0
      },
      "advcl":{
        "p":0.0,
        "r":0.0,
        "f":0.0
      },
      "nummod":{
        "p":0.8571428571,
        "r":0.1818181818,
        "f":0.3
      },
      "vocative":{
        "p":0.0,
        "r":0.0,
        "f":0.0
      },
      "amod":{
        "p":0.0,
        "r":0.0,
        "f":0.0
      },
      "csubj":{
        "p":0.0,
        "r":0.0,
        "f":0.0
      },
      "orphan":{
        "p":0.0,
        "r":0.0,
        "f":0.0
      },
      "flat":{
        "p":1.0,
        "r":0.1666666667,
        "f":0.2857142857
      },
      "flat:name":{
        "p":0.0,
        "r":0.0,
        "f":0.0
      }
    }
  },
  "trainable_lemmatizer":{
    "lemma_acc":0.0488577245
  },
  "tagger":{
    "tag_acc":0.1791449898
  },
  "morphologizer":{
    "pos_acc":0.2194073739,
    "morph_acc":0.1936213526,
    "morph_micro_p":0.8126272912,
    "morph_micro_r":0.1659043659,
    "morph_micro_f":0.2755524862,
    "morph_per_feat":{
      "Gender":{
        "p":0.8117913832,
        "r":0.2074159907,
        "f":0.330410706
      },
      "HebBinyan":{
        "p":0.6195652174,
        "r":0.11003861,
        "f":0.1868852459
      },
      "Mood":{
        "p":0.7228915663,
        "r":0.1312910284,
        "f":0.2222222222
      },
      "Number":{
        "p":0.9083969466,
        "r":0.2378810595,
        "f":0.377029703
      },
      "Person":{
        "p":0.6818181818,
        "r":0.0874125874,
        "f":0.1549586777
      },
      "Tense":{
        "p":0.0,
        "r":0.0,
        "f":0.0
      },
      "VerbForm":{
        "p":0.7608695652,
        "r":0.1325757576,
        "f":0.2258064516
      },
      "PronType":{
        "p":0.8648648649,
        "r":0.0514469453,
        "f":0.0971168437
      },
      "Polarity":{
        "p":1.0,
        "r":0.3461538462,
        "f":0.5142857143
      },
      "Aspect":{
        "p":0.6666666667,
        "r":0.2569832402,
        "f":0.3709677419
      },
      "NumType":{
        "p":0.9333333333,
        "r":0.28,
        "f":0.4307692308
      },
      "Voice":{
        "p":0.0,
        "r":0.0,
        "f":0.0
      },
      "Case":{
        "p":0.0,
        "r":0.0,
        "f":0.0
      }
    }
  },
  "speed":475.2056538955
}