{
  "tokenizer":{
    "token_acc":0.3765989466,
    "token_p":0.3750940557,
    "token_r":0.1772444444,
    "token_f":0.2407340336
  },
  "transformer":{

  },
  "parser":{
    "sents_p":0.8158995816,
    "sents_r":0.9027777778,
    "sents_f":0.8571428571,
    "dep_uas":0.0215477598,
    "dep_las":0.0191827618,
    "dep_las_per_type":{
      "cc":{
        "p":0.7894736842,
        "r":0.0872093023,
        "f":0.1570680628
      },
      "mark":{
        "p":1.0,
        "r":0.0069444444,
        "f":0.0137931034
      },
      "nsubj":{
        "p":0.3333333333,
        "r":0.0017574692,
        "f":0.0034965035
      },
      "root":{
        "p":0.2898550725,
        "r":0.0925925926,
        "f":0.1403508772
      },
      "case":{
        "p":0.0,
        "r":0.0,
        "f":0.0
      },
      "obl":{
        "p":0.0,
        "r":0.0,
        "f":0.0
      },
      "acl:relcl":{
        "p":0.0,
        "r":0.0,
        "f":0.0
      },
      "det":{
        "p":1.0,
        "r":0.0014684288,
        "f":0.0029325513
      },
      "aux":{
        "p":0.0,
        "r":0.0,
        "f":0.0
      },
      "dislocated":{
        "p":0.0,
        "r":0.0,
        "f":0.0
      },
      "advmod":{
        "p":0.5757575758,
        "r":0.0678571429,
        "f":0.1214057508
      },
      "advcl":{
        "p":0.0,
        "r":0.0,
        "f":0.0
      },
      "obj":{
        "p":0.0,
        "r":0.0,
        "f":0.0
      },
      "ccomp":{
        "p":0.0,
        "r":0.0,
        "f":0.0
      },
      "parataxis":{
        "p":0.0,
        "r":0.0,
        "f":0.0
      },
      "nmod":{
        "p":0.0,
        "r":0.0,
        "f":0.0
      },
      "cop":{
        "p":0.7777777778,
        "r":0.1346153846,
        "f":0.2295081967
      },
      "appos":{
        "p":0.0,
        "r":0.0,
        "f":0.0
      },
      "fixed":{
        "p":1.0,
        "r":0.0416666667,
        "f":0.08
      },
      "conj":{
        "p":0.4285714286,
        "r":0.0218978102,
        "f":0.0416666667
      },
      "xcomp":{
        "p":0.0,
        "r":0.0,
        "f":0.0
      },
      "expl":{
        "p":0.0,
        "r":0.0,
        "f":0.0
      },
      "csubj":{
        "p":0.0,
        "r":0.0,
        "f":0.0
      },
      "iobj":{
        "p":0.0,
        "r":0.0,
        "f":0.0
      },
      "vocative":{
        "p":0.0,
        "r":0.0,
        "f":0.0
      },
      "reparandum":{
        "p":0.0,
        "r":0.0,
        "f":0.0
      },
      "discourse":{
        "p":1.0,
        "r":0.2,
        "f":0.3333333333
      },
      "amod":{
        "p":0.0,
        "r":0.0,
        "f":0.0
      },
      "nummod":{
        "p":0.0,
        "r":0.0,
        "f":0.0
      },
      "orphan":{
        "p":0.0,
        "r":0.0,
        "f":0.0
      },
      "flat":{
        "p":1.0,
        "r":0.4,
        "f":0.5714285714
      },
      "obl:npmod":{
        "p":0.0,
        "r":0.0,
        "f":0.0
      },
      "dep":{
        "p":0.0,
        "r":0.0,
        "f":0.0
      },
      "acl":{
        "p":0.0,
        "r":0.0,
        "f":0.0
      }
    }
  },
  "trainable_lemmatizer":{
    "lemma_acc":0.2936915183
  },
  "tagger":{
    "tag_acc":0.2756642512
  },
  "morphologizer":{
    "pos_acc":0.282910628,
    "morph_acc":0.2807971014,
    "morph_micro_p":0.9124579125,
    "morph_micro_r":0.0653012048,
    "morph_micro_f":0.121879919,
    "morph_per_feat":{
      "Foreign":{
        "p":1.0,
        "r":0.3666666667,
        "f":0.5365853659
      },
      "Definite":{
        "p":1.0,
        "r":0.0286806883,
        "f":0.0557620818
      },
      "Gender":{
        "p":0.8666666667,
        "r":0.0541666667,
        "f":0.1019607843
      },
      "Number":{
        "p":0.8829787234,
        "r":0.0523989899,
        "f":0.0989272944
      },
      "Person":{
        "p":0.8823529412,
        "r":0.0316122234,
        "f":0.0610376399
      },
      "PronType":{
        "p":0.9710144928,
        "r":0.041180086,
        "f":0.079009434
      },
      "VerbForm":{
        "p":0.9090909091,
        "r":0.0754147813,
        "f":0.139275766
      },
      "Polarity":{
        "p":1.0,
        "r":0.3653846154,
        "f":0.5352112676
      },
      "Gender[psor]":{
        "p":0.0,
        "r":0.0,
        "f":0.0
      },
      "Number[psor]":{
        "p":0.0,
        "r":0.0,
        "f":0.0
      },
      "Poss":{
        "p":0.0,
        "r":0.0,
        "f":0.0
      },
      "NumType":{
        "p":0.3333333333,
        "r":0.0666666667,
        "f":0.1111111111
      },
      "Case":{
        "p":0.0,
        "r":0.0,
        "f":0.0
      },
      "Mood":{
        "p":0.0,
        "r":0.0,
        "f":0.0
      },
      "Tense":{
        "p":0.0,
        "r":0.0,
        "f":0.0
      },
      "Reflex":{
        "p":0.0,
        "r":0.0,
        "f":0.0
      },
      "Voice":{
        "p":0.0,
        "r":0.0,
        "f":0.0
      },
      "Degree":{
        "p":0.0,
        "r":0.0,
        "f":0.0
      },
      "Variant":{
        "p":0.0,
        "r":0.0,
        "f":0.0
      }
    }
  },
  "speed":861.0320824133
}