{
  "tokenizer":{
    "token_acc":0.9996152111,
    "token_p":0.9922378791,
    "token_r":0.9963360691,
    "token_f":0.9942827512
  },
  "transformer":{

  },
  "parser":{
    "sents_p":0.9968237163,
    "sents_r":0.9984093319,
    "sents_f":0.997615894,
    "dep_uas":0.8663272049,
    "dep_las":0.8248526965,
    "dep_las_per_type":{
      "root":{
        "p":0.9131585915,
        "r":0.914369035,
        "f":0.9137634124
      },
      "cc":{
        "p":0.8603368177,
        "r":0.8815828622,
        "f":0.8708302719
      },
      "mark":{
        "p":0.8600058089,
        "r":0.8467257649,
        "f":0.853314121
      },
      "amod":{
        "p":0.8734723221,
        "r":0.8772563177,
        "f":0.8753602305
      },
      "nsubj:pass":{
        "p":0.798816568,
        "r":0.8282208589,
        "f":0.813253012
      },
      "advmod:neg":{
        "p":0.8609576427,
        "r":0.8577981651,
        "f":0.859375
      },
      "advcl":{
        "p":0.6423248882,
        "r":0.6747553816,
        "f":0.6581408666
      },
      "case":{
        "p":0.9623243934,
        "r":0.9689760489,
        "f":0.9656387665
      },
      "nsubj":{
        "p":0.8327966881,
        "r":0.829933532,
        "f":0.8313626449
      },
      "obl":{
        "p":0.7795571372,
        "r":0.7981781377,
        "f":0.7887577516
      },
      "acl:relcl":{
        "p":0.6736,
        "r":0.65935787,
        "f":0.6664028492
      },
      "nmod":{
        "p":0.8358752561,
        "r":0.8259109312,
        "f":0.8308632198
      },
      "obj":{
        "p":0.8087944664,
        "r":0.8201402806,
        "f":0.8144278607
      },
      "conj":{
        "p":0.6772930649,
        "r":0.6851485149,
        "f":0.6811981437
      },
      "advmod":{
        "p":0.8197233378,
        "r":0.8211890925,
        "f":0.8204555605
      },
      "csubj:pass":{
        "p":0.6,
        "r":0.6898395722,
        "f":0.6417910448
      },
      "cop":{
        "p":0.8077601411,
        "r":0.8292094146,
        "f":0.8183442525
      },
      "advmod:lmod":{
        "p":0.8947368421,
        "r":0.8697674419,
        "f":0.8820754717
      },
      "det":{
        "p":0.9154323937,
        "r":0.9253803429,
        "f":0.9203794884
      },
      "fixed":{
        "p":0.9298701299,
        "r":0.9274611399,
        "f":0.9286640726
      },
      "obl:arg":{
        "p":0.8128683694,
        "r":0.8172839506,
        "f":0.8150701798
      },
      "appos":{
        "p":0.9567251462,
        "r":0.9657615112,
        "f":0.9612220917
      },
      "xcomp":{
        "p":0.7873462214,
        "r":0.7901234568,
        "f":0.7887323944
      },
      "ccomp:relcl":{
        "p":0.3725490196,
        "r":0.3275862069,
        "f":0.3486238532
      },
      "acl":{
        "p":0.7541633624,
        "r":0.7086438152,
        "f":0.7306953515
      },
      "discourse":{
        "p":0.8379666402,
        "r":0.8307086614,
        "f":0.8343218664
      },
      "orphan":{
        "p":0.368,
        "r":0.3150684932,
        "f":0.3394833948
      },
      "csubj":{
        "p":0.6978998384,
        "r":0.7105263158,
        "f":0.7041564792
      },
      "advmod:emph":{
        "p":0.7026578073,
        "r":0.6438356164,
        "f":0.6719618745
      },
      "flat":{
        "p":0.8870431894,
        "r":0.89,
        "f":0.8885191348
      },
      "dislocated:obj":{
        "p":0.7878787879,
        "r":0.65,
        "f":0.7123287671
      },
      "nummod":{
        "p":0.9210526316,
        "r":0.8300395257,
        "f":0.8731808732
      },
      "compound":{
        "p":1.0,
        "r":0.6,
        "f":0.75
      },
      "ccomp:reported":{
        "p":0.3333333333,
        "r":0.1666666667,
        "f":0.2222222222
      },
      "ccomp":{
        "p":0.6098130841,
        "r":0.537037037,
        "f":0.5711159737
      },
      "aux:pass":{
        "p":0.9015317287,
        "r":0.9321266968,
        "f":0.9165739711
      },
      "csubj:relcl":{
        "p":0.5833333333,
        "r":0.4117647059,
        "f":0.4827586207
      },
      "advcl:abs":{
        "p":0.2222222222,
        "r":0.1428571429,
        "f":0.1739130435
      },
      "aux":{
        "p":0.0,
        "r":0.0,
        "f":0.0
      },
      "conj:expl":{
        "p":0.3541666667,
        "r":0.191011236,
        "f":0.2481751825
      },
      "advcl:cmp":{
        "p":0.4352941176,
        "r":0.2661870504,
        "f":0.3303571429
      },
      "advcl:pred":{
        "p":0.2452830189,
        "r":0.1604938272,
        "f":0.1940298507
      },
      "obl:agent":{
        "p":0.3333333333,
        "r":0.1153846154,
        "f":0.1714285714
      },
      "obl:lmod":{
        "p":0.0,
        "r":0.0,
        "f":0.0
      },
      "dislocated:nsubj":{
        "p":1.0,
        "r":0.4444444444,
        "f":0.6153846154
      },
      "advmod:tmod":{
        "p":0.7619047619,
        "r":0.6896551724,
        "f":0.7239819005
      },
      "expl:pass":{
        "p":0.6756756757,
        "r":0.7352941176,
        "f":0.7042253521
      },
      "reparandum":{
        "p":0.7142857143,
        "r":0.3333333333,
        "f":0.4545454545
      },
      "dep":{
        "p":0.0775193798,
        "r":0.5882352941,
        "f":0.1369863014
      },
      "advcl:relcl":{
        "p":0.2,
        "r":0.0149253731,
        "f":0.0277777778
      },
      "obl:tmod":{
        "p":0.0,
        "r":0.0,
        "f":0.0
      },
      "parataxis":{
        "p":0.3888888889,
        "r":0.1842105263,
        "f":0.25
      },
      "nsubj:outer":{
        "p":0.0,
        "r":0.0,
        "f":0.0
      },
      "flat:name":{
        "p":0.0,
        "r":0.0,
        "f":0.0
      },
      "obl:cmp":{
        "p":0.0,
        "r":0.0,
        "f":0.0
      },
      "vocative":{
        "p":0.6666666667,
        "r":0.1428571429,
        "f":0.2352941176
      },
      "cop:outer":{
        "p":0.0,
        "r":0.0,
        "f":0.0
      },
      "csubj:outer":{
        "p":0.0,
        "r":0.0,
        "f":0.0
      },
      "flat:foreign":{
        "p":0.0,
        "r":0.0,
        "f":0.0
      },
      "parataxis:reporting":{
        "p":0.0,
        "r":0.0,
        "f":0.0
      },
      "dislocated":{
        "p":0.0,
        "r":0.0,
        "f":0.0
      },
      "csubj:cleft":{
        "p":0.0,
        "r":0.0,
        "f":0.0
      },
      "csubj:reported":{
        "p":0.0,
        "r":0.0,
        "f":0.0
      },
      "iobj":{
        "p":0.0,
        "r":0.0,
        "f":0.0
      },
      "dislocated:csubj":{
        "p":0.0,
        "r":0.0,
        "f":0.0
      }
    }
  },
  "trainable_lemmatizer":{
    "lemma_acc":0.9581019888
  },
  "tagger":{
    "tag_acc":0.9187618699
  },
  "morphologizer":{
    "pos_acc":0.9822407922,
    "morph_acc":0.9339623899,
    "morph_micro_p":0.9687908273,
    "morph_micro_r":0.9634650293,
    "morph_micro_f":0.9661205887,
    "morph_per_feat":{
      "Case":{
        "p":0.9421590843,
        "r":0.9391034922,
        "f":0.9406288068
      },
      "Gender":{
        "p":0.9460375468,
        "r":0.942952823,
        "f":0.9444926662
      },
      "InflClass":{
        "p":0.968085878,
        "r":0.9594220609,
        "f":0.9637344983
      },
      "Number":{
        "p":0.9846988094,
        "r":0.9816207577,
        "f":0.9831573744
      },
      "Polarity":{
        "p":0.9992366412,
        "r":0.9603815114,
        "f":0.9794238683
      },
      "Aspect":{
        "p":0.9787489976,
        "r":0.9780627066,
        "f":0.9784057318
      },
      "Mood":{
        "p":0.9816617981,
        "r":0.9789609969,
        "f":0.9803095373
      },
      "Person":{
        "p":0.9907596304,
        "r":0.9883874057,
        "f":0.9895720964
      },
      "Tense":{
        "p":0.98038262,
        "r":0.97863732,
        "f":0.9795091925
      },
      "VerbForm":{
        "p":0.9861364177,
        "r":0.9797717434,
        "f":0.9829437776
      },