{
  "tokenizer":{
    "token_acc":1.0,
    "token_p":0.9963401882,
    "token_r":0.998777079,
    "token_f":0.9975571453
  },
  "transformer":{

  },
  "parser":{
    "sents_p":0.9458483755,
    "sents_r":0.9703703704,
    "sents_f":0.957952468,
    "dep_uas":0.7904662127,
    "dep_las":0.7135125698,
    "dep_las_per_type":{
      "cc":{
        "p":0.8178438662,
        "r":0.8429118774,
        "f":0.8301886792
      },
      "xcomp":{
        "p":0.5328467153,
        "r":0.6728110599,
        "f":0.5947046843
      },
      "root":{
        "p":0.8612612613,
        "r":0.8851851852,
        "f":0.8730593607
      },
      "nsubj":{
        "p":0.6990950226,
        "r":0.6851441242,
        "f":0.6920492721
      },
      "nsubj:pass":{
        "p":0.7777777778,
        "r":0.2692307692,
        "f":0.4
      },
      "advmod":{
        "p":0.7087087087,
        "r":0.6519337017,
        "f":0.6791366906
      },
      "acl":{
        "p":0.4666666667,
        "r":0.3571428571,
        "f":0.4046242775
      },
      "case":{
        "p":0.927734375,
        "r":0.944333996,
        "f":0.9359605911
      },
      "obl":{
        "p":0.6163793103,
        "r":0.65,
        "f":0.6327433628
      },
      "det":{
        "p":0.8199152542,
        "r":0.830472103,
        "f":0.8251599147
      },
      "amod":{
        "p":0.4642857143,
        "r":0.3170731707,
        "f":0.3768115942
      },
      "appos":{
        "p":0.4444444444,
        "r":0.487804878,
        "f":0.4651162791
      },
      "nmod":{
        "p":0.6697247706,
        "r":0.6033057851,
        "f":0.6347826087
      },
      "obj":{
        "p":0.7057142857,
        "r":0.682320442,
        "f":0.6938202247
      },
      "conj":{
        "p":0.5581395349,
        "r":0.5630498534,
        "f":0.5605839416
      },
      "obl:arg":{
        "p":0.6242424242,
        "r":0.6821192053,
        "f":0.6518987342
      },
      "advcl":{
        "p":0.5682656827,
        "r":0.55,
        "f":0.5589836661
      },
      "discourse":{
        "p":0.7727272727,
        "r":0.8040540541,
        "f":0.7880794702
      },
      "mark":{
        "p":0.7881773399,
        "r":0.7881773399,
        "f":0.7881773399
      },
      "ccomp":{
        "p":0.4424778761,
        "r":0.4854368932,
        "f":0.462962963
      },
      "orphan":{
        "p":0.24,
        "r":0.15,
        "f":0.1846153846
      },
      "nummod":{
        "p":0.8125,
        "r":0.7222222222,
        "f":0.7647058824
      },
      "vocative":{
        "p":0.6923076923,
        "r":0.8181818182,
        "f":0.75
      },
      "dislocated":{
        "p":0.7272727273,
        "r":0.5714285714,
        "f":0.64
      },
      "expl:pv":{
        "p":0.7857142857,
        "r":1.0,
        "f":0.88
      },
      "flat:name":{
        "p":0.9230769231,
        "r":0.9230769231,
        "f":0.9230769231
      },
      "advcl:cmp":{
        "p":0.25,
        "r":0.2142857143,
        "f":0.2307692308
      },
      "parataxis":{
        "p":0.0,
        "r":0.0,
        "f":0.0
      },
      "fixed":{
        "p":0.0,
        "r":0.0,
        "f":0.0
      },
      "dep":{
        "p":0.0,
        "r":0.0,
        "f":0.0
      },
      "obl:agent":{
        "p":0.0,
        "r":0.0,
        "f":0.0
      },
      "csubj:pass":{
        "p":0.0,
        "r":0.0,
        "f":0.0
      },
      "nsubj:outer":{
        "p":0.0,
        "r":0.0,
        "f":0.0
      }
    }
  },
  "trainable_lemmatizer":{
    "lemma_acc":0.861157169
  },
  "tagger":{
    "tag_acc":0.8171179039
  },
  "morphologizer":{
    "pos_acc":0.9165065502,
    "morph_acc":0.8268995633,
    "morph_micro_p":0.8843181686,
    "morph_micro_r":0.8628607064,
    "morph_micro_f":0.8734576758,
    "morph_per_feat":{
      "Case":{
        "p":0.8700842697,
        "r":0.8631138976,
        "f":0.8665850673
      },
      "Degree":{
        "p":0.6240310078,
        "r":0.6939655172,
        "f":0.6571428571
      },
      "Gender":{
        "p":0.8517338995,
        "r":0.8493295695,
        "f":0.8505300353
      },
      "Number":{
        "p":0.9230972516,
        "r":0.9143979058,
        "f":0.9187269858
      },
      "Strength":{
        "p":0.7412587413,
        "r":0.6652719665,
        "f":0.7012127894
      },
      "Mood":{
        "p":0.8459893048,
        "r":0.8335089568,
        "f":0.8397027601
      },
      "Person":{
        "p":0.8908382066,
        "r":0.884516129,
        "f":0.8876659113
      },
      "Tense":{
        "p":0.8820598007,
        "r":0.8194444444,
        "f":0.8496
      },
      "VerbForm":{
        "p":0.9093178037,
        "r":0.8433641975,
        "f":0.8751000801
      },
      "Voice":{
        "p":0.9209650582,
        "r":0.8541666667,
        "f":0.8863090472
      },
      "PronType":{
        "p":0.962962963,
        "r":0.961414791,
        "f":0.9621882542
      },
      "Polarity":{
        "p":1.0,
        "r":1.0,
        "f":1.0
      },
      "Poss":{
        "p":0.9925925926,
        "r":0.9503546099,
        "f":0.9710144928
      },
      "Aspect":{
        "p":0.5384615385,
        "r":0.3088235294,
        "f":0.3925233645
      },
      "Reflex":{
        "p":0.9473684211,
        "r":1.0,
        "f":0.972972973
      }
    }
  },
  "speed":1360.2418900016
}