{
  "tokenizer":{
    "token_acc":1.0,
    "token_p":1.0,
    "token_r":1.0,
    "token_f":1.0
  },
  "transformer":{

  },
  "parser":{
    "sents_p":0.9394673123,
    "sents_r":0.97,
    "sents_f":0.9544895449,
    "dep_uas":0.6353975815,
    "dep_las":0.5166727739,
    "dep_las_per_type":{
      "obl":{
        "p":0.4696132597,
        "r":0.467032967,
        "f":0.4683195592
      },
      "vocative":{
        "p":0.3571428571,
        "r":0.2631578947,
        "f":0.303030303
      },
      "advmod":{
        "p":0.6038338658,
        "r":0.65625,
        "f":0.6289517471
      },
      "case":{
        "p":0.34375,
        "r":0.2682926829,
        "f":0.301369863
      },
      "acl":{
        "p":0.1578947368,
        "r":0.1034482759,
        "f":0.125
      },
      "conj":{
        "p":0.225433526,
        "r":0.2215909091,
        "f":0.223495702
      },
      "amod":{
        "p":0.52,
        "r":0.4,
        "f":0.452173913
      },
      "obj":{
        "p":0.595,
        "r":0.5483870968,
        "f":0.5707434053
      },
      "root":{
        "p":0.7239709443,
        "r":0.7475,
        "f":0.7355473555
      },
      "nsubj":{
        "p":0.476070529,
        "r":0.592476489,
        "f":0.5279329609
      },
      "nmod":{
        "p":0.4966887417,
        "r":0.4807692308,
        "f":0.4885993485
      },
      "det":{
        "p":0.5405405405,
        "r":0.5128205128,
        "f":0.5263157895
      },
      "flat":{
        "p":0.4090909091,
        "r":0.4285714286,
        "f":0.4186046512
      },
      "advcl":{
        "p":0.3333333333,
        "r":0.2926829268,
        "f":0.3116883117
      },
      "orphan":{
        "p":0.1724137931,
        "r":0.2083333333,
        "f":0.1886792453
      },
      "iobj":{
        "p":0.6153846154,
        "r":0.4507042254,
        "f":0.5203252033
      },
      "xcomp":{
        "p":0.4821428571,
        "r":0.5192307692,
        "f":0.5
      },
      "discourse":{
        "p":0.4466019417,
        "r":0.5054945055,
        "f":0.4742268041
      },
      "nummod":{
        "p":0.8333333333,
        "r":0.7407407407,
        "f":0.7843137255
      },
      "cc":{
        "p":0.6666666667,
        "r":0.65625,
        "f":0.6614173228
      },
      "appos":{
        "p":0.5882352941,
        "r":0.625,
        "f":0.6060606061
      },
      "ccomp":{
        "p":0.4545454545,
        "r":0.3846153846,
        "f":0.4166666667
      },
      "mark":{
        "p":0.595505618,
        "r":0.5520833333,
        "f":0.572972973
      },
      "dep":{
        "p":0.0,
        "r":0.0,
        "f":0.0
      },
      "cop":{
        "p":0.6285714286,
        "r":0.6666666667,
        "f":0.6470588235
      },
      "aux":{
        "p":0.0,
        "r":0.0,
        "f":0.0
      },
      "csubj":{
        "p":0.25,
        "r":0.2857142857,
        "f":0.2666666667
      },
      "parataxis":{
        "p":0.2916666667,
        "r":0.3684210526,
        "f":0.3255813953
      },
      "fixed":{
        "p":0.4,
        "r":0.6666666667,
        "f":0.5
      },
      "compound":{
        "p":0.0,
        "r":0.0,
        "f":0.0
      }
    }
  },
  "trainable_lemmatizer":{
    "lemma_acc":0.6991572004
  },
  "tagger":{
    "tag_acc":0.6808354709
  },
  "morphologizer":{
    "pos_acc":0.8226456578,
    "morph_acc":0.7035544155,
    "morph_micro_p":0.7940442781,
    "morph_micro_r":0.7448084235,
    "morph_micro_f":0.768638696,
    "morph_per_feat":{
      "Case":{
        "p":0.7400630915,
        "r":0.7174311927,
        "f":0.7285714286
      },
      "Number":{
        "p":0.8665982555,
        "r":0.8191076625,
        "f":0.842183994
      },
      "Gender":{
        "p":0.7726984127,
        "r":0.7634880803,
        "f":0.7680656358
      },
      "Tense":{
        "p":0.78,
        "r":0.6464088398,
        "f":0.7069486405
      },
      "VerbForm":{
        "p":0.5438596491,
        "r":0.4525547445,
        "f":0.4940239044
      },
      "Mood":{
        "p":0.8214285714,
        "r":0.700234192,
        "f":0.7560050569
      },
      "Person":{
        "p":0.8159340659,
        "r":0.6955503513,
        "f":0.7509481669
      },
      "Voice":{
        "p":0.4545454545,
        "r":0.3846153846,
        "f":0.4166666667
      },
      "Aspect":{
        "p":0.0,
        "r":0.0,
        "f":0.0
      },
      "PronType":{
        "p":0.0,
        "r":0.0,
        "f":0.0
      }
    }
  },
  "speed":783.6523235843
}