{
  "tokenizer":{
    "token_acc":0.9995570601,
    "token_p":0.9645015345,
    "token_r":0.9836092021,
    "token_f":0.9739616613
  },
  "transformer":{

  },
  "parser":{
    "sents_p":0.8949644733,
    "sents_r":0.9360258481,
    "sents_f":0.9150347442,
    "dep_uas":0.5375852705,
    "dep_las":0.4016577505,
    "dep_las_per_type":{
      "discourse":{
        "p":0.4043583535,
        "r":0.4651810585,
        "f":0.432642487
      },
      "vocative":{
        "p":0.1092715232,
        "r":0.1658291457,
        "f":0.1317365269
      },
      "root":{
        "p":0.5752966231,
        "r":0.6109854604,
        "f":0.5926041993
      },
      "advmod":{
        "p":0.4167717528,
        "r":0.4128669582,
        "f":0.4148101663
      },
      "advcl":{
        "p":0.1790830946,
        "r":0.2732240437,
        "f":0.2163565556
      },
      "expl:pv":{
        "p":0.9467312349,
        "r":0.763671875,
        "f":0.8454054054
      },
      "obl:arg":{
        "p":0.2049910873,
        "r":0.22417154,
        "f":0.2141527002
      },
      "parataxis":{
        "p":0.0327868852,
        "r":0.0434782609,
        "f":0.0373831776
      },
      "cop":{
        "p":0.3320610687,
        "r":0.2701863354,
        "f":0.2979452055
      },
      "case":{
        "p":0.7942500866,
        "r":0.6836612999,
        "f":0.7348181381
      },
      "obl":{
        "p":0.3621722846,
        "r":0.3678204641,
        "f":0.3649745235
      },
      "nummod":{
        "p":0.0750670241,
        "r":0.152173913,
        "f":0.1005385996
      },
      "conj":{
        "p":0.224075417,
        "r":0.2635394456,
        "f":0.2422104644
      },
      "nsubj":{
        "p":0.2896551724,
        "r":0.2881266491,
        "f":0.2888888889
      },
      "appos":{
        "p":0.1243042672,
        "r":0.0943661972,
        "f":0.1072858287
      },
      "obl:agent":{
        "p":0.0833333333,
        "r":0.0192307692,
        "f":0.03125
      },
      "nmod":{
        "p":0.0765206017,
        "r":0.1236786469,
        "f":0.0945454545
      },
      "flat:name":{
        "p":0.1538461538,
        "r":0.0097087379,
        "f":0.0182648402
      },
      "cc":{
        "p":0.6330740615,
        "r":0.6235842771,
        "f":0.6282933378
      },
      "amod":{
        "p":0.3512396694,
        "r":0.2867746289,
        "f":0.3157503715
      },
      "obj":{
        "p":0.3047058824,
        "r":0.3105515588,
        "f":0.3076009501
      },
      "dislocated":{
        "p":0.1162790698,
        "r":0.0505050505,
        "f":0.0704225352
      },
      "det":{
        "p":0.5802469136,
        "r":0.4751166407,
        "f":0.5224454895
      },
      "xcomp":{
        "p":0.1975088968,
        "r":0.3189655172,
        "f":0.243956044
      },
      "acl":{
        "p":0.1052631579,
        "r":0.1057268722,
        "f":0.1054945055
      },
      "orphan":{
        "p":0.0379008746,
        "r":0.0537190083,
        "f":0.0444444444
      },
      "expl":{
        "p":0.0,
        "r":0.0,
        "f":0.0
      },
      "mark":{
        "p":0.3018372703,
        "r":0.359375,
        "f":0.3281027104
      },
      "nsubj:pass":{
        "p":0.2608695652,
        "r":0.1100917431,
        "f":0.1548387097
      },
      "dep":{
        "p":0.0264150943,
        "r":0.0463576159,
        "f":0.0336538462
      },
      "ccomp":{
        "p":0.1529411765,
        "r":0.1313131313,
        "f":0.1413043478
      },
      "aux":{
        "p":0.5961538462,
        "r":0.2080536913,
        "f":0.3084577114
      },
      "aux:pass":{
        "p":0.0,
        "r":0.0,
        "f":0.0
      },
      "iobj":{
        "p":0.0,
        "r":0.0,
        "f":0.0
      },
      "advcl:cmp":{
        "p":0.0666666667,
        "r":0.025,
        "f":0.0363636364
      },
      "fixed":{
        "p":0.0,
        "r":0.0,
        "f":0.0
      },
      "nummod:gov":{
        "p":0.0,
        "r":0.0,
        "f":0.0
      },
      "list":{
        "p":0.0,
        "r":0.0,
        "f":0.0
      },
      "compound:redup":{
        "p":0.0,
        "r":0.0,
        "f":0.0
      },
      "flat:foreign":{
        "p":0.0,
        "r":0.0,
        "f":0.0
      },
      "csubj":{
        "p":0.0,
        "r":0.0,
        "f":0.0
      },
      "flat":{
        "p":0.0,
        "r":0.0,
        "f":0.0
      },
      "acl:relcl":{
        "p":0.0,
        "r":0.0,
        "f":0.0
      },
      "nsubj:outer":{
        "p":0.0,
        "r":0.0,
        "f":0.0
      },
      "compound":{
        "p":0.0,
        "r":0.0,
        "f":0.0
      },
      "csubj:pass":{
        "p":0.0,
        "r":0.0,
        "f":0.0
      },
      "reparandum":{
        "p":0.0,
        "r":0.0,
        "f":0.0
      },
      "goeswith":{
        "p":0.0,
        "r":0.0,
        "f":0.0
      },
      "nmod:poss":{
        "p":0.0,
        "r":0.0,
        "f":0.0
      }
    }
  },
  "trainable_lemmatizer":{
    "lemma_acc":0.3918439149
  },
  "tagger":{
    "tag_acc":0.4077645024
  },
  "morphologizer":{
    "pos_acc":0.6689760244,
    "morph_acc":0.5174335501,
    "morph_micro_p":0.635872043,
    "morph_micro_r":0.5906342634,
    "morph_micro_f":0.6124188906,
    "morph_per_feat":{
      "Case":{
        "p":0.5479311757,
        "r":0.4939373423,
        "f":0.5195351698
      },
      "Gender":{
        "p":0.6243165468,
        "r":0.5600154879,
        "f":0.5904204654
      },
      "Number":{
        "p":0.7621290359,
        "r":0.7037832739,
        "f":0.7317950255
      },
      "Mood":{
        "p":0.5415976135,
        "r":0.5735345735,
        "f":0.5571087624
      },
      "Person":{
        "p":0.6590062112,
        "r":0.6108232585,
        "f":0.6340005976
      },
      "Tense":{
        "p":0.5854276252,
        "r":0.6112693247,
        "f":0.5980694596
      },
      "VerbForm":{
        "p":0.5740310078,
        "r":0.5822685276,
        "f":0.5781204255
      },
      "Voice":{
        "p":0.6910790806,
        "r":0.6999408167,
        "f":0.6954817211
      },
      "PronType":{
        "p":0.8461108002,
        "r":0.6224783862,
        "f":0.7172675522
      },
      "Variant":{
        "p":0.4134969325,
        "r":0.5262883915,
        "f":0.4631241411
      },
      "Reflex":{
        "p":0.9722650231,
        "r":0.7328687573,
        "f":0.8357615894
      },
      "Aspect":{
        "p":0.5005959476,
        "r":0.4504021448,
        "f":0.4741744285
      },
      "Degree":{
        "p":0.4613908873,
        "r":0.4544166273,
        "f":0.4578772013
      },
      "Clitic":{
        "p":0.0,
        "r":0.0,
        "f":0.0
      },
      "Polarity":{
        "p":0.9668367347,
        "r":0.9066985646,
        "f":0.9358024691
      },
      "Poss":{
        "p":0.9540816327,
        "r":0.7164750958,
        "f":0.818380744
      },
      "Analyt":{
        "p":0.0,
        "r":0.0,
        "f":0.0
      },
      "NumType":{
        "p":0.5862068966,
        "r":0.1504424779,
        "f":0.2394366197
      },
      "Animacy":{
        "p":0.0,
        "r":0.0,
        "f":0.0
      },
      "NumForm":{
        "p":0.0,
        "r":0.0,
        "f":0.0
      },
      "NameType":{
        "p":0.0,
        "r":0.0,
        "f":0.0
      },
      "Foreign":{
        "p":0.0,
        "r":0.0,
        "f":0.0
      },
      "InflClass":{
        "p":0.0,
        "r":0.0,
        "f":0.0
      },
      "Definite":{
        "p":0.0,
        "r":0.0,
        "f":0.0
      },
      "Abbr":{
        "p":1.0,
        "r":0.1333333333,
        "f":0.2352941176
      },
      "Typo":{
        "p":0.0,
        "r":0.0,
        "f":0.0
      }
    }
  },
  "speed":1890.6507572603
}