{
  "tokenizer":{
    "token_acc":0.9981644203,
    "token_p":0.9974335877,
    "token_r":0.9959947049,
    "token_f":0.996713627
  },
  "transformer":{

  },
  "parser":{
    "sents_p":0.9825581395,
    "sents_r":0.991202346,
    "sents_f":0.9868613139,
    "dep_uas":0.8096103449,
    "dep_las":0.753973871,
    "dep_las_per_type":{
      "root":{
        "p":0.8995232857,
        "r":0.8988640528,
        "f":0.8991935484
      },
      "nsubj":{
        "p":0.8156229181,
        "r":0.8199933021,
        "f":0.8178022712
      },
      "advmod":{
        "p":0.7603385732,
        "r":0.756860857,
        "f":0.7585957293
      },
      "mark":{
        "p":0.8510773131,
        "r":0.8600704451,
        "f":0.8555502469
      },
      "acl":{
        "p":0.6355721393,
        "r":0.6644993498,
        "f":0.6497139224
      },
      "compound:prt":{
        "p":0.6853055917,
        "r":0.7112010796,
        "f":0.698013245
      },
      "obj":{
        "p":0.6865267434,
        "r":0.7168610817,
        "f":0.701366073
      },
      "cc":{
        "p":0.7792538157,
        "r":0.7852463686,
        "f":0.7822386154
      },
      "conj":{
        "p":0.5920792079,
        "r":0.593450215,
        "f":0.5927639187
      },
      "case":{
        "p":0.9167002824,
        "r":0.9252850163,
        "f":0.9209726444
      },
      "amod":{
        "p":0.7109471095,
        "r":0.7043054427,
        "f":0.7076106917
      },
      "obl":{
        "p":0.6987605533,
        "r":0.681022409,
        "f":0.6897774625
      },
      "nmod:poss":{
        "p":0.8703265499,
        "r":0.8803255146,
        "f":0.8752974774
      },
      "aux":{
        "p":0.8654458599,
        "r":0.8696,
        "f":0.8675179569
      },
      "advcl":{
        "p":0.5129682997,
        "r":0.4611398964,
        "f":0.485675307
      },
      "iobj":{
        "p":0.6849315068,
        "r":0.6289308176,
        "f":0.6557377049
      },
      "det":{
        "p":0.8242835596,
        "r":0.862667719,
        "f":0.843038951
      },
      "acl:relcl":{
        "p":0.5428226779,
        "r":0.5061867267,
        "f":0.5238649593
      },
      "xcomp":{
        "p":0.4261168385,
        "r":0.3092269327,
        "f":0.3583815029
      },
      "ccomp":{
        "p":0.6062103035,
        "r":0.5998603352,
        "f":0.603018603
      },
      "cop":{
        "p":0.7077570655,
        "r":0.7098914355,
        "f":0.7088226438
      },
      "expl":{
        "p":0.4375,
        "r":0.2857142857,
        "f":0.3456790123
      },
      "nmod":{
        "p":0.5348837209,
        "r":0.2584269663,
        "f":0.3484848485
      },
      "appos":{
        "p":0.654109589,
        "r":0.5978090767,
        "f":0.6246933769
      },
      "dep":{
        "p":0.4186046512,
        "r":0.2547169811,
        "f":0.3167155425
      },
      "vocative":{
        "p":0.5436893204,
        "r":0.4590163934,
        "f":0.4977777778
      },
      "parataxis":{
        "p":0.6875,
        "r":0.5322580645,
        "f":0.6
      },
      "flat:name":{
        "p":0.7554585153,
        "r":0.8357487923,
        "f":0.7935779817
      },
      "nummod":{
        "p":0.691588785,
        "r":0.7551020408,
        "f":0.7219512195
      },
      "fixed":{
        "p":0.875,
        "r":0.875,
        "f":0.875
      },
      "flat:foreign":{
        "p":0.3181818182,
        "r":0.137254902,
        "f":0.1917808219
      },
      "discourse":{
        "p":0.4736842105,
        "r":0.36,
        "f":0.4090909091
      },
      "dislocated":{
        "p":0.0,
        "r":0.0,
        "f":0.0
      }
    }
  },
  "trainable_lemmatizer":{
    "lemma_acc":0.9270809428
  },
  "tagger":{
    "tag_acc":0.8370424523
  },
  "morphologizer":{
    "pos_acc":0.9560419943,
    "morph_acc":0.8863593859,
    "morph_micro_p":0.9284143822,
    "morph_micro_r":0.9154080924,
    "morph_micro_f":0.9218653643,
    "morph_per_feat":{
      "Mood":{
        "p":0.9245162117,
        "r":0.9159471813,
        "f":0.9202117482
      },
      "Number":{
        "p":0.9534005038,
        "r":0.9377806683,
        "f":0.9455260816
      },
      "Person":{
        "p":0.9373946037,
        "r":0.9226141079,
        "f":0.9299456294
      },
      "Tense":{
        "p":0.9410483148,
        "r":0.9323260538,
        "f":0.9366668793
      },
      "VerbForm":{
        "p":0.9233295796,
        "r":0.9317234848,
        "f":0.9275075415
      },
      "Voice":{
        "p":0.9485735736,
        "r":0.9571969697,
        "f":0.9528657617
      },
      "Case":{
        "p":0.8943941228,
        "r":0.87747246,
        "f":0.8858524888
      },
      "Gender":{
        "p":0.9010416667,
        "r":0.8876896536,
        "f":0.894315827
      },
      "PronType":{
        "p":0.9647162924,
        "r":0.9460895976,
        "f":0.9553121577
      },
      "Definite":{
        "p":0.9483754513,
        "r":0.9280062173,
        "f":0.9380802742
      },
      "Degree":{
        "p":0.8528203213,
        "r":0.7960251046,
        "f":0.8234445446
      },
      "Foreign":{
        "p":0.6940639269,
        "r":0.5507246377,
        "f":0.6141414141
      },
      "NumType":{
        "p":0.8472222222,
        "r":0.8918128655,
        "f":0.8689458689
      },
      "Aspect":{
        "p":0.0,
        "r":0.0,
        "f":0.0
      },
      "InflClass":{
        "p":0.0,
        "r":0.0,
        "f":0.0
      },
      "InflClass[nominal]":{
        "p":0.0,
        "r":0.0,
        "f":0.0
      }
    }
  },
  "speed":3495.6655805749
}