{
  "tokenizer":{
    "token_acc":1.0,
    "token_p":0.997476277,
    "token_r":0.9991405026,
    "token_f":0.9983076962
  },
  "transformer":{

  },
  "parser":{
    "sents_p":0.9790026247,
    "sents_r":0.9889527176,
    "sents_f":0.983952517,
    "dep_uas":0.7899312576,
    "dep_las":0.7228623408,
    "dep_las_per_type":{
      "discourse":{
        "p":0.7938596491,
        "r":0.8044444444,
        "f":0.7991169978
      },
      "case":{
        "p":0.9345386534,
        "r":0.9398119122,
        "f":0.937167865
      },
      "root":{
        "p":0.8836904241,
        "r":0.8930623067,
        "f":0.8883516484
      },
      "nsubj":{
        "p":0.6540755467,
        "r":0.6926315789,
        "f":0.672801636
      },
      "det":{
        "p":0.8226120858,
        "r":0.8290766208,
        "f":0.8258317025
      },
      "obj":{
        "p":0.6961220598,
        "r":0.7256461233,
        "f":0.710577547
      },
      "mark":{
        "p":0.7223650386,
        "r":0.7473404255,
        "f":0.7346405229
      },
      "advcl":{
        "p":0.5582938389,
        "r":0.599796334,
        "f":0.5783014237
      },
      "amod":{
        "p":0.7386934673,
        "r":0.7567567568,
        "f":0.7476160203
      },
      "obl":{
        "p":0.6577896138,
        "r":0.6757865937,
        "f":0.6666666667
      },
      "cc":{
        "p":0.7871794872,
        "r":0.8154050465,
        "f":0.8010437052
      },
      "advmod":{
        "p":0.7248764415,
        "r":0.6748466258,
        "f":0.6989674345
      },
      "conj":{
        "p":0.5214669052,
        "r":0.5333943275,
        "f":0.5273631841
      },
      "expl:pv":{
        "p":0.9690082645,
        "r":0.9610655738,
        "f":0.9650205761
      },
      "obl:arg":{
        "p":0.6615620214,
        "r":0.6923076923,
        "f":0.6765857478
      },
      "acl":{
        "p":0.3984063745,
        "r":0.2915451895,
        "f":0.3367003367
      },
      "nsubj:pass":{
        "p":0.5405405405,
        "r":0.3773584906,
        "f":0.4444444444
      },
      "dislocated":{
        "p":0.4285714286,
        "r":0.2105263158,
        "f":0.2823529412
      },
      "fixed":{
        "p":0.5263157895,
        "r":0.4081632653,
        "f":0.4597701149
      },
      "cop":{
        "p":0.6917475728,
        "r":0.7270408163,
        "f":0.7089552239
      },
      "vocative":{
        "p":0.7323943662,
        "r":0.6341463415,
        "f":0.6797385621
      },
      "flat:name":{
        "p":0.8823529412,
        "r":0.652173913,
        "f":0.75
      },
      "appos":{
        "p":0.4076433121,
        "r":0.3248730964,
        "f":0.3615819209
      },
      "ccomp":{
        "p":0.5694444444,
        "r":0.4910179641,
        "f":0.5273311897
      },
      "xcomp":{
        "p":0.5494186047,
        "r":0.5981012658,
        "f":0.5727272727
      },
      "nmod":{
        "p":0.5066666667,
        "r":0.4892703863,
        "f":0.4978165939
      },
      "orphan":{
        "p":0.3373493976,
        "r":0.2352941176,
        "f":0.2772277228
      },
      "aux":{
        "p":0.7945205479,
        "r":0.6987951807,
        "f":0.7435897436
      },
      "advcl:cmp":{
        "p":0.5714285714,
        "r":0.2580645161,
        "f":0.3555555556
      },
      "parataxis":{
        "p":0.1290322581,
        "r":0.0869565217,
        "f":0.1038961039
      },
      "dep":{
        "p":0.0,
        "r":0.0,
        "f":0.0
      },
      "nummod":{
        "p":0.6666666667,
        "r":0.6153846154,
        "f":0.64
      },
      "obl:agent":{
        "p":0.5714285714,
        "r":0.2181818182,
        "f":0.3157894737
      },
      "csubj":{
        "p":0.6153846154,
        "r":0.6666666667,
        "f":0.64
      },
      "nsubj:outer":{
        "p":0.0,
        "r":0.0,
        "f":0.0
      },
      "csubj:pass":{
        "p":0.0,
        "r":0.0,
        "f":0.0
      },
      "compound:redup":{
        "p":0.0,
        "r":0.0,
        "f":0.0
      },
      "aux:pass":{
        "p":0.0,
        "r":0.0,
        "f":0.0
      }
    }
  },
  "trainable_lemmatizer":{
    "lemma_acc":0.7220046985
  },
  "tagger":{
    "tag_acc":0.8397008288
  },
  "morphologizer":{
    "pos_acc":0.9375284306,
    "morph_acc":0.8513595472,
    "morph_micro_p":0.9271566592,
    "morph_micro_r":0.9154261057,
    "morph_micro_f":0.921254042,
    "morph_per_feat":{
      "Case":{
        "p":0.8805157593,
        "r":0.866284533,
        "f":0.8733421751
      },
      "Gender":{
        "p":0.8865174388,
        "r":0.8681688418,
        "f":0.8772472055
      },
      "Number":{
        "p":0.9474190921,
        "r":0.9370788163,
        "f":0.9422205855
      },
      "Person":{
        "p":0.9526189154,
        "r":0.9520902701,
        "f":0.9523545194
      },
      "PronType":{
        "p":0.9771214642,
        "r":0.9579934747,
        "f":0.9674629325
      },
      "Mood":{
        "p":0.9382797111,
        "r":0.9463576159,
        "f":0.9423013518
      },
      "Tense":{
        "p":0.9368648649,
        "r":0.9278372591,
        "f":0.9323292093
      },
      "VerbForm":{
        "p":0.9514458351,
        "r":0.9420940171,
        "f":0.9467468327
      },
      "Voice":{
        "p":0.9638918919,
        "r":0.9546038544,
        "f":0.95922539
      },
      "Variant":{
        "p":0.8990703851,
        "r":0.846779237,
        "f":0.8721417069
      },
      "Degree":{
        "p":0.8727272727,
        "r":0.8505392912,
        "f":0.8614904409
      },
      "Reflex":{
        "p":0.9926793558,
        "r":0.9854651163,
        "f":0.989059081
      },
      "Aspect":{
        "p":0.9221984297,
        "r":0.9308357349,
        "f":0.9264969523
      },
      "Poss":{
        "p":0.9939759036,
        "r":0.966796875,
        "f":0.9801980198
      },
      "Polarity":{
        "p":0.9925187032,
        "r":0.9827160494,
        "f":0.9875930521
      }
    }
  },
  "speed":1454.2105809943
}