{
  "tokenizer":{
    "token_acc":0.9464403791,
    "token_p":0.9418117699,
    "token_r":0.8969353484,
    "token_f":0.9188259327
  },
  "transformer":{

  },
  "parser":{
    "sents_p":0.9796437659,
    "sents_r":0.9897172237,
    "sents_f":0.9846547315,
    "dep_uas":0.6857424766,
    "dep_las":0.588801184,
    "dep_las_per_type":{
      "advmod":{
        "p":0.7169811321,
        "r":0.6229508197,
        "f":0.6666666667
      },
      "iobj":{
        "p":0.6454545455,
        "r":0.6698113208,
        "f":0.6574074074
      },
      "root":{
        "p":0.7664041995,
        "r":0.7506426735,
        "f":0.7584415584
      },
      "obj":{
        "p":0.5930232558,
        "r":0.4180327869,
        "f":0.4903846154
      },
      "cc:nc":{
        "p":0.8,
        "r":0.6927374302,
        "f":0.7425149701
      },
      "expl":{
        "p":0.2857142857,
        "r":0.0454545455,
        "f":0.0784313725
      },
      "nsubj":{
        "p":0.6858974359,
        "r":0.5646437995,
        "f":0.6193921852
      },
      "case":{
        "p":0.8095238095,
        "r":0.7450199203,
        "f":0.77593361
      },
      "obl":{
        "p":0.5208333333,
        "r":0.4355400697,
        "f":0.4743833017
      },
      "ccomp":{
        "p":0.3409090909,
        "r":0.3125,
        "f":0.3260869565
      },
      "mark":{
        "p":0.6457142857,
        "r":0.4891774892,
        "f":0.5566502463
      },
      "aux":{
        "p":0.7831325301,
        "r":0.4814814815,
        "f":0.5963302752
      },
      "det":{
        "p":0.8923076923,
        "r":0.8630952381,
        "f":0.8774583964
      },
      "acl":{
        "p":0.1538461538,
        "r":0.0784313725,
        "f":0.1038961039
      },
      "advcl":{
        "p":0.2827586207,
        "r":0.3504273504,
        "f":0.3129770992
      },
      "acl:relcl":{
        "p":0.5909090909,
        "r":0.4561403509,
        "f":0.5148514851
      },
      "amod":{
        "p":0.6627906977,
        "r":0.5377358491,
        "f":0.59375
      },
      "xcomp":{
        "p":0.4819277108,
        "r":0.5,
        "f":0.490797546
      },
      "cc":{
        "p":0.8214285714,
        "r":0.7666666667,
        "f":0.7931034483
      },
      "conj":{
        "p":0.3969465649,
        "r":0.3880597015,
        "f":0.3924528302
      },
      "flat":{
        "p":0.9142857143,
        "r":0.8888888889,
        "f":0.9014084507
      },
      "appos":{
        "p":0.25,
        "r":0.125,
        "f":0.1666666667
      },
      "nmod":{
        "p":0.2972972973,
        "r":0.1964285714,
        "f":0.2365591398
      },
      "case:det":{
        "p":0.9512195122,
        "r":0.78,
        "f":0.8571428571
      },
      "cop":{
        "p":0.3529411765,
        "r":0.4,
        "f":0.375
      },
      "dislocated":{
        "p":0.0,
        "r":0.0,
        "f":0.0
      },
      "obl:advmod":{
        "p":0.4545454545,
        "r":0.2,
        "f":0.2777777778
      },
      "csubj":{
        "p":0.0,
        "r":0.0,
        "f":0.0
      },
      "aux:pass":{
        "p":0.25,
        "r":0.1578947368,
        "f":0.1935483871
      },
      "parataxis":{
        "p":0.3125,
        "r":0.5,
        "f":0.3846153846
      },
      "nummod":{
        "p":0.75,
        "r":0.6666666667,
        "f":0.7058823529
      },
      "discourse":{
        "p":0.3333333333,
        "r":0.25,
        "f":0.2857142857
      },
      "vocative":{
        "p":0.3571428571,
        "r":0.5555555556,
        "f":0.4347826087
      },
      "orphan":{
        "p":0.0,
        "r":0.0,
        "f":0.0
      },
      "nsubj:pass":{
        "p":0.0,
        "r":0.0,
        "f":0.0
      },
      "nmod:poss":{
        "p":0.0,
        "r":0.0,
        "f":0.0
      },
      "dep":{
        "p":0.0,
        "r":0.0,
        "f":0.0
      },
      "nsubj:obj":{
        "p":0.0,
        "r":0.0,
        "f":0.0
      }
    }
  },
  "trainable_lemmatizer":{
    "lemma_acc":0.8123206006
  },
  "tagger":{
    "tag_acc":0.8551236749
  },
  "morphologizer":{
    "pos_acc":0.8610865724,
    "morph_acc":0.8758833922,
    "morph_micro_p":0.9455847255,
    "morph_micro_r":0.7561068702,
    "morph_micro_f":0.8402969247,
    "morph_per_feat":{
      "PronType":{
        "p":0.9691738594,
        "r":0.7291280148,
        "f":0.832186342
      },
      "VerbForm":{
        "p":0.9322916667,
        "r":0.763326226,
        "f":0.8393903869
      },
      "Polarity":{
        "p":0.987654321,
        "r":0.7339449541,
        "f":0.8421052632
      },
      "Tense":{
        "p":0.8125,
        "r":0.5864661654,
        "f":0.6812227074
      },
      "Definite":{
        "p":0.9451476793,
        "r":0.8715953307,
        "f":0.9068825911
      },
      "Poss":{
        "p":0.9885057471,
        "r":0.9450549451,
        "f":0.9662921348
      },
      "NumType":{
        "p":0.9166666667,
        "r":0.7857142857,
        "f":0.8461538462
      },
      "Case":{
        "p":0.0,
        "r":0.0,
        "f":0.0
      },
      "Gender":{
        "p":0.0,
        "r":0.0,
        "f":0.0
      },
      "Number":{
        "p":0.0,
        "r":0.0,
        "f":0.0
      }
    }
  },
  "speed":1202.9726313328
}