{
  "tokenizer":{
    "token_acc":0.9987632593,
    "token_p":0.9895828378,
    "token_r":0.9929125403,
    "token_f":0.9912448929
  },
  "transformer":{

  },
  "parser":{
    "sents_p":0.9833653231,
    "sents_r":0.9916129032,
    "sents_f":0.9874718921,
    "dep_uas":0.7591529985,
    "dep_las":0.6960164521,
    "dep_las_per_type":{
      "nsubj":{
        "p":0.6837481698,
        "r":0.6787790698,
        "f":0.6812545587
      },
      "case":{
        "p":0.8881848677,
        "r":0.8871928518,
        "f":0.8876885826
      },
      "obl":{
        "p":0.6137048193,
        "r":0.6052729298,
        "f":0.6094597121
      },
      "root":{
        "p":0.886071887,
        "r":0.8906451613,
        "f":0.8883526384
      },
      "det":{
        "p":0.8610395189,
        "r":0.8669982699,
        "f":0.8640086207
      },
      "flat:name":{
        "p":0.8846153846,
        "r":0.9583333333,
        "f":0.92
      },
      "advcl":{
        "p":0.5848214286,
        "r":0.6421568627,
        "f":0.6121495327
      },
      "cop":{
        "p":0.6559546314,
        "r":0.684418146,
        "f":0.6698841699
      },
      "acl":{
        "p":0.3804034582,
        "r":0.2661290323,
        "f":0.3131672598
      },
      "obj":{
        "p":0.6459016393,
        "r":0.6905672403,
        "f":0.6674880641
      },
      "advmod":{
        "p":0.6958050741,
        "r":0.6844576229,
        "f":0.6900847035
      },
      "nmod":{
        "p":0.5927072583,
        "r":0.5651033126,
        "f":0.5785762257
      },
      "cc":{
        "p":0.7369024857,
        "r":0.7619612495,
        "f":0.749222395
      },
      "conj":{
        "p":0.5597928437,
        "r":0.5651140684,
        "f":0.5624408704
      },
      "xcomp":{
        "p":0.4273412271,
        "r":0.4101239669,
        "f":0.4185556141
      },
      "mark":{
        "p":0.7787610619,
        "r":0.7833827893,
        "f":0.7810650888
      },
      "nsubj:pass":{
        "p":0.5756097561,
        "r":0.6413043478,
        "f":0.6066838046
      },
      "dislocated":{
        "p":0.4375,
        "r":0.1458333333,
        "f":0.21875
      },
      "appos":{
        "p":0.397515528,
        "r":0.262295082,
        "f":0.3160493827
      },
      "csubj":{
        "p":0.4791666667,
        "r":0.4339622642,
        "f":0.4554455446
      },
      "amod":{
        "p":0.5756097561,
        "r":0.4729458918,
        "f":0.5192519252
      },
      "obl:arg":{
        "p":0.618127786,
        "r":0.6979865772,
        "f":0.6556343578
      },
      "discourse":{
        "p":0.7817883511,
        "r":0.7697899838,
        "f":0.7757427757
      },
      "ccomp":{
        "p":0.461971831,
        "r":0.4183673469,
        "f":0.4390896921
      },
      "dep":{
        "p":0.0,
        "r":0.0,
        "f":0.0
      },
      "orphan":{
        "p":0.2876712329,
        "r":0.1909090909,
        "f":0.2295081967
      },
      "iobj":{
        "p":0.2598425197,
        "r":0.2578125,
        "f":0.2588235294
      },
      "vocative":{
        "p":0.6397515528,
        "r":0.581920904,
        "f":0.6094674556
      },
      "obl:agent":{
        "p":0.7878787879,
        "r":0.52,
        "f":0.6265060241
      },
      "parataxis":{
        "p":0.15625,
        "r":0.0980392157,
        "f":0.1204819277
      },
      "nummod":{
        "p":0.6226415094,
        "r":0.6,
        "f":0.6111111111
      },
      "compound:redup":{
        "p":0.0,
        "r":0.0,
        "f":0.0
      },
      "csubj:pass":{
        "p":0.2727272727,
        "r":0.25,
        "f":0.2608695652
      },
      "fixed":{
        "p":0.6666666667,
        "r":0.24,
        "f":0.3529411765
      },
      "nsubj:outer":{
        "p":0.0,
        "r":0.0,
        "f":0.0
      },
      "advcl:cmp":{
        "p":0.1666666667,
        "r":0.1,
        "f":0.125
      },
      "expl:pv":{
        "p":0.0,
        "r":0.0,
        "f":0.0
      },
      "acl:relcl":{
        "p":0.0,
        "r":0.0,
        "f":0.0
      },
      "aux:pass":{
        "p":0.75,
        "r":0.6,
        "f":0.6666666667
      },
      "aux":{
        "p":0.0,
        "r":0.0,
        "f":0.0
      }
    }
  },
  "trainable_lemmatizer":{
    "lemma_acc":0.8106413664
  },
  "tagger":{
    "tag_acc":0.8755330968
  },
  "morphologizer":{
    "pos_acc":0.9493841761,
    "morph_acc":0.8977768221,
    "morph_micro_p":0.9532920842,
    "morph_micro_r":0.9481746576,
    "morph_micro_f":0.9507264846,
    "morph_per_feat":{
      "Case":{
        "p":0.9615768463,
        "r":0.9564138429,
        "f":0.9589883955
      },
      "Gender":{
        "p":0.9161125786,
        "r":0.9136991279,
        "f":0.9149042616
      },
      "Number":{
        "p":0.9831938995,
        "r":0.9776927041,
        "f":0.9804355851
      },
      "Aspect":{
        "p":0.9177897574,
        "r":0.8972332016,
        "f":0.90739507
      },
      "Mood":{
        "p":0.9442655936,
        "r":0.9372877971,
        "f":0.9407637566
      },
      "Person":{
        "p":0.9578591203,
        "r":0.9492455418,
        "f":0.9535328791
      },
      "Tense":{
        "p":0.9233518176,
        "r":0.9191609421,
        "f":0.9212516137
      },
      "VerbForm":{
        "p":0.9727664818,
        "r":0.9681138092,
        "f":0.9704345688
      },
      "Voice":{
        "p":0.9455329636,
        "r":0.9423974453,
        "f":0.9439626007
      },
      "Definite":{
        "p":0.9857508221,
        "r":0.9926416483,
        "f":0.9891842346
      },
      "PronType":{
        "p":0.9772434521,
        "r":0.9726495726,
        "f":0.9749411009
      },
      "Degree":{
        "p":0.8529874214,
        "r":0.8450155763,
        "f":0.8489827856
      },
      "Polarity":{
        "p":0.9974093264,
        "r":0.9821428571,
        "f":0.9897172237
      },
      "Poss":{
        "p":1.0,
        "r":0.375,
        "f":0.5454545455
      },
      "Reflex":{
        "p":1.0,
        "r":1.0,
        "f":1.0
      }
    }
  },
  "speed":2323.4050167546
}