{
  "tokenizer":{
    "token_acc":1.0,
    "token_p":0.997476277,
    "token_r":0.9991405026,
    "token_f":0.9983076962
  },
  "transformer":{

  },
  "parser":{
    "sents_p":0.4831892411,
    "sents_r":0.6668139638,
    "sents_f":0.5603416264,
    "dep_uas":0.4282826241,
    "dep_las":0.1815379951,
    "dep_las_per_type":{
      "discourse":{
        "p":0.3409090909,
        "r":0.2666666667,
        "f":0.2992518703
      },
      "case":{
        "p":0.5710344828,
        "r":0.2595611285,
        "f":0.3568965517
      },
      "root":{
        "p":0.41504,
        "r":0.5731330093,
        "f":0.4814402376
      },
      "nsubj":{
        "p":0.0964912281,
        "r":0.0540350877,
        "f":0.0692757535
      },
      "det":{
        "p":0.0084033613,
        "r":0.0068762279,
        "f":0.0075634792
      },
      "cc":{
        "p":0.4627299129,
        "r":0.3173970784,
        "f":0.3765261914
      },
      "obl":{
        "p":0.1394585726,
        "r":0.1162790698,
        "f":0.1268183514
      },
      "obj":{
        "p":0.1973684211,
        "r":0.1391650099,
        "f":0.1632335795
      },
      "mark":{
        "p":0.421875,
        "r":0.0718085106,
        "f":0.1227272727
      },
      "advcl":{
        "p":0.0613943809,
        "r":0.0600814664,
        "f":0.0607308286
      },
      "amod":{
        "p":0.0511363636,
        "r":0.0231660232,
        "f":0.0318866253
      },
      "dep":{
        "p":0.0017751479,
        "r":0.0882352941,
        "f":0.0034802784
      },
      "vocative":{
        "p":0.0,
        "r":0.0,
        "f":0.0
      },
      "obl:arg":{
        "p":0.1111111111,
        "r":0.0993589744,
        "f":0.1049069374
      },
      "nmod":{
        "p":0.0417956656,
        "r":0.0579399142,
        "f":0.0485611511
      },
      "xcomp":{
        "p":0.0227920228,
        "r":0.0506329114,
        "f":0.0314341847
      },
      "advmod":{
        "p":0.2188397473,
        "r":0.2921779141,
        "f":0.2502463054
      },
      "conj":{
        "p":0.0903054449,
        "r":0.1244281793,
        "f":0.1046556368
      },
      "expl:pv":{
        "p":0.0,
        "r":0.0,
        "f":0.0
      },
      "acl":{
        "p":0.0070175439,
        "r":0.0058309038,
        "f":0.0063694268
      },
      "dislocated":{
        "p":0.0,
        "r":0.0,
        "f":0.0
      },
      "appos":{
        "p":0.0139771283,
        "r":0.0558375635,
        "f":0.0223577236
      },
      "nsubj:pass":{
        "p":0.0,
        "r":0.0,
        "f":0.0
      },
      "orphan":{
        "p":0.0054347826,
        "r":0.0084033613,
        "f":0.0066006601
      },
      "cop":{
        "p":0.0619047619,
        "r":0.0331632653,
        "f":0.0431893688
      },
      "flat:name":{
        "p":0.0,
        "r":0.0,
        "f":0.0
      },
      "nummod":{
        "p":0.0138888889,
        "r":0.0153846154,
        "f":0.0145985401
      },
      "aux":{
        "p":0.0,
        "r":0.0,
        "f":0.0
      },
      "advcl:cmp":{
        "p":0.0,
        "r":0.0,
        "f":0.0
      },
      "ccomp":{
        "p":0.0206185567,
        "r":0.0119760479,
        "f":0.0151515152
      },
      "parataxis":{
        "p":0.0,
        "r":0.0,
        "f":0.0
      },
      "obl:agent":{
        "p":0.0,
        "r":0.0,
        "f":0.0
      },
      "csubj":{
        "p":0.0,
        "r":0.0,
        "f":0.0
      },
      "nsubj:outer":{
        "p":0.0,
        "r":0.0,
        "f":0.0
      },
      "fixed":{
        "p":0.0062893082,
        "r":0.0204081633,
        "f":0.0096153846
      },
      "csubj:pass":{
        "p":0.0,
        "r":0.0,
        "f":0.0
      },
      "aux:pass":{
        "p":0.0,
        "r":0.0,
        "f":0.0
      }
    }
  },
  "trainable_lemmatizer":{
    "lemma_acc":0.2198196378
  },
  "tagger":{
    "tag_acc":0.1571262568
  },
  "morphologizer":{
    "pos_acc":0.3882769075,
    "morph_acc":0.2214193679,
    "morph_micro_p":0.3964153356,
    "morph_micro_r":0.2818770227,
    "morph_micro_f":0.3294755519,
    "morph_per_feat":{
      "Case":{
        "p":0.2714957147,
        "r":0.184551776,
        "f":0.2197359588
      },
      "Gender":{
        "p":0.3402893712,
        "r":0.2493882545,
        "f":0.2878324312
      },
      "Number":{
        "p":0.5740475215,
        "r":0.4105625549,
        "f":0.4787324906
      },
      "Person":{
        "p":0.3562686073,
        "r":0.1992230855,
        "f":0.2555463282
      },
      "PronType":{
        "p":0.596692112,
        "r":0.1912724307,
        "f":0.2896849907
      },
      "Aspect":{
        "p":0.1755258126,
        "r":0.3306916427,
        "f":0.229328004
      },
      "Mood":{
        "p":0.4133175729,
        "r":0.3473509934,
        "f":0.3774739115
      },
      "Tense":{
        "p":0.3153698103,
        "r":0.2456102784,
        "f":0.2761526423
      },
      "VerbForm":{
        "p":0.4368985428,
        "r":0.3395299145,
        "f":0.3821089335
      },
      "Voice":{
        "p":0.5390539054,
        "r":0.4197002141,
        "f":0.4719479894
      },
      "Variant":{
        "p":0.0,
        "r":0.0,
        "f":0.0
      },
      "Degree":{
        "p":0.1091570649,
        "r":0.1386748844,
        "f":0.1221581269
      },
      "Reflex":{
        "p":0.25,
        "r":0.0014534884,
        "f":0.0028901734
      },
      "Poss":{
        "p":0.0,
        "r":0.0,
        "f":0.0
      },
      "Polarity":{
        "p":0.9504132231,
        "r":0.8518518519,
        "f":0.8984375
      },
      "Definite":{
        "p":0.0,
        "r":0.0,
        "f":0.0
      }
    }
  },
  "speed":2473.8118348431
}