{
  "tokenizer":{
    "token_acc":1.0,
    "token_p":0.9963401882,
    "token_r":0.998777079,
    "token_f":0.9975571453
  },
  "transformer":{

  },
  "parser":{
    "sents_p":0.7296,
    "sents_r":0.8444444444,
    "sents_f":0.782832618,
    "dep_uas":0.4282969432,
    "dep_las":0.1899441341,
    "dep_las_per_type":{
      "cc":{
        "p":0.6084656085,
        "r":0.4406130268,
        "f":0.5111111111
      },
      "xcomp":{
        "p":0.0463320463,
        "r":0.0552995392,
        "f":0.0504201681
      },
      "root":{
        "p":0.453968254,
        "r":0.5296296296,
        "f":0.4888888889
      },
      "nsubj":{
        "p":0.1348314607,
        "r":0.0798226164,
        "f":0.1002785515
      },
      "nsubj:pass":{
        "p":0.0,
        "r":0.0,
        "f":0.0
      },
      "advmod":{
        "p":0.2435530086,
        "r":0.2348066298,
        "f":0.2390998594
      },
      "acl":{
        "p":0.0347826087,
        "r":0.0408163265,
        "f":0.0375586854
      },
      "case":{
        "p":0.7602739726,
        "r":0.2206759443,
        "f":0.3420647149
      },
      "obl":{
        "p":0.1660516605,
        "r":0.1022727273,
        "f":0.1265822785
      },
      "dep":{
        "p":0.0,
        "r":0.0,
        "f":0.0
      },
      "cop":{
        "p":0.0,
        "r":0.0,
        "f":0.0
      },
      "conj":{
        "p":0.1446808511,
        "r":0.1994134897,
        "f":0.1676942047
      },
      "advcl":{
        "p":0.125,
        "r":0.1178571429,
        "f":0.1213235294
      },
      "obj":{
        "p":0.1689655172,
        "r":0.135359116,
        "f":0.1503067485
      },
      "det":{
        "p":0.0769230769,
        "r":0.025751073,
        "f":0.038585209
      },
      "amod":{
        "p":0.0049261084,
        "r":0.012195122,
        "f":0.0070175439
      },
      "appos":{
        "p":0.0163398693,
        "r":0.1219512195,
        "f":0.0288184438
      },
      "vocative":{
        "p":0.0172413793,
        "r":0.0454545455,
        "f":0.025
      },
      "nmod":{
        "p":0.0623501199,
        "r":0.1074380165,
        "f":0.0789074355
      },
      "obl:arg":{
        "p":0.1360544218,
        "r":0.2649006623,
        "f":0.1797752809
      },
      "discourse":{
        "p":0.2804878049,
        "r":0.1554054054,
        "f":0.2
      },
      "mark":{
        "p":0.2903225806,
        "r":0.0886699507,
        "f":0.1358490566
      },
      "ccomp":{
        "p":0.0769230769,
        "r":0.0194174757,
        "f":0.0310077519
      },
      "parataxis":{
        "p":0.0,
        "r":0.0,
        "f":0.0
      },
      "orphan":{
        "p":0.04,
        "r":0.025,
        "f":0.0307692308
      },
      "nummod":{
        "p":0.0,
        "r":0.0,
        "f":0.0
      },
      "fixed":{
        "p":0.0,
        "r":0.0,
        "f":0.0
      },
      "dislocated":{
        "p":0.0,
        "r":0.0,
        "f":0.0
      },
      "flat:name":{
        "p":0.0,
        "r":0.0,
        "f":0.0
      },
      "advcl:cmp":{
        "p":0.0,
        "r":0.0,
        "f":0.0
      },
      "expl:pv":{
        "p":0.0,
        "r":0.0,
        "f":0.0
      },
      "obl:agent":{
        "p":0.0,
        "r":0.0,
        "f":0.0
      },
      "csubj:pass":{
        "p":0.0,
        "r":0.0,
        "f":0.0
      },
      "nsubj:outer":{
        "p":0.0,
        "r":0.0,
        "f":0.0
      },
      "csubj":{
        "p":0.0,
        "r":0.0,
        "f":0.0
      }
    }
  },
  "trainable_lemmatizer":{
    "lemma_acc":0.4167902958
  },
  "tagger":{
    "tag_acc":0.1434429805
  },
  "morphologizer":{
    "pos_acc":0.4347294939,
    "morph_acc":0.2141735032,
    "morph_micro_p":0.4210782948,
    "morph_micro_r":0.3427065026,
    "morph_micro_f":0.3778715424,
    "morph_per_feat":{
      "Case":{
        "p":0.2776392352,
        "r":0.232671543,
        "f":0.253174152
      },
      "Degree":{
        "p":0.0575539568,
        "r":0.1034482759,
        "f":0.0739599384
      },
      "Gender":{
        "p":0.3668489693,
        "r":0.3076923077,
        "f":0.3346766456
      },
      "Number":{
        "p":0.6175637394,
        "r":0.5136125654,
        "f":0.5608117765
      },
      "Strength":{
        "p":0.0,
        "r":0.0,
        "f":0.0
      },
      "Mood":{
        "p":0.5258397933,
        "r":0.4288724974,
        "f":0.472431805
      },
      "Person":{
        "p":0.4300947867,
        "r":0.2341935484,
        "f":0.3032581454
      },
      "Tense":{
        "p":0.3589065256,
        "r":0.3140432099,
        "f":0.3349794239
      },
      "VerbForm":{
        "p":0.5044091711,
        "r":0.4413580247,
        "f":0.470781893
      },
      "Voice":{
        "p":0.5931156222,
        "r":0.5185185185,
        "f":0.553314121
      },
      "PronType":{
        "p":0.4861111111,
        "r":0.1125401929,
        "f":0.182767624
      },
      "Polarity":{
        "p":0.8571428571,
        "r":0.0909090909,
        "f":0.1643835616
      },
      "Aspect":{
        "p":0.0200752823,
        "r":0.2352941176,
        "f":0.0369942197
      },
      "Poss":{
        "p":0.0,
        "r":0.0,
        "f":0.0
      },
      "Definite":{
        "p":0.0,
        "r":0.0,
        "f":0.0
      },
      "Reflex":{
        "p":0.0,
        "r":0.0,
        "f":0.0
      }
    }
  },
  "speed":1667.966656951
}