{
  "tokenizer":{
    "token_acc":0.9464403791,
    "token_p":0.9418117699,
    "token_r":0.8969353484,
    "token_f":0.9188259327
  },
  "transformer":{

  },
  "parser":{
    "sents_p":0.5597609562,
    "sents_r":0.7223650386,
    "sents_f":0.6307519641,
    "dep_uas":0.2771917061,
    "dep_las":0.0715324927,
    "dep_las_per_type":{
      "advmod":{
        "p":0.1228733459,
        "r":0.1331967213,
        "f":0.127826942
      },
      "iobj":{
        "p":0.0,
        "r":0.0,
        "f":0.0
      },
      "root":{
        "p":0.2670807453,
        "r":0.3316195373,
        "f":0.2958715596
      },
      "discourse":{
        "p":0.0,
        "r":0.0,
        "f":0.0
      },
      "cc:nc":{
        "p":0.0,
        "r":0.0,
        "f":0.0
      },
      "expl":{
        "p":0.0,
        "r":0.0,
        "f":0.0
      },
      "nsubj":{
        "p":0.0943396226,
        "r":0.0131926121,
        "f":0.0231481481
      },
      "case":{
        "p":0.1121495327,
        "r":0.0478087649,
        "f":0.0670391061
      },
      "obl":{
        "p":0.0502512563,
        "r":0.0348432056,
        "f":0.0411522634
      },
      "ccomp":{
        "p":0.0,
        "r":0.0,
        "f":0.0
      },
      "advcl":{
        "p":0.0333333333,
        "r":0.0512820513,
        "f":0.0404040404
      },
      "obj":{
        "p":0.1170212766,
        "r":0.0901639344,
        "f":0.1018518519
      },
      "cop":{
        "p":0.0789473684,
        "r":0.1,
        "f":0.0882352941
      },
      "mark":{
        "p":0.0294117647,
        "r":0.0043290043,
        "f":0.0075471698
      },
      "aux":{
        "p":0.0,
        "r":0.0,
        "f":0.0
      },
      "det":{
        "p":0.0384615385,
        "r":0.0029761905,
        "f":0.0055248619
      },
      "acl":{
        "p":0.0,
        "r":0.0,
        "f":0.0
      },
      "dep":{
        "p":0.0,
        "r":0.0,
        "f":0.0
      },
      "nmod":{
        "p":0.0119863014,
        "r":0.125,
        "f":0.021875
      },
      "acl:relcl":{
        "p":0.0,
        "r":0.0,
        "f":0.0
      },
      "xcomp":{
        "p":0.0106382979,
        "r":0.025,
        "f":0.0149253731
      },
      "cc":{
        "p":0.0,
        "r":0.0,
        "f":0.0
      },
      "amod":{
        "p":0.0,
        "r":0.0,
        "f":0.0
      },
      "vocative":{
        "p":0.1081081081,
        "r":0.4444444444,
        "f":0.1739130435
      },
      "orphan":{
        "p":0.0,
        "r":0.0,
        "f":0.0
      },
      "conj":{
        "p":0.0669291339,
        "r":0.1268656716,
        "f":0.087628866
      },
      "flat":{
        "p":0.0,
        "r":0.0,
        "f":0.0
      },
      "appos":{
        "p":0.0,
        "r":0.0,
        "f":0.0
      },
      "fixed":{
        "p":0.0,
        "r":0.0,
        "f":0.0
      },
      "case:det":{
        "p":0.0,
        "r":0.0,
        "f":0.0
      },
      "dislocated":{
        "p":0.0,
        "r":0.0,
        "f":0.0
      },
      "obl:advmod":{
        "p":0.0,
        "r":0.0,
        "f":0.0
      },
      "aux:pass":{
        "p":0.0,
        "r":0.0,
        "f":0.0
      },
      "nummod":{
        "p":0.0,
        "r":0.0,
        "f":0.0
      },
      "obl:arg":{
        "p":0.0,
        "r":0.0,
        "f":0.0
      },
      "advcl:cmp":{
        "p":0.0,
        "r":0.0,
        "f":0.0
      },
      "parataxis":{
        "p":0.0,
        "r":0.0,
        "f":0.0
      },
      "csubj":{
        "p":0.0,
        "r":0.0,
        "f":0.0
      },
      "nsubj:obj":{
        "p":0.0,
        "r":0.0,
        "f":0.0
      }
    }
  },
  "trainable_lemmatizer":{
    "lemma_acc":0.4287922279
  },
  "tagger":{
    "tag_acc":0.0
  },
  "morphologizer":{
    "pos_acc":0.3462132921,
    "morph_acc":0.2673879444,
    "morph_micro_p":0.0511675127,
    "morph_micro_r":0.0961832061,
    "morph_micro_f":0.0667992048,
    "morph_per_feat":{
      "PronType":{
        "p":0.4285714286,
        "r":0.0027829314,
        "f":0.0055299539
      },
      "VerbForm":{
        "p":0.4748953975,
        "r":0.2420042644,
        "f":0.3206214689
      },
      "Case":{
        "p":0.0,
        "r":0.0,
        "f":0.0
      },
      "Gender":{
        "p":0.0,
        "r":0.0,
        "f":0.0
      },
      "Number":{
        "p":0.0,
        "r":0.0,
        "f":0.0
      },
      "Tense":{
        "p":0.0460251046,
        "r":0.1654135338,
        "f":0.0720130933
      },
      "Voice":{
        "p":0.0,
        "r":0.0,
        "f":0.0
      },
      "Polarity":{
        "p":0.0,
        "r":0.0,
        "f":0.0
      },
      "Aspect":{
        "p":0.0,
        "r":0.0,
        "f":0.0
      },
      "Mood":{
        "p":0.0,
        "r":0.0,
        "f":0.0
      },
      "Person":{
        "p":0.0,
        "r":0.0,
        "f":0.0
      },
      "Definite":{
        "p":0.0,
        "r":0.0,
        "f":0.0
      },
      "Poss":{
        "p":0.0,
        "r":0.0,
        "f":0.0
      },
      "Degree":{
        "p":0.0,
        "r":0.0,
        "f":0.0
      },
      "NumType":{
        "p":0.0,
        "r":0.0,
        "f":0.0
      },
      "Reflex":{
        "p":0.0,
        "r":0.0,
        "f":0.0
      }
    }
  },
  "speed":1434.4565001165
}