{
  "tokenizer":{
    "token_acc":0.9987632593,
    "token_p":0.9895828378,
    "token_r":0.9929125403,
    "token_f":0.9912448929
  },
  "transformer":{

  },
  "parser":{
    "sents_p":0.9342883837,
    "sents_r":0.9677419355,
    "sents_f":0.9507209634,
    "dep_uas":0.7751060102,
    "dep_las":0.7148679015,
    "dep_las_per_type":{
      "nsubj":{
        "p":0.7409545804,
        "r":0.6994912791,
        "f":0.7196261682
      },
      "case":{
        "p":0.8942486085,
        "r":0.8972449739,
        "f":0.8957442854
      },
      "obl":{
        "p":0.6462611391,
        "r":0.6193835871,
        "f":0.6325369738
      },
      "root":{
        "p":0.8731646361,
        "r":0.9016129032,
        "f":0.8871607681
      },
      "det":{
        "p":0.8736842105,
        "r":0.8795415225,
        "f":0.8766030822
      },
      "flat:name":{
        "p":0.6451612903,
        "r":0.8333333333,
        "f":0.7272727273
      },
      "advcl":{
        "p":0.6494644596,
        "r":0.6539215686,
        "f":0.6516853933
      },
      "cop":{
        "p":0.6817288802,
        "r":0.684418146,
        "f":0.6830708661
      },
      "acl":{
        "p":0.4112903226,
        "r":0.3084677419,
        "f":0.3525345622
      },
      "obj":{
        "p":0.6695491044,
        "r":0.6908859146,
        "f":0.6800501882
      },
      "nmod":{
        "p":0.6056154097,
        "r":0.6083961955,
        "f":0.6070026178
      },
      "advmod":{
        "p":0.7272957248,
        "r":0.7104027675,
        "f":0.71875
      },
      "cc":{
        "p":0.7628304821,
        "r":0.7758007117,
        "f":0.7692609292
      },
      "conj":{
        "p":0.5786653678,
        "r":0.5646387833,
        "f":0.5715660332
      },
      "xcomp":{
        "p":0.4819915254,
        "r":0.4700413223,
        "f":0.4759414226
      },
      "mark":{
        "p":0.7877906977,
        "r":0.8041543027,
        "f":0.7958883994
      },
      "nsubj:pass":{
        "p":0.623655914,
        "r":0.6304347826,
        "f":0.627027027
      },
      "dislocated":{
        "p":0.4,
        "r":0.25,
        "f":0.3076923077
      },
      "appos":{
        "p":0.3426294821,
        "r":0.3524590164,
        "f":0.3474747475
      },
      "csubj":{
        "p":0.4444444444,
        "r":0.3773584906,
        "f":0.4081632653
      },
      "amod":{
        "p":0.556768559,
        "r":0.5110220441,
        "f":0.5329153605
      },
      "obl:arg":{
        "p":0.6494688923,
        "r":0.7181208054,
        "f":0.6820717131
      },
      "dep":{
        "p":0.0,
        "r":0.0,
        "f":0.0
      },
      "ccomp":{
        "p":0.488,
        "r":0.4668367347,
        "f":0.4771838331
      },
      "discourse":{
        "p":0.7937551356,
        "r":0.7802907916,
        "f":0.7869653768
      },
      "orphan":{
        "p":0.2680412371,
        "r":0.2363636364,
        "f":0.2512077295
      },
      "parataxis":{
        "p":0.4761904762,
        "r":0.1960784314,
        "f":0.2777777778
      },
      "iobj":{
        "p":0.3941605839,
        "r":0.421875,
        "f":0.4075471698
      },
      "vocative":{
        "p":0.7225806452,
        "r":0.6327683616,
        "f":0.6746987952
      },
      "obl:agent":{
        "p":0.6444444444,
        "r":0.58,
        "f":0.6105263158
      },
      "nummod":{
        "p":0.6944444444,
        "r":0.6818181818,
        "f":0.6880733945
      },
      "fixed":{
        "p":0.6875,
        "r":0.44,
        "f":0.5365853659
      },
      "advcl:cmp":{
        "p":0.2631578947,
        "r":0.1666666667,
        "f":0.2040816327
      },
      "nsubj:outer":{
        "p":0.0,
        "r":0.0,
        "f":0.0
      },
      "csubj:pass":{
        "p":0.4,
        "r":0.1666666667,
        "f":0.2352941176
      },
      "aux:pass":{
        "p":0.0,
        "r":0.0,
        "f":0.0
      },
      "aux":{
        "p":0.0,
        "r":0.0,
        "f":0.0
      }
    }
  },
  "trainable_lemmatizer":{
    "lemma_acc":0.8729782238
  },
  "tagger":{
    "tag_acc":0.8949443303
  },
  "morphologizer":{
    "pos_acc":0.9560843906,
    "morph_acc":0.9152271044,
    "morph_micro_p":0.9611921763,
    "morph_micro_r":0.9578406943,
    "morph_micro_f":0.9595135088,
    "morph_per_feat":{
      "Case":{
        "p":0.9630183549,
        "r":0.9587600957,
        "f":0.9608845076
      },
      "Gender":{
        "p":0.9291926597,
        "r":0.9268713663,
        "f":0.9280305614
      },
      "Number":{
        "p":0.9842144177,
        "r":0.9800117794,
        "f":0.9821086026
      },
      "Aspect":{
        "p":0.9417411453,
        "r":0.937088274,
        "f":0.9394089483
      },
      "Mood":{
        "p":0.9542994588,
        "r":0.9508687837,
        "f":0.9525810324
      },
      "Person":{
        "p":0.9656652361,
        "r":0.9602194787,
        "f":0.962934658
      },
      "Tense":{
        "p":0.9482292179,
        "r":0.9459028459,
        "f":0.9470646033
      },
      "VerbForm":{
        "p":0.9798377182,
        "r":0.977434388,
        "f":0.9786345776
      },
      "Voice":{
        "p":0.9590355517,
        "r":0.9575042987,
        "f":0.9582693135
      },
      "Definite":{
        "p":0.9868517166,
        "r":0.9941133186,
        "f":0.9904692082
      },
      "PronType":{
        "p":0.9802617464,
        "r":0.9762820513,
        "f":0.9782678514
      },
      "Degree":{
        "p":0.8816199377,
        "r":0.8816199377,
        "f":0.8816199377
      },
      "Polarity":{
        "p":0.9974025974,
        "r":0.9795918367,
        "f":0.9884169884
      },
      "Poss":{
        "p":1.0,
        "r":0.575,
        "f":0.7301587302
      },
      "Reflex":{
        "p":1.0,
        "r":0.9759036145,
        "f":0.987804878
      }
    }
  },
  "speed":4144.1477698851
}