{
  "tokenizer":{
    "token_acc":1.0,
    "token_p":0.997476277,
    "token_r":0.9991405026,
    "token_f":0.9983076962
  },
  "transformer":{

  },
  "parser":{
    "sents_p":0.3602538217,
    "sents_r":0.5519222271,
    "sents_f":0.4359511344,
    "dep_uas":0.2945234906,
    "dep_las":0.0758911654,
    "dep_las_per_type":{
      "discourse":{
        "p":0.1577540107,
        "r":0.0874074074,
        "f":0.1124880839
      },
      "case":{
        "p":0.2620689655,
        "r":0.0714733542,
        "f":0.1123152709
      },
      "root":{
        "p":0.2717579251,
        "r":0.4167034909,
        "f":0.3289726147
      },
      "nsubj":{
        "p":0.0461121157,
        "r":0.0357894737,
        "f":0.0403002766
      },
      "det":{
        "p":0.0080878105,
        "r":0.0137524558,
        "f":0.010185522
      },
      "nmod":{
        "p":0.01578354,
        "r":0.0300429185,
        "f":0.0206947524
      },
      "cop":{
        "p":0.0048780488,
        "r":0.0025510204,
        "f":0.0033500838
      },
      "obj":{
        "p":0.0753012048,
        "r":0.0165672631,
        "f":0.0271591526
      },
      "mark":{
        "p":0.2181818182,
        "r":0.0319148936,
        "f":0.0556844548
      },
      "advcl":{
        "p":0.0148148148,
        "r":0.0040733198,
        "f":0.0063897764
      },
      "amod":{
        "p":0.0163551402,
        "r":0.009009009,
        "f":0.0116182573
      },
      "obl":{
        "p":0.0750670241,
        "r":0.0574555404,
        "f":0.06509105
      },
      "conj":{
        "p":0.0215362527,
        "r":0.0274473925,
        "f":0.0241351569
      },
      "advmod":{
        "p":0.0740740741,
        "r":0.0582822086,
        "f":0.0652360515
      },
      "orphan":{
        "p":0.0008190008,
        "r":0.0084033613,
        "f":0.0014925373
      },
      "obl:arg":{
        "p":0.027027027,
        "r":0.0128205128,
        "f":0.0173913043
      },
      "cc":{
        "p":0.1145038168,
        "r":0.0298804781,
        "f":0.0473933649
      },
      "expl:pv":{
        "p":0.0,
        "r":0.0,
        "f":0.0
      },
      "acl":{
        "p":0.0,
        "r":0.0,
        "f":0.0
      },
      "fixed":{
        "p":0.0040983607,
        "r":0.0204081633,
        "f":0.0068259386
      },
      "dep":{
        "p":0.0003502627,
        "r":0.0294117647,
        "f":0.0006922811
      },
      "dislocated":{
        "p":0.005,
        "r":0.0175438596,
        "f":0.0077821012
      },
      "nsubj:pass":{
        "p":0.0,
        "r":0.0,
        "f":0.0
      },
      "ccomp":{
        "p":0.021978022,
        "r":0.0119760479,
        "f":0.015503876
      },
      "vocative":{
        "p":0.0053763441,
        "r":0.006097561,
        "f":0.0057142857
      },
      "flat:name":{
        "p":0.0,
        "r":0.0,
        "f":0.0
      },
      "xcomp":{
        "p":0.0026666667,
        "r":0.003164557,
        "f":0.002894356
      },
      "appos":{
        "p":0.0074183976,
        "r":0.0253807107,
        "f":0.0114810563
      },
      "parataxis":{
        "p":0.0093457944,
        "r":0.0434782609,
        "f":0.0153846154
      },
      "aux":{
        "p":0.0,
        "r":0.0,
        "f":0.0
      },
      "advcl:cmp":{
        "p":0.0,
        "r":0.0,
        "f":0.0
      },
      "obl:agent":{
        "p":0.0,
        "r":0.0,
        "f":0.0
      },
      "csubj":{
        "p":0.0,
        "r":0.0,
        "f":0.0
      },
      "nsubj:outer":{
        "p":0.0,
        "r":0.0,
        "f":0.0
      },
      "nummod":{
        "p":0.0,
        "r":0.0,
        "f":0.0
      },
      "csubj:pass":{
        "p":0.0,
        "r":0.0,
        "f":0.0
      },
      "aux:pass":{
        "p":0.0,
        "r":0.0,
        "f":0.0
      }
    }
  },
  "trainable_lemmatizer":{
    "lemma_acc":0.2189607699
  },
  "tagger":{
    "tag_acc":0.0648714192
  },
  "morphologizer":{
    "pos_acc":0.2122283982,
    "morph_acc":0.1669572248,
    "morph_micro_p":0.3007053067,
    "morph_micro_r":0.1780551703,
    "morph_micro_f":0.2236698189,
    "morph_per_feat":{
      "Case":{
        "p":0.1830518697,
        "r":0.1140763014,
        "f":0.1405580641
      },
      "Gender":{
        "p":0.2506049607,
        "r":0.1689437194,
        "f":0.2018270402
      },
      "Number":{
        "p":0.5624350237,
        "r":0.3566510401,
        "f":0.4365054462
      },
      "Person":{
        "p":0.2313522138,
        "r":0.1072881983,
        "f":0.1465942121
      },
      "PronType":{
        "p":0.197,
        "r":0.0803425775,
        "f":0.1141367323
      },
      "Mood":{
        "p":0.2450787402,
        "r":0.1649006623,
        "f":0.1971496437
      },
      "Tense":{
        "p":0.2068965517,
        "r":0.1130620985,
        "f":0.1462198837
      },
      "VerbForm":{
        "p":0.2805642633,
        "r":0.152991453,
        "f":0.1980088496
      },
      "Voice":{
        "p":0.3953761755,
        "r":0.2160599572,
        "f":0.2794239823
      },
      "Variant":{
        "p":0.0,
        "r":0.0,
        "f":0.0
      },
      "Degree":{
        "p":0.0927116827,
        "r":0.1332819723,
        "f":0.1093552465
      },
      "Reflex":{
        "p":0.0,
        "r":0.0,
        "f":0.0
      },
      "Aspect":{
        "p":0.0837209302,
        "r":0.0778097983,
        "f":0.0806572069
      },
      "Poss":{
        "p":0.0,
        "r":0.0,
        "f":0.0
      },
      "Polarity":{
        "p":0.2,
        "r":0.012345679,
        "f":0.023255814
      },
      "Definite":{
        "p":0.0,
        "r":0.0,
        "f":0.0
      }
    }
  },
  "speed":2475.0819145019
}