{
  "tokenizer":{
    "token_acc":0.9996152111,
    "token_p":0.9922378791,
    "token_r":0.9963360691,
    "token_f":0.9942827512
  },
  "transformer":{

  },
  "parser":{
    "sents_p":0.6744033282,
    "sents_r":0.816542948,
    "sents_f":0.7386976856,
    "dep_uas":0.3140018484,
    "dep_las":0.1012857033,
    "dep_las_per_type":{
      "root":{
        "p":0.3429382231,
        "r":0.4164899258,
        "f":0.3761522806
      },
      "cc":{
        "p":0.0117222723,
        "r":0.0077357929,
        "f":0.0093206668
      },
      "mark":{
        "p":0.3159108378,
        "r":0.1175293108,
        "f":0.1713213839
      },
      "amod":{
        "p":0.0266666667,
        "r":0.00433213,
        "f":0.0074534161
      },
      "nsubj:pass":{
        "p":0.0,
        "r":0.0,
        "f":0.0
      },
      "advmod:neg":{
        "p":0.0,
        "r":0.0,
        "f":0.0
      },
      "advcl":{
        "p":0.0583887657,
        "r":0.0618395303,
        "f":0.0600646265
      },
      "case":{
        "p":0.2693679918,
        "r":0.1699083749,
        "f":0.2083785116
      },
      "nsubj":{
        "p":0.1001890359,
        "r":0.0971808389,
        "f":0.0986620128
      },
      "obl":{
        "p":0.1195758885,
        "r":0.1232793522,
        "f":0.121399382
      },
      "acl:relcl":{
        "p":0.0,
        "r":0.0,
        "f":0.0
      },
      "nmod":{
        "p":0.0550256787,
        "r":0.1518218623,
        "f":0.0807754443
      },
      "obj":{
        "p":0.0662570131,
        "r":0.124248497,
        "f":0.0864262067
      },
      "advmod":{
        "p":0.0490776192,
        "r":0.1260616898,
        "f":0.0706501315
      },
      "csubj:pass":{
        "p":0.0,
        "r":0.0,
        "f":0.0
      },
      "cop":{
        "p":0.1143085532,
        "r":0.0863005432,
        "f":0.098349381
      },
      "advmod:lmod":{
        "p":0.0,
        "r":0.0,
        "f":0.0
      },
      "det":{
        "p":0.0543624161,
        "r":0.0195604926,
        "f":0.0287693127
      },
      "fixed":{
        "p":0.017699115,
        "r":0.0103626943,
        "f":0.0130718954
      },
      "obl:arg":{
        "p":0.0,
        "r":0.0,
        "f":0.0
      },
      "appos":{
        "p":0.0109140518,
        "r":0.0094451004,
        "f":0.0101265823
      },
      "conj":{
        "p":0.2000542152,
        "r":0.2087694484,
        "f":0.2043189369
      },
      "xcomp":{
        "p":0.0208279094,
        "r":0.0705467372,
        "f":0.032160804
      },
      "ccomp:relcl":{
        "p":0.0,
        "r":0.0,
        "f":0.0
      },
      "acl":{
        "p":0.0132231405,
        "r":0.0059612519,
        "f":0.0082177709
      },
      "dep":{
        "p":0.0,
        "r":0.0,
        "f":0.0
      },
      "discourse":{
        "p":0.1756756757,
        "r":0.0102362205,
        "f":0.0193452381
      },
      "orphan":{
        "p":0.0,
        "r":0.0,
        "f":0.0
      },
      "csubj":{
        "p":0.0181818182,
        "r":0.0016447368,
        "f":0.0030165913
      },
      "advmod:emph":{
        "p":0.0,
        "r":0.0,
        "f":0.0
      },
      "flat":{
        "p":0.0,
        "r":0.0,
        "f":0.0
      },
      "dislocated:obj":{
        "p":0.0,
        "r":0.0,
        "f":0.0
      },
      "nummod":{
        "p":0.0,
        "r":0.0,
        "f":0.0
      },
      "compound":{
        "p":0.0,
        "r":0.0,
        "f":0.0
      },
      "ccomp":{
        "p":0.0506329114,
        "r":0.0576131687,
        "f":0.0538979788
      },
      "ccomp:reported":{
        "p":0.0,
        "r":0.0,
        "f":0.0
      },
      "vocative":{
        "p":0.0029585799,
        "r":0.0714285714,
        "f":0.0056818182
      },
      "iobj":{
        "p":0.0,
        "r":0.0,
        "f":0.0
      },
      "aux:pass":{
        "p":0.0,
        "r":0.0,
        "f":0.0
      },
      "csubj:relcl":{
        "p":0.0,
        "r":0.0,
        "f":0.0
      },
      "advcl:abs":{
        "p":0.0,
        "r":0.0,
        "f":0.0
      },
      "aux":{
        "p":0.0,
        "r":0.0,
        "f":0.0
      },
      "conj:expl":{
        "p":0.0,
        "r":0.0,
        "f":0.0
      },
      "advcl:cmp":{
        "p":0.0,
        "r":0.0,
        "f":0.0
      },
      "advcl:pred":{
        "p":0.0,
        "r":0.0,
        "f":0.0
      },
      "obl:agent":{
        "p":0.0,
        "r":0.0,
        "f":0.0
      },
      "obl:lmod":{
        "p":0.0,
        "r":0.0,
        "f":0.0
      },
      "dislocated:nsubj":{
        "p":0.0,
        "r":0.0,
        "f":0.0
      },
      "advmod:tmod":{
        "p":0.0,
        "r":0.0,
        "f":0.0
      },
      "expl:pass":{
        "p":0.0,
        "r":0.0,
        "f":0.0
      },
      "parataxis":{
        "p":0.0,
        "r":0.0,
        "f":0.0
      },
      "reparandum":{
        "p":0.0,
        "r":0.0,
        "f":0.0
      },
      "advcl:relcl":{
        "p":0.0,
        "r":0.0,
        "f":0.0
      },
      "obl:tmod":{
        "p":0.0,
        "r":0.0,
        "f":0.0
      },
      "dislocated":{
        "p":0.0,
        "r":0.0,
        "f":0.0
      },
      "nsubj:outer":{
        "p":0.0,
        "r":0.0,
        "f":0.0
      },
      "flat:name":{
        "p":0.0,
        "r":0.0,
        "f":0.0
      },
      "obl:cmp":{
        "p":0.0,
        "r":0.0,
        "f":0.0
      },
      "cop:outer":{
        "p":0.0,
        "r":0.0,
        "f":0.0
      },
      "csubj:outer":{
        "p":0.0,
        "r":0.0,
        "f":0.0
      },
      "flat:foreign":{
        "p":0.0,
        "r":0.0,
        "f":0.0
      },
      "parataxis:reporting":{
        "p":0.0,
        "r":0.0,
        "f":0.0
      },
      "csubj:cleft":{
        "p":0.0,
        "r":0.0,
        "f":0.0
      },
      "csubj:reported":{
        "p":0.0,
        "r":0.0,
        "f":0.0
      },
      "dislocated:csubj":{
        "p":0.0,
        "r":0.0,
        "f":0.0
      }
    }
  },
  "trainable_lemmatizer":{
    "lemma_acc":0.4881873009
  },
  "tagger":{
    "tag_acc":0.0
  },
  "morphologizer":{
    "pos_acc":0.4555045963,
    "morph_acc":0.2983287205,
    "morph_micro_p":0.3949771843,
    "morph_micro_r":0.2748683118,
    "morph_micro_f":0.3241544878,
    "morph_per_feat":{
      "Case":{
        "p":0.2400278293,
        "r":0.2097932472,
        "f":0.2238944343
      },
      "Gender":{
        "p":0.3096638375,
        "r":0.2722225486,
        "f":0.2897386193
      },
      "InflClass":{
        "p":0.0,
        "r":0.0,
        "f":0.0
      },
      "Number":{
        "p":0.621643677,
        "r":0.5550202125,
        "f":0.5864458131
      },
      "Polarity":{
        "p":0.8571428571,
        "r":0.0044020543,
        "f":0.0087591241
      },
      "Aspect":{
        "p":0.5187919463,
        "r":0.0774316338,
        "f":0.1347511549
      },
      "Mood":{
        "p":0.4145249968,
        "r":0.524680369,
        "f":0.4631428571
      },
      "Person":{
        "p":0.4331306991,
        "r":0.4094337364,
        "f":0.4209489815
      },
      "Tense":{
        "p":0.1881952744,
        "r":0.3312833792,
        "f":0.240032833
      },
      "VerbForm":{
        "p":0.5586910562,
        "r":0.4783943329,
        "f":0.5154341927
      },
      "Voice":{
        "p":0.2670576189,
        "r":0.3001046025,
        "f":0.2826183323
      },
      "PronType":{
        "p":0.4230769231,
        "r":0.0029864253,
        "f":0.0059309849
      },
      "Reflex":{
        "p":0.0,
        "r":0.0,
        "f":0.0
      },
      "InflClass[nominal]":{
        "p":0.0,
        "r":0.0,
        "f":0.0
      },
      "AdvType":{
        "p":0.0,
        "r":0.0,
        "f":0.0
      },
      "Number[psor]":{
        "p":0.0,
        "r":0.0,
        "f":0.0
      },
      "Person[psor]":{
        "p":0.0,
        "r":0.0,
        "f":0.0
      },
      "Poss":{
        "p":0.0,
        "r":0.0,
        "f":0.0
      },