{
  "tokenizer":{
    "token_acc":0.9995570601,
    "token_p":0.9645015345,
    "token_r":0.9836092021,
    "token_f":0.9739616613
  },
  "transformer":{

  },
  "parser":{
    "sents_p":0.6490295134,
    "sents_r":0.7886914378,
    "sents_f":0.7120770128,
    "dep_uas":0.4097090266,
    "dep_las":0.1536841066,
    "dep_las_per_type":{
      "discourse":{
        "p":0.2924528302,
        "r":0.2590529248,
        "f":0.2747415066
      },
      "vocative":{
        "p":0.0145985401,
        "r":0.0100502513,
        "f":0.0119047619
      },
      "root":{
        "p":0.4027375625,
        "r":0.4943457189,
        "f":0.4438642298
      },
      "advmod":{
        "p":0.1490702805,
        "r":0.2954403498,
        "f":0.198156682
      },
      "advcl":{
        "p":0.0482374768,
        "r":0.0568306011,
        "f":0.0521826392
      },
      "expl:pv":{
        "p":0.0,
        "r":0.0,
        "f":0.0
      },
      "obl:arg":{
        "p":0.0330275229,
        "r":0.0350877193,
        "f":0.034026465
      },
      "nsubj":{
        "p":0.0735294118,
        "r":0.0422163588,
        "f":0.0536372779
      },
      "amod":{
        "p":0.0652663166,
        "r":0.0587044534,
        "f":0.0618117229
      },
      "dep":{
        "p":0.0034867503,
        "r":0.0662251656,
        "f":0.0066247102
      },
      "cop":{
        "p":0.0281690141,
        "r":0.0186335404,
        "f":0.0224299065
      },
      "case":{
        "p":0.5795148248,
        "r":0.1282051282,
        "f":0.2099609375
      },
      "obl":{
        "p":0.1593908629,
        "r":0.0597185242,
        "f":0.0868843387
      },
      "nummod":{
        "p":0.0041067762,
        "r":0.0108695652,
        "f":0.0059612519
      },
      "conj":{
        "p":0.1142546246,
        "r":0.1343283582,
        "f":0.1234809878
      },
      "appos":{
        "p":0.0293829579,
        "r":0.0422535211,
        "f":0.0346620451
      },
      "obl:agent":{
        "p":0.0,
        "r":0.0,
        "f":0.0
      },
      "det":{
        "p":0.0075414781,
        "r":0.0077760498,
        "f":0.0076569678
      },
      "cc":{
        "p":0.5346274921,
        "r":0.3394403731,
        "f":0.4152404238
      },
      "xcomp":{
        "p":0.0187760779,
        "r":0.0775862069,
        "f":0.0302351624
      },
      "nmod":{
        "p":0.025210084,
        "r":0.0761099366,
        "f":0.0378748027
      },
      "obj":{
        "p":0.1349282297,
        "r":0.0845323741,
        "f":0.1039439735
      },
      "dislocated":{
        "p":0.0198675497,
        "r":0.0303030303,
        "f":0.024
      },
      "parataxis":{
        "p":0.0115606936,
        "r":0.0217391304,
        "f":0.0150943396
      },
      "acl":{
        "p":0.0027322404,
        "r":0.0044052863,
        "f":0.0033726813
      },
      "ccomp":{
        "p":0.0309278351,
        "r":0.0303030303,
        "f":0.0306122449
      },
      "expl":{
        "p":0.0,
        "r":0.0,
        "f":0.0
      },
      "fixed":{
        "p":0.0,
        "r":0.0,
        "f":0.0
      },
      "nsubj:pass":{
        "p":0.0,
        "r":0.0,
        "f":0.0
      },
      "orphan":{
        "p":0.0160427807,
        "r":0.0123966942,
        "f":0.013986014
      },
      "aux":{
        "p":0.0,
        "r":0.0,
        "f":0.0
      },
      "mark":{
        "p":0.0733944954,
        "r":0.025,
        "f":0.0372960373
      },
      "aux:pass":{
        "p":0.0,
        "r":0.0,
        "f":0.0
      },
      "iobj":{
        "p":0.25,
        "r":0.0078125,
        "f":0.0151515152
      },
      "flat:name":{
        "p":0.0,
        "r":0.0,
        "f":0.0
      },
      "nummod:gov":{
        "p":0.0,
        "r":0.0,
        "f":0.0
      },
      "list":{
        "p":0.0,
        "r":0.0,
        "f":0.0
      },
      "advcl:cmp":{
        "p":0.0,
        "r":0.0,
        "f":0.0
      },
      "csubj":{
        "p":0.3333333333,
        "r":0.05,
        "f":0.0869565217
      },
      "flat":{
        "p":0.0,
        "r":0.0,
        "f":0.0
      },
      "acl:relcl":{
        "p":0.0,
        "r":0.0,
        "f":0.0
      },
      "nsubj:outer":{
        "p":0.0,
        "r":0.0,
        "f":0.0
      },
      "compound":{
        "p":0.0,
        "r":0.0,
        "f":0.0
      },
      "csubj:pass":{
        "p":0.0,
        "r":0.0,
        "f":0.0
      },
      "reparandum":{
        "p":0.0,
        "r":0.0,
        "f":0.0
      },
      "goeswith":{
        "p":0.0,
        "r":0.0,
        "f":0.0
      }
    }
  },
  "trainable_lemmatizer":{
    "lemma_acc":0.2972925429
  },
  "tagger":{
    "tag_acc":0.1223195554
  },
  "morphologizer":{
    "pos_acc":0.3691113748,
    "morph_acc":0.2521210953,
    "morph_micro_p":0.3532253399,
    "morph_micro_r":0.2872770903,
    "morph_micro_f":0.3168560901,
    "morph_per_feat":{
      "Case":{
        "p":0.2357639166,
        "r":0.1816950822,
        "f":0.2052280311
      },
      "Gender":{
        "p":0.3539516129,
        "r":0.2832343831,
        "f":0.3146687697
      },
      "Number":{
        "p":0.5454662794,
        "r":0.4428840914,
        "f":0.4888516151
      },
      "Mood":{
        "p":0.3425802139,
        "r":0.3597753598,
        "f":0.3509673001
      },
      "Person":{
        "p":0.2728954672,
        "r":0.1698330455,
        "f":0.2093683463
      },
      "Tense":{
        "p":0.3072534637,
        "r":0.3067534581,
        "f":0.3070032573
      },
      "VerbForm":{
        "p":0.3002445985,
        "r":0.2895616277,
        "f":0.2948063645
      },
      "Voice":{
        "p":0.4322396576,
        "r":0.418425725,
        "f":0.4252205293
      },
      "PronType":{
        "p":0.54,
        "r":0.1222725401,
        "f":0.1993957704
      },
      "Variant":{
        "p":0.0,
        "r":0.0,
        "f":0.0
      },
      "Reflex":{
        "p":0.0,
        "r":0.0,
        "f":0.0
      },
      "Aspect":{
        "p":0.1733333333,
        "r":0.3136729223,
        "f":0.2232824427
      },
      "Degree":{
        "p":0.1274763135,
        "r":0.2097307511,
        "f":0.1585714286
      },
      "Clitic":{
        "p":0.0,
        "r":0.0,
        "f":0.0
      },
      "Polarity":{
        "p":0.9540983607,
        "r":0.6961722488,
        "f":0.8049792531
      },
      "Poss":{
        "p":0.0,
        "r":0.0,
        "f":0.0
      },
      "Analyt":{
        "p":0.0,
        "r":0.0,
        "f":0.0
      },
      "NumType":{
        "p":0.0,
        "r":0.0,
        "f":0.0
      },
      "Definite":{
        "p":0.0,
        "r":0.0,
        "f":0.0
      },
      "Animacy":{
        "p":0.0,
        "r":0.0,
        "f":0.0
      },
      "NumForm":{
        "p":0.0,
        "r":0.0,
        "f":0.0
      },
      "NameType":{
        "p":0.0,
        "r":0.0,
        "f":0.0
      },
      "Abbr":{
        "p":0.0,
        "r":0.0,
        "f":0.0
      },
      "Typo":{
        "p":0.0,
        "r":0.0,
        "f":0.0
      }
    }
  },
  "speed":3210.1604915956
}