{
  "tokenizer":{
    "token_acc":1.0,
    "token_p":1.0,
    "token_r":1.0,
    "token_f":1.0
  },
  "transformer":{

  },
  "parser":{
    "sents_p":0.6172344689,
    "sents_r":0.77,
    "sents_f":0.6852057842,
    "dep_uas":0.2330524001,
    "dep_las":0.068156834,
    "dep_las_per_type":{
      "obl":{
        "p":0.025,
        "r":0.0054945055,
        "f":0.009009009
      },
      "vocative":{
        "p":0.0158730159,
        "r":0.0263157895,
        "f":0.0198019802
      },
      "advmod":{
        "p":0.0833333333,
        "r":0.0625,
        "f":0.0714285714
      },
      "case":{
        "p":0.0,
        "r":0.0,
        "f":0.0
      },
      "acl":{
        "p":0.0175438596,
        "r":0.0086206897,
        "f":0.0115606936
      },
      "conj":{
        "p":0.0694444444,
        "r":0.0852272727,
        "f":0.0765306122
      },
      "amod":{
        "p":0.0,
        "r":0.0,
        "f":0.0
      },
      "obj":{
        "p":0.0,
        "r":0.0,
        "f":0.0
      },
      "root":{
        "p":0.2344689379,
        "r":0.2925,
        "f":0.2602892102
      },
      "nsubj":{
        "p":0.0471204188,
        "r":0.0282131661,
        "f":0.0352941176
      },
      "nmod":{
        "p":0.0102040816,
        "r":0.0064102564,
        "f":0.0078740157
      },
      "nummod":{
        "p":0.0,
        "r":0.0,
        "f":0.0
      },
      "dep":{
        "p":0.0,
        "r":0.0,
        "f":0.0
      },
      "appos":{
        "p":0.0135135135,
        "r":0.125,
        "f":0.0243902439
      },
      "xcomp":{
        "p":0.0134680135,
        "r":0.0769230769,
        "f":0.0229226361
      },
      "advcl":{
        "p":0.0,
        "r":0.0,
        "f":0.0
      },
      "orphan":{
        "p":0.0,
        "r":0.0,
        "f":0.0
      },
      "discourse":{
        "p":0.2051282051,
        "r":0.1758241758,
        "f":0.1893491124
      },
      "cc":{
        "p":0.0,
        "r":0.0,
        "f":0.0
      },
      "parataxis":{
        "p":0.0,
        "r":0.0,
        "f":0.0
      },
      "iobj":{
        "p":0.0,
        "r":0.0,
        "f":0.0
      },
      "det":{
        "p":0.0,
        "r":0.0,
        "f":0.0
      },
      "cop":{
        "p":0.0666666667,
        "r":0.0303030303,
        "f":0.0416666667
      },
      "ccomp":{
        "p":0.0,
        "r":0.0,
        "f":0.0
      },
      "mark":{
        "p":0.0,
        "r":0.0,
        "f":0.0
      },
      "obl:arg":{
        "p":0.0,
        "r":0.0,
        "f":0.0
      },
      "dislocated":{
        "p":0.0,
        "r":0.0,
        "f":0.0
      },
      "aux":{
        "p":0.0,
        "r":0.0,
        "f":0.0
      },
      "fixed":{
        "p":0.0,
        "r":0.0,
        "f":0.0
      },
      "compound":{
        "p":0.0,
        "r":0.0,
        "f":0.0
      },
      "advcl:cmp":{
        "p":0.0,
        "r":0.0,
        "f":0.0
      },
      "flat":{
        "p":0.0,
        "r":0.0,
        "f":0.0
      },
      "csubj":{
        "p":0.0,
        "r":0.0,
        "f":0.0
      }
    }
  },
  "trainable_lemmatizer":{
    "lemma_acc":0.2502748259
  },
  "tagger":{
    "tag_acc":0.0
  },
  "morphologizer":{
    "pos_acc":0.2836203738,
    "morph_acc":0.1150604617,
    "morph_micro_p":0.2283172721,
    "morph_micro_r":0.2702544604,
    "morph_micro_f":0.2475221002,
    "morph_per_feat":{
      "Case":{
        "p":0.1882102273,
        "r":0.1620795107,
        "f":0.1741702267
      },
      "Number":{
        "p":0.5527986151,
        "r":0.4645974782,
        "f":0.5048748353
      },
      "Gender":{
        "p":0.3070301291,
        "r":0.2685069009,
        "f":0.2864792503
      },
      "Tense":{
        "p":0.1482517483,
        "r":0.1952117864,
        "f":0.1685214626
      },
      "VerbForm":{
        "p":0.013986014,
        "r":0.0729927007,
        "f":0.0234741784
      },
      "Mood":{
        "p":0.1446153846,
        "r":0.1100702576,
        "f":0.125
      },
      "Person":{
        "p":0.1036585366,
        "r":0.0796252927,
        "f":0.0900662252
      },
      "Voice":{
        "p":0.0,
        "r":0.0,
        "f":0.0
      },
      "Degree":{
        "p":0.0,
        "r":0.0,
        "f":0.0
      },
      "Aspect":{
        "p":0.0,
        "r":0.0,
        "f":0.0
      },
      "PronType":{
        "p":0.0,
        "r":0.0,
        "f":0.0
      }
    }
  },
  "speed":897.1272095523
}