{
  "tokenizer":{
    "token_acc":0.9996132525,
    "token_p":0.9992265051,
    "token_r":0.9990547798,
    "token_f":0.9991406351
  },
  "transformer":{

  },
  "parser":{
    "sents_p":0.7184822521,
    "sents_r":0.8401717557,
    "sents_f":0.7745766439,
    "dep_uas":0.4212708388,
    "dep_las":0.1910622327,
    "dep_las_per_type":{
      "ccomp":{
        "p":0.0694444444,
        "r":0.0464037123,
        "f":0.0556328234
      },
      "nsubj":{
        "p":0.1687219731,
        "r":0.1628787879,
        "f":0.1657488987
      },
      "root":{
        "p":0.49000408,
        "r":0.5729961832,
        "f":0.5282603915
      },
      "cop":{
        "p":0.2336769759,
        "r":0.133072407,
        "f":0.1695760599
      },
      "advmod":{
        "p":0.0864389234,
        "r":0.1136054422,
        "f":0.0981775426
      },
      "dep":{
        "p":0.0,
        "r":0.0,
        "f":0.0
      },
      "appos":{
        "p":0.0198412698,
        "r":0.0920245399,
        "f":0.0326441785
      },
      "case":{
        "p":0.4968944099,
        "r":0.3255813953,
        "f":0.3933965578
      },
      "obj":{
        "p":0.1117647059,
        "r":0.0696821516,
        "f":0.0858433735
      },
      "obl":{
        "p":0.1882519462,
        "r":0.1565626839,
        "f":0.1709511568
      },
      "det":{
        "p":0.0539033457,
        "r":0.0276453765,
        "f":0.0365469439
      },
      "discourse":{
        "p":0.3698113208,
        "r":0.259602649,
        "f":0.3050583658
      },
      "nmod":{
        "p":0.0497695853,
        "r":0.0594059406,
        "f":0.0541624875
      },
      "nsubj:pass":{
        "p":0.1428571429,
        "r":0.00243309,
        "f":0.004784689
      },
      "acl":{
        "p":0.0363288719,
        "r":0.0360531309,
        "f":0.0361904762
      },
      "xcomp":{
        "p":0.0408163265,
        "r":0.0952380952,
        "f":0.0571428571
      },
      "cc":{
        "p":0.625,
        "r":0.387409201,
        "f":0.4783258595
      },
      "conj":{
        "p":0.1820054945,
        "r":0.1917510854,
        "f":0.1867512333
      },
      "advcl":{
        "p":0.1055214724,
        "r":0.146883006,
        "f":0.122813281
      },
      "obl:arg":{
        "p":0.023923445,
        "r":0.0248756219,
        "f":0.0243902439
      },
      "orphan":{
        "p":0.0182481752,
        "r":0.0462962963,
        "f":0.0261780105
      },
      "advcl:cmp":{
        "p":0.0,
        "r":0.0,
        "f":0.0
      },
      "nsubj:outer":{
        "p":0.0,
        "r":0.0,
        "f":0.0
      },
      "mark":{
        "p":0.4139344262,
        "r":0.2569974555,
        "f":0.31711146
      },
      "amod":{
        "p":0.0352,
        "r":0.0337941628,
        "f":0.0344827586
      },
      "aux":{
        "p":0.0,
        "r":0.0,
        "f":0.0
      },
      "obl:agent":{
        "p":0.0,
        "r":0.0,
        "f":0.0
      },
      "parataxis":{
        "p":0.0028328612,
        "r":0.0178571429,
        "f":0.0048899756
      },
      "nummod":{
        "p":0.0208333333,
        "r":0.0294117647,
        "f":0.0243902439
      },
      "fixed":{
        "p":0.0230769231,
        "r":0.0410958904,
        "f":0.0295566502
      },
      "vocative":{
        "p":0.0184331797,
        "r":0.0588235294,
        "f":0.0280701754
      },
      "advmod:neg":{
        "p":0.0,
        "r":0.0,
        "f":0.0
      },
      "aux:pass":{
        "p":0.0,
        "r":0.0,
        "f":0.0
      },
      "dislocated":{
        "p":0.0078740157,
        "r":0.0144927536,
        "f":0.0102040816
      },
      "csubj":{
        "p":0.0,
        "r":0.0,
        "f":0.0
      },
      "advmod:tmod":{
        "p":0.0,
        "r":0.0,
        "f":0.0
      },
      "csubj:pass":{
        "p":0.0,
        "r":0.0,
        "f":0.0
      },
      "acl:relcl":{
        "p":0.0,
        "r":0.0,
        "f":0.0
      },
      "flat:name":{
        "p":0.0,
        "r":0.0,
        "f":0.0
      },
      "advmod:emph":{
        "p":0.0,
        "r":0.0,
        "f":0.0
      },
      "flat:foreign":{
        "p":0.0,
        "r":0.0,
        "f":0.0
      },
      "advcl:abs":{
        "p":0.0,
        "r":0.0,
        "f":0.0
      },
      "advmod:lmod":{
        "p":0.0,
        "r":0.0,
        "f":0.0
      },
      "iobj":{
        "p":0.0,
        "r":0.0,
        "f":0.0
      },
      "conj:expl":{
        "p":0.0,
        "r":0.0,
        "f":0.0
      }
    }
  },
  "trainable_lemmatizer":{
    "lemma_acc":0.3955992006
  },
  "tagger":{
    "tag_acc":0.2009154006
  },
  "morphologizer":{
    "pos_acc":0.4857314767,
    "morph_acc":0.2601370952,
    "morph_micro_p":0.4414665413,
    "morph_micro_r":0.3619851158,
    "morph_micro_f":0.39779448,
    "morph_per_feat":{
      "Case":{
        "p":0.2537575425,
        "r":0.2011129467,
        "f":0.2243888242
      },
      "Gender":{
        "p":0.3421864668,
        "r":0.2771579041,
        "f":0.3062583222
      },
      "Number":{
        "p":0.5992902208,
        "r":0.4927376475,
        "f":0.5408156003
      },
      "PronType":{
        "p":0.4590163934,
        "r":0.1946830266,
        "f":0.2734060885
      },
      "Person":{
        "p":0.5172848852,
        "r":0.3585796747,
        "f":0.423553719
      },
      "Mood":{
        "p":0.5573632539,
        "r":0.5016409997,
        "f":0.5280361414
      },
      "Tense":{
        "p":0.3586206897,
        "r":0.3433962264,
        "f":0.3508433735
      },
      "VerbForm":{
        "p":0.5956650246,
        "r":0.5463582144,
        "f":0.5699472097
      },
      "Voice":{
        "p":0.5485714286,
        "r":0.5167037862,
        "f":0.5321609481
      },
      "Polarity":{
        "p":0.3925233645,
        "r":0.1206896552,
        "f":0.1846153846
      },
      "Aspect":{
        "p":0.232195122,
        "r":0.2006745363,
        "f":0.2152872004
      },
      "Degree":{
        "p":0.0923913043,
        "r":0.1139240506,
        "f":0.1020340113
      },
      "Reflex":{
        "p":0.0,
        "r":0.0,
        "f":0.0
      },
      "Poss":{
        "p":0.0,
        "r":0.0,
        "f":0.0
      },
      "Definite":{
        "p":0.0,
        "r":0.0,
        "f":0.0
      },
      "NumType":{
        "p":0.0,
        "r":0.0,
        "f":0.0
      },
      "NumForm":{
        "p":0.0,
        "r":0.0,
        "f":0.0
      },
      "AdvType":{
        "p":0.0,
        "r":0.0,
        "f":0.0
      },
      "AdpType":{
        "p":0.0,
        "r":0.0,
        "f":0.0
      },
      "Number[psor]":{
        "p":0.0,
        "r":0.0,
        "f":0.0
      },
      "Person[psor]":{
        "p":0.0,
        "r":0.0,
        "f":0.0
      },
      "Typo":{
        "p":0.0,
        "r":0.0,
        "f":0.0
      },
      "Compound":{
        "p":0.0,
        "r":0.0,
        "f":0.0
      }
    }
  },
  "speed":3351.6132431028
}