{
  "tokenizer":{
    "token_acc":0.9996132525,
    "token_p":0.9992265051,
    "token_r":0.9990547798,
    "token_f":0.9991406351
  },
  "transformer":{

  },
  "parser":{
    "sents_p":0.3706271667,
    "sents_r":0.5610687023,
    "sents_f":0.4463845132,
    "dep_uas":0.3233266428,
    "dep_las":0.0903656515,
    "dep_las_per_type":{
      "ccomp":{
        "p":0.0185185185,
        "r":0.0069605568,
        "f":0.0101180438
      },
      "nsubj":{
        "p":0.0693815988,
        "r":0.0497835498,
        "f":0.0579710145
      },
      "root":{
        "p":0.2943586511,
        "r":0.445610687,
        "f":0.3545264756
      },
      "cop":{
        "p":0.040201005,
        "r":0.0156555773,
        "f":0.0225352113
      },
      "advmod":{
        "p":0.0383895131,
        "r":0.0278911565,
        "f":0.0323089046
      },
      "det":{
        "p":0.0182303246,
        "r":0.0390848427,
        "f":0.0248635537
      },
      "discourse":{
        "p":0.2352941176,
        "r":0.1536423841,
        "f":0.1858974359
      },
      "obj":{
        "p":0.072653885,
        "r":0.04400978,
        "f":0.0548153788
      },
      "xcomp":{
        "p":0.0101351351,
        "r":0.0336134454,
        "f":0.0155743024
      },
      "case":{
        "p":0.3959243086,
        "r":0.1581395349,
        "f":0.2260074782
      },
      "obl":{
        "p":0.0868562644,
        "r":0.0665097116,
        "f":0.0753333333
      },
      "acl":{
        "p":0.0037037037,
        "r":0.0037950664,
        "f":0.0037488285
      },
      "nmod":{
        "p":0.0378548896,
        "r":0.0660066007,
        "f":0.0481154771
      },
      "nsubj:pass":{
        "p":0.0588235294,
        "r":0.00243309,
        "f":0.0046728972
      },
      "cc":{
        "p":0.246835443,
        "r":0.0944309927,
        "f":0.1366024518
      },
      "conj":{
        "p":0.0445969125,
        "r":0.0376266281,
        "f":0.0408163265
      },
      "advcl":{
        "p":0.0340909091,
        "r":0.0204953032,
        "f":0.0256
      },
      "dep":{
        "p":0.0,
        "r":0.0,
        "f":0.0
      },
      "appos":{
        "p":0.0065530799,
        "r":0.0306748466,
        "f":0.0107991361
      },
      "nsubj:outer":{
        "p":0.0,
        "r":0.0,
        "f":0.0
      },
      "mark":{
        "p":0.1140939597,
        "r":0.0216284987,
        "f":0.0363636364
      },
      "amod":{
        "p":0.024024024,
        "r":0.024577573,
        "f":0.0242976462
      },
      "aux":{
        "p":0.0,
        "r":0.0,
        "f":0.0
      },
      "obl:agent":{
        "p":0.0,
        "r":0.0,
        "f":0.0
      },
      "parataxis":{
        "p":0.0,
        "r":0.0,
        "f":0.0
      },
      "orphan":{
        "p":0.0013351135,
        "r":0.0092592593,
        "f":0.0023337223
      },
      "nummod":{
        "p":0.0153846154,
        "r":0.0098039216,
        "f":0.0119760479
      },
      "obl:arg":{
        "p":0.0683760684,
        "r":0.039800995,
        "f":0.0503144654
      },
      "advmod:neg":{
        "p":0.0,
        "r":0.0,
        "f":0.0
      },
      "dislocated":{
        "p":0.0063694268,
        "r":0.0144927536,
        "f":0.0088495575
      },
      "vocative":{
        "p":0.0135135135,
        "r":0.0441176471,
        "f":0.0206896552
      },
      "aux:pass":{
        "p":0.0,
        "r":0.0,
        "f":0.0
      },
      "advcl:cmp":{
        "p":0.0,
        "r":0.0,
        "f":0.0
      },
      "fixed":{
        "p":0.0220994475,
        "r":0.0547945205,
        "f":0.031496063
      },
      "csubj":{
        "p":0.0,
        "r":0.0,
        "f":0.0
      },
      "advmod:tmod":{
        "p":0.0,
        "r":0.0,
        "f":0.0
      },
      "csubj:pass":{
        "p":0.0,
        "r":0.0,
        "f":0.0
      },
      "acl:relcl":{
        "p":0.0,
        "r":0.0,
        "f":0.0
      },
      "flat:name":{
        "p":0.0,
        "r":0.0,
        "f":0.0
      },
      "iobj":{
        "p":0.0,
        "r":0.0,
        "f":0.0
      },
      "advmod:emph":{
        "p":0.0,
        "r":0.0,
        "f":0.0
      },
      "flat:foreign":{
        "p":0.0,
        "r":0.0,
        "f":0.0
      },
      "advcl:abs":{
        "p":0.0,
        "r":0.0,
        "f":0.0
      },
      "advmod:lmod":{
        "p":0.0,
        "r":0.0,
        "f":0.0
      },
      "conj:expl":{
        "p":0.0,
        "r":0.0,
        "f":0.0
      }
    }
  },
  "trainable_lemmatizer":{
    "lemma_acc":0.3956851537
  },
  "tagger":{
    "tag_acc":0.1269097707
  },
  "morphologizer":{
    "pos_acc":0.3267507575,
    "morph_acc":0.1740232948,
    "morph_micro_p":0.3064124783,
    "morph_micro_r":0.235399644,
    "morph_micro_f":0.2662523976,
    "morph_per_feat":{
      "Case":{
        "p":0.2240668524,
        "r":0.1748543605,
        "f":0.196425083
      },
      "Gender":{
        "p":0.2666592129,
        "r":0.2128894046,
        "f":0.2367598154
      },
      "Number":{
        "p":0.549135422,
        "r":0.415964207,
        "f":0.4733618654
      },
      "PronType":{
        "p":0.1291540785,
        "r":0.0699386503,
        "f":0.0907402494
      },
      "Person":{
        "p":0.195384129,
        "r":0.1080986531,
        "f":0.1391891892
      },
      "Mood":{
        "p":0.2826006649,
        "r":0.1931330472,
        "f":0.2294541092
      },
      "Tense":{
        "p":0.206788745,
        "r":0.1747169811,
        "f":0.1894047863
      },
      "VerbForm":{
        "p":0.2941045109,
        "r":0.2380263871,
        "f":0.2631105784
      },
      "Voice":{
        "p":0.3736042876,
        "r":0.3105048255,
        "f":0.3391445368
      },
      "Polarity":{
        "p":0.0,
        "r":0.0,
        "f":0.0
      },
      "Definite":{
        "p":0.0,
        "r":0.0,
        "f":0.0
      },
      "Degree":{
        "p":0.0897571278,
        "r":0.1265822785,
        "f":0.1050355267
      },
      "Aspect":{
        "p":0.1546067416,
        "r":0.1450252951,
        "f":0.1496628236
      },
      "Reflex":{
        "p":0.2,
        "r":0.0044843049,
        "f":0.0087719298
      },
      "Poss":{
        "p":0.0,
        "r":0.0,
        "f":0.0
      },
      "NumType":{
        "p":0.0,
        "r":0.0,
        "f":0.0
      },
      "NumForm":{
        "p":0.0,
        "r":0.0,
        "f":0.0
      },
      "AdvType":{
        "p":0.0,
        "r":0.0,
        "f":0.0
      },
      "AdpType":{
        "p":0.0,
        "r":0.0,
        "f":0.0
      },
      "Number[psor]":{
        "p":0.0,
        "r":0.0,
        "f":0.0
      },
      "Person[psor]":{
        "p":0.0,
        "r":0.0,
        "f":0.0
      },
      "Typo":{
        "p":0.0,
        "r":0.0,
        "f":0.0
      },
      "Compound":{
        "p":0.0,
        "r":0.0,
        "f":0.0
      }
    }
  },
  "speed":3384.7453840434
}