{
  "tokenizer":{
    "token_acc":0.9981644203,
    "token_p":0.9974335877,
    "token_r":0.9959947049,
    "token_f":0.996713627
  },
  "transformer":{

  },
  "parser":{
    "sents_p":0.5137058513,
    "sents_r":0.7144428152,
    "sents_f":0.5976694266,
    "dep_uas":0.2910932867,
    "dep_las":0.077033461,
    "dep_las_per_type":{
      "root":{
        "p":0.2207482091,
        "r":0.3048735801,
        "f":0.2560787935
      },
      "nsubj":{
        "p":0.1612623046,
        "r":0.0932685867,
        "f":0.1181837471
      },
      "advmod":{
        "p":0.0834803057,
        "r":0.1367356765,
        "f":0.1036685527
      },
      "mark":{
        "p":0.2384823848,
        "r":0.0281780339,
        "f":0.0504009164
      },
      "acl":{
        "p":0.0,
        "r":0.0,
        "f":0.0
      },
      "compound:prt":{
        "p":0.0,
        "r":0.0,
        "f":0.0
      },
      "obj":{
        "p":0.0823760157,
        "r":0.1039236479,
        "f":0.0919037199
      },
      "cc":{
        "p":0.0289172831,
        "r":0.024494446,
        "f":0.0265227448
      },
      "nmod":{
        "p":0.0015186707,
        "r":0.191011236,
        "f":0.003013383
      },
      "xcomp":{
        "p":0.0034590107,
        "r":0.0249376559,
        "f":0.0060753341
      },
      "conj":{
        "p":0.0818986719,
        "r":0.1101554747,
        "f":0.0939483707
      },
      "case":{
        "p":0.4115288221,
        "r":0.1671416938,
        "f":0.2377298393
      },
      "amod":{
        "p":0.0412926391,
        "r":0.0093419984,
        "f":0.0152368334
      },
      "obl":{
        "p":0.1023644752,
        "r":0.0621498599,
        "f":0.0773420479
      },
      "nmod:poss":{
        "p":0.0,
        "r":0.0,
        "f":0.0
      },
      "aux":{
        "p":0.0,
        "r":0.0,
        "f":0.0
      },
      "advcl":{
        "p":0.017282011,
        "r":0.0189982729,
        "f":0.0180995475
      },
      "iobj":{
        "p":0.0117647059,
        "r":0.0020964361,
        "f":0.0035587189
      },
      "det":{
        "p":0.0016286645,
        "r":0.001578532,
        "f":0.0016032064
      },
      "acl:relcl":{
        "p":0.0,
        "r":0.0,
        "f":0.0
      },
      "appos":{
        "p":0.0136612022,
        "r":0.0078247261,
        "f":0.0099502488
      },
      "ccomp":{
        "p":0.0873786408,
        "r":0.0062849162,
        "f":0.0117263844
      },
      "cop":{
        "p":0.0213299875,
        "r":0.0102533172,
        "f":0.0138492872
      },
      "expl":{
        "p":0.0,
        "r":0.0,
        "f":0.0
      },
      "dep":{
        "p":0.0,
        "r":0.0,
        "f":0.0
      },
      "vocative":{
        "p":0.0277777778,
        "r":0.0901639344,
        "f":0.0424710425
      },
      "nummod":{
        "p":0.0,
        "r":0.0,
        "f":0.0
      },
      "fixed":{
        "p":0.0038314176,
        "r":0.03125,
        "f":0.0068259386
      },
      "parataxis":{
        "p":0.0,
        "r":0.0,
        "f":0.0
      },
      "obl:arg":{
        "p":0.0,
        "r":0.0,
        "f":0.0
      },
      "flat:name":{
        "p":0.0,
        "r":0.0,
        "f":0.0
      },
      "discourse":{
        "p":0.0,
        "r":0.0,
        "f":0.0
      },
      "orphan":{
        "p":0.0,
        "r":0.0,
        "f":0.0
      },
      "csubj":{
        "p":0.0,
        "r":0.0,
        "f":0.0
      },
      "flat:foreign":{
        "p":0.0,
        "r":0.0,
        "f":0.0
      },
      "dislocated":{
        "p":0.0,
        "r":0.0,
        "f":0.0
      }
    }
  },
  "trainable_lemmatizer":{
    "lemma_acc":0.5154057339
  },
  "tagger":{
    "tag_acc":0.0
  },
  "morphologizer":{
    "pos_acc":0.3927375346,
    "morph_acc":0.2993029582,
    "morph_micro_p":0.3911819467,
    "morph_micro_r":0.2284230381,
    "morph_micro_f":0.2884255967,
    "morph_per_feat":{
      "Mood":{
        "p":0.3064208519,
        "r":0.1223971559,
        "f":0.1749228815
      },
      "Number":{
        "p":0.6068615298,
        "r":0.4700362353,
        "f":0.5297567105
      },
      "Person":{
        "p":0.2732997481,
        "r":0.0900414938,
        "f":0.1354556804
      },
      "Tense":{
        "p":0.1737477639,
        "r":0.0986541392,
        "f":0.1258503401
      },
      "VerbForm":{
        "p":0.313059034,
        "r":0.1325757576,
        "f":0.1862692922
      },
      "Voice":{
        "p":0.4263924197,
        "r":0.1747159091,
        "f":0.2478672667
      },
      "Case":{
        "p":0.2948225393,
        "r":0.2639747737,
        "f":0.2785471988
      },
      "Gender":{
        "p":0.3384615385,
        "r":0.3260052196,
        "f":0.3321166239
      },
      "PronType":{
        "p":0.4375,
        "r":0.0015186029,
        "f":0.0030266998
      },
      "Definite":{
        "p":0.0,
        "r":0.0,
        "f":0.0
      },
      "Degree":{
        "p":0.0311284047,
        "r":0.0055788006,
        "f":0.0094618569
      },
      "Foreign":{
        "p":0.0,
        "r":0.0,
        "f":0.0
      },
      "NumType":{
        "p":0.0,
        "r":0.0,
        "f":0.0
      },
      "Aspect":{
        "p":0.0,
        "r":0.0,
        "f":0.0
      },
      "Polarity":{
        "p":0.0,
        "r":0.0,
        "f":0.0
      }
    }
  },
  "speed":6155.5763784514
}