{
  "tokenizer":{
    "token_acc":1.0,
    "token_p":0.9963401882,
    "token_r":0.998777079,
    "token_f":0.9975571453
  },
  "transformer":{

  },
  "parser":{
    "sents_p":0.0973017171,
    "sents_r":0.2203703704,
    "sents_f":0.1349971639,
    "dep_uas":0.2876102331,
    "dep_las":0.0739965096,
    "dep_las_per_type":{
      "cc":{
        "p":0.0357142857,
        "r":0.0019157088,
        "f":0.0036363636
      },
      "xcomp":{
        "p":0.0,
        "r":0.0,
        "f":0.0
      },
      "root":{
        "p":0.1815208504,
        "r":0.4111111111,
        "f":0.2518434487
      },
      "nsubj":{
        "p":0.029154519,
        "r":0.044345898,
        "f":0.035180299
      },
      "nsubj:pass":{
        "p":0.0,
        "r":0.0,
        "f":0.0
      },
      "advmod":{
        "p":0.1830065359,
        "r":0.2320441989,
        "f":0.2046285018
      },
      "acl":{
        "p":0.0033222591,
        "r":0.0102040816,
        "f":0.0050125313
      },
      "case":{
        "p":0.3230769231,
        "r":0.041749503,
        "f":0.073943662
      },
      "obl":{
        "p":0.0386740331,
        "r":0.0159090909,
        "f":0.0225442834
      },
      "obj":{
        "p":0.0212765957,
        "r":0.0193370166,
        "f":0.020260492
      },
      "nmod":{
        "p":0.016985138,
        "r":0.0330578512,
        "f":0.0224403927
      },
      "det":{
        "p":0.0737327189,
        "r":0.0343347639,
        "f":0.046852123
      },
      "amod":{
        "p":0.0204081633,
        "r":0.0243902439,
        "f":0.0222222222
      },
      "appos":{
        "p":0.0,
        "r":0.0,
        "f":0.0
      },
      "conj":{
        "p":0.0212121212,
        "r":0.0410557185,
        "f":0.027972028
      },
      "advcl":{
        "p":0.0161290323,
        "r":0.0035714286,
        "f":0.0058479532
      },
      "vocative":{
        "p":0.0,
        "r":0.0,
        "f":0.0
      },
      "dep":{
        "p":0.0,
        "r":0.0,
        "f":0.0
      },
      "obl:arg":{
        "p":0.0,
        "r":0.0,
        "f":0.0
      },
      "discourse":{
        "p":0.1061452514,
        "r":0.1283783784,
        "f":0.1162079511
      },
      "mark":{
        "p":0.0476190476,
        "r":0.0049261084,
        "f":0.0089285714
      },
      "ccomp":{
        "p":0.0,
        "r":0.0,
        "f":0.0
      },
      "nummod":{
        "p":0.0,
        "r":0.0,
        "f":0.0
      },
      "orphan":{
        "p":0.0,
        "r":0.0,
        "f":0.0
      },
      "iobj":{
        "p":0.0,
        "r":0.0,
        "f":0.0
      },
      "dislocated":{
        "p":0.0,
        "r":0.0,
        "f":0.0
      },
      "cop":{
        "p":0.0,
        "r":0.0,
        "f":0.0
      },
      "flat":{
        "p":0.0,
        "r":0.0,
        "f":0.0
      },
      "flat:name":{
        "p":0.0,
        "r":0.0,
        "f":0.0
      },
      "advcl:cmp":{
        "p":0.0,
        "r":0.0,
        "f":0.0
      },
      "expl:pv":{
        "p":0.0,
        "r":0.0,
        "f":0.0
      },
      "parataxis":{
        "p":0.0,
        "r":0.0,
        "f":0.0
      },
      "obl:agent":{
        "p":0.0,
        "r":0.0,
        "f":0.0
      },
      "csubj:pass":{
        "p":0.0,
        "r":0.0,
        "f":0.0
      },
      "nsubj:outer":{
        "p":0.0,
        "r":0.0,
        "f":0.0
      }
    }
  },
  "trainable_lemmatizer":{
    "lemma_acc":0.4049218955
  },
  "tagger":{
    "tag_acc":0.0
  },
  "morphologizer":{
    "pos_acc":0.2590329901,
    "morph_acc":0.1469330774,
    "morph_micro_p":0.3259350208,
    "morph_micro_r":0.1956460117,
    "morph_micro_f":0.2445176604,
    "morph_per_feat":{
      "Case":{
        "p":0.1890772128,
        "r":0.174851968,
        "f":0.1816865726
      },
      "Degree":{
        "p":0.0,
        "r":0.0,
        "f":0.0
      },
      "Gender":{
        "p":0.2557706627,
        "r":0.2424135498,
        "f":0.2489130435
      },
      "Number":{
        "p":0.597668557,
        "r":0.4965968586,
        "f":0.54246497
      },
      "Strength":{
        "p":0.0,
        "r":0.0,
        "f":0.0
      },
      "Mood":{
        "p":0.0727969349,
        "r":0.0400421496,
        "f":0.0516655337
      },
      "Person":{
        "p":0.1570881226,
        "r":0.0529032258,
        "f":0.0791505792
      },
      "Tense":{
        "p":0.2774798928,
        "r":0.1597222222,
        "f":0.2027424094
      },
      "VerbForm":{
        "p":0.1362007168,
        "r":0.0293209877,
        "f":0.0482539683
      },
      "Voice":{
        "p":0.0,
        "r":0.0,
        "f":0.0
      },
      "PronType":{
        "p":0.0,
        "r":0.0,
        "f":0.0
      },
      "Polarity":{
        "p":0.0,
        "r":0.0,
        "f":0.0
      },
      "Poss":{
        "p":0.0,
        "r":0.0,
        "f":0.0
      },
      "Aspect":{
        "p":0.0,
        "r":0.0,
        "f":0.0
      },
      "Reflex":{
        "p":0.0,
        "r":0.0,
        "f":0.0
      }
    }
  },
  "speed":1349.6963280754
}