{
  "tokenizer":{
    "token_acc":0.9996132525,
    "token_p":0.9992265051,
    "token_r":0.9990547798,
    "token_f":0.9991406351
  },
  "transformer":{

  },
  "parser":{
    "sents_p":0.0628895184,
    "sents_r":0.1588740458,
    "sents_f":0.0901095927,
    "dep_uas":0.2684374729,
    "dep_las":0.0645189245,
    "dep_las_per_type":{
      "ccomp":{
        "p":0.0,
        "r":0.0,
        "f":0.0
      },
      "nsubj":{
        "p":0.0343551797,
        "r":0.0351731602,
        "f":0.0347593583
      },
      "root":{
        "p":0.2033994334,
        "r":0.5138358779,
        "f":0.2914355297
      },
      "cop":{
        "p":0.1538461538,
        "r":0.0039138943,
        "f":0.0076335878
      },
      "advmod":{
        "p":0.0269723533,
        "r":0.0272108844,
        "f":0.0270910938
      },
      "iobj":{
        "p":0.0,
        "r":0.0,
        "f":0.0
      },
      "dep":{
        "p":0.0,
        "r":0.0,
        "f":0.0
      },
      "nmod":{
        "p":0.0152151102,
        "r":0.0319031903,
        "f":0.0206039076
      },
      "obj":{
        "p":0.0427135678,
        "r":0.0207823961,
        "f":0.0279605263
      },
      "case":{
        "p":0.3150684932,
        "r":0.013372093,
        "f":0.0256553263
      },
      "obl":{
        "p":0.0500532481,
        "r":0.0276633314,
        "f":0.0356330553
      },
      "discourse":{
        "p":0.0295857988,
        "r":0.0132450331,
        "f":0.0182982617
      },
      "nsubj:pass":{
        "p":0.0,
        "r":0.0,
        "f":0.0
      },
      "acl":{
        "p":0.0037837838,
        "r":0.0132827324,
        "f":0.005889777
      },
      "xcomp":{
        "p":0.0111940299,
        "r":0.0084033613,
        "f":0.0096
      },
      "cc":{
        "p":0.0,
        "r":0.0,
        "f":0.0
      },
      "conj":{
        "p":0.0329920364,
        "r":0.0629522431,
        "f":0.0432943518
      },
      "advcl":{
        "p":0.0185185185,
        "r":0.0017079419,
        "f":0.0031274433
      },
      "amod":{
        "p":0.0165118679,
        "r":0.024577573,
        "f":0.0197530864
      },
      "det":{
        "p":0.0190930788,
        "r":0.0381315539,
        "f":0.0254452926
      },
      "nsubj:outer":{
        "p":0.0,
        "r":0.0,
        "f":0.0
      },
      "mark":{
        "p":0.0816326531,
        "r":0.0050890585,
        "f":0.0095808383
      },
      "aux":{
        "p":0.0,
        "r":0.0,
        "f":0.0
      },
      "obl:agent":{
        "p":0.0,
        "r":0.0,
        "f":0.0
      },
      "parataxis":{
        "p":0.0,
        "r":0.0,
        "f":0.0
      },
      "nummod":{
        "p":0.0046948357,
        "r":0.0196078431,
        "f":0.0075757576
      },
      "appos":{
        "p":0.0,
        "r":0.0,
        "f":0.0
      },
      "orphan":{
        "p":0.0120481928,
        "r":0.0092592593,
        "f":0.0104712042
      },
      "obl:arg":{
        "p":0.0,
        "r":0.0,
        "f":0.0
      },
      "advmod:neg":{
        "p":0.0,
        "r":0.0,
        "f":0.0
      },
      "vocative":{
        "p":0.0,
        "r":0.0,
        "f":0.0
      },
      "flat":{
        "p":0.0,
        "r":0.0,
        "f":0.0
      },
      "aux:pass":{
        "p":0.0,
        "r":0.0,
        "f":0.0
      },
      "advcl:cmp":{
        "p":0.0,
        "r":0.0,
        "f":0.0
      },
      "dislocated":{
        "p":0.0,
        "r":0.0,
        "f":0.0
      },
      "fixed":{
        "p":0.0,
        "r":0.0,
        "f":0.0
      },
      "csubj":{
        "p":0.0,
        "r":0.0,
        "f":0.0
      },
      "advmod:tmod":{
        "p":0.0,
        "r":0.0,
        "f":0.0
      },
      "csubj:pass":{
        "p":0.0,
        "r":0.0,
        "f":0.0
      },
      "acl:relcl":{
        "p":0.0,
        "r":0.0,
        "f":0.0
      },
      "flat:name":{
        "p":0.0,
        "r":0.0,
        "f":0.0
      },
      "advmod:emph":{
        "p":0.0,
        "r":0.0,
        "f":0.0
      },
      "flat:foreign":{
        "p":0.0,
        "r":0.0,
        "f":0.0
      },
      "advcl:abs":{
        "p":0.0,
        "r":0.0,
        "f":0.0
      },
      "advmod:lmod":{
        "p":0.0,
        "r":0.0,
        "f":0.0
      },
      "conj:expl":{
        "p":0.0,
        "r":0.0,
        "f":0.0
      }
    }
  },
  "trainable_lemmatizer":{
    "lemma_acc":0.3716182822
  },
  "tagger":{
    "tag_acc":0.0
  },
  "morphologizer":{
    "pos_acc":0.2765719689,
    "morph_acc":0.1197808101,
    "morph_micro_p":0.3208220848,
    "morph_micro_r":0.2065282897,
    "morph_micro_f":0.2512896157,
    "morph_per_feat":{
      "Case":{
        "p":0.1973541138,
        "r":0.189374837,
        "f":0.1932821582
      },
      "Gender":{
        "p":0.212601432,
        "r":0.1987860395,
        "f":0.2054617585
      },
      "Number":{
        "p":0.5724990906,
        "r":0.5102451044,
        "f":0.5395824048
      },
      "PronType":{
        "p":0.0,
        "r":0.0,
        "f":0.0
      },
      "Person":{
        "p":0.3255813953,
        "r":0.1542767186,
        "f":0.2093520057
      },
      "Mood":{
        "p":0.1997046881,
        "r":0.1365816713,
        "f":0.1622188906
      },
      "Tense":{
        "p":0.2309511298,
        "r":0.1658490566,
        "f":0.1930595212
      },
      "VerbForm":{
        "p":0.1069405099,
        "r":0.0272908007,
        "f":0.0434845212
      },
      "Voice":{
        "p":0.225,
        "r":0.0016703786,
        "f":0.0033161385
      },
      "Polarity":{
        "p":0.0,
        "r":0.0,
        "f":0.0
      },
      "Aspect":{
        "p":0.0,
        "r":0.0,
        "f":0.0
      },
      "Degree":{
        "p":0.0,
        "r":0.0,
        "f":0.0
      },
      "Reflex":{
        "p":0.0,
        "r":0.0,
        "f":0.0
      },
      "Poss":{
        "p":0.0,
        "r":0.0,
        "f":0.0
      },
      "NumType":{
        "p":0.0,
        "r":0.0,
        "f":0.0
      },
      "NumForm":{
        "p":0.0,
        "r":0.0,
        "f":0.0
      },
      "AdvType":{
        "p":0.0,
        "r":0.0,
        "f":0.0
      },
      "AdpType":{
        "p":0.0,
        "r":0.0,
        "f":0.0
      },
      "Number[psor]":{
        "p":0.0,
        "r":0.0,
        "f":0.0
      },
      "Person[psor]":{
        "p":0.0,
        "r":0.0,
        "f":0.0
      },
      "Typo":{
        "p":0.0,
        "r":0.0,
        "f":0.0
      },
      "Compound":{
        "p":0.0,
        "r":0.0,
        "f":0.0
      }
    }
  },
  "speed":2293.8928928533
}