{
  "tokenizer":{
    "token_acc":0.9987632593,
    "token_p":0.9895828378,
    "token_r":0.9929125403,
    "token_f":0.9912448929
  },
  "transformer":{

  },
  "parser":{
    "sents_p":0.0474698236,
    "sents_r":0.1319354839,
    "sents_f":0.0698190509,
    "dep_uas":0.2241890081,
    "dep_las":0.0510685335,
    "dep_las_per_type":{
      "nsubj":{
        "p":0.0344635909,
        "r":0.0450581395,
        "f":0.0390551181
      },
      "case":{
        "p":0.0795454545,
        "r":0.0078183172,
        "f":0.0142372881
      },
      "obl":{
        "p":0.0454246215,
        "r":0.0256219829,
        "f":0.0327635328
      },
      "root":{
        "p":0.1460310113,
        "r":0.4070967742,
        "f":0.2149548629
      },
      "det":{
        "p":0.0563674322,
        "r":0.0291955017,
        "f":0.0384670181
      },
      "flat:name":{
        "p":0.0,
        "r":0.0,
        "f":0.0
      },
      "advcl":{
        "p":0.0343915344,
        "r":0.012745098,
        "f":0.0185979971
      },
      "cop":{
        "p":0.0218978102,
        "r":0.0059171598,
        "f":0.0093167702
      },
      "acl":{
        "p":0.0027826087,
        "r":0.0161290323,
        "f":0.0047463661
      },
      "advmod":{
        "p":0.0541611625,
        "r":0.0303928836,
        "f":0.0389363723
      },
      "xcomp":{
        "p":0.0134907251,
        "r":0.0082644628,
        "f":0.0102498398
      },
      "conj":{
        "p":0.0161315102,
        "r":0.049904943,
        "f":0.0243817485
      },
      "iobj":{
        "p":0.0,
        "r":0.0,
        "f":0.0
      },
      "nmod":{
        "p":0.018351214,
        "r":0.0213184651,
        "f":0.0197238659
      },
      "obj":{
        "p":0.0374123149,
        "r":0.0152963671,
        "f":0.0217145442
      },
      "cc":{
        "p":0.0053475936,
        "r":0.0003954132,
        "f":0.000736377
      },
      "amod":{
        "p":0.0045992116,
        "r":0.0140280561,
        "f":0.0069272637
      },
      "vocative":{
        "p":0.0,
        "r":0.0,
        "f":0.0
      },
      "mark":{
        "p":0.0161290323,
        "r":0.0044510386,
        "f":0.0069767442
      },
      "nsubj:pass":{
        "p":0.0,
        "r":0.0,
        "f":0.0
      },
      "discourse":{
        "p":0.0714285714,
        "r":0.056542811,
        "f":0.0631199279
      },
      "dislocated":{
        "p":0.0,
        "r":0.0,
        "f":0.0
      },
      "appos":{
        "p":0.0,
        "r":0.0,
        "f":0.0
      },
      "csubj":{
        "p":0.0,
        "r":0.0,
        "f":0.0
      },
      "flat":{
        "p":0.0,
        "r":0.0,
        "f":0.0
      },
      "obl:arg":{
        "p":0.0,
        "r":0.0,
        "f":0.0
      },
      "dep":{
        "p":0.0,
        "r":0.0,
        "f":0.0
      },
      "parataxis":{
        "p":0.0028735632,
        "r":0.0196078431,
        "f":0.0050125313
      },
      "orphan":{
        "p":0.0,
        "r":0.0,
        "f":0.0
      },
      "ccomp":{
        "p":0.0,
        "r":0.0,
        "f":0.0
      },
      "nummod":{
        "p":0.0,
        "r":0.0,
        "f":0.0
      },
      "obl:agent":{
        "p":0.0,
        "r":0.0,
        "f":0.0
      },
      "fixed":{
        "p":0.0,
        "r":0.0,
        "f":0.0
      },
      "nsubj:outer":{
        "p":0.0,
        "r":0.0,
        "f":0.0
      },
      "advcl:cmp":{
        "p":0.0,
        "r":0.0,
        "f":0.0
      },
      "csubj:pass":{
        "p":0.0,
        "r":0.0,
        "f":0.0
      },
      "aux:pass":{
        "p":0.0,
        "r":0.0,
        "f":0.0
      },
      "aux":{
        "p":0.0,
        "r":0.0,
        "f":0.0
      }
    }
  },
  "trainable_lemmatizer":{
    "lemma_acc":0.2016948951
  },
  "tagger":{
    "tag_acc":0.0
  },
  "morphologizer":{
    "pos_acc":0.2497405989,
    "morph_acc":0.1348670879,
    "morph_micro_p":0.3196598299,
    "morph_micro_r":0.2244092513,
    "morph_micro_f":0.2636967458,
    "morph_per_feat":{
      "Case":{
        "p":0.1805527435,
        "r":0.1609439155,
        "f":0.1701853575
      },
      "Gender":{
        "p":0.2939126042,
        "r":0.2642623547,
        "f":0.2782999689
      },
      "Number":{
        "p":0.5774795116,
        "r":0.508392844,
        "f":0.5407384206
      },
      "Aspect":{
        "p":0.0,
        "r":0.0,
        "f":0.0
      },
      "Mood":{
        "p":0.1580970687,
        "r":0.1314160176,
        "f":0.1435271022
      },
      "Person":{
        "p":0.2059106199,
        "r":0.1306203323,
        "f":0.1598433274
      },
      "Tense":{
        "p":0.2156619873,
        "r":0.1922227674,
        "f":0.2032689065
      },
      "VerbForm":{
        "p":0.1152323401,
        "r":0.0678194751,
        "f":0.085385625
      },
      "Voice":{
        "p":0.068627451,
        "r":0.0008597396,
        "f":0.0016982048
      },
      "Definite":{
        "p":0.0,
        "r":0.0,
        "f":0.0
      },
      "PronType":{
        "p":0.0,
        "r":0.0,
        "f":0.0
      },
      "Degree":{
        "p":0.0,
        "r":0.0,
        "f":0.0
      },
      "Polarity":{
        "p":0.0,
        "r":0.0,
        "f":0.0
      },
      "Poss":{
        "p":0.0,
        "r":0.0,
        "f":0.0
      },
      "Reflex":{
        "p":0.0,
        "r":0.0,
        "f":0.0
      }
    }
  },
  "speed":2671.3798921381
}