{
  "tokenizer":{
    "token_acc":0.9987632593,
    "token_p":0.9895828378,
    "token_r":0.9929125403,
    "token_f":0.9912448929
  },
  "transformer":{

  },
  "parser":{
    "sents_p":0.1234445701,
    "sents_r":0.2816129032,
    "sents_f":0.1716476602,
    "dep_uas":0.2402655683,
    "dep_las":0.0401228501,
    "dep_las_per_type":{
      "nsubj":{
        "p":0.0159347066,
        "r":0.0148982558,
        "f":0.015399061
      },
      "case":{
        "p":0.0515097691,
        "r":0.0107967238,
        "f":0.0178516467
      },
      "obl":{
        "p":0.0084245998,
        "r":0.0037133309,
        "f":0.0051546392
      },
      "root":{
        "p":0.1385942582,
        "r":0.3161290323,
        "f":0.1927047488
      },
      "det":{
        "p":0.1856617647,
        "r":0.0436851211,
        "f":0.0707282913
      },
      "flat:name":{
        "p":0.0,
        "r":0.0,
        "f":0.0
      },
      "advcl":{
        "p":0.0135135135,
        "r":0.0004901961,
        "f":0.0009460738
      },
      "cop":{
        "p":0.0,
        "r":0.0,
        "f":0.0
      },
      "acl":{
        "p":0.0018697414,
        "r":0.0120967742,
        "f":0.0032388664
      },
      "advmod":{
        "p":0.0169802662,
        "r":0.0091425747,
        "f":0.0118856409
      },
      "dep":{
        "p":0.0,
        "r":0.0,
        "f":0.0
      },
      "amod":{
        "p":0.0040174088,
        "r":0.0240480962,
        "f":0.0068846816
      },
      "appos":{
        "p":0.0024813896,
        "r":0.0040983607,
        "f":0.0030911901
      },
      "obj":{
        "p":0.0183673469,
        "r":0.0057361377,
        "f":0.0087421078
      },
      "nmod":{
        "p":0.0121252205,
        "r":0.0180387012,
        "f":0.0145023072
      },
      "cc":{
        "p":0.0041666667,
        "r":0.0003954132,
        "f":0.0007222824
      },
      "conj":{
        "p":0.0217543043,
        "r":0.088878327,
        "f":0.034953271
      },
      "xcomp":{
        "p":0.0162601626,
        "r":0.0020661157,
        "f":0.0036663611
      },
      "mark":{
        "p":0.0392156863,
        "r":0.0089020772,
        "f":0.0145102781
      },
      "flat":{
        "p":0.0,
        "r":0.0,
        "f":0.0
      },
      "nummod":{
        "p":0.0,
        "r":0.0,
        "f":0.0
      },
      "nsubj:pass":{
        "p":0.0,
        "r":0.0,
        "f":0.0
      },
      "discourse":{
        "p":0.074875208,
        "r":0.0363489499,
        "f":0.0489396411
      },
      "dislocated":{
        "p":0.0,
        "r":0.0,
        "f":0.0
      },
      "csubj":{
        "p":0.0,
        "r":0.0,
        "f":0.0
      },
      "vocative":{
        "p":0.0,
        "r":0.0,
        "f":0.0
      },
      "obl:arg":{
        "p":0.0,
        "r":0.0,
        "f":0.0
      },
      "ccomp":{
        "p":0.0,
        "r":0.0,
        "f":0.0
      },
      "orphan":{
        "p":0.0,
        "r":0.0,
        "f":0.0
      },
      "iobj":{
        "p":0.0,
        "r":0.0,
        "f":0.0
      },
      "obl:agent":{
        "p":0.0,
        "r":0.0,
        "f":0.0
      },
      "parataxis":{
        "p":0.0,
        "r":0.0,
        "f":0.0
      },
      "fixed":{
        "p":0.0,
        "r":0.0,
        "f":0.0
      },
      "nsubj:outer":{
        "p":0.0,
        "r":0.0,
        "f":0.0
      },
      "advcl:cmp":{
        "p":0.0,
        "r":0.0,
        "f":0.0
      },
      "csubj:pass":{
        "p":0.0,
        "r":0.0,
        "f":0.0
      },
      "aux:pass":{
        "p":0.0,
        "r":0.0,
        "f":0.0
      },
      "aux":{
        "p":0.0,
        "r":0.0,
        "f":0.0
      }
    }
  },
  "trainable_lemmatizer":{
    "lemma_acc":0.2111824932
  },
  "tagger":{
    "tag_acc":0.0
  },
  "morphologizer":{
    "pos_acc":0.1828201978,
    "morph_acc":0.1372394716,
    "morph_micro_p":0.3350631458,
    "morph_micro_r":0.183019215,
    "morph_micro_f":0.2367306767,
    "morph_per_feat":{
      "Case":{
        "p":0.175664308,
        "r":0.1601768714,
        "f":0.1675634853
      },
      "Gender":{
        "p":0.2859640602,
        "r":0.2674418605,
        "f":0.2763929963
      },
      "Number":{
        "p":0.5796138775,
        "r":0.4464772142,
        "f":0.5044082176
      },
      "Aspect":{
        "p":0.0,
        "r":0.0,
        "f":0.0
      },
      "Mood":{
        "p":0.0891364903,
        "r":0.0127821051,
        "f":0.0223580786
      },
      "Person":{
        "p":0.0988857939,
        "r":0.0108215211,
        "f":0.0195081742
      },
      "Tense":{
        "p":0.099929627,
        "r":0.0174190383,
        "f":0.0296667711
      },
      "VerbForm":{
        "p":0.0595399188,
        "r":0.0053961246,
        "f":0.0098954234
      },
      "Voice":{
        "p":0.0,
        "r":0.0,
        "f":0.0
      },
      "Definite":{
        "p":0.0,
        "r":0.0,
        "f":0.0
      },
      "PronType":{
        "p":0.0,
        "r":0.0,
        "f":0.0
      },
      "Degree":{
        "p":0.0,
        "r":0.0,
        "f":0.0
      },
      "Polarity":{
        "p":0.0,
        "r":0.0,
        "f":0.0
      },
      "Poss":{
        "p":0.0,
        "r":0.0,
        "f":0.0
      },
      "Reflex":{
        "p":0.0,
        "r":0.0,
        "f":0.0
      }
    }
  },
  "speed":4235.3308998744
}