{
  "tokenizer":{
    "token_acc":0.9995570601,
    "token_p":0.9645015345,
    "token_r":0.9836092021,
    "token_f":0.9739616613
  },
  "transformer":{

  },
  "parser":{
    "sents_p":0.0933314535,
    "sents_r":0.2138933764,
    "sents_f":0.1299568119,
    "dep_uas":0.2480124072,
    "dep_las":0.0601821731,
    "dep_las_per_type":{
      "discourse":{
        "p":0.0694143167,
        "r":0.0891364903,
        "f":0.0780487805
      },
      "vocative":{
        "p":0.0,
        "r":0.0,
        "f":0.0
      },
      "root":{
        "p":0.1802285557,
        "r":0.4229402262,
        "f":0.2527514964
      },
      "advmod":{
        "p":0.0191526407,
        "r":0.0206121174,
        "f":0.0198555957
      },
      "advcl":{
        "p":0.0,
        "r":0.0,
        "f":0.0
      },
      "expl:pv":{
        "p":0.0,
        "r":0.0,
        "f":0.0
      },
      "obl:arg":{
        "p":0.0,
        "r":0.0,
        "f":0.0
      },
      "dep":{
        "p":0.0043525571,
        "r":0.0794701987,
        "f":0.0082530949
      },
      "det":{
        "p":0.0228571429,
        "r":0.0186625194,
        "f":0.0205479452
      },
      "acl":{
        "p":0.0013879251,
        "r":0.0088105727,
        "f":0.0023980815
      },
      "flat":{
        "p":0.0,
        "r":0.0,
        "f":0.0
      },
      "conj":{
        "p":0.022200296,
        "r":0.0575692964,
        "f":0.0320436743
      },
      "case":{
        "p":0.1642651297,
        "r":0.0169946333,
        "f":0.0308024858
      },
      "obl":{
        "p":0.0483091787,
        "r":0.011411183,
        "f":0.0184615385
      },
      "nummod":{
        "p":0.0294117647,
        "r":0.0163043478,
        "f":0.020979021
      },
      "nsubj":{
        "p":0.0351758794,
        "r":0.0480211082,
        "f":0.0406068719
      },
      "appos":{
        "p":0.0416666667,
        "r":0.0014084507,
        "f":0.0027247956
      },
      "obl:agent":{
        "p":0.0,
        "r":0.0,
        "f":0.0
      },
      "nmod":{
        "p":0.0055464927,
        "r":0.0179704017,
        "f":0.0084766891
      },
      "cc":{
        "p":0.023608769,
        "r":0.0046635576,
        "f":0.0077885953
      },
      "obj":{
        "p":0.0362844702,
        "r":0.0149880096,
        "f":0.0212134069
      },
      "dislocated":{
        "p":0.0,
        "r":0.0,
        "f":0.0
      },
      "amod":{
        "p":0.0298786181,
        "r":0.0215924426,
        "f":0.0250685468
      },
      "xcomp":{
        "p":0.003236246,
        "r":0.0028735632,
        "f":0.00304414
      },
      "mark":{
        "p":0.0,
        "r":0.0,
        "f":0.0
      },
      "parataxis":{
        "p":0.0,
        "r":0.0,
        "f":0.0
      },
      "expl":{
        "p":0.0,
        "r":0.0,
        "f":0.0
      },
      "cop":{
        "p":0.0,
        "r":0.0,
        "f":0.0
      },
      "nsubj:pass":{
        "p":0.0,
        "r":0.0,
        "f":0.0
      },
      "ccomp":{
        "p":0.0,
        "r":0.0,
        "f":0.0
      },
      "aux":{
        "p":0.0,
        "r":0.0,
        "f":0.0
      },
      "iobj":{
        "p":0.0,
        "r":0.0,
        "f":0.0
      },
      "aux:pass":{
        "p":0.0,
        "r":0.0,
        "f":0.0
      },
      "flat:name":{
        "p":0.0,
        "r":0.0,
        "f":0.0
      },
      "fixed":{
        "p":0.0,
        "r":0.0,
        "f":0.0
      },
      "nummod:gov":{
        "p":0.0,
        "r":0.0,
        "f":0.0
      },
      "orphan":{
        "p":0.0,
        "r":0.0,
        "f":0.0
      },
      "list":{
        "p":0.0,
        "r":0.0,
        "f":0.0
      },
      "advcl:cmp":{
        "p":0.0,
        "r":0.0,
        "f":0.0
      },
      "csubj":{
        "p":0.0,
        "r":0.0,
        "f":0.0
      },
      "acl:relcl":{
        "p":0.0,
        "r":0.0,
        "f":0.0
      },
      "nsubj:outer":{
        "p":0.0,
        "r":0.0,
        "f":0.0
      },
      "compound":{
        "p":0.0,
        "r":0.0,
        "f":0.0
      },
      "csubj:pass":{
        "p":0.0,
        "r":0.0,
        "f":0.0
      },
      "reparandum":{
        "p":0.0,
        "r":0.0,
        "f":0.0
      },
      "goeswith":{
        "p":0.0,
        "r":0.0,
        "f":0.0
      }
    }
  },
  "trainable_lemmatizer":{
    "lemma_acc":0.294962418
  },
  "tagger":{
    "tag_acc":0.001312084
  },
  "morphologizer":{
    "pos_acc":0.2234803528,
    "morph_acc":0.2033393632,
    "morph_micro_p":0.3225717009,
    "morph_micro_r":0.2189573237,
    "morph_micro_f":0.2608518957,
    "morph_per_feat":{
      "Case":{
        "p":0.1893676401,
        "r":0.171231612,
        "f":0.1798435581
      },
      "Gender":{
        "p":0.2708585248,
        "r":0.2601961797,
        "f":0.2654203147
      },
      "Number":{
        "p":0.5914319249,
        "r":0.5280863551,
        "f":0.5579670025
      },
      "Mood":{
        "p":0.1469979296,
        "r":0.1246051246,
        "f":0.1348784195
      },
      "Person":{
        "p":0.1714285714,
        "r":0.079447323,
        "f":0.1085759245
      },
      "Tense":{
        "p":0.1985622211,
        "r":0.1629373474,
        "f":0.1789944134
      },
      "VerbForm":{
        "p":0.0702402957,
        "r":0.0298800865,
        "f":0.0419252517
      },
      "Voice":{
        "p":0.0,
        "r":0.0,
        "f":0.0
      },
      "PronType":{
        "p":0.0,
        "r":0.0,
        "f":0.0
      },
      "Variant":{
        "p":0.0,
        "r":0.0,
        "f":0.0
      },
      "Reflex":{
        "p":0.0,
        "r":0.0,
        "f":0.0
      },
      "Aspect":{
        "p":0.0,
        "r":0.0,
        "f":0.0
      },
      "Degree":{
        "p":0.0,
        "r":0.0,
        "f":0.0
      },
      "Clitic":{
        "p":0.0,
        "r":0.0,
        "f":0.0
      },
      "Polarity":{
        "p":0.0,
        "r":0.0,
        "f":0.0
      },
      "Poss":{
        "p":0.0,
        "r":0.0,
        "f":0.0
      },
      "Analyt":{
        "p":0.0,
        "r":0.0,
        "f":0.0
      },
      "NumType":{
        "p":0.0,
        "r":0.0,
        "f":0.0
      },
      "Animacy":{
        "p":0.0,
        "r":0.0,
        "f":0.0
      },
      "NumForm":{
        "p":0.0,
        "r":0.0,
        "f":0.0
      },
      "NameType":{
        "p":0.0,
        "r":0.0,
        "f":0.0
      },
      "Abbr":{
        "p":0.0,
        "r":0.0,
        "f":0.0
      },
      "Typo":{
        "p":0.0,
        "r":0.0,
        "f":0.0
      }
    }
  },
  "speed":2012.3165759084
}