{
  "tokenizer":{
    "token_acc":0.9996152111,
    "token_p":0.9922378791,
    "token_r":0.9963360691,
    "token_f":0.9942827512
  },
  "transformer":{

  },
  "parser":{
    "sents_p":0.0007306244,
    "sents_r":0.0034464475,
    "sents_f":0.0012056573,
    "dep_uas":0.2010441617,
    "dep_las":0.0339009776,
    "dep_las_per_type":{
      "root":{
        "p":0.0912028525,
        "r":0.4339872747,
        "f":0.1507297086
      },
      "cc":{
        "p":0.0,
        "r":0.0,
        "f":0.0
      },
      "mark":{
        "p":0.0451612903,
        "r":0.0020017158,
        "f":0.0038335159
      },
      "amod":{
        "p":0.0162427214,
        "r":0.019133574,
        "f":0.0175700315
      },
      "nsubj:pass":{
        "p":0.0,
        "r":0.0,
        "f":0.0
      },
      "advmod:neg":{
        "p":0.0,
        "r":0.0,
        "f":0.0
      },
      "advcl":{
        "p":0.0030769231,
        "r":0.0003913894,
        "f":0.0006944444
      },
      "case":{
        "p":0.1863799283,
        "r":0.0083587848,
        "f":0.016
      },
      "nsubj":{
        "p":0.0119047619,
        "r":0.0144396058,
        "f":0.013050233
      },
      "obl":{
        "p":0.022840828,
        "r":0.0064777328,
        "f":0.0100930453
      },
      "acl:relcl":{
        "p":0.0,
        "r":0.0,
        "f":0.0
      },
      "nmod":{
        "p":0.0181441161,
        "r":0.0236167341,
        "f":0.0205218411
      },
      "obj":{
        "p":0.009122807,
        "r":0.0065130261,
        "f":0.0076001169
      },
      "det":{
        "p":0.0356259278,
        "r":0.0521613137,
        "f":0.0423363387
      },
      "acl":{
        "p":0.0049097827,
        "r":0.0298062593,
        "f":0.0084308146
      },
      "dep":{
        "p":0.0,
        "r":0.0,
        "f":0.0
      },
      "conj":{
        "p":0.0094306671,
        "r":0.0305516266,
        "f":0.0144124908
      },
      "xcomp":{
        "p":0.0159313725,
        "r":0.0114638448,
        "f":0.0133333333
      },
      "advmod":{
        "p":0.0045859185,
        "r":0.0075994636,
        "f":0.0057200538
      },
      "csubj:pass":{
        "p":0.0,
        "r":0.0,
        "f":0.0
      },
      "cop":{
        "p":0.0,
        "r":0.0,
        "f":0.0
      },
      "advmod:lmod":{
        "p":0.0,
        "r":0.0,
        "f":0.0
      },
      "fixed":{
        "p":0.0,
        "r":0.0,
        "f":0.0
      },
      "obl:arg":{
        "p":0.0,
        "r":0.0,
        "f":0.0
      },
      "appos":{
        "p":0.0,
        "r":0.0,
        "f":0.0
      },
      "ccomp:relcl":{
        "p":0.0,
        "r":0.0,
        "f":0.0
      },
      "nummod":{
        "p":0.0022136137,
        "r":0.0158102767,
        "f":0.0038834951
      },
      "flat":{
        "p":0.0016207455,
        "r":0.0033333333,
        "f":0.0021810251
      },
      "iobj":{
        "p":0.0,
        "r":0.0,
        "f":0.0
      },
      "discourse":{
        "p":0.0052724077,
        "r":0.0023622047,
        "f":0.0032626427
      },
      "orphan":{
        "p":0.0,
        "r":0.0,
        "f":0.0
      },
      "ccomp":{
        "p":0.0,
        "r":0.0,
        "f":0.0
      },
      "csubj":{
        "p":0.0,
        "r":0.0,
        "f":0.0
      },
      "advmod:emph":{
        "p":0.0,
        "r":0.0,
        "f":0.0
      },
      "vocative":{
        "p":0.0,
        "r":0.0,
        "f":0.0
      },
      "dislocated:obj":{
        "p":0.0,
        "r":0.0,
        "f":0.0
      },
      "compound":{
        "p":0.0,
        "r":0.0,
        "f":0.0
      },
      "parataxis":{
        "p":0.0,
        "r":0.0,
        "f":0.0
      },
      "ccomp:reported":{
        "p":0.0,
        "r":0.0,
        "f":0.0
      },
      "aux:pass":{
        "p":0.0,
        "r":0.0,
        "f":0.0
      },
      "csubj:relcl":{
        "p":0.0,
        "r":0.0,
        "f":0.0
      },
      "advcl:abs":{
        "p":0.0,
        "r":0.0,
        "f":0.0
      },
      "aux":{
        "p":0.0,
        "r":0.0,
        "f":0.0
      },
      "conj:expl":{
        "p":0.0,
        "r":0.0,
        "f":0.0
      },
      "advcl:cmp":{
        "p":0.0,
        "r":0.0,
        "f":0.0
      },
      "advcl:pred":{
        "p":0.0,
        "r":0.0,
        "f":0.0
      },
      "obl:agent":{
        "p":0.0,
        "r":0.0,
        "f":0.0
      },
      "obl:lmod":{
        "p":0.0,
        "r":0.0,
        "f":0.0
      },
      "dislocated:nsubj":{
        "p":0.0,
        "r":0.0,
        "f":0.0
      },
      "advmod:tmod":{
        "p":0.0,
        "r":0.0,
        "f":0.0
      },
      "expl:pass":{
        "p":0.0,
        "r":0.0,
        "f":0.0
      },
      "reparandum":{
        "p":0.0,
        "r":0.0,
        "f":0.0
      },
      "advcl:relcl":{
        "p":0.0,
        "r":0.0,
        "f":0.0
      },
      "obl:tmod":{
        "p":0.0,
        "r":0.0,
        "f":0.0
      },
      "nsubj:outer":{
        "p":0.0,
        "r":0.0,
        "f":0.0
      },
      "flat:name":{
        "p":0.0,
        "r":0.0,
        "f":0.0
      },
      "obl:cmp":{
        "p":0.0,
        "r":0.0,
        "f":0.0
      },
      "cop:outer":{
        "p":0.0,
        "r":0.0,
        "f":0.0
      },
      "csubj:outer":{
        "p":0.0,
        "r":0.0,
        "f":0.0
      },
      "flat:foreign":{
        "p":0.0,
        "r":0.0,
        "f":0.0
      },
      "parataxis:reporting":{
        "p":0.0,
        "r":0.0,
        "f":0.0
      },
      "dislocated":{
        "p":0.0,
        "r":0.0,
        "f":0.0
      },
      "csubj:cleft":{
        "p":0.0,
        "r":0.0,
        "f":0.0
      },
      "csubj:reported":{
        "p":0.0,
        "r":0.0,
        "f":0.0
      },
      "dislocated:csubj":{
        "p":0.0,
        "r":0.0,
        "f":0.0
      }
    }
  },
  "trainable_lemmatizer":{
    "lemma_acc":0.4656324598
  },
  "tagger":{
    "tag_acc":0.0
  },
  "morphologizer":{
    "pos_acc":0.1928071729,
    "morph_acc":0.1292636033,
    "morph_micro_p":0.3183816281,
    "morph_micro_r":0.1848137603,
    "morph_micro_f":0.2338706087,
    "morph_per_feat":{
      "Case":{
        "p":0.2012851305,
        "r":0.186859327,
        "f":0.1938041536
      },
      "Gender":{
        "p":0.2636433267,
        "r":0.2426708184,
        "f":0.2527227117
      },
      "InflClass":{
        "p":0.0,
        "r":0.0,
        "f":0.0
      },
      "Number":{
        "p":0.595713903,
        "r":0.5226567641,
        "f":0.5567991187
      },
      "Polarity":{
        "p":0.0,
        "r":0.0,
        "f":0.0
      },
      "Aspect":{
        "p":0.0,
        "r":0.0,
        "f":0.0
      },
      "Mood":{
        "p":0.1179477471,
        "r":0.1008253763,
        "f":0.1087165169
      },
      "Person":{
        "p":0.1823518273,
        "r":0.1152879205,
        "f":0.1412644858
      },
      "Tense":{
        "p":0.067258733,
        "r":0.0919242596,
        "f":0.0776805252
      },
      "VerbForm":{
        "p":0.073614976,
        "r":0.0229043684,
        "f":0.0349381678
      },
      "Voice":{
        "p":0.0571428571,
        "r":0.00041841,
        "f":0.0008307373
      },
      "PronType":{
        "p":0.0,
        "r":0.0,
        "f":0.0
      },
      "Reflex":{
        "p":0.0,
        "r":0.0,
        "f":0.0
      },
      "InflClass[nominal]":{
        "p":0.0,
        "r":0.0,
        "f":0.0
      },
      "AdvType":{
        "p":0.0,
        "r":0.0,
        "f":0.0
      },
      "Number[psor]":{
        "p":0.0,
        "r":0.0,
        "f":0.0
      },
      "Person[psor]":{
        "p":0.0,
        "r":0.0,
        "f":0.0
      },
      "Poss":{
        "p":0.0,
        "r":0.0,
        "f":0.0
      },
      "NumType":{
        "p":0.0,
        "r":0.0,
        "f":0.0
      },
      "Compound":{
        "p":0.0,
        "r":0.0,
        "f":0.0
      },
      "Degree":{
        "p":0.0,
        "r":0.0,
        "f":0.0
      },