{
  "tokenizer":{
    "token_acc":0.9981644203,
    "token_p":0.9974335877,
    "token_r":0.9959947049,
    "token_f":0.996713627
  },
  "transformer":{

  },
  "parser":{
    "sents_p":0.001056052,
    "sents_r":0.0047653959,
    "sents_f":0.0017289533,
    "dep_uas":0.1650473209,
    "dep_las":0.0214823544,
    "dep_las_per_type":{
      "root":{
        "p":0.0574469814,
        "r":0.2590692561,
        "f":0.0940409683
      },
      "nsubj":{
        "p":0.0332519256,
        "r":0.0296383121,
        "f":0.0313413015
      },
      "advmod":{
        "p":0.0182798921,
        "r":0.0146846413,
        "f":0.0162862101
      },
      "mark":{
        "p":0.0,
        "r":0.0,
        "f":0.0
      },
      "acl":{
        "p":0.0011383965,
        "r":0.0091027308,
        "f":0.0020237063
      },
      "compound:prt":{
        "p":0.0,
        "r":0.0,
        "f":0.0
      },
      "obj":{
        "p":0.00723589,
        "r":0.003534818,
        "f":0.0047494657
      },
      "cc":{
        "p":0.0145631068,
        "r":0.0008544574,
        "f":0.001614205
      },
      "conj":{
        "p":0.0090733,
        "r":0.0294409527,
        "f":0.0138715711
      },
      "case":{
        "p":0.2236842105,
        "r":0.0103827362,
        "f":0.019844358
      },
      "amod":{
        "p":0.0095610604,
        "r":0.0089358245,
        "f":0.0092378753
      },
      "obl":{
        "p":0.0137474542,
        "r":0.0047268908,
        "f":0.007034914
      },
      "nmod:poss":{
        "p":0.0,
        "r":0.0,
        "f":0.0
      },
      "dep":{
        "p":0.0006019262,
        "r":0.0141509434,
        "f":0.0011547344
      },
      "nmod":{
        "p":0.0002206531,
        "r":0.0112359551,
        "f":0.0004328068
      },
      "aux":{
        "p":0.0,
        "r":0.0,
        "f":0.0
      },
      "advcl":{
        "p":0.0,
        "r":0.0,
        "f":0.0
      },
      "iobj":{
        "p":0.0,
        "r":0.0,
        "f":0.0
      },
      "det":{
        "p":0.0154291225,
        "r":0.0252565114,
        "f":0.0191559413
      },
      "acl:relcl":{
        "p":0.0,
        "r":0.0,
        "f":0.0
      },
      "xcomp":{
        "p":0.001618123,
        "r":0.0024937656,
        "f":0.0019627085
      },
      "flat":{
        "p":0.0,
        "r":0.0,
        "f":0.0
      },
      "discourse":{
        "p":0.0,
        "r":0.0,
        "f":0.0
      },
      "nummod":{
        "p":0.0026525199,
        "r":0.0102040816,
        "f":0.0042105263
      },
      "orphan":{
        "p":0.0,
        "r":0.0,
        "f":0.0
      },
      "ccomp":{
        "p":0.0,
        "r":0.0,
        "f":0.0
      },
      "cop":{
        "p":0.0,
        "r":0.0,
        "f":0.0
      },
      "expl":{
        "p":0.0,
        "r":0.0,
        "f":0.0
      },
      "appos":{
        "p":0.0185185185,
        "r":0.0015649452,
        "f":0.0028860029
      },
      "vocative":{
        "p":0.0,
        "r":0.0,
        "f":0.0
      },
      "parataxis":{
        "p":0.0,
        "r":0.0,
        "f":0.0
      },
      "flat:name":{
        "p":0.0,
        "r":0.0,
        "f":0.0
      },
      "fixed":{
        "p":0.0,
        "r":0.0,
        "f":0.0
      },
      "flat:foreign":{
        "p":0.0,
        "r":0.0,
        "f":0.0
      },
      "csubj":{
        "p":0.0,
        "r":0.0,
        "f":0.0
      },
      "dislocated":{
        "p":0.0,
        "r":0.0,
        "f":0.0
      }
    }
  },
  "trainable_lemmatizer":{
    "lemma_acc":0.5117848552
  },
  "tagger":{
    "tag_acc":0.0118487038
  },
  "morphologizer":{
    "pos_acc":0.1536905278,
    "morph_acc":0.13880153,
    "morph_micro_p":0.2914575666,
    "morph_micro_r":0.17116828,
    "morph_micro_f":0.2156744624,
    "morph_per_feat":{
      "Mood":{
        "p":0.0529100529,
        "r":0.0241239208,
        "f":0.0331385716
      },
      "Number":{
        "p":0.5992512196,
        "r":0.4907553656,
        "f":0.5396036232
      },
      "Person":{
        "p":0.0754664439,
        "r":0.0281120332,
        "f":0.0409644018
      },
      "Tense":{
        "p":0.085908529,
        "r":0.0705942103,
        "f":0.0775020909
      },
      "VerbForm":{
        "p":0.03270745,
        "r":0.0102272727,
        "f":0.0155821671
      },
      "Voice":{
        "p":0.0,
        "r":0.0,
        "f":0.0
      },
      "Case":{
        "p":0.1953877122,
        "r":0.1828494205,
        "f":0.1889107487
      },
      "Gender":{
        "p":0.2017344267,
        "r":0.2078559738,
        "f":0.2047494553
      },
      "PronType":{
        "p":0.0,
        "r":0.0,
        "f":0.0
      },
      "Definite":{
        "p":0.0,
        "r":0.0,
        "f":0.0
      },
      "Degree":{
        "p":0.0,
        "r":0.0,
        "f":0.0
      },
      "Foreign":{
        "p":0.0,
        "r":0.0,
        "f":0.0
      },
      "NumType":{
        "p":0.0,
        "r":0.0,
        "f":0.0
      }
    }
  },
  "speed":3959.8926010844
}