{
  "tokenizer":{
    "token_acc":1.0,
    "token_p":0.997476277,
    "token_r":0.9991405026,
    "token_f":0.9983076962
  },
  "transformer":{

  },
  "parser":{
    "sents_p":0.1605043813,
    "sents_r":0.3318603624,
    "sents_f":0.2163641602,
    "dep_uas":0.2648976497,
    "dep_las":0.0657352904,
    "dep_las_per_type":{
      "discourse":{
        "p":0.117414248,
        "r":0.1318518519,
        "f":0.1242149337
      },
      "case":{
        "p":0.0666666667,
        "r":0.0068965517,
        "f":0.0125
      },
      "root":{
        "p":0.2042643923,
        "r":0.4233318604,
        "f":0.2755645045
      },
      "nsubj":{
        "p":0.0337931034,
        "r":0.0343859649,
        "f":0.0340869565
      },
      "det":{
        "p":0.0156739812,
        "r":0.0098231827,
        "f":0.0120772947
      },
      "advmod":{
        "p":0.0173724213,
        "r":0.0122699387,
        "f":0.0143820225
      },
      "conj":{
        "p":0.0210594876,
        "r":0.0887465691,
        "f":0.0340410598
      },
      "obj":{
        "p":0.0562659847,
        "r":0.0145791915,
        "f":0.0231578947
      },
      "mark":{
        "p":0.0377358491,
        "r":0.0106382979,
        "f":0.0165975104
      },
      "advcl":{
        "p":0.0222222222,
        "r":0.0010183299,
        "f":0.0019474197
      },
      "amod":{
        "p":0.0178082192,
        "r":0.0167310167,
        "f":0.0172528202
      },
      "obl":{
        "p":0.032967033,
        "r":0.0102599179,
        "f":0.0156494523
      },
      "dep":{
        "p":0.0,
        "r":0.0,
        "f":0.0
      },
      "orphan":{
        "p":0.0,
        "r":0.0,
        "f":0.0
      },
      "nmod":{
        "p":0.0057372347,
        "r":0.0214592275,
        "f":0.0090538705
      },
      "cc":{
        "p":0.0179640719,
        "r":0.0019920319,
        "f":0.0035863718
      },
      "expl:pv":{
        "p":0.0,
        "r":0.0,
        "f":0.0
      },
      "obl:arg":{
        "p":0.0,
        "r":0.0,
        "f":0.0
      },
      "acl":{
        "p":0.0025031289,
        "r":0.0058309038,
        "f":0.003502627
      },
      "cop":{
        "p":0.0,
        "r":0.0,
        "f":0.0
      },
      "iobj":{
        "p":0.0,
        "r":0.0,
        "f":0.0
      },
      "nsubj:pass":{
        "p":0.0,
        "r":0.0,
        "f":0.0
      },
      "dislocated":{
        "p":0.0,
        "r":0.0,
        "f":0.0
      },
      "xcomp":{
        "p":0.0067114094,
        "r":0.003164557,
        "f":0.0043010753
      },
      "vocative":{
        "p":0.0,
        "r":0.0,
        "f":0.0
      },
      "flat:name":{
        "p":0.0,
        "r":0.0,
        "f":0.0
      },
      "appos":{
        "p":0.0,
        "r":0.0,
        "f":0.0
      },
      "aux":{
        "p":0.0,
        "r":0.0,
        "f":0.0
      },
      "advcl:cmp":{
        "p":0.0,
        "r":0.0,
        "f":0.0
      },
      "ccomp":{
        "p":0.0,
        "r":0.0,
        "f":0.0
      },
      "parataxis":{
        "p":0.0,
        "r":0.0,
        "f":0.0
      },
      "obl:agent":{
        "p":0.0,
        "r":0.0,
        "f":0.0
      },
      "csubj":{
        "p":0.0,
        "r":0.0,
        "f":0.0
      },
      "nsubj:outer":{
        "p":0.0,
        "r":0.0,
        "f":0.0
      },
      "nummod":{
        "p":0.0,
        "r":0.0,
        "f":0.0
      },
      "fixed":{
        "p":0.0,
        "r":0.0,
        "f":0.0
      },
      "flat":{
        "p":0.0,
        "r":0.0,
        "f":0.0
      },
      "csubj:pass":{
        "p":0.0,
        "r":0.0,
        "f":0.0
      },
      "aux:pass":{
        "p":0.0,
        "r":0.0,
        "f":0.0
      }
    }
  },
  "trainable_lemmatizer":{
    "lemma_acc":0.2235582388
  },
  "tagger":{
    "tag_acc":0.0
  },
  "morphologizer":{
    "pos_acc":0.2382312066,
    "morph_acc":0.1531233423,
    "morph_micro_p":0.3196873837,
    "morph_micro_r":0.1853290183,
    "morph_micro_f":0.2346353455,
    "morph_per_feat":{
      "Case":{
        "p":0.1702898551,
        "r":0.1589926706,
        "f":0.1644474682
      },
      "Gender":{
        "p":0.2354788069,
        "r":0.2446982055,
        "f":0.24
      },
      "Number":{
        "p":0.6038810753,
        "r":0.4969235277,
        "f":0.54520614
      },
      "Person":{
        "p":0.1763358779,
        "r":0.0427302997,
        "f":0.068790947
      },
      "PronType":{
        "p":0.0,
        "r":0.0,
        "f":0.0
      },
      "Mood":{
        "p":0.154316272,
        "r":0.0668874172,
        "f":0.0933240933
      },
      "Tense":{
        "p":0.2403267412,
        "r":0.1197002141,
        "f":0.1598056032
      },
      "VerbForm":{
        "p":0.1237194641,
        "r":0.0335470085,
        "f":0.0527819802
      },
      "Voice":{
        "p":0.0238095238,
        "r":0.0002141328,
        "f":0.0004244482
      },
      "Variant":{
        "p":0.0,
        "r":0.0,
        "f":0.0
      },
      "Degree":{
        "p":0.0,
        "r":0.0,
        "f":0.0
      },
      "Reflex":{
        "p":0.0,
        "r":0.0,
        "f":0.0
      },
      "Poss":{
        "p":0.0,
        "r":0.0,
        "f":0.0
      },
      "Polarity":{
        "p":0.0,
        "r":0.0,
        "f":0.0
      },
      "Aspect":{
        "p":0.0,
        "r":0.0,
        "f":0.0
      }
    }
  },
  "speed":1507.6139069207
}