{
  "tokenizer":{
    "token_acc":0.9464403791,
    "token_p":0.9418117699,
    "token_r":0.8969353484,
    "token_f":0.9188259327
  },
  "transformer":{

  },
  "parser":{
    "sents_p":0.0542713568,
    "sents_r":0.1388174807,
    "sents_f":0.0780346821,
    "dep_uas":0.2414704193,
    "dep_las":0.0606547961,
    "dep_las_per_type":{
      "advmod":{
        "p":0.0366666667,
        "r":0.0225409836,
        "f":0.0279187817
      },
      "iobj":{
        "p":0.0476190476,
        "r":0.0094339623,
        "f":0.0157480315
      },
      "root":{
        "p":0.1635021097,
        "r":0.3984575835,
        "f":0.2318623785
      },
      "obj":{
        "p":0.0793650794,
        "r":0.0136612022,
        "f":0.0233100233
      },
      "discourse":{
        "p":0.0,
        "r":0.0,
        "f":0.0
      },
      "cc:nc":{
        "p":0.0,
        "r":0.0,
        "f":0.0
      },
      "expl":{
        "p":0.0,
        "r":0.0,
        "f":0.0
      },
      "nsubj":{
        "p":0.0371621622,
        "r":0.0290237467,
        "f":0.0325925926
      },
      "case":{
        "p":0.0243902439,
        "r":0.0039840637,
        "f":0.0068493151
      },
      "obl":{
        "p":0.0481283422,
        "r":0.031358885,
        "f":0.0379746835
      },
      "ccomp":{
        "p":0.0,
        "r":0.0,
        "f":0.0
      },
      "dep":{
        "p":0.0,
        "r":0.0,
        "f":0.0
      },
      "det":{
        "p":0.12890625,
        "r":0.1964285714,
        "f":0.1556603774
      },
      "nmod":{
        "p":0.0,
        "r":0.0,
        "f":0.0
      },
      "mark":{
        "p":0.04,
        "r":0.0043290043,
        "f":0.0078125
      },
      "aux":{
        "p":0.0,
        "r":0.0,
        "f":0.0
      },
      "acl":{
        "p":0.0,
        "r":0.0,
        "f":0.0
      },
      "advcl":{
        "p":0.0,
        "r":0.0,
        "f":0.0
      },
      "acl:relcl":{
        "p":0.0,
        "r":0.0,
        "f":0.0
      },
      "conj":{
        "p":0.0058139535,
        "r":0.0149253731,
        "f":0.0083682008
      },
      "amod":{
        "p":0.0108108108,
        "r":0.0188679245,
        "f":0.0137457045
      },
      "xcomp":{
        "p":0.0,
        "r":0.0,
        "f":0.0
      },
      "cc":{
        "p":0.0,
        "r":0.0,
        "f":0.0
      },
      "flat":{
        "p":0.0,
        "r":0.0,
        "f":0.0
      },
      "appos":{
        "p":0.0,
        "r":0.0,
        "f":0.0
      },
      "cop":{
        "p":0.0,
        "r":0.0,
        "f":0.0
      },
      "case:det":{
        "p":0.0,
        "r":0.0,
        "f":0.0
      },
      "vocative":{
        "p":0.0,
        "r":0.0,
        "f":0.0
      },
      "dislocated":{
        "p":0.0,
        "r":0.0,
        "f":0.0
      },
      "obl:advmod":{
        "p":0.0,
        "r":0.0,
        "f":0.0
      },
      "aux:pass":{
        "p":0.0,
        "r":0.0,
        "f":0.0
      },
      "orphan":{
        "p":0.0,
        "r":0.0,
        "f":0.0
      },
      "nummod":{
        "p":0.0,
        "r":0.0,
        "f":0.0
      },
      "parataxis":{
        "p":0.0,
        "r":0.0,
        "f":0.0
      },
      "csubj":{
        "p":0.0,
        "r":0.0,
        "f":0.0
      },
      "nsubj:obj":{
        "p":0.0,
        "r":0.0,
        "f":0.0
      }
    }
  },
  "trainable_lemmatizer":{
    "lemma_acc":0.3782291897
  },
  "tagger":{
    "tag_acc":0.0
  },
  "morphologizer":{
    "pos_acc":0.1784058291,
    "morph_acc":0.1375731478,
    "morph_micro_p":0.0144113337,
    "morph_micro_r":0.022519084,
    "morph_micro_f":0.017575216,
    "morph_per_feat":{
      "PronType":{
        "p":0.0,
        "r":0.0,
        "f":0.0
      },
      "VerbForm":{
        "p":0.1812865497,
        "r":0.0330490405,
        "f":0.0559062218
      },
      "Mood":{
        "p":0.0,
        "r":0.0,
        "f":0.0
      },
      "Number":{
        "p":0.0,
        "r":0.0,
        "f":0.0
      },
      "Person":{
        "p":0.0,
        "r":0.0,
        "f":0.0
      },
      "Tense":{
        "p":0.0933333333,
        "r":0.2105263158,
        "f":0.129330254
      },
      "Polarity":{
        "p":0.0,
        "r":0.0,
        "f":0.0
      },
      "Case":{
        "p":0.0,
        "r":0.0,
        "f":0.0
      },
      "Gender":{
        "p":0.0,
        "r":0.0,
        "f":0.0
      },
      "Voice":{
        "p":0.0,
        "r":0.0,
        "f":0.0
      },
      "Definite":{
        "p":0.0,
        "r":0.0,
        "f":0.0
      },
      "Poss":{
        "p":0.0,
        "r":0.0,
        "f":0.0
      },
      "NumType":{
        "p":0.0,
        "r":0.0,
        "f":0.0
      }
    }
  },
  "speed":1183.8250900562
}