{
  "tokenizer":{
    "token_acc":1.0,
    "token_p":1.0,
    "token_r":1.0,
    "token_f":1.0
  },
  "transformer":{

  },
  "parser":{
    "sents_p":0.7879464286,
    "sents_r":0.8825,
    "sents_f":0.8325471698,
    "dep_uas":0.6907292048,
    "dep_las":0.5822645658,
    "dep_las_per_type":{
      "obl":{
        "p":0.5107526882,
        "r":0.521978022,
        "f":0.5163043478
      },
      "vocative":{
        "p":0.4166666667,
        "r":0.2631578947,
        "f":0.3225806452
      },
      "advmod":{
        "p":0.6925675676,
        "r":0.7118055556,
        "f":0.7020547945
      },
      "case":{
        "p":0.4137931034,
        "r":0.2926829268,
        "f":0.3428571429
      },
      "acl":{
        "p":0.3548387097,
        "r":0.2844827586,
        "f":0.3157894737
      },
      "conj":{
        "p":0.3503649635,
        "r":0.2727272727,
        "f":0.3067092652
      },
      "amod":{
        "p":0.325,
        "r":0.4,
        "f":0.3586206897
      },
      "obj":{
        "p":0.5826446281,
        "r":0.6497695853,
        "f":0.614379085
      },
      "root":{
        "p":0.7633928571,
        "r":0.855,
        "f":0.8066037736
      },
      "nsubj":{
        "p":0.5988023952,
        "r":0.6269592476,
        "f":0.6125574273
      },
      "nmod":{
        "p":0.568627451,
        "r":0.5576923077,
        "f":0.5631067961
      },
      "orphan":{
        "p":0.4615384615,
        "r":0.25,
        "f":0.3243243243
      },
      "iobj":{
        "p":0.5438596491,
        "r":0.4366197183,
        "f":0.484375
      },
      "advcl":{
        "p":0.5066666667,
        "r":0.4634146341,
        "f":0.4840764331
      },
      "xcomp":{
        "p":0.6458333333,
        "r":0.5961538462,
        "f":0.62
      },
      "discourse":{
        "p":0.4895833333,
        "r":0.5164835165,
        "f":0.5026737968
      },
      "det":{
        "p":0.5967741935,
        "r":0.4743589744,
        "f":0.5285714286
      },
      "cc":{
        "p":0.8360655738,
        "r":0.796875,
        "f":0.816
      },
      "appos":{
        "p":0.7142857143,
        "r":0.625,
        "f":0.6666666667
      },
      "ccomp":{
        "p":0.5357142857,
        "r":0.3846153846,
        "f":0.447761194
      },
      "mark":{
        "p":0.7582417582,
        "r":0.71875,
        "f":0.7379679144
      },
      "dep":{
        "p":0.0,
        "r":0.0,
        "f":0.0
      },
      "nummod":{
        "p":0.59375,
        "r":0.7037037037,
        "f":0.6440677966
      },
      "cop":{
        "p":0.6111111111,
        "r":0.6666666667,
        "f":0.6376811594
      },
      "parataxis":{
        "p":0.2222222222,
        "r":0.2105263158,
        "f":0.2162162162
      },
      "aux":{
        "p":0.0,
        "r":0.0,
        "f":0.0
      },
      "compound":{
        "p":0.0,
        "r":0.0,
        "f":0.0
      },
      "fixed":{
        "p":0.0,
        "r":0.0,
        "f":0.0
      },
      "flat":{
        "p":0.7,
        "r":0.3333333333,
        "f":0.4516129032
      },
      "csubj":{
        "p":0.4285714286,
        "r":0.4285714286,
        "f":0.4285714286
      }
    }
  },
  "trainable_lemmatizer":{
    "lemma_acc":0.8167827043
  },
  "tagger":{
    "tag_acc":0.7753755955
  },
  "morphologizer":{
    "pos_acc":0.8875045804,
    "morph_acc":0.8112861854,
    "morph_micro_p":0.8846323206,
    "morph_micro_r":0.8813980696,
    "morph_micro_f":0.8830122335,
    "morph_per_feat":{
      "Case":{
        "p":0.8538083538,
        "r":0.8501529052,
        "f":0.8519767086
      },
      "Number":{
        "p":0.9454987835,
        "r":0.9422890398,
        "f":0.9438911829
      },
      "Gender":{
        "p":0.8664556962,
        "r":0.8588456713,
        "f":0.8626339004
      },
      "Tense":{
        "p":0.8363970588,
        "r":0.8379373849,
        "f":0.8371665133
      },
      "VerbForm":{
        "p":0.7426470588,
        "r":0.7372262774,
        "f":0.7399267399
      },
      "Mood":{
        "p":0.8782201405,
        "r":0.8782201405,
        "f":0.8782201405
      },
      "Person":{
        "p":0.8946135831,
        "r":0.8946135831,
        "f":0.8946135831
      },
      "Voice":{
        "p":0.75,
        "r":0.9230769231,
        "f":0.8275862069
      }
    }
  },
  "speed":750.5303760829
}