{
  "tokenizer":{
    "token_acc":0.9981644203,
    "token_p":0.9974335877,
    "token_r":0.9959947049,
    "token_f":0.996713627
  },
  "transformer":{

  },
  "parser":{
    "sents_p":0.0209370871,
    "sents_r":0.0755131965,
    "sents_f":0.0327842763,
    "dep_uas":0.1626771016,
    "dep_las":0.0176846271,
    "dep_las_per_type":{
      "root":{
        "p":0.048200122,
        "r":0.1736899963,
        "f":0.0754596832
      },
      "nsubj":{
        "p":0.0075901328,
        "r":0.0060281313,
        "f":0.006719552
      },
      "advmod":{
        "p":0.0082742317,
        "r":0.0050553683,
        "f":0.0062761506
      },
      "mark":{
        "p":0.0,
        "r":0.0,
        "f":0.0
      },
      "acl":{
        "p":0.0,
        "r":0.0,
        "f":0.0
      },
      "compound:prt":{
        "p":0.0,
        "r":0.0,
        "f":0.0
      },
      "obj":{
        "p":0.0018050542,
        "r":0.0010604454,
        "f":0.0013360053
      },
      "discourse":{
        "p":0.0,
        "r":0.0,
        "f":0.0
      },
      "obl":{
        "p":0.0065671642,
        "r":0.0019257703,
        "f":0.002978205
      },
      "cc":{
        "p":0.0024813896,
        "r":0.0002848191,
        "f":0.0005109862
      },
      "conj":{
        "p":0.0056019995,
        "r":0.0215018194,
        "f":0.0088882811
      },
      "case":{
        "p":0.3173374613,
        "r":0.0417345277,
        "f":0.0737675423
      },
      "amod":{
        "p":0.0210704399,
        "r":0.0556458164,
        "f":0.0305667113
      },
      "nmod:poss":{
        "p":0.0,
        "r":0.0,
        "f":0.0
      },
      "vocative":{
        "p":0.0,
        "r":0.0,
        "f":0.0
      },
      "xcomp":{
        "p":0.0,
        "r":0.0,
        "f":0.0
      },
      "dep":{
        "p":0.0004976362,
        "r":0.0094339623,
        "f":0.000945403
      },
      "aux":{
        "p":0.0,
        "r":0.0,
        "f":0.0
      },
      "advcl":{
        "p":0.0,
        "r":0.0,
        "f":0.0
      },
      "iobj":{
        "p":0.0,
        "r":0.0,
        "f":0.0
      },
      "det":{
        "p":0.0115803815,
        "r":0.0134175217,
        "f":0.0124314442
      },
      "acl:relcl":{
        "p":0.0,
        "r":0.0,
        "f":0.0
      },
      "nmod":{
        "p":0.0004039588,
        "r":0.0224719101,
        "f":0.0007936508
      },
      "appos":{
        "p":0.0060468632,
        "r":0.0125195618,
        "f":0.0081549439
      },
      "ccomp":{
        "p":0.0,
        "r":0.0,
        "f":0.0
      },
      "cop":{
        "p":0.007518797,
        "r":0.0006031363,
        "f":0.0011166946
      },
      "nummod":{
        "p":0.0,
        "r":0.0,
        "f":0.0
      },
      "flat":{
        "p":0.0,
        "r":0.0,
        "f":0.0
      },
      "expl":{
        "p":0.0,
        "r":0.0,
        "f":0.0
      },
      "orphan":{
        "p":0.0,
        "r":0.0,
        "f":0.0
      },
      "parataxis":{
        "p":0.0,
        "r":0.0,
        "f":0.0
      },
      "flat:name":{
        "p":0.0,
        "r":0.0,
        "f":0.0
      },
      "fixed":{
        "p":0.0,
        "r":0.0,
        "f":0.0
      },
      "flat:foreign":{
        "p":0.0,
        "r":0.0,
        "f":0.0
      },
      "csubj":{
        "p":0.0,
        "r":0.0,
        "f":0.0
      },
      "dislocated":{
        "p":0.0,
        "r":0.0,
        "f":0.0
      }
    }
  },
  "trainable_lemmatizer":{
    "lemma_acc":0.5174456656
  },
  "tagger":{
    "tag_acc":0.0069190035
  },
  "morphologizer":{
    "pos_acc":0.1286264376,
    "morph_acc":0.1057946499,
    "morph_micro_p":0.3323591276,
    "morph_micro_r":0.1966257548,
    "morph_micro_f":0.2470783817,
    "morph_per_feat":{
      "Mood":{
        "p":0.0587248322,
        "r":0.0088877603,
        "f":0.015438906
      },
      "Number":{
        "p":0.593305237,
        "r":0.5319148936,
        "f":0.5609353822
      },
      "Person":{
        "p":0.057885906,
        "r":0.0071576763,
        "f":0.0127400295
      },
      "Tense":{
        "p":0.0560515873,
        "r":0.0143473845,
        "f":0.0228467448
      },
      "VerbForm":{
        "p":0.0226293103,
        "r":0.0019886364,
        "f":0.0036559889
      },
      "Voice":{
        "p":0.0,
        "r":0.0,
        "f":0.0
      },
      "Case":{
        "p":0.181942643,
        "r":0.2068061755,
        "f":0.1935793004
      },
      "Gender":{
        "p":0.2660725652,
        "r":0.332817269,
        "f":0.2957256559
      },
      "PronType":{
        "p":0.0,
        "r":0.0,
        "f":0.0
      },
      "Definite":{
        "p":0.0,
        "r":0.0,
        "f":0.0
      },
      "Degree":{
        "p":0.0,
        "r":0.0,
        "f":0.0
      },
      "Foreign":{
        "p":0.0,
        "r":0.0,
        "f":0.0
      },
      "NumType":{
        "p":0.0,
        "r":0.0,
        "f":0.0
      }
    }
  },
  "speed":6486.9040366562
}