{
  "tokenizer":{
    "token_acc":0.9995570601,
    "token_p":0.9645015345,
    "token_r":0.9836092021,
    "token_f":0.9739616613
  },
  "transformer":{

  },
  "parser":{
    "sents_p":0.1337293538,
    "sents_r":0.2982229402,
    "sents_f":0.1846553966,
    "dep_uas":0.2674065611,
    "dep_las":0.0523364486,
    "dep_las_per_type":{
      "discourse":{
        "p":0.0565302144,
        "r":0.0403899721,
        "f":0.0471161657
      },
      "vocative":{
        "p":0.0,
        "r":0.0,
        "f":0.0
      },
      "root":{
        "p":0.1680648372,
        "r":0.3819063005,
        "f":0.2334123223
      },
      "advmod":{
        "p":0.0102267675,
        "r":0.0143660212,
        "f":0.0119480519
      },
      "advcl":{
        "p":0.0,
        "r":0.0,
        "f":0.0
      },
      "expl:pv":{
        "p":0.0,
        "r":0.0,
        "f":0.0
      },
      "obl:arg":{
        "p":0.0,
        "r":0.0,
        "f":0.0
      },
      "dep":{
        "p":0.0011286682,
        "r":0.0132450331,
        "f":0.0020800832
      },
      "nsubj":{
        "p":0.0241652021,
        "r":0.0290237467,
        "f":0.0263725725
      },
      "acl":{
        "p":0.0007122507,
        "r":0.0044052863,
        "f":0.0012262416
      },
      "conj":{
        "p":0.0284528749,
        "r":0.0614072495,
        "f":0.0388873886
      },
      "orphan":{
        "p":0.0023529412,
        "r":0.0041322314,
        "f":0.0029985007
      },
      "obj":{
        "p":0.0157273919,
        "r":0.0071942446,
        "f":0.0098724805
      },
      "case":{
        "p":0.282208589,
        "r":0.0137149672,
        "f":0.0261586579
      },
      "obl":{
        "p":0.014893617,
        "r":0.0026626094,
        "f":0.0045175863
      },
      "nummod":{
        "p":0.0,
        "r":0.0,
        "f":0.0
      },
      "appos":{
        "p":0.012345679,
        "r":0.0014084507,
        "f":0.002528445
      },
      "obl:agent":{
        "p":0.0,
        "r":0.0,
        "f":0.0
      },
      "det":{
        "p":0.0095328885,
        "r":0.0077760498,
        "f":0.0085653105
      },
      "nmod":{
        "p":0.0045413261,
        "r":0.021141649,
        "f":0.0074766355
      },
      "cc":{
        "p":0.0067114094,
        "r":0.0003331113,
        "f":0.0006347191
      },
      "dislocated":{
        "p":0.0,
        "r":0.0,
        "f":0.0
      },
      "amod":{
        "p":0.0346580407,
        "r":0.0506072874,
        "f":0.0411409764
      },
      "flat":{
        "p":0.0,
        "r":0.0,
        "f":0.0
      },
      "parataxis":{
        "p":0.0,
        "r":0.0,
        "f":0.0
      },
      "iobj":{
        "p":0.0,
        "r":0.0,
        "f":0.0
      },
      "expl":{
        "p":0.0,
        "r":0.0,
        "f":0.0
      },
      "cop":{
        "p":0.0,
        "r":0.0,
        "f":0.0
      },
      "nsubj:pass":{
        "p":0.0,
        "r":0.0,
        "f":0.0
      },
      "xcomp":{
        "p":0.0059171598,
        "r":0.0028735632,
        "f":0.003868472
      },
      "ccomp":{
        "p":0.0,
        "r":0.0,
        "f":0.0
      },
      "aux":{
        "p":0.0,
        "r":0.0,
        "f":0.0
      },
      "mark":{
        "p":0.0,
        "r":0.0,
        "f":0.0
      },
      "aux:pass":{
        "p":0.0,
        "r":0.0,
        "f":0.0
      },
      "flat:name":{
        "p":0.0,
        "r":0.0,
        "f":0.0
      },
      "fixed":{
        "p":0.0,
        "r":0.0,
        "f":0.0
      },
      "nummod:gov":{
        "p":0.0,
        "r":0.0,
        "f":0.0
      },
      "list":{
        "p":0.0,
        "r":0.0,
        "f":0.0
      },
      "advcl:cmp":{
        "p":0.0,
        "r":0.0,
        "f":0.0
      },
      "csubj":{
        "p":0.0,
        "r":0.0,
        "f":0.0
      },
      "acl:relcl":{
        "p":0.0,
        "r":0.0,
        "f":0.0
      },
      "nsubj:outer":{
        "p":0.0,
        "r":0.0,
        "f":0.0
      },
      "compound":{
        "p":0.0,
        "r":0.0,
        "f":0.0
      },
      "csubj:pass":{
        "p":0.0,
        "r":0.0,
        "f":0.0
      },
      "reparandum":{
        "p":0.0,
        "r":0.0,
        "f":0.0
      },
      "goeswith":{
        "p":0.0,
        "r":0.0,
        "f":0.0
      }
    }
  },
  "trainable_lemmatizer":{
    "lemma_acc":0.2983527907
  },
  "tagger":{
    "tag_acc":0.0007682827
  },
  "morphologizer":{
    "pos_acc":0.191682838,
    "morph_acc":0.1858238468,
    "morph_micro_p":0.3480614707,
    "morph_micro_r":0.2155342775,
    "morph_micro_f":0.2662162653,
    "morph_per_feat":{
      "Case":{
        "p":0.1972844964,
        "r":0.192281652,
        "f":0.1947509507
      },
      "Gender":{
        "p":0.3086978702,
        "r":0.3124032008,
        "f":0.310539483
      },
      "Number":{
        "p":0.5894849913,
        "r":0.5176063718,
        "f":0.5512122988
      },
      "Mood":{
        "p":0.0931863727,
        "r":0.0326430326,
        "f":0.0483493631
      },
      "Person":{
        "p":0.1893787575,
        "r":0.0362694301,
        "f":0.0608793687
      },
      "Tense":{
        "p":0.1020408163,
        "r":0.0345809601,
        "f":0.0516560316
      },
      "VerbForm":{
        "p":0.0403458213,
        "r":0.0055042265,
        "f":0.0096869054
      },
      "Voice":{
        "p":0.0,
        "r":0.0,
        "f":0.0
      },
      "PronType":{
        "p":0.0,
        "r":0.0,
        "f":0.0
      },
      "Variant":{
        "p":0.0,
        "r":0.0,
        "f":0.0
      },
      "Reflex":{
        "p":0.0,
        "r":0.0,
        "f":0.0
      },
      "Aspect":{
        "p":0.0,
        "r":0.0,
        "f":0.0
      },
      "Degree":{
        "p":0.0,
        "r":0.0,
        "f":0.0
      },
      "Clitic":{
        "p":0.0,
        "r":0.0,
        "f":0.0
      },
      "Polarity":{
        "p":0.0,
        "r":0.0,
        "f":0.0
      },
      "Poss":{
        "p":0.0,
        "r":0.0,
        "f":0.0
      },
      "Analyt":{
        "p":0.0,
        "r":0.0,
        "f":0.0
      },
      "NumType":{
        "p":0.0,
        "r":0.0,
        "f":0.0
      },
      "Animacy":{
        "p":0.0,
        "r":0.0,
        "f":0.0
      },
      "NumForm":{
        "p":0.0,
        "r":0.0,
        "f":0.0
      },
      "NameType":{
        "p":0.0,
        "r":0.0,
        "f":0.0
      },
      "Abbr":{
        "p":0.0,
        "r":0.0,
        "f":0.0
      },
      "Typo":{
        "p":0.0,
        "r":0.0,
        "f":0.0
      }
    }
  },
  "speed":3304.2674639908
}