{
  "tokenizer":{
    "token_acc":0.9996152111,
    "token_p":0.9922378791,
    "token_r":0.9963360691,
    "token_f":0.9942827512
  },
  "transformer":{

  },
  "parser":{
    "sents_p":0.65006413,
    "sents_r":0.8062036055,
    "sents_f":0.7197633136,
    "dep_uas":0.5894920596,
    "dep_las":0.4410432152,
    "dep_las_per_type":{
      "root":{
        "p":0.5304422132,
        "r":0.658271474,
        "f":0.5874837336
      },
      "cc":{
        "p":0.6734214391,
        "r":0.6822374293,
        "f":0.6778007685
      },
      "mark":{
        "p":0.6223542518,
        "r":0.479267944,
        "f":0.5415185784
      },
      "amod":{
        "p":0.2877449097,
        "r":0.2703971119,
        "f":0.2788014145
      },
      "nsubj:pass":{
        "p":0.3953695459,
        "r":0.3891323401,
        "f":0.3922261484
      },
      "advmod:neg":{
        "p":0.7587548638,
        "r":0.7155963303,
        "f":0.7365439093
      },
      "advcl":{
        "p":0.2360163711,
        "r":0.2031311155,
        "f":0.2183424485
      },
      "case":{
        "p":0.8253848476,
        "r":0.8791191127,
        "f":0.8514049973
      },
      "nsubj":{
        "p":0.3771375029,
        "r":0.3690121476,
        "f":0.3730305839
      },
      "obl":{
        "p":0.3279827134,
        "r":0.4301619433,
        "f":0.3721867064
      },
      "acl:relcl":{
        "p":0.2552954292,
        "r":0.1793265466,
        "f":0.2106715731
      },
      "nmod":{
        "p":0.3799644339,
        "r":0.4325236167,
        "f":0.4045440202
      },
      "obj":{
        "p":0.3865220759,
        "r":0.5,
        "f":0.4359982525
      },
      "advcl:cmp":{
        "p":0.02,
        "r":0.0215827338,
        "f":0.0207612457
      },
      "advmod":{
        "p":0.336492891,
        "r":0.3491282968,
        "f":0.3426941641
      },
      "csubj:pass":{
        "p":0.2448979592,
        "r":0.064171123,
        "f":0.1016949153
      },
      "cop":{
        "p":0.3768804434,
        "r":0.5745322873,
        "f":0.4551757112
      },
      "advmod:lmod":{
        "p":0.4713375796,
        "r":0.3441860465,
        "f":0.3978494624
      },
      "det":{
        "p":0.646393643,
        "r":0.5107461966,
        "f":0.5706191825
      },
      "fixed":{
        "p":0.0,
        "r":0.0,
        "f":0.0
      },
      "obl:arg":{
        "p":0.5781637717,
        "r":0.1150617284,
        "f":0.1919275124
      },
      "appos":{
        "p":0.0825688073,
        "r":0.0425029516,
        "f":0.0561184723
      },
      "conj":{
        "p":0.2911946447,
        "r":0.3199434229,
        "f":0.3048928427
      },
      "xcomp":{
        "p":0.3446475196,
        "r":0.4656084656,
        "f":0.3960990248
      },
      "ccomp:relcl":{
        "p":0.0,
        "r":0.0,
        "f":0.0
      },
      "acl":{
        "p":0.1533333333,
        "r":0.0514157973,
        "f":0.0770089286
      },
      "dep":{
        "p":0.0011741683,
        "r":0.1764705882,
        "f":0.0023328149
      },
      "advcl:abs":{
        "p":0.0326086957,
        "r":0.2142857143,
        "f":0.0566037736
      },
      "discourse":{
        "p":0.4783427495,
        "r":0.6,
        "f":0.532308767
      },
      "orphan":{
        "p":0.2857142857,
        "r":0.0136986301,
        "f":0.0261437908
      },
      "nsubj:outer":{
        "p":0.0,
        "r":0.0,
        "f":0.0
      },
      "csubj":{
        "p":0.2603550296,
        "r":0.1447368421,
        "f":0.1860465116
      },
      "advmod:emph":{
        "p":0.1801242236,
        "r":0.0441400304,
        "f":0.0709046455
      },
      "flat":{
        "p":0.0,
        "r":0.0,
        "f":0.0
      },
      "dislocated:obj":{
        "p":0.0,
        "r":0.0,
        "f":0.0
      },
      "nummod":{
        "p":0.280141844,
        "r":0.3122529644,
        "f":0.2953271028
      },
      "compound":{
        "p":0.0,
        "r":0.0,
        "f":0.0
      },
      "flat:name":{
        "p":0.0,
        "r":0.0,
        "f":0.0
      },
      "ccomp:reported":{
        "p":0.0,
        "r":0.0,
        "f":0.0
      },
      "ccomp":{
        "p":0.2505353319,
        "r":0.2407407407,
        "f":0.2455403987
      },
      "aux:pass":{
        "p":0.7161716172,
        "r":0.4909502262,
        "f":0.5825503356
      },
      "csubj:relcl":{
        "p":0.0,
        "r":0.0,
        "f":0.0
      },
      "aux":{
        "p":0.037037037,
        "r":0.0714285714,
        "f":0.0487804878
      },
      "conj:expl":{
        "p":0.0,
        "r":0.0,
        "f":0.0
      },
      "advmod:tmod":{
        "p":0.2890625,
        "r":0.3189655172,
        "f":0.3032786885
      },
      "advcl:pred":{
        "p":0.0,
        "r":0.0,
        "f":0.0
      },
      "obl:agent":{
        "p":0.0,
        "r":0.0,
        "f":0.0
      },
      "obl:lmod":{
        "p":0.0,
        "r":0.0,
        "f":0.0
      },
      "dislocated:nsubj":{
        "p":0.0,
        "r":0.0,
        "f":0.0
      },
      "expl:pass":{
        "p":0.0,
        "r":0.0,
        "f":0.0
      },
      "reparandum":{
        "p":0.0,
        "r":0.0,
        "f":0.0
      },
      "dislocated":{
        "p":0.0,
        "r":0.0,
        "f":0.0
      },
      "advcl:relcl":{
        "p":0.0,
        "r":0.0,
        "f":0.0
      },
      "obl:tmod":{
        "p":0.0,
        "r":0.0,
        "f":0.0
      },
      "vocative":{
        "p":0.0416666667,
        "r":0.0714285714,
        "f":0.0526315789
      },
      "parataxis":{
        "p":0.0,
        "r":0.0,
        "f":0.0
      },
      "obl:cmp":{
        "p":0.0,
        "r":0.0,
        "f":0.0
      },
      "cop:outer":{
        "p":0.0,
        "r":0.0,
        "f":0.0
      },
      "csubj:outer":{
        "p":0.0,
        "r":0.0,
        "f":0.0
      },
      "flat:foreign":{
        "p":0.0,
        "r":0.0,
        "f":0.0
      },
      "parataxis:reporting":{
        "p":0.0,
        "r":0.0,
        "f":0.0
      },
      "csubj:cleft":{
        "p":0.0,
        "r":0.0,
        "f":0.0
      },
      "csubj:reported":{
        "p":0.0,
        "r":0.0,
        "f":0.0
      },
      "iobj":{
        "p":0.0,
        "r":0.0,
        "f":0.0
      },
      "dislocated:csubj":{
        "p":0.0,
        "r":0.0,
        "f":0.0
      }
    }
  },
  "trainable_lemmatizer":{
    "lemma_acc":0.7782883057
  },
  "tagger":{
    "tag_acc":0.0
  },
  "morphologizer":{
    "pos_acc":0.839881808,
    "morph_acc":0.4133502785,
    "morph_micro_p":0.7778678976,
    "morph_micro_r":0.6702799811,
    "morph_micro_f":0.7200774,
    "morph_per_feat":{
      "Case":{
        "p":0.7560363376,
        "r":0.7326113395,
        "f":0.7441395335
      },
      "Gender":{
        "p":0.7859956512,
        "r":0.7326831561,
        "f":0.7584036488
      },
      "InflClass":{
        "p":0.0,
        "r":0.0,
        "f":0.0
      },
      "Number":{
        "p":0.9169875806,
        "r":0.8954357432,
        "f":0.9060835236
      },
      "Polarity":{
        "p":0.8965517241,
        "r":0.0381511372,
        "f":0.0731878958
      },
      "Aspect":{
        "p":0.6223798518,
        "r":0.7822297906,
        "f":0.6932090546
      },
      "Mood":{
        "p":0.6385646884,
        "r":0.8323353293,
        "f":0.722686714
      },
      "Person":{
        "p":0.6946564885,
        "r":0.8933317371,
        "f":0.7815658549
      },
      "Tense":{
        "p":0.4953843164,
        "r":0.8250525975,
        "f":0.6190649666
      },
      "VerbForm":{
        "p":0.8350750373,
        "r":0.8365210547,
        "f":0.8357974206
      },
      "Voice":{
        "p":0.7615148414,
        "r":0.7782426778,
        "f":0.7697878945
      },
      "PronType":{
        "p":0.8869158879,
        "r":0.6870588235,
        "f":0.7742988271
      },
      "Reflex":{
        "p":0.9918699187,
        "r":0.4128595601,
        "f":0.5830346476
      },