{
  "tokenizer":{
    "token_acc":0.9995570601,
    "token_p":0.9645015345,
    "token_r":0.9836092021,
    "token_f":0.9739616613
  },
  "transformer":{

  },
  "parser":{
    "sents_p":0.2889260498,
    "sents_r":0.5024232633,
    "sents_f":0.3668750737,
    "dep_uas":0.2810040101,
    "dep_las":0.0946772814,
    "dep_las_per_type":{
      "discourse":{
        "p":0.1722141823,
        "r":0.1657381616,
        "f":0.1689141235
      },
      "vocative":{
        "p":0.0,
        "r":0.0,
        "f":0.0
      },
      "root":{
        "p":0.2079621887,
        "r":0.369628433,
        "f":0.2661703118
      },
      "advmod":{
        "p":0.0275779376,
        "r":0.0430980637,
        "f":0.0336339264
      },
      "advcl":{
        "p":0.0134228188,
        "r":0.0021857923,
        "f":0.0037593985
      },
      "expl:pv":{
        "p":0.0,
        "r":0.0,
        "f":0.0
      },
      "obl:arg":{
        "p":0.0,
        "r":0.0,
        "f":0.0
      },
      "conj":{
        "p":0.0503297466,
        "r":0.0618336887,
        "f":0.0554917719
      },
      "acl":{
        "p":0.0012077295,
        "r":0.0044052863,
        "f":0.0018957346
      },
      "fixed":{
        "p":0.0010493179,
        "r":0.0405405405,
        "f":0.002045687
      },
      "case":{
        "p":0.5699530516,
        "r":0.1809779368,
        "f":0.274722788
      },
      "obl":{
        "p":0.089456869,
        "r":0.0426017497,
        "f":0.0577170832
      },
      "nummod":{
        "p":0.0,
        "r":0.0,
        "f":0.0
      },
      "nsubj":{
        "p":0.0393939394,
        "r":0.0205804749,
        "f":0.0270363951
      },
      "appos":{
        "p":0.025072324,
        "r":0.0366197183,
        "f":0.029765312
      },
      "obl:agent":{
        "p":0.0,
        "r":0.0,
        "f":0.0
      },
      "mark":{
        "p":0.0,
        "r":0.0,
        "f":0.0
      },
      "nmod":{
        "p":0.023255814,
        "r":0.0306553911,
        "f":0.0264477884
      },
      "flat:foreign":{
        "p":0.0,
        "r":0.0,
        "f":0.0
      },
      "cc":{
        "p":0.3697123519,
        "r":0.1455696203,
        "f":0.2088910134
      },
      "obj":{
        "p":0.0340425532,
        "r":0.0095923261,
        "f":0.0149672591
      },
      "dislocated":{
        "p":0.0,
        "r":0.0,
        "f":0.0
      },
      "det":{
        "p":0.0238568588,
        "r":0.0093312597,
        "f":0.0134153158
      },
      "orphan":{
        "p":0.0090144231,
        "r":0.0619834711,
        "f":0.0157397692
      },
      "ccomp":{
        "p":0.0,
        "r":0.0,
        "f":0.0
      },
      "xcomp":{
        "p":0.0100286533,
        "r":0.0201149425,
        "f":0.0133843212
      },
      "amod":{
        "p":0.0691927512,
        "r":0.0566801619,
        "f":0.0623145401
      },
      "dep":{
        "p":0.0028368794,
        "r":0.0529801325,
        "f":0.0053853921
      },
      "parataxis":{
        "p":0.0,
        "r":0.0,
        "f":0.0
      },
      "expl":{
        "p":0.0,
        "r":0.0,
        "f":0.0
      },
      "cop":{
        "p":0.0214285714,
        "r":0.0093167702,
        "f":0.012987013
      },
      "nsubj:pass":{
        "p":0.0,
        "r":0.0,
        "f":0.0
      },
      "aux":{
        "p":0.0,
        "r":0.0,
        "f":0.0
      },
      "aux:pass":{
        "p":0.0,
        "r":0.0,
        "f":0.0
      },
      "iobj":{
        "p":0.0,
        "r":0.0,
        "f":0.0
      },
      "flat:name":{
        "p":0.0,
        "r":0.0,
        "f":0.0
      },
      "nummod:gov":{
        "p":0.0,
        "r":0.0,
        "f":0.0
      },
      "advmod:emph":{
        "p":0.0,
        "r":0.0,
        "f":0.0
      },
      "list":{
        "p":0.0,
        "r":0.0,
        "f":0.0
      },
      "advcl:cmp":{
        "p":0.0,
        "r":0.0,
        "f":0.0
      },
      "advmod:tmod":{
        "p":0.0,
        "r":0.0,
        "f":0.0
      },
      "csubj":{
        "p":0.0,
        "r":0.0,
        "f":0.0
      },
      "flat":{
        "p":0.0,
        "r":0.0,
        "f":0.0
      },
      "acl:relcl":{
        "p":0.0,
        "r":0.0,
        "f":0.0
      },
      "nsubj:outer":{
        "p":0.0,
        "r":0.0,
        "f":0.0
      },
      "advmod:lmod":{
        "p":0.0,
        "r":0.0,
        "f":0.0
      },
      "csubj:pass":{
        "p":0.0,
        "r":0.0,
        "f":0.0
      },
      "compound":{
        "p":0.0,
        "r":0.0,
        "f":0.0
      },
      "advcl:abs":{
        "p":0.0,
        "r":0.0,
        "f":0.0
      },
      "reparandum":{
        "p":0.0,
        "r":0.0,
        "f":0.0
      },
      "goeswith":{
        "p":0.0,
        "r":0.0,
        "f":0.0
      }
    }
  },
  "trainable_lemmatizer":{
    "lemma_acc":0.294957701
  },
  "tagger":{
    "tag_acc":0.0898189212
  },
  "morphologizer":{
    "pos_acc":0.2494953055,
    "morph_acc":0.2577380857,
    "morph_micro_p":0.2705570913,
    "morph_micro_r":0.1358514092,
    "morph_micro_f":0.1808798885,
    "morph_per_feat":{
      "Case":{
        "p":0.1398958542,
        "r":0.0859851049,
        "f":0.1065070712
      },
      "Gender":{
        "p":0.2501519757,
        "r":0.1593314404,
        "f":0.1946700307
      },
      "Number":{
        "p":0.5575245616,
        "r":0.3181722909,
        "f":0.4051376147
      },
      "Mood":{
        "p":0.1270010672,
        "r":0.0417690418,
        "f":0.0628631801
      },
      "Person":{
        "p":0.1185661765,
        "r":0.0247553253,
        "f":0.0409588824
      },
      "Tense":{
        "p":0.140192926,
        "r":0.0443449959,
        "f":0.0673775305
      },
      "VerbForm":{
        "p":0.1423357664,
        "r":0.0459996068,
        "f":0.0695290447
      },
      "Voice":{
        "p":0.2516964837,
        "r":0.0804892484,
        "f":0.1219730942
      },
      "PronType":{
        "p":0.0323679727,
        "r":0.007822149,
        "f":0.0125994695
      },
      "Variant":{
        "p":0.0,
        "r":0.0,
        "f":0.0
      },
      "Reflex":{
        "p":0.0196078431,
        "r":0.0011614402,
        "f":0.0021929825
      },
      "Aspect":{
        "p":0.0976800977,
        "r":0.0428954424,
        "f":0.0596125186
      },
      "Degree":{
        "p":0.1167211167,
        "r":0.1856400567,
        "f":0.1433260394
      },
      "Clitic":{
        "p":0.0,
        "r":0.0,
        "f":0.0
      },
      "Polarity":{
        "p":0.0483870968,
        "r":0.0215311005,
        "f":0.0298013245
      },
      "Poss":{
        "p":0.023255814,
        "r":0.0019157088,
        "f":0.003539823
      },
      "Analyt":{
        "p":0.0,
        "r":0.0,
        "f":0.0
      },
      "NumType":{
        "p":0.0,
        "r":0.0,
        "f":0.0
      },
      "Animacy":{
        "p":0.0,
        "r":0.0,
        "f":0.0
      },
      "NumForm":{
        "p":0.0,
        "r":0.0,
        "f":0.0
      },
      "NameType":{
        "p":0.0,
        "r":0.0,
        "f":0.0
      },
      "Number[psor]":{
        "p":0.0,
        "r":0.0,
        "f":0.0
      },
      "Person[psor]":{
        "p":0.0,
        "r":0.0,
        "f":0.0
      },
      "Abbr":{
        "p":0.0,
        "r":0.0,
        "f":0.0
      },
      "AdvType":{
        "p":0.0,
        "r":0.0,
        "f":0.0
      },
      "Typo":{
        "p":0.0,
        "r":0.0,
        "f":0.0
      }
    }
  },
  "speed":3230.7341460836
}