{
  "tokenizer":{
    "token_acc":0.9996132525,
    "token_p":0.9992265051,
    "token_r":0.9990547798,
    "token_f":0.9991406351
  },
  "transformer":{

  },
  "parser":{
    "sents_p":0.8477112676,
    "sents_r":0.9188931298,
    "sents_f":0.8818681319,
    "dep_uas":0.7655232685,
    "dep_las":0.7003277256,
    "dep_las_per_type":{
      "ccomp":{
        "p":0.5354330709,
        "r":0.4733178654,
        "f":0.5024630542
      },
      "nsubj":{
        "p":0.6913649025,
        "r":0.6715367965,
        "f":0.6813066154
      },
      "root":{
        "p":0.8208626761,
        "r":0.8897900763,
        "f":0.8539377289
      },
      "cop":{
        "p":0.6769825919,
        "r":0.6849315068,
        "f":0.6809338521
      },
      "advmod":{
        "p":0.7027997128,
        "r":0.6659863946,
        "f":0.6838980091
      },
      "obj":{
        "p":0.7250755287,
        "r":0.7334963325,
        "f":0.7292616226
      },
      "aux":{
        "p":0.8059701493,
        "r":0.7941176471,
        "f":0.8
      },
      "dep":{
        "p":0.0,
        "r":0.0,
        "f":0.0
      },
      "case":{
        "p":0.9465427077,
        "r":0.9470930233,
        "f":0.9468177855
      },
      "obl":{
        "p":0.6442307692,
        "r":0.6703943496,
        "f":0.6570522065
      },
      "discourse":{
        "p":0.7536617843,
        "r":0.7496688742,
        "f":0.7516600266
      },
      "nmod":{
        "p":0.6759259259,
        "r":0.6424642464,
        "f":0.6587704456
      },
      "nsubj:pass":{
        "p":0.6683804627,
        "r":0.6326034063,
        "f":0.65
      },
      "acl":{
        "p":0.4649805447,
        "r":0.4535104364,
        "f":0.4591738713
      },
      "xcomp":{
        "p":0.5682451253,
        "r":0.5714285714,
        "f":0.5698324022
      },
      "cc":{
        "p":0.7963073258,
        "r":0.8093220339,
        "f":0.8027619334
      },
      "conj":{
        "p":0.5124340618,
        "r":0.492040521,
        "f":0.5020302695
      },
      "advcl":{
        "p":0.6143497758,
        "r":0.584970111,
        "f":0.5993000875
      },
      "det":{
        "p":0.7747148289,
        "r":0.7769304099,
        "f":0.7758210376
      },
      "nsubj:outer":{
        "p":0.5,
        "r":0.0769230769,
        "f":0.1333333333
      },
      "mark":{
        "p":0.7775147929,
        "r":0.8358778626,
        "f":0.8056407112
      },
      "obl:arg":{
        "p":0.6810344828,
        "r":0.6550580431,
        "f":0.6677937447
      },
      "amod":{
        "p":0.6022727273,
        "r":0.5698924731,
        "f":0.5856353591
      },
      "obl:agent":{
        "p":0.4615384615,
        "r":0.2903225806,
        "f":0.3564356436
      },
      "parataxis":{
        "p":0.4210526316,
        "r":0.1428571429,
        "f":0.2133333333
      },
      "orphan":{
        "p":0.3209876543,
        "r":0.2407407407,
        "f":0.2751322751
      },
      "appos":{
        "p":0.3630573248,
        "r":0.3496932515,
        "f":0.35625
      },
      "advmod:neg":{
        "p":0.8518518519,
        "r":0.8518518519,
        "f":0.8518518519
      },
      "nummod":{
        "p":0.7254901961,
        "r":0.7254901961,
        "f":0.7254901961
      },
      "vocative":{
        "p":0.7551020408,
        "r":0.5441176471,
        "f":0.6324786325
      },
      "aux:pass":{
        "p":0.8626373626,
        "r":0.8486486486,
        "f":0.8555858311
      },
      "advcl:cmp":{
        "p":0.55,
        "r":0.3055555556,
        "f":0.3928571429
      },
      "dislocated":{
        "p":0.4090909091,
        "r":0.1304347826,
        "f":0.1978021978
      },
      "fixed":{
        "p":0.5643564356,
        "r":0.7808219178,
        "f":0.6551724138
      },
      "csubj":{
        "p":0.4666666667,
        "r":0.3783783784,
        "f":0.4179104478
      },
      "advmod:tmod":{
        "p":0.875,
        "r":0.724137931,
        "f":0.7924528302
      },
      "csubj:pass":{
        "p":0.4285714286,
        "r":0.3333333333,
        "f":0.375
      },
      "acl:relcl":{
        "p":0.4,
        "r":0.2068965517,
        "f":0.2727272727
      },
      "flat:name":{
        "p":0.5882352941,
        "r":0.7547169811,
        "f":0.6611570248
      },
      "advmod:emph":{
        "p":0.0,
        "r":0.0,
        "f":0.0
      },
      "advcl:abs":{
        "p":0.4375,
        "r":0.5384615385,
        "f":0.4827586207
      },
      "flat:foreign":{
        "p":1.0,
        "r":0.3333333333,
        "f":0.5
      },
      "advmod:lmod":{
        "p":0.0,
        "r":0.0,
        "f":0.0
      },
      "conj:expl":{
        "p":0.0,
        "r":0.0,
        "f":0.0
      }
    }
  },
  "trainable_lemmatizer":{
    "lemma_acc":0.922276898
  },
  "tagger":{
    "tag_acc":0.8715722514
  },
  "morphologizer":{
    "pos_acc":0.9493681767,
    "morph_acc":0.8817587897,
    "morph_micro_p":0.9458946569,
    "morph_micro_r":0.9430841894,
    "morph_micro_f":0.9444873324,
    "morph_per_feat":{
      "Case":{
        "p":0.9120139799,
        "r":0.9075732545,
        "f":0.9097881984
      },
      "Gender":{
        "p":0.9014248589,
        "r":0.8978844952,
        "f":0.899651194
      },
      "Number":{
        "p":0.9726982472,
        "r":0.9679678382,
        "f":0.9703272775
      },
      "PronType":{
        "p":0.9544504806,
        "r":0.9341513292,
        "f":0.9441918148
      },
      "Person":{
        "p":0.9840574632,
        "r":0.9825083086,
        "f":0.9832822757
      },
      "Mood":{
        "p":0.9639593909,
        "r":0.9588487756,
        "f":0.9613972915
      },
      "Tense":{
        "p":0.9496065942,
        "r":0.9564150943,
        "f":0.952998684
      },
      "VerbForm":{
        "p":0.9660499371,
        "r":0.9719862642,
        "f":0.969009009
      },
      "Voice":{
        "p":0.9640552995,
        "r":0.9706755754,
        "f":0.9673541108
      },
      "Polarity":{
        "p":0.9942196532,
        "r":0.9885057471,
        "f":0.9913544669
      },
      "Aspect":{
        "p":0.9341342171,
        "r":0.9506745363,
        "f":0.9423318011
      },
      "Degree":{
        "p":0.8787638669,
        "r":0.8257632167,
        "f":0.8514395393
      },
      "Reflex":{
        "p":0.9955156951,
        "r":0.9955156951,
        "f":0.9955156951
      },
      "Poss":{
        "p":0.9863636364,
        "r":0.9841269841,
        "f":0.9852440409
      },
      "NumType":{
        "p":0.7894736842,
        "r":0.6818181818,
        "f":0.7317073171
      },
      "NumForm":{
        "p":1.0,
        "r":0.7142857143,
        "f":0.8333333333
      },
      "AdvType":{
        "p":0.9655172414,
        "r":0.875,
        "f":0.9180327869
      },
      "AdpType":{
        "p":0.0,
        "r":0.0,
        "f":0.0
      },
      "Number[psor]":{
        "p":0.9655172414,
        "r":0.875,
        "f":0.9180327869
      },
      "Person[psor]":{
        "p":0.9772727273,
        "r":0.8958333333,
        "f":0.9347826087
      },
      "Typo":{
        "p":0.0,
        "r":0.0,
        "f":0.0
      },
      "Compound":{
        "p":1.0,
        "r":1.0,
        "f":1.0
      }
    }
  },
  "speed":2306.4319223899
}