{
  "tokenizer":{
    "token_acc":1.0,
    "token_p":0.9963401882,
    "token_r":0.998777079,
    "token_f":0.9975571453
  },
  "transformer":{

  },
  "parser":{
    "sents_p":0.3721212121,
    "sents_r":0.5685185185,
    "sents_f":0.4498168498,
    "dep_uas":0.375349162,
    "dep_las":0.1764090037,
    "dep_las_per_type":{
      "cc":{
        "p":0.5039370079,
        "r":0.245210728,
        "f":0.3298969072
      },
      "xcomp":{
        "p":0.0684931507,
        "r":0.0460829493,
        "f":0.0550964187
      },
      "root":{
        "p":0.3361547763,
        "r":0.5148148148,
        "f":0.4067300658
      },
      "nsubj":{
        "p":0.2287234043,
        "r":0.0953436807,
        "f":0.1345852895
      },
      "nsubj:pass":{
        "p":0.0,
        "r":0.0,
        "f":0.0
      },
      "advmod":{
        "p":0.1390977444,
        "r":0.1022099448,
        "f":0.1178343949
      },
      "acl":{
        "p":0.0,
        "r":0.0,
        "f":0.0
      },
      "case":{
        "p":0.7222222222,
        "r":0.4393638171,
        "f":0.5463535229
      },
      "obl":{
        "p":0.1095238095,
        "r":0.2090909091,
        "f":0.14375
      },
      "orphan":{
        "p":0.025,
        "r":0.05,
        "f":0.0333333333
      },
      "aux":{
        "p":0.0,
        "r":0.0,
        "f":0.0
      },
      "advcl":{
        "p":0.0707964602,
        "r":0.0571428571,
        "f":0.0632411067
      },
      "det":{
        "p":0.2530120482,
        "r":0.0450643777,
        "f":0.0765027322
      },
      "amod":{
        "p":0.0173267327,
        "r":0.0853658537,
        "f":0.0288065844
      },
      "appos":{
        "p":0.0162601626,
        "r":0.0975609756,
        "f":0.0278745645
      },
      "nmod":{
        "p":0.1949152542,
        "r":0.0950413223,
        "f":0.1277777778
      },
      "obj":{
        "p":0.1028806584,
        "r":0.0690607735,
        "f":0.0826446281
      },
      "conj":{
        "p":0.1136363636,
        "r":0.146627566,
        "f":0.1280409731
      },
      "fixed":{
        "p":0.0,
        "r":0.0,
        "f":0.0
      },
      "obl:arg":{
        "p":0.0526315789,
        "r":0.0463576159,
        "f":0.0492957746
      },
      "discourse":{
        "p":0.2894736842,
        "r":0.222972973,
        "f":0.2519083969
      },
      "vocative":{
        "p":0.0,
        "r":0.0,
        "f":0.0
      },
      "mark":{
        "p":0.0681818182,
        "r":0.0443349754,
        "f":0.0537313433
      },
      "ccomp":{
        "p":0.0847457627,
        "r":0.0485436893,
        "f":0.0617283951
      },
      "dep":{
        "p":0.0,
        "r":0.0,
        "f":0.0
      },
      "dislocated":{
        "p":0.0,
        "r":0.0,
        "f":0.0
      },
      "nummod":{
        "p":0.0,
        "r":0.0,
        "f":0.0
      },
      "advcl:cmp":{
        "p":0.0,
        "r":0.0,
        "f":0.0
      },
      "flat:name":{
        "p":0.0,
        "r":0.0,
        "f":0.0
      },
      "expl:pv":{
        "p":0.0,
        "r":0.0,
        "f":0.0
      },
      "flat:foreign":{
        "p":0.0,
        "r":0.0,
        "f":0.0
      },
      "obl:agent":{
        "p":0.0,
        "r":0.0,
        "f":0.0
      },
      "cop":{
        "p":0.0,
        "r":0.0,
        "f":0.0
      },
      "aux:pass":{
        "p":0.0,
        "r":0.0,
        "f":0.0
      },
      "csubj:pass":{
        "p":0.0,
        "r":0.0,
        "f":0.0
      },
      "parataxis":{
        "p":0.0,
        "r":0.0,
        "f":0.0
      },
      "nsubj:outer":{
        "p":0.0,
        "r":0.0,
        "f":0.0
      }
    }
  },
  "trainable_lemmatizer":{
    "lemma_acc":0.3982895541
  },
  "tagger":{
    "tag_acc":0.1345314954
  },
  "morphologizer":{
    "pos_acc":0.3890052356,
    "morph_acc":0.2366905219,
    "morph_micro_p":0.3431437148,
    "morph_micro_r":0.2657180112,
    "morph_micro_f":0.2995079558,
    "morph_per_feat":{
      "Case":{
        "p":0.1665531335,
        "r":0.1703239289,
        "f":0.1684174272
      },
      "Degree":{
        "p":0.0755735493,
        "r":0.2413793103,
        "f":0.1151079137
      },
      "Gender":{
        "p":0.3088896576,
        "r":0.3151023289,
        "f":0.3119650655
      },
      "Number":{
        "p":0.5857359636,
        "r":0.5052356021,
        "f":0.5425158117
      },
      "Strength":{
        "p":0.0,
        "r":0.0,
        "f":0.0
      },
      "Mood":{
        "p":0.3946666667,
        "r":0.1559536354,
        "f":0.2235649547
      },
      "Person":{
        "p":0.427402863,
        "r":0.1348387097,
        "f":0.2050024522
      },
      "Tense":{
        "p":0.2765957447,
        "r":0.1705246914,
        "f":0.2109785203
      },
      "VerbForm":{
        "p":0.3694638695,
        "r":0.2445987654,
        "f":0.2943361188
      },
      "Voice":{
        "p":0.4067164179,
        "r":0.2523148148,
        "f":0.3114285714
      },
      "PronType":{
        "p":0.5906040268,
        "r":0.1414790997,
        "f":0.2282749676
      },
      "Polarity":{
        "p":0.0,
        "r":0.0,
        "f":0.0
      },
      "Aspect":{
        "p":0.0252365931,
        "r":0.1176470588,
        "f":0.0415584416
      },
      "Poss":{
        "p":0.0,
        "r":0.0,
        "f":0.0
      },
      "Reflex":{
        "p":0.3333333333,
        "r":0.0185185185,
        "f":0.0350877193
      },
      "NumType":{
        "p":0.0,
        "r":0.0,
        "f":0.0
      }
    }
  },
  "speed":1332.09349308
}