{
  "tokenizer":{
    "token_acc":1.0,
    "token_p":0.997476277,
    "token_r":0.9991405026,
    "token_f":0.9983076962
  },
  "transformer":{

  },
  "parser":{
    "sents_p":0.2451167222,
    "sents_r":0.4547061423,
    "sents_f":0.3185265439,
    "dep_uas":0.2720218386,
    "dep_las":0.0918233273,
    "dep_las_per_type":{
      "discourse":{
        "p":0.1756521739,
        "r":0.1496296296,
        "f":0.1616
      },
      "case":{
        "p":0.6,
        "r":0.2238244514,
        "f":0.3260273973
      },
      "root":{
        "p":0.2293796054,
        "r":0.4264250994,
        "f":0.2982998454
      },
      "nsubj":{
        "p":0.0591073583,
        "r":0.0343859649,
        "f":0.0434782609
      },
      "det":{
        "p":0.0,
        "r":0.0,
        "f":0.0
      },
      "orphan":{
        "p":0.0036452005,
        "r":0.025210084,
        "f":0.0063694268
      },
      "dep":{
        "p":0.0004810005,
        "r":0.0294117647,
        "f":0.0009465215
      },
      "acl":{
        "p":0.0042796006,
        "r":0.0087463557,
        "f":0.0057471264
      },
      "obj":{
        "p":0.0202702703,
        "r":0.0039761431,
        "f":0.0066481994
      },
      "mark":{
        "p":0.017699115,
        "r":0.0053191489,
        "f":0.0081799591
      },
      "advcl":{
        "p":0.0,
        "r":0.0,
        "f":0.0
      },
      "amod":{
        "p":0.0262467192,
        "r":0.0128700129,
        "f":0.0172711572
      },
      "obl":{
        "p":0.1194805195,
        "r":0.0629274966,
        "f":0.082437276
      },
      "fixed":{
        "p":0.0016999575,
        "r":0.0816326531,
        "f":0.0033305579
      },
      "nmod":{
        "p":0.027982327,
        "r":0.0407725322,
        "f":0.0331877729
      },
      "cc":{
        "p":0.3248175182,
        "r":0.0590969456,
        "f":0.1
      },
      "advmod":{
        "p":0.0390365449,
        "r":0.0360429448,
        "f":0.0374800638
      },
      "conj":{
        "p":0.0261363636,
        "r":0.0420860018,
        "f":0.0322467578
      },
      "expl:pv":{
        "p":0.0,
        "r":0.0,
        "f":0.0
      },
      "obl:arg":{
        "p":0.033557047,
        "r":0.0080128205,
        "f":0.0129366106
      },
      "appos":{
        "p":0.0145695364,
        "r":0.0558375635,
        "f":0.0231092437
      },
      "nsubj:pass":{
        "p":0.0,
        "r":0.0,
        "f":0.0
      },
      "dislocated":{
        "p":0.0,
        "r":0.0,
        "f":0.0
      },
      "xcomp":{
        "p":0.0188172043,
        "r":0.0221518987,
        "f":0.0203488372
      },
      "cop":{
        "p":0.0,
        "r":0.0,
        "f":0.0
      },
      "vocative":{
        "p":0.0,
        "r":0.0,
        "f":0.0
      },
      "flat:name":{
        "p":0.0,
        "r":0.0,
        "f":0.0
      },
      "ccomp":{
        "p":0.0,
        "r":0.0,
        "f":0.0
      },
      "flat:foreign":{
        "p":0.0,
        "r":0.0,
        "f":0.0
      },
      "aux":{
        "p":0.0,
        "r":0.0,
        "f":0.0
      },
      "advcl:cmp":{
        "p":0.0,
        "r":0.0,
        "f":0.0
      },
      "parataxis":{
        "p":0.0,
        "r":0.0,
        "f":0.0
      },
      "obl:agent":{
        "p":0.0,
        "r":0.0,
        "f":0.0
      },
      "csubj":{
        "p":0.0,
        "r":0.0,
        "f":0.0
      },
      "nsubj:outer":{
        "p":0.0,
        "r":0.0,
        "f":0.0
      },
      "nummod":{
        "p":0.0,
        "r":0.0,
        "f":0.0
      },
      "csubj:pass":{
        "p":0.0,
        "r":0.0,
        "f":0.0
      },
      "aux:pass":{
        "p":0.0,
        "r":0.0,
        "f":0.0
      },
      "advmod:emph":{
        "p":0.0,
        "r":0.0,
        "f":0.0
      }
    }
  },
  "trainable_lemmatizer":{
    "lemma_acc":0.219364943
  },
  "tagger":{
    "tag_acc":0.0945212054
  },
  "morphologizer":{
    "pos_acc":0.2254560154,
    "morph_acc":0.2086112796,
    "morph_micro_p":0.2825584975,
    "morph_micro_r":0.1131453229,
    "morph_micro_f":0.1615863723,
    "morph_per_feat":{
      "Case":{
        "p":0.1495010691,
        "r":0.0788385642,
        "f":0.1032361265
      },
      "Gender":{
        "p":0.2240723982,
        "r":0.126223491,
        "f":0.1614817713
      },
      "Number":{
        "p":0.5752380952,
        "r":0.2654556109,
        "f":0.3632718524
      },
      "Person":{
        "p":0.2107061503,
        "r":0.0342212357,
        "f":0.0588796945
      },
      "PronType":{
        "p":0.1241534989,
        "r":0.0224306688,
        "f":0.0379965458
      },
      "Degree":{
        "p":0.0974196946,
        "r":0.1425269646,
        "f":0.1157335002
      },
      "Tense":{
        "p":0.2187736563,
        "r":0.0618843683,
        "f":0.0964780504
      },
      "VerbForm":{
        "p":0.194795539,
        "r":0.055982906,
        "f":0.0869709544
      },
      "Voice":{
        "p":0.3245083207,
        "r":0.091862955,
        "f":0.1431909212
      },
      "Mood":{
        "p":0.2112676056,
        "r":0.0496688742,
        "f":0.0804289544
      },
      "Variant":{
        "p":0.0,
        "r":0.0,
        "f":0.0
      },
      "Reflex":{
        "p":0.0430107527,
        "r":0.0058139535,
        "f":0.0102432778
      },
      "Aspect":{
        "p":0.1781472684,
        "r":0.0540345821,
        "f":0.0829187396
      },
      "Poss":{
        "p":0.0,
        "r":0.0,
        "f":0.0
      },
      "Polarity":{
        "p":0.0833333333,
        "r":0.0172839506,
        "f":0.0286298569
      },
      "AdvType":{
        "p":0.0,
        "r":0.0,
        "f":0.0
      }
    }
  },
  "speed":2531.448420298
}