{
  "tokenizer":{
    "token_acc":1.0,
    "token_p":1.0,
    "token_r":1.0,
    "token_f":1.0
  },
  "transformer":{

  },
  "parser":{
    "sents_p":0.0411946447,
    "sents_r":0.1,
    "sents_f":0.0583515682,
    "dep_uas":0.2235251008,
    "dep_las":0.0945401246,
    "dep_las_per_type":{
      "obl":{
        "p":0.0361445783,
        "r":0.0164835165,
        "f":0.0226415094
      },
      "vocative":{
        "p":0.0,
        "r":0.0,
        "f":0.0
      },
      "advmod":{
        "p":0.0353535354,
        "r":0.0243055556,
        "f":0.0288065844
      },
      "case":{
        "p":0.0344827586,
        "r":0.0243902439,
        "f":0.0285714286
      },
      "acl":{
        "p":0.0243902439,
        "r":0.0086206897,
        "f":0.0127388535
      },
      "conj":{
        "p":0.0543478261,
        "r":0.0284090909,
        "f":0.0373134328
      },
      "amod":{
        "p":0.0172413793,
        "r":0.0307692308,
        "f":0.0220994475
      },
      "obj":{
        "p":0.0256410256,
        "r":0.0092165899,
        "f":0.013559322
      },
      "root":{
        "p":0.2286302781,
        "r":0.555,
        "f":0.3238512035
      },
      "nsubj":{
        "p":0.0583333333,
        "r":0.0219435737,
        "f":0.0318906606
      },
      "nmod":{
        "p":0.0,
        "r":0.0,
        "f":0.0
      },
      "dep":{
        "p":0.0,
        "r":0.0,
        "f":0.0
      },
      "appos":{
        "p":0.0,
        "r":0.0,
        "f":0.0
      },
      "xcomp":{
        "p":0.0,
        "r":0.0,
        "f":0.0
      },
      "orphan":{
        "p":0.0,
        "r":0.0,
        "f":0.0
      },
      "fixed":{
        "p":0.0092592593,
        "r":0.3333333333,
        "f":0.018018018
      },
      "cop":{
        "p":0.0,
        "r":0.0,
        "f":0.0
      },
      "iobj":{
        "p":0.0,
        "r":0.0,
        "f":0.0
      },
      "discourse":{
        "p":0.1176470588,
        "r":0.021978022,
        "f":0.037037037
      },
      "det":{
        "p":0.0892857143,
        "r":0.0641025641,
        "f":0.0746268657
      },
      "nummod":{
        "p":0.0,
        "r":0.0,
        "f":0.0
      },
      "cc":{
        "p":0.0,
        "r":0.0,
        "f":0.0
      },
      "obl:arg":{
        "p":0.0,
        "r":0.0,
        "f":0.0
      },
      "advcl":{
        "p":0.0,
        "r":0.0,
        "f":0.0
      },
      "ccomp":{
        "p":0.0,
        "r":0.0,
        "f":0.0
      },
      "mark":{
        "p":0.0,
        "r":0.0,
        "f":0.0
      },
      "aux":{
        "p":0.0,
        "r":0.0,
        "f":0.0
      },
      "parataxis":{
        "p":0.0,
        "r":0.0,
        "f":0.0
      },
      "dislocated":{
        "p":0.0,
        "r":0.0,
        "f":0.0
      },
      "compound":{
        "p":0.0,
        "r":0.0,
        "f":0.0
      },
      "flat:foreign":{
        "p":0.0,
        "r":0.0,
        "f":0.0
      },
      "flat":{
        "p":0.0,
        "r":0.0,
        "f":0.0
      },
      "csubj":{
        "p":0.0,
        "r":0.0,
        "f":0.0
      },
      "nsubj:pass":{
        "p":0.0,
        "r":0.0,
        "f":0.0
      }
    }
  },
  "trainable_lemmatizer":{
    "lemma_acc":0.2227922316
  },
  "tagger":{
    "tag_acc":0.0
  },
  "morphologizer":{
    "pos_acc":0.2389153536,
    "morph_acc":0.1396115793,
    "morph_micro_p":0.2474405691,
    "morph_micro_r":0.2085405089,
    "morph_micro_f":0.2263312436,
    "morph_per_feat":{
      "Case":{
        "p":0.2215189873,
        "r":0.128440367,
        "f":0.162601626
      },
      "Number":{
        "p":0.634375,
        "r":0.3937924345,
        "f":0.4859365649
      },
      "Gender":{
        "p":0.2569593148,
        "r":0.1505646173,
        "f":0.1898734177
      },
      "Tense":{
        "p":0.1939953811,
        "r":0.1546961326,
        "f":0.1721311475
      },
      "VerbForm":{
        "p":0.0068965517,
        "r":0.0218978102,
        "f":0.0104895105
      },
      "Mood":{
        "p":0.1347305389,
        "r":0.1053864169,
        "f":0.1182654402
      },
      "Person":{
        "p":0.0837837838,
        "r":0.0725995316,
        "f":0.0777917189
      },
      "Degree":{
        "p":0.0,
        "r":0.0,
        "f":0.0
      },
      "Voice":{
        "p":0.0023094688,
        "r":0.0769230769,
        "f":0.0044843049
      },
      "PronType":{
        "p":0.0,
        "r":0.0,
        "f":0.0
      },
      "Aspect":{
        "p":0.0,
        "r":0.0,
        "f":0.0
      }
    }
  },
  "speed":956.4612485451
}