{
  "tokenizer":{
    "token_acc":0.9996132525,
    "token_p":0.9992265051,
    "token_r":0.9990547798,
    "token_f":0.9991406351
  },
  "transformer":{

  },
  "parser":{
    "sents_p":0.8789780368,
    "sents_r":0.9355916031,
    "sents_f":0.906401664,
    "dep_uas":0.7439482653,
    "dep_las":0.6753473739,
    "dep_las_per_type":{
      "ccomp":{
        "p":0.5561959654,
        "r":0.4477958237,
        "f":0.4961439589
      },
      "nsubj":{
        "p":0.6655424396,
        "r":0.6406926407,
        "f":0.652881169
      },
      "root":{
        "p":0.8189152846,
        "r":0.8716603053,
        "f":0.8444649873
      },
      "cop":{
        "p":0.6647509579,
        "r":0.6790606654,
        "f":0.6718296225
      },
      "advmod":{
        "p":0.6706128134,
        "r":0.6551020408,
        "f":0.6627666896
      },
      "obj":{
        "p":0.7260273973,
        "r":0.7127139364,
        "f":0.7193090685
      },
      "case":{
        "p":0.9300173511,
        "r":0.9348837209,
        "f":0.9324441867
      },
      "obl":{
        "p":0.6274623407,
        "r":0.6374337846,
        "f":0.6324087591
      },
      "discourse":{
        "p":0.7476383266,
        "r":0.7337748344,
        "f":0.7406417112
      },
      "nmod":{
        "p":0.6121794872,
        "r":0.6303630363,
        "f":0.6211382114
      },
      "nsubj:pass":{
        "p":0.6453333333,
        "r":0.5888077859,
        "f":0.6157760814
      },
      "acl":{
        "p":0.380952381,
        "r":0.394686907,
        "f":0.3876980429
      },
      "xcomp":{
        "p":0.4902439024,
        "r":0.5630252101,
        "f":0.5241199478
      },
      "cc":{
        "p":0.7663495838,
        "r":0.7802663438,
        "f":0.7732453509
      },
      "conj":{
        "p":0.4888059701,
        "r":0.4739507959,
        "f":0.4812637766
      },
      "advcl":{
        "p":0.5761772853,
        "r":0.5328778822,
        "f":0.5536823425
      },
      "det":{
        "p":0.7787787788,
        "r":0.7416587226,
        "f":0.759765625
      },
      "nsubj:outer":{
        "p":0.6666666667,
        "r":0.1538461538,
        "f":0.25
      },
      "mark":{
        "p":0.7607142857,
        "r":0.8129770992,
        "f":0.7859778598
      },
      "amod":{
        "p":0.5884353741,
        "r":0.5314900154,
        "f":0.5585149314
      },
      "aux":{
        "p":0.8,
        "r":0.6470588235,
        "f":0.7154471545
      },
      "obl:agent":{
        "p":0.4791666667,
        "r":0.3709677419,
        "f":0.4181818182
      },
      "parataxis":{
        "p":0.3571428571,
        "r":0.1785714286,
        "f":0.2380952381
      },
      "obl:arg":{
        "p":0.7099811676,
        "r":0.6252072968,
        "f":0.6649029982
      },
      "dep":{
        "p":0.0,
        "r":0.0,
        "f":0.0
      },
      "fixed":{
        "p":0.4587155963,
        "r":0.6849315068,
        "f":0.5494505495
      },
      "orphan":{
        "p":0.2365591398,
        "r":0.2037037037,
        "f":0.2189054726
      },
      "advmod:neg":{
        "p":0.8076923077,
        "r":0.7777777778,
        "f":0.7924528302
      },
      "nummod":{
        "p":0.7272727273,
        "r":0.7058823529,
        "f":0.7164179104
      },
      "vocative":{
        "p":0.6923076923,
        "r":0.5294117647,
        "f":0.6
      },
      "flat:name":{
        "p":0.5125,
        "r":0.7735849057,
        "f":0.6165413534
      },
      "appos":{
        "p":0.2666666667,
        "r":0.3435582822,
        "f":0.3002680965
      },
      "dislocated":{
        "p":0.2592592593,
        "r":0.1014492754,
        "f":0.1458333333
      },
      "aux:pass":{
        "p":0.8010204082,
        "r":0.8486486486,
        "f":0.8241469816
      },
      "csubj:pass":{
        "p":0.2727272727,
        "r":0.3333333333,
        "f":0.3
      },
      "advcl:cmp":{
        "p":0.3703703704,
        "r":0.2777777778,
        "f":0.3174603175
      },
      "csubj":{
        "p":0.4137931034,
        "r":0.3243243243,
        "f":0.3636363636
      },
      "advmod:tmod":{
        "p":0.7142857143,
        "r":0.6896551724,
        "f":0.701754386
      },
      "acl:relcl":{
        "p":0.375,
        "r":0.2068965517,
        "f":0.2666666667
      },
      "advcl:abs":{
        "p":0.25,
        "r":0.2307692308,
        "f":0.24
      },
      "advmod:emph":{
        "p":0.0,
        "r":0.0,
        "f":0.0
      },
      "flat:foreign":{
        "p":0.3333333333,
        "r":0.3333333333,
        "f":0.3333333333
      },
      "advmod:lmod":{
        "p":0.0,
        "r":0.0,
        "f":0.0
      },
      "conj:expl":{
        "p":0.0,
        "r":0.0,
        "f":0.0
      }
    }
  },
  "trainable_lemmatizer":{
    "lemma_acc":0.9181511485
  },
  "tagger":{
    "tag_acc":0.8589357861
  },
  "morphologizer":{
    "pos_acc":0.9424911889,
    "morph_acc":0.8692942491,
    "morph_micro_p":0.9390152849,
    "morph_micro_r":0.9341985396,
    "morph_micro_f":0.9366007194,
    "morph_per_feat":{
      "Case":{
        "p":0.8987330712,
        "r":0.8943570124,
        "f":0.8965397019
      },
      "Gender":{
        "p":0.8905187835,
        "r":0.8886905293,
        "f":0.8896037171
      },
      "Number":{
        "p":0.968335836,
        "r":0.9617429646,
        "f":0.9650281401
      },
      "PronType":{
        "p":0.9444676409,
        "r":0.9251533742,
        "f":0.9347107438
      },
      "Person":{
        "p":0.9826285313,
        "r":0.979534721,
        "f":0.9810791871
      },
      "Mood":{
        "p":0.9593662152,
        "r":0.9477404696,
        "f":0.953517907
      },
      "Tense":{
        "p":0.9437311178,
        "r":0.9430188679,
        "f":0.9433748584
      },
      "VerbForm":{
        "p":0.9631036354,
        "r":0.9624073739,
        "f":0.9627553788
      },
      "Voice":{
        "p":0.9617597921,
        "r":0.9615812918,
        "f":0.9616705336
      },
      "Polarity":{
        "p":0.9942857143,
        "r":1.0,
        "f":0.9971346705
      },
      "Aspect":{
        "p":0.9250732524,
        "r":0.931703204,
        "f":0.9283763915
      },
      "Degree":{
        "p":0.8707430341,
        "r":0.8376768429,
        "f":0.8538899431
      },
      "Reflex":{
        "p":1.0,
        "r":0.9955156951,
        "f":0.997752809
      },
      "Poss":{
        "p":0.9818181818,
        "r":0.9795918367,
        "f":0.9807037457
      },
      "NumType":{
        "p":0.8947368421,
        "r":0.7727272727,
        "f":0.8292682927
      },
      "NumForm":{
        "p":1.0,
        "r":0.8571428571,
        "f":0.9230769231
      },
      "AdvType":{
        "p":0.9310344828,
        "r":0.84375,
        "f":0.8852459016
      },
      "AdpType":{
        "p":0.0,
        "r":0.0,
        "f":0.0
      },
      "Number[psor]":{
        "p":0.962962963,
        "r":0.8125,
        "f":0.8813559322
      },
      "Person[psor]":{
        "p":0.976744186,
        "r":0.875,
        "f":0.9230769231
      },
      "Typo":{
        "p":0.0,
        "r":0.0,
        "f":0.0
      },
      "Compound":{
        "p":1.0,
        "r":1.0,
        "f":1.0
      }
    }
  },
  "speed":3417.1146132395
}