{
  "tokenizer":{
    "token_acc":0.9987632593,
    "token_p":0.9895828378,
    "token_r":0.9929125403,
    "token_f":0.9912448929
  },
  "transformer":{

  },
  "parser":{
    "sents_p":0.1904842247,
    "sents_r":0.3641935484,
    "sents_f":0.2501384735,
    "dep_uas":0.2120211694,
    "dep_las":0.069356301,
    "dep_las_per_type":{
      "nsubj":{
        "p":0.064921466,
        "r":0.0450581395,
        "f":0.0531960532
      },
      "case":{
        "p":0.3903345725,
        "r":0.039091586,
        "f":0.0710659898
      },
      "obl":{
        "p":0.0416199776,
        "r":0.0965466023,
        "f":0.0581655481
      },
      "root":{
        "p":0.2291946309,
        "r":0.4406451613,
        "f":0.3015452539
      },
      "det":{
        "p":0.3514056225,
        "r":0.0378460208,
        "f":0.0683326825
      },
      "flat:name":{
        "p":0.0,
        "r":0.0,
        "f":0.0
      },
      "advcl":{
        "p":0.1073825503,
        "r":0.0078431373,
        "f":0.0146185473
      },
      "cop":{
        "p":0.0,
        "r":0.0,
        "f":0.0
      },
      "acl":{
        "p":0.0075414781,
        "r":0.0100806452,
        "f":0.0086281277
      },
      "advmod":{
        "p":0.125794155,
        "r":0.0244625649,
        "f":0.0409598676
      },
      "orphan":{
        "p":0.0069124424,
        "r":0.0272727273,
        "f":0.0110294118
      },
      "appos":{
        "p":0.0021413276,
        "r":0.012295082,
        "f":0.0036474164
      },
      "conj":{
        "p":0.0298562477,
        "r":0.0384980989,
        "f":0.0336308906
      },
      "nmod":{
        "p":0.0611439842,
        "r":0.010167268,
        "f":0.0174353206
      },
      "obj":{
        "p":0.1093463653,
        "r":0.0570427024,
        "f":0.074973822
      },
      "cc":{
        "p":0.3333333333,
        "r":0.0292605773,
        "f":0.0537986187
      },
      "xcomp":{
        "p":0.0275862069,
        "r":0.020661157,
        "f":0.0236266982
      },
      "flat:foreign":{
        "p":0.0,
        "r":0.0,
        "f":0.0
      },
      "amod":{
        "p":0.0067006555,
        "r":0.0921843687,
        "f":0.0124932102
      },
      "csubj":{
        "p":0.0,
        "r":0.0,
        "f":0.0
      },
      "mark":{
        "p":0.2173913043,
        "r":0.0148367953,
        "f":0.0277777778
      },
      "ccomp":{
        "p":0.0089153046,
        "r":0.0153061224,
        "f":0.0112676056
      },
      "nsubj:pass":{
        "p":0.0,
        "r":0.0,
        "f":0.0
      },
      "discourse":{
        "p":0.2222222222,
        "r":0.0743134087,
        "f":0.1113801453
      },
      "dislocated":{
        "p":0.0,
        "r":0.0,
        "f":0.0
      },
      "obl:arg":{
        "p":0.2697674419,
        "r":0.0973154362,
        "f":0.1430332922
      },
      "fixed":{
        "p":0.0,
        "r":0.0,
        "f":0.0
      },
      "iobj":{
        "p":0.0,
        "r":0.0,
        "f":0.0
      },
      "dep":{
        "p":0.0,
        "r":0.0,
        "f":0.0
      },
      "vocative":{
        "p":0.0196078431,
        "r":0.0056497175,
        "f":0.0087719298
      },
      "obl:agent":{
        "p":0.0,
        "r":0.0,
        "f":0.0
      },
      "parataxis":{
        "p":0.0,
        "r":0.0,
        "f":0.0
      },
      "nummod":{
        "p":0.0,
        "r":0.0,
        "f":0.0
      },
      "advmod:emph":{
        "p":0.0,
        "r":0.0,
        "f":0.0
      },
      "advmod:lmod":{
        "p":0.0,
        "r":0.0,
        "f":0.0
      },
      "acl:relcl":{
        "p":0.0,
        "r":0.0,
        "f":0.0
      },
      "advmod:tmod":{
        "p":0.0,
        "r":0.0,
        "f":0.0
      },
      "advcl:abs":{
        "p":0.0,
        "r":0.0,
        "f":0.0
      },
      "nsubj:outer":{
        "p":0.0,
        "r":0.0,
        "f":0.0
      },
      "aux":{
        "p":0.0,
        "r":0.0,
        "f":0.0
      },
      "advcl:cmp":{
        "p":0.0,
        "r":0.0,
        "f":0.0
      },
      "csubj:pass":{
        "p":0.0,
        "r":0.0,
        "f":0.0
      },
      "aux:pass":{
        "p":0.0,
        "r":0.0,
        "f":0.0
      }
    }
  },
  "trainable_lemmatizer":{
    "lemma_acc":0.188393187
  },
  "tagger":{
    "tag_acc":0.0624044708
  },
  "morphologizer":{
    "pos_acc":0.3011839893,
    "morph_acc":0.3010069399,
    "morph_micro_p":0.3453140444,
    "morph_micro_r":0.0964011572,
    "morph_micro_f":0.1507245998,
    "morph_per_feat":{
      "Case":{
        "p":0.1978803327,
        "r":0.066552362,
        "f":0.0996049566
      },
      "Gender":{
        "p":0.3019330248,
        "r":0.1007449128,
        "f":0.1510796267
      },
      "Number":{
        "p":0.5915492958,
        "r":0.1793418243,
        "f":0.2752386871
      },
      "Aspect":{
        "p":0.1662510391,
        "r":0.0658761528,
        "f":0.0943618778
      },
      "Mood":{
        "p":0.4332524272,
        "r":0.0713001797,
        "f":0.1224489796
      },
      "Person":{
        "p":0.2366589327,
        "r":0.0310928212,
        "f":0.0549643001
      },
      "Tense":{
        "p":0.2902506964,
        "r":0.0639106968,
        "f":0.1047552026
      },
      "VerbForm":{
        "p":0.3538681948,
        "r":0.0908756439,
        "f":0.1446135831
      },
      "Voice":{
        "p":0.3727047146,
        "r":0.0922377794,
        "f":0.1478783105
      },
      "Definite":{
        "p":0.0,
        "r":0.0,
        "f":0.0
      },
      "PronType":{
        "p":0.2897727273,
        "r":0.0108974359,
        "f":0.0210049423
      },
      "Degree":{
        "p":0.0986646884,
        "r":0.1035825545,
        "f":0.1010638298
      },
      "Polarity":{
        "p":0.7142857143,
        "r":0.012755102,
        "f":0.0250626566
      },
      "Poss":{
        "p":0.0,
        "r":0.0,
        "f":0.0
      },
      "Reflex":{
        "p":0.25,
        "r":0.0120481928,
        "f":0.0229885057
      },
      "NumForm":{
        "p":0.0,
        "r":0.0,
        "f":0.0
      },
      "NumType":{
        "p":0.0,
        "r":0.0,
        "f":0.0
      }
    }
  },
  "speed":2691.6220727434
}