{
  "tokenizer":{
    "token_acc":0.9981644203,
    "token_p":0.9974335877,
    "token_r":0.9959947049,
    "token_f":0.996713627
  },
  "transformer":{

  },
  "parser":{
    "sents_p":0.316875931,
    "sents_r":0.5458211144,
    "sents_f":0.4009694358,
    "dep_uas":0.3882877148,
    "dep_las":0.1431462147,
    "dep_las_per_type":{
      "root":{
        "p":0.3061833689,
        "r":0.5262000733,
        "f":0.3871141663
      },
      "nsubj":{
        "p":0.3076622361,
        "r":0.1317816477,
        "f":0.1845252052
      },
      "advmod":{
        "p":0.1341874579,
        "r":0.0479056331,
        "f":0.0706049317
      },
      "mark":{
        "p":0.1153846154,
        "r":0.0038424592,
        "f":0.0074372482
      },
      "acl":{
        "p":0.0,
        "r":0.0,
        "f":0.0
      },
      "compound:prt":{
        "p":0.0,
        "r":0.0,
        "f":0.0
      },
      "obj":{
        "p":0.1240169389,
        "r":0.1449275362,
        "f":0.1336593317
      },
      "dep":{
        "p":0.0004775549,
        "r":0.0188679245,
        "f":0.0009315324
      },
      "cc":{
        "p":0.3370558376,
        "r":0.2836798633,
        "f":0.3080729972
      },
      "xcomp":{
        "p":0.0072065889,
        "r":0.0523690773,
        "f":0.0126696833
      },
      "conj":{
        "p":0.0715660542,
        "r":0.1352960635,
        "f":0.0936140993
      },
      "case":{
        "p":0.7009242144,
        "r":0.3859934853,
        "f":0.4978337928
      },
      "amod":{
        "p":0.0425645118,
        "r":0.0649878148,
        "f":0.0514386755
      },
      "obl":{
        "p":0.1928110959,
        "r":0.1727941176,
        "f":0.1822546395
      },
      "nmod:poss":{
        "p":0.0,
        "r":0.0,
        "f":0.0
      },
      "fixed":{
        "p":0.0033898305,
        "r":0.03125,
        "f":0.006116208
      },
      "discourse":{
        "p":0.0,
        "r":0.0,
        "f":0.0
      },
      "aux":{
        "p":0.2,
        "r":0.0008,
        "f":0.0015936255
      },
      "advcl":{
        "p":0.0161290323,
        "r":0.0051813472,
        "f":0.0078431373
      },
      "iobj":{
        "p":0.0,
        "r":0.0,
        "f":0.0
      },
      "det":{
        "p":0.1507402423,
        "r":0.0883977901,
        "f":0.1114427861
      },
      "acl:relcl":{
        "p":0.0689655172,
        "r":0.0112485939,
        "f":0.0193423598
      },
      "nmod":{
        "p":0.0029835903,
        "r":0.1348314607,
        "f":0.0058379956
      },
      "advmod:emph":{
        "p":0.0,
        "r":0.0,
        "f":0.0
      },
      "ccomp":{
        "p":0.0501474926,
        "r":0.0118715084,
        "f":0.0191981931
      },
      "cop":{
        "p":0.1727748691,
        "r":0.0199034982,
        "f":0.0356949703
      },
      "expl":{
        "p":0.0,
        "r":0.0,
        "f":0.0
      },
      "nsubj:pass":{
        "p":0.0,
        "r":0.0,
        "f":0.0
      },
      "appos":{
        "p":0.0343839542,
        "r":0.0187793427,
        "f":0.024291498
      },
      "vocative":{
        "p":0.027027027,
        "r":0.0081967213,
        "f":0.0125786164
      },
      "nummod":{
        "p":0.0652173913,
        "r":0.0306122449,
        "f":0.0416666667
      },
      "parataxis":{
        "p":0.0,
        "r":0.0,
        "f":0.0
      },
      "flat:name":{
        "p":0.0308641975,
        "r":0.0241545894,
        "f":0.027100271
      },
      "advmod:lmod":{
        "p":0.0,
        "r":0.0,
        "f":0.0
      },
      "csubj":{
        "p":0.0,
        "r":0.0,
        "f":0.0
      },
      "advcl:abs":{
        "p":0.0,
        "r":0.0,
        "f":0.0
      },
      "advmod:neg":{
        "p":0.0,
        "r":0.0,
        "f":0.0
      },
      "obl:arg":{
        "p":0.0,
        "r":0.0,
        "f":0.0
      },
      "flat:foreign":{
        "p":0.0,
        "r":0.0,
        "f":0.0
      },
      "orphan":{
        "p":0.0,
        "r":0.0,
        "f":0.0
      },
      "aux:pass":{
        "p":0.0,
        "r":0.0,
        "f":0.0
      },
      "advmod:tmod":{
        "p":0.0,
        "r":0.0,
        "f":0.0
      },
      "dislocated":{
        "p":0.0,
        "r":0.0,
        "f":0.0
      },
      "advcl:cmp":{
        "p":0.0,
        "r":0.0,
        "f":0.0
      },
      "csubj:pass":{
        "p":0.0,
        "r":0.0,
        "f":0.0
      },
      "nsubj:outer":{
        "p":0.0,
        "r":0.0,
        "f":0.0
      }
    }
  },
  "trainable_lemmatizer":{
    "lemma_acc":0.5128558193
  },
  "tagger":{
    "tag_acc":0.0
  },
  "morphologizer":{
    "pos_acc":0.4330508547,
    "morph_acc":0.3045799191,
    "morph_micro_p":0.3400751354,
    "morph_micro_r":0.2549349646,
    "morph_micro_f":0.2914136839,
    "morph_per_feat":{
      "Mood":{
        "p":0.4833938765,
        "r":0.2365413916,
        "f":0.3176470588
      },
      "Number":{
        "p":0.5629357662,
        "r":0.4700981758,
        "f":0.5123453665
      },
      "Person":{
        "p":0.3007786429,
        "r":0.1402489627,
        "f":0.191298196
      },
      "Tense":{
        "p":0.2011815424,
        "r":0.1599796851,
        "f":0.1782304265
      },
      "VerbForm":{
        "p":0.3446657364,
        "r":0.2572916667,
        "f":0.2946375319
      },
      "Voice":{
        "p":0.3750832778,
        "r":0.2665719697,
        "f":0.3116523665
      },
      "Case":{
        "p":0.2303051348,
        "r":0.2172898153,
        "f":0.2236082431
      },
      "Gender":{
        "p":0.3423114162,
        "r":0.344052727,
        "f":0.3431798628
      },
      "PronType":{
        "p":0.3063640849,
        "r":0.0673608851,
        "f":0.1104392673
      },
      "Definite":{
        "p":0.0,
        "r":0.0,
        "f":0.0
      },
      "Degree":{
        "p":0.0182767624,
        "r":0.0048814505,
        "f":0.0077050083
      },
      "Aspect":{
        "p":0.0,
        "r":0.0,
        "f":0.0
      },
      "Polarity":{
        "p":0.0,
        "r":0.0,
        "f":0.0
      },
      "Foreign":{
        "p":0.0,
        "r":0.0,
        "f":0.0
      },
      "NumType":{
        "p":0.0378071834,
        "r":0.0584795322,
        "f":0.045924225
      },
      "NumForm":{
        "p":0.0,
        "r":0.0,
        "f":0.0
      },
      "Reflex":{
        "p":0.0,
        "r":0.0,
        "f":0.0
      },
      "AdvType":{
        "p":0.0,
        "r":0.0,
        "f":0.0
      },
      "Poss":{
        "p":0.0,
        "r":0.0,
        "f":0.0
      },
      "Number[psor]":{
        "p":0.0,
        "r":0.0,
        "f":0.0
      },
      "Person[psor]":{
        "p":0.0,
        "r":0.0,
        "f":0.0
      }
    }
  },
  "speed":3982.9827731539
}