{
  "tokenizer":{
    "token_acc":0.9464403791,
    "token_p":0.9418117699,
    "token_r":0.8969353484,
    "token_f":0.9188259327
  },
  "transformer":{

  },
  "parser":{
    "sents_p":0.3926174497,
    "sents_r":0.6015424165,
    "sents_f":0.4751269036,
    "dep_uas":0.27808136,
    "dep_las":0.0925318761,
    "dep_las_per_type":{
      "advmod":{
        "p":0.1567164179,
        "r":0.0430327869,
        "f":0.0675241158
      },
      "iobj":{
        "p":0.0,
        "r":0.0,
        "f":0.0
      },
      "root":{
        "p":0.2074468085,
        "r":0.3007712082,
        "f":0.2455403987
      },
      "nsubj":{
        "p":0.1352459016,
        "r":0.0870712401,
        "f":0.1059390048
      },
      "obj":{
        "p":0.1121212121,
        "r":0.1010928962,
        "f":0.1063218391
      },
      "cc:nc":{
        "p":0.0,
        "r":0.0,
        "f":0.0
      },
      "expl":{
        "p":0.0,
        "r":0.0,
        "f":0.0
      },
      "case":{
        "p":0.3618421053,
        "r":0.219123506,
        "f":0.2729528536
      },
      "obl":{
        "p":0.0721153846,
        "r":0.0522648084,
        "f":0.0606060606
      },
      "ccomp":{
        "p":0.0126582278,
        "r":0.0208333333,
        "f":0.0157480315
      },
      "xcomp":{
        "p":0.0104712042,
        "r":0.025,
        "f":0.0147601476
      },
      "dep":{
        "p":0.0,
        "r":0.0,
        "f":0.0
      },
      "mark":{
        "p":0.0072463768,
        "r":0.0043290043,
        "f":0.0054200542
      },
      "aux":{
        "p":0.0,
        "r":0.0,
        "f":0.0
      },
      "det":{
        "p":0.0476190476,
        "r":0.005952381,
        "f":0.0105820106
      },
      "acl":{
        "p":0.0,
        "r":0.0,
        "f":0.0
      },
      "advcl":{
        "p":0.0,
        "r":0.0,
        "f":0.0
      },
      "acl:relcl":{
        "p":0.1111111111,
        "r":0.0175438596,
        "f":0.0303030303
      },
      "conj":{
        "p":0.0587044534,
        "r":0.2164179104,
        "f":0.0923566879
      },
      "cc":{
        "p":0.1729559748,
        "r":0.4583333333,
        "f":0.2511415525
      },
      "amod":{
        "p":0.04,
        "r":0.0660377358,
        "f":0.0498220641
      },
      "fixed":{
        "p":0.0,
        "r":0.0,
        "f":0.0
      },
      "flat":{
        "p":0.0,
        "r":0.0,
        "f":0.0
      },
      "appos":{
        "p":0.0333333333,
        "r":0.125,
        "f":0.0526315789
      },
      "nmod":{
        "p":0.0097087379,
        "r":0.0178571429,
        "f":0.0125786164
      },
      "nsubj:pass":{
        "p":0.0,
        "r":0.0,
        "f":0.0
      },
      "advmod:emph":{
        "p":0.0,
        "r":0.0,
        "f":0.0
      },
      "advmod:neg":{
        "p":0.0,
        "r":0.0,
        "f":0.0
      },
      "case:det":{
        "p":0.0,
        "r":0.0,
        "f":0.0
      },
      "cop":{
        "p":0.075,
        "r":0.1,
        "f":0.0857142857
      },
      "parataxis":{
        "p":0.0,
        "r":0.0,
        "f":0.0
      },
      "dislocated":{
        "p":0.0,
        "r":0.0,
        "f":0.0
      },
      "obl:advmod":{
        "p":0.0,
        "r":0.0,
        "f":0.0
      },
      "csubj":{
        "p":0.0,
        "r":0.0,
        "f":0.0
      },
      "aux:pass":{
        "p":0.0,
        "r":0.0,
        "f":0.0
      },
      "nummod":{
        "p":0.0,
        "r":0.0,
        "f":0.0
      },
      "discourse":{
        "p":0.0,
        "r":0.0,
        "f":0.0
      },
      "vocative":{
        "p":0.0,
        "r":0.0,
        "f":0.0
      },
      "advmod:lmod":{
        "p":0.0,
        "r":0.0,
        "f":0.0
      },
      "advmod:tmod":{
        "p":0.0,
        "r":0.0,
        "f":0.0
      },
      "obl:arg":{
        "p":0.0,
        "r":0.0,
        "f":0.0
      },
      "flat:name":{
        "p":0.0,
        "r":0.0,
        "f":0.0
      },
      "csubj:pass":{
        "p":0.0,
        "r":0.0,
        "f":0.0
      },
      "obl:agent":{
        "p":0.0,
        "r":0.0,
        "f":0.0
      },
      "advcl:cmp":{
        "p":0.0,
        "r":0.0,
        "f":0.0
      },
      "orphan":{
        "p":0.0,
        "r":0.0,
        "f":0.0
      },
      "advcl:abs":{
        "p":0.0,
        "r":0.0,
        "f":0.0
      },
      "nsubj:outer":{
        "p":0.0,
        "r":0.0,
        "f":0.0
      },
      "nsubj:obj":{
        "p":0.0,
        "r":0.0,
        "f":0.0
      }
    }
  },
  "trainable_lemmatizer":{
    "lemma_acc":0.4270258335
  },
  "tagger":{
    "tag_acc":0.0
  },
  "morphologizer":{
    "pos_acc":0.3793331861,
    "morph_acc":0.3052120141,
    "morph_micro_p":0.0612431444,
    "morph_micro_r":0.1534351145,
    "morph_micro_f":0.087543554,
    "morph_per_feat":{
      "PronType":{
        "p":0.6596858639,
        "r":0.1168831169,
        "f":0.1985815603
      },
      "VerbForm":{
        "p":0.4397905759,
        "r":0.2686567164,
        "f":0.3335539378
      },
      "Case":{
        "p":0.0,
        "r":0.0,
        "f":0.0
      },
      "Gender":{
        "p":0.0,
        "r":0.0,
        "f":0.0
      },
      "Number":{
        "p":0.0,
        "r":0.0,
        "f":0.0
      },
      "Mood":{
        "p":0.0,
        "r":0.0,
        "f":0.0
      },
      "Person":{
        "p":0.0,
        "r":0.0,
        "f":0.0
      },
      "Tense":{
        "p":0.026119403,
        "r":0.1052631579,
        "f":0.0418535127
      },
      "Voice":{
        "p":0.0,
        "r":0.0,
        "f":0.0
      },
      "Polarity":{
        "p":0.9090909091,
        "r":0.0917431193,
        "f":0.1666666667
      },
      "Aspect":{
        "p":0.0,
        "r":0.0,
        "f":0.0
      },
      "Definite":{
        "p":0.0,
        "r":0.0,
        "f":0.0
      },
      "Poss":{
        "p":0.0,
        "r":0.0,
        "f":0.0
      },
      "Degree":{
        "p":0.0,
        "r":0.0,
        "f":0.0
      },
      "Reflex":{
        "p":0.0,
        "r":0.0,
        "f":0.0
      },
      "NumType":{
        "p":0.0,
        "r":0.0,
        "f":0.0
      },
      "AdvType":{
        "p":0.0,
        "r":0.0,
        "f":0.0
      },
      "Number[psor]":{
        "p":0.0,
        "r":0.0,
        "f":0.0
      },
      "Person[psor]":{
        "p":0.0,
        "r":0.0,
        "f":0.0
      }
    }
  },
  "speed":1214.7749027887
}