{
  "tokenizer":{
    "token_acc":1.0,
    "token_p":1.0,
    "token_r":1.0,
    "token_f":1.0
  },
  "transformer":{

  },
  "parser":{
    "sents_p":0.2889561271,
    "sents_r":0.4775,
    "sents_f":0.3600377003,
    "dep_uas":0.2026754627,
    "dep_las":0.0645043064,
    "dep_las_per_type":{
      "obl":{
        "p":0.0212765957,
        "r":0.0164835165,
        "f":0.0185758514
      },
      "vocative":{
        "p":0.0,
        "r":0.0,
        "f":0.0
      },
      "advmod":{
        "p":0.0338983051,
        "r":0.0069444444,
        "f":0.0115273775
      },
      "case":{
        "p":0.0,
        "r":0.0,
        "f":0.0
      },
      "acl":{
        "p":0.0,
        "r":0.0,
        "f":0.0
      },
      "conj":{
        "p":0.0510440835,
        "r":0.125,
        "f":0.0724876442
      },
      "amod":{
        "p":0.009569378,
        "r":0.0615384615,
        "f":0.016563147
      },
      "obj":{
        "p":0.0366972477,
        "r":0.0184331797,
        "f":0.0245398773
      },
      "root":{
        "p":0.1981845688,
        "r":0.3275,
        "f":0.246936852
      },
      "nsubj":{
        "p":0.048,
        "r":0.0188087774,
        "f":0.027027027
      },
      "nmod":{
        "p":0.0,
        "r":0.0,
        "f":0.0
      },
      "appos":{
        "p":0.0,
        "r":0.0,
        "f":0.0
      },
      "orphan":{
        "p":0.0,
        "r":0.0,
        "f":0.0
      },
      "fixed":{
        "p":0.0178571429,
        "r":0.3333333333,
        "f":0.0338983051
      },
      "dep":{
        "p":0.0,
        "r":0.0,
        "f":0.0
      },
      "iobj":{
        "p":0.0,
        "r":0.0,
        "f":0.0
      },
      "xcomp":{
        "p":0.0,
        "r":0.0,
        "f":0.0
      },
      "discourse":{
        "p":0.0,
        "r":0.0,
        "f":0.0
      },
      "det":{
        "p":0.0555555556,
        "r":0.0256410256,
        "f":0.0350877193
      },
      "advcl":{
        "p":0.0,
        "r":0.0,
        "f":0.0
      },
      "ccomp":{
        "p":0.0,
        "r":0.0,
        "f":0.0
      },
      "obl:arg":{
        "p":0.0,
        "r":0.0,
        "f":0.0
      },
      "cc":{
        "p":0.0555555556,
        "r":0.015625,
        "f":0.0243902439
      },
      "mark":{
        "p":0.0,
        "r":0.0,
        "f":0.0
      },
      "cop":{
        "p":0.0,
        "r":0.0,
        "f":0.0
      },
      "aux":{
        "p":0.0,
        "r":0.0,
        "f":0.0
      },
      "parataxis":{
        "p":0.0,
        "r":0.0,
        "f":0.0
      },
      "nummod":{
        "p":0.0,
        "r":0.0,
        "f":0.0
      },
      "compound":{
        "p":0.0,
        "r":0.0,
        "f":0.0
      },
      "flat:foreign":{
        "p":0.0,
        "r":0.0,
        "f":0.0
      },
      "dislocated":{
        "p":0.0,
        "r":0.0,
        "f":0.0
      },
      "nsubj:pass":{
        "p":0.0,
        "r":0.0,
        "f":0.0
      },
      "flat":{
        "p":0.0,
        "r":0.0,
        "f":0.0
      },
      "csubj":{
        "p":0.0,
        "r":0.0,
        "f":0.0
      }
    }
  },
  "trainable_lemmatizer":{
    "lemma_acc":0.2176621473
  },
  "tagger":{
    "tag_acc":0.0
  },
  "morphologizer":{
    "pos_acc":0.2722609014,
    "morph_acc":0.0828142177,
    "morph_micro_p":0.2174474126,
    "morph_micro_r":0.246417081,
    "morph_micro_f":0.2310276273,
    "morph_per_feat":{
      "Case":{
        "p":0.1537890045,
        "r":0.1266055046,
        "f":0.1388795706
      },
      "Number":{
        "p":0.5835829838,
        "r":0.472356935,
        "f":0.5221120343
      },
      "Gender":{
        "p":0.2267573696,
        "r":0.1882057716,
        "f":0.2056907782
      },
      "Tense":{
        "p":0.1757575758,
        "r":0.2136279926,
        "f":0.1928512053
      },
      "VerbForm":{
        "p":0.023880597,
        "r":0.1167883212,
        "f":0.0396530359
      },
      "Mood":{
        "p":0.1100917431,
        "r":0.0843091335,
        "f":0.0954907162
      },
      "Person":{
        "p":0.0956284153,
        "r":0.0819672131,
        "f":0.0882723834
      },
      "Voice":{
        "p":0.0015128593,
        "r":0.0769230769,
        "f":0.0029673591
      },
      "Aspect":{
        "p":0.0,
        "r":0.0,
        "f":0.0
      },
      "Degree":{
        "p":0.0,
        "r":0.0,
        "f":0.0
      },
      "PronType":{
        "p":0.0,
        "r":0.0,
        "f":0.0
      },
      "Reflex":{
        "p":0.0,
        "r":0.0,
        "f":0.0
      }
    }
  },
  "speed":742.6133359676
}