{
  "tokenizer":{
    "token_acc":1.0,
    "token_p":0.997476277,
    "token_r":0.9991405026,
    "token_f":0.9983076962
  },
  "transformer":{

  },
  "parser":{
    "sents_p":0.1993150685,
    "sents_r":0.3857711003,
    "sents_f":0.2628330574,
    "dep_uas":0.3114132632,
    "dep_las":0.1338890994,
    "dep_las_per_type":{
      "discourse":{
        "p":0.3121212121,
        "r":0.1525925926,
        "f":0.2049751244
      },
      "case":{
        "p":0.7057971014,
        "r":0.3053291536,
        "f":0.4262582057
      },
      "root":{
        "p":0.2507979936,
        "r":0.4860804242,
        "f":0.3308768236
      },
      "nsubj":{
        "p":0.0902255639,
        "r":0.0842105263,
        "f":0.0871143376
      },
      "det":{
        "p":0.03125,
        "r":0.0039292731,
        "f":0.0069808028
      },
      "advmod":{
        "p":0.3114956737,
        "r":0.1932515337,
        "f":0.2385234264
      },
      "fixed":{
        "p":0.0009930487,
        "r":0.0204081633,
        "f":0.0018939394
      },
      "obl:arg":{
        "p":0.2583120205,
        "r":0.1618589744,
        "f":0.1990147783
      },
      "obj":{
        "p":0.1290322581,
        "r":0.029158383,
        "f":0.0475675676
      },
      "mark":{
        "p":0.0555555556,
        "r":0.0079787234,
        "f":0.0139534884
      },
      "advcl":{
        "p":0.108,
        "r":0.0274949084,
        "f":0.0438311688
      },
      "amod":{
        "p":0.0444444444,
        "r":0.0669240669,
        "f":0.053415511
      },
      "obl":{
        "p":0.1193293886,
        "r":0.0827633379,
        "f":0.0977382876
      },
      "acl":{
        "p":0.0069875776,
        "r":0.0262390671,
        "f":0.0110361741
      },
      "dep":{
        "p":0.00077101,
        "r":0.0294117647,
        "f":0.0015026296
      },
      "conj":{
        "p":0.0321041215,
        "r":0.0677035682,
        "f":0.0435550324
      },
      "appos":{
        "p":0.0220264317,
        "r":0.076142132,
        "f":0.0341685649
      },
      "cc":{
        "p":0.1840120664,
        "r":0.0810092961,
        "f":0.112494237
      },
      "expl:pv":{
        "p":0.0,
        "r":0.0,
        "f":0.0
      },
      "nmod":{
        "p":0.0048780488,
        "r":0.0064377682,
        "f":0.0055504163
      },
      "ccomp":{
        "p":0.03125,
        "r":0.0179640719,
        "f":0.0228136882
      },
      "dislocated":{
        "p":0.0,
        "r":0.0,
        "f":0.0
      },
      "parataxis":{
        "p":0.0,
        "r":0.0,
        "f":0.0
      },
      "xcomp":{
        "p":0.0114678899,
        "r":0.0158227848,
        "f":0.0132978723
      },
      "nsubj:pass":{
        "p":0.0,
        "r":0.0,
        "f":0.0
      },
      "cop":{
        "p":0.0,
        "r":0.0,
        "f":0.0
      },
      "vocative":{
        "p":0.0,
        "r":0.0,
        "f":0.0
      },
      "flat:name":{
        "p":0.0,
        "r":0.0,
        "f":0.0
      },
      "flat:foreign":{
        "p":0.0,
        "r":0.0,
        "f":0.0
      },
      "aux":{
        "p":0.0,
        "r":0.0,
        "f":0.0
      },
      "orphan":{
        "p":0.0260869565,
        "r":0.025210084,
        "f":0.0256410256
      },
      "advcl:cmp":{
        "p":0.0,
        "r":0.0,
        "f":0.0
      },
      "obl:agent":{
        "p":0.0,
        "r":0.0,
        "f":0.0
      },
      "csubj":{
        "p":0.0,
        "r":0.0,
        "f":0.0
      },
      "nsubj:outer":{
        "p":0.0,
        "r":0.0,
        "f":0.0
      },
      "nummod":{
        "p":0.0,
        "r":0.0,
        "f":0.0
      },
      "csubj:pass":{
        "p":0.0,
        "r":0.0,
        "f":0.0
      },
      "aux:pass":{
        "p":0.0,
        "r":0.0,
        "f":0.0
      }
    }
  },
  "trainable_lemmatizer":{
    "lemma_acc":0.2218910248
  },
  "tagger":{
    "tag_acc":0.1452965545
  },
  "morphologizer":{
    "pos_acc":0.3394729528,
    "morph_acc":0.2191905412,
    "morph_micro_p":0.314953471,
    "morph_micro_r":0.181507166,
    "morph_micro_f":0.2302954461,
    "morph_per_feat":{
      "Case":{
        "p":0.1567609655,
        "r":0.1135124977,
        "f":0.131676477
      },
      "Gender":{
        "p":0.2403501791,
        "r":0.1847471452,
        "f":0.2089122038
      },
      "Number":{
        "p":0.5739931499,
        "r":0.3559917961,
        "f":0.4394412044
      },
      "Person":{
        "p":0.401373896,
        "r":0.0756566778,
        "f":0.1273151751
      },
      "PronType":{
        "p":0.3927765237,
        "r":0.0709624796,
        "f":0.1202072539
      },
      "Tense":{
        "p":0.2553505535,
        "r":0.1481798715,
        "f":0.1875338753
      },
      "VerbForm":{
        "p":0.2420759317,
        "r":0.1485042735,
        "f":0.1840815786
      },
      "Voice":{
        "p":0.3830022075,
        "r":0.2229122056,
        "f":0.2818083378
      },
      "Mood":{
        "p":0.3489254109,
        "r":0.0913907285,
        "f":0.144843873
      },
      "Variant":{
        "p":0.0,
        "r":0.0,
        "f":0.0
      },
      "Degree":{
        "p":0.0915201655,
        "r":0.1363636364,
        "f":0.109529703
      },
      "Reflex":{
        "p":0.7586206897,
        "r":0.0319767442,
        "f":0.0613668061
      },
      "Aspect":{
        "p":0.1807228916,
        "r":0.1188760807,
        "f":0.1434159061
      },
      "Poss":{
        "p":0.0,
        "r":0.0,
        "f":0.0
      },
      "Polarity":{
        "p":0.9724409449,
        "r":0.6098765432,
        "f":0.7496206373
      }
    }
  },
  "speed":1528.8688444248
}