{
  "tokenizer":{
    "token_acc":0.9995570601,
    "token_p":0.9645015345,
    "token_r":0.9836092021,
    "token_f":0.9739616613
  },
  "transformer":{

  },
  "parser":{
    "sents_p":0.1984482759,
    "sents_r":0.3718901454,
    "sents_f":0.258797077,
    "dep_uas":0.311951139,
    "dep_las":0.1326211997,
    "dep_las_per_type":{
      "discourse":{
        "p":0.1904761905,
        "r":0.1615598886,
        "f":0.1748304446
      },
      "vocative":{
        "p":0.0857142857,
        "r":0.0150753769,
        "f":0.0256410256
      },
      "root":{
        "p":0.2277411725,
        "r":0.4355411955,
        "f":0.299090304
      },
      "advmod":{
        "p":0.1880293619,
        "r":0.2079950031,
        "f":0.1975088968
      },
      "advcl":{
        "p":0.0242214533,
        "r":0.0076502732,
        "f":0.011627907
      },
      "expl:pv":{
        "p":0.0,
        "r":0.0,
        "f":0.0
      },
      "obl:arg":{
        "p":0.0516304348,
        "r":0.037037037,
        "f":0.0431328036
      },
      "appos":{
        "p":0.0179558011,
        "r":0.0183098592,
        "f":0.0181311018
      },
      "orphan":{
        "p":0.0087145969,
        "r":0.0165289256,
        "f":0.0114122682
      },
      "fixed":{
        "p":0.0030469226,
        "r":0.0675675676,
        "f":0.0058309038
      },
      "nsubj":{
        "p":0.0655737705,
        "r":0.0548812665,
        "f":0.0597529446
      },
      "conj":{
        "p":0.0358340319,
        "r":0.0729211087,
        "f":0.0480539553
      },
      "obl":{
        "p":0.1285551763,
        "r":0.085964245,
        "f":0.1030316845
      },
      "acl":{
        "p":0.0015898251,
        "r":0.0088105727,
        "f":0.0026936027
      },
      "case":{
        "p":0.6772521063,
        "r":0.3115682767,
        "f":0.4267919134
      },
      "nummod":{
        "p":0.0,
        "r":0.0,
        "f":0.0
      },
      "obl:agent":{
        "p":0.0,
        "r":0.0,
        "f":0.0
      },
      "amod":{
        "p":0.049704142,
        "r":0.0566801619,
        "f":0.05296343
      },
      "xcomp":{
        "p":0.0073982737,
        "r":0.0172413793,
        "f":0.0103537532
      },
      "obj":{
        "p":0.0794520548,
        "r":0.0347721823,
        "f":0.0483736447
      },
      "nmod":{
        "p":0.0129533679,
        "r":0.0158562368,
        "f":0.0142585551
      },
      "cc":{
        "p":0.4462571977,
        "r":0.1548967355,
        "f":0.2299703264
      },
      "dislocated":{
        "p":0.0,
        "r":0.0,
        "f":0.0
      },
      "det":{
        "p":0.0268817204,
        "r":0.0038880249,
        "f":0.0067934783
      },
      "dep":{
        "p":0.0012048193,
        "r":0.0132450331,
        "f":0.0022087245
      },
      "aux":{
        "p":0.0,
        "r":0.0,
        "f":0.0
      },
      "parataxis":{
        "p":0.0,
        "r":0.0,
        "f":0.0
      },
      "expl":{
        "p":0.0,
        "r":0.0,
        "f":0.0
      },
      "cop":{
        "p":0.0166666667,
        "r":0.0062111801,
        "f":0.0090497738
      },
      "nsubj:pass":{
        "p":0.0,
        "r":0.0,
        "f":0.0
      },
      "mark":{
        "p":0.0166666667,
        "r":0.003125,
        "f":0.0052631579
      },
      "flat:foreign":{
        "p":0.0,
        "r":0.0,
        "f":0.0
      },
      "ccomp":{
        "p":0.0,
        "r":0.0,
        "f":0.0
      },
      "nsubj:outer":{
        "p":0.0,
        "r":0.0,
        "f":0.0
      },
      "aux:pass":{
        "p":0.0,
        "r":0.0,
        "f":0.0
      },
      "iobj":{
        "p":0.0,
        "r":0.0,
        "f":0.0
      },
      "flat:name":{
        "p":0.0303030303,
        "r":0.0048543689,
        "f":0.0083682008
      },
      "nummod:gov":{
        "p":0.0,
        "r":0.0,
        "f":0.0
      },
      "list":{
        "p":0.0,
        "r":0.0,
        "f":0.0
      },
      "advcl:cmp":{
        "p":0.0,
        "r":0.0,
        "f":0.0
      },
      "csubj":{
        "p":0.0,
        "r":0.0,
        "f":0.0
      },
      "flat":{
        "p":0.0,
        "r":0.0,
        "f":0.0
      },
      "advmod:emph":{
        "p":0.0,
        "r":0.0,
        "f":0.0
      },
      "acl:relcl":{
        "p":0.0,
        "r":0.0,
        "f":0.0
      },
      "advmod:neg":{
        "p":0.0,
        "r":0.0,
        "f":0.0
      },
      "compound":{
        "p":0.0,
        "r":0.0,
        "f":0.0
      },
      "csubj:pass":{
        "p":0.0,
        "r":0.0,
        "f":0.0
      },
      "advcl:abs":{
        "p":0.0,
        "r":0.0,
        "f":0.0
      },
      "reparandum":{
        "p":0.0,
        "r":0.0,
        "f":0.0
      },
      "goeswith":{
        "p":0.0,
        "r":0.0,
        "f":0.0
      },
      "advmod:tmod":{
        "p":0.0,
        "r":0.0,
        "f":0.0
      }
    }
  },
  "trainable_lemmatizer":{
    "lemma_acc":0.2966576043
  },
  "tagger":{
    "tag_acc":0.1208764825
  },
  "morphologizer":{
    "pos_acc":0.3489866218,
    "morph_acc":0.2752134557,
    "morph_micro_p":0.2830533843,
    "morph_micro_r":0.2002070296,
    "morph_micro_f":0.2345289441,
    "morph_per_feat":{
      "Case":{
        "p":0.1358125092,
        "r":0.1130670278,
        "f":0.1234003963
      },
      "Gender":{
        "p":0.2594135919,
        "r":0.2209602478,
        "f":0.2386478481
      },
      "Number":{
        "p":0.5542638357,
        "r":0.4172081325,
        "f":0.4760680439
      },
      "Mood":{
        "p":0.2408477842,
        "r":0.0877500878,
        "f":0.1286339079
      },
      "Person":{
        "p":0.1818181818,
        "r":0.0391479562,
        "f":0.0644244434
      },
      "Tense":{
        "p":0.2,
        "r":0.1521562246,
        "f":0.1728280961
      },
      "VerbForm":{
        "p":0.1604678363,
        "r":0.1348535483,
        "f":0.1465498825
      },
      "Voice":{
        "p":0.2753623188,
        "r":0.2136516078,
        "f":0.2406131971
      },
      "PronType":{
        "p":0.126984127,
        "r":0.0296418279,
        "f":0.0480640854
      },
      "Variant":{
        "p":0.0,
        "r":0.0,
        "f":0.0
      },
      "Reflex":{
        "p":0.2,
        "r":0.0034843206,
        "f":0.0068493151
      },
      "Aspect":{
        "p":0.1470251716,
        "r":0.1378016086,
        "f":0.1422640465
      },
      "Degree":{
        "p":0.1256388416,
        "r":0.1393481342,
        "f":0.1321388578
      },
      "Clitic":{
        "p":0.0,
        "r":0.0,
        "f":0.0
      },
      "Polarity":{
        "p":0.9753694581,
        "r":0.4736842105,
        "f":0.6376811594
      },
      "Poss":{
        "p":0.0,
        "r":0.0,
        "f":0.0
      },
      "Analyt":{
        "p":0.0,
        "r":0.0,
        "f":0.0
      },
      "NumType":{
        "p":0.04,
        "r":0.0044247788,
        "f":0.0079681275
      },
      "Animacy":{
        "p":0.0,
        "r":0.0,
        "f":0.0
      },
      "NumForm":{
        "p":0.0,
        "r":0.0,
        "f":0.0
      },
      "NameType":{
        "p":0.0,
        "r":0.0,
        "f":0.0
      },
      "Abbr":{
        "p":0.0,
        "r":0.0,
        "f":0.0
      },
      "Typo":{
        "p":0.0,
        "r":0.0,
        "f":0.0
      }
    }
  },
  "speed":1988.7844031651
}