{
  "tokenizer":{
    "token_acc":0.9981644203,
    "token_p":0.9974335877,
    "token_r":0.9959947049,
    "token_f":0.996713627
  },
  "transformer":{

  },
  "parser":{
    "sents_p":0.4621383648,
    "sents_r":0.6733870968,
    "sents_f":0.5481127853,
    "dep_uas":0.2602492153,
    "dep_las":0.0649475416,
    "dep_las_per_type":{
      "root":{
        "p":0.2012626263,
        "r":0.2920483694,
        "f":0.2383016893
      },
      "nsubj":{
        "p":0.0661218425,
        "r":0.0149028801,
        "f":0.0243235857
      },
      "advmod":{
        "p":0.0659670165,
        "r":0.0317766009,
        "f":0.0428919578
      },
      "mark":{
        "p":0.2317880795,
        "r":0.0336215178,
        "f":0.0587248322
      },
      "acl":{
        "p":0.0,
        "r":0.0,
        "f":0.0
      },
      "compound:prt":{
        "p":0.0,
        "r":0.0,
        "f":0.0
      },
      "obj":{
        "p":0.0387596899,
        "r":0.0265111347,
        "f":0.0314861461
      },
      "advcl":{
        "p":0.0081967213,
        "r":0.0025906736,
        "f":0.0039370079
      },
      "det":{
        "p":0.0315904139,
        "r":0.045777427,
        "f":0.0373831776
      },
      "amod":{
        "p":0.0322525887,
        "r":0.0771730301,
        "f":0.0454926374
      },
      "xcomp":{
        "p":0.0019851117,
        "r":0.0099750623,
        "f":0.0033112583
      },
      "cc":{
        "p":0.383385471,
        "r":0.3141555113,
        "f":0.3453350031
      },
      "conj":{
        "p":0.0400536283,
        "r":0.0790605359,
        "f":0.0531701891
      },
      "case":{
        "p":0.1866560763,
        "r":0.0478420195,
        "f":0.0761626965
      },
      "obl":{
        "p":0.0723702665,
        "r":0.0451680672,
        "f":0.0556214293
      },
      "nmod:poss":{
        "p":0.0,
        "r":0.0,
        "f":0.0
      },
      "dep":{
        "p":0.0007009346,
        "r":0.0283018868,
        "f":0.0013679891
      },
      "nmod":{
        "p":0.0013906272,
        "r":0.1123595506,
        "f":0.0027472527
      },
      "aux":{
        "p":0.0,
        "r":0.0,
        "f":0.0
      },
      "iobj":{
        "p":0.0,
        "r":0.0,
        "f":0.0
      },
      "acl:relcl":{
        "p":0.0212765957,
        "r":0.0011248594,
        "f":0.0021367521
      },
      "cop":{
        "p":0.174796748,
        "r":0.0518697226,
        "f":0.08
      },
      "fixed":{
        "p":0.0,
        "r":0.0,
        "f":0.0
      },
      "appos":{
        "p":0.0148883375,
        "r":0.0093896714,
        "f":0.0115163148
      },
      "ccomp":{
        "p":0.0,
        "r":0.0,
        "f":0.0
      },
      "expl":{
        "p":0.0,
        "r":0.0,
        "f":0.0
      },
      "nsubj:pass":{
        "p":0.0,
        "r":0.0,
        "f":0.0
      },
      "advmod:tmod":{
        "p":0.0,
        "r":0.0,
        "f":0.0
      },
      "vocative":{
        "p":0.0111111111,
        "r":0.0081967213,
        "f":0.0094339623
      },
      "advmod:lmod":{
        "p":0.0,
        "r":0.0,
        "f":0.0
      },
      "parataxis":{
        "p":0.0,
        "r":0.0,
        "f":0.0
      },
      "flat:name":{
        "p":0.0891089109,
        "r":0.0434782609,
        "f":0.0584415584
      },
      "advcl:cmp":{
        "p":0.0,
        "r":0.0,
        "f":0.0
      },
      "orphan":{
        "p":0.0,
        "r":0.0,
        "f":0.0
      },
      "csubj":{
        "p":0.0,
        "r":0.0,
        "f":0.0
      },
      "discourse":{
        "p":0.0,
        "r":0.0,
        "f":0.0
      },
      "nummod":{
        "p":0.053030303,
        "r":0.0357142857,
        "f":0.0426829268
      },
      "obl:arg":{
        "p":0.0,
        "r":0.0,
        "f":0.0
      },
      "advmod:emph":{
        "p":0.0,
        "r":0.0,
        "f":0.0
      },
      "flat:foreign":{
        "p":0.0,
        "r":0.0,
        "f":0.0
      },
      "dislocated":{
        "p":0.0,
        "r":0.0,
        "f":0.0
      },
      "csubj:pass":{
        "p":0.0,
        "r":0.0,
        "f":0.0
      },
      "advmod:neg":{
        "p":0.0,
        "r":0.0,
        "f":0.0
      },
      "advcl:abs":{
        "p":0.0,
        "r":0.0,
        "f":0.0
      },
      "aux:pass":{
        "p":0.0,
        "r":0.0,
        "f":0.0
      },
      "obl:agent":{
        "p":0.0,
        "r":0.0,
        "f":0.0
      }
    }
  },
  "trainable_lemmatizer":{
    "lemma_acc":0.4955843979
  },
  "tagger":{
    "tag_acc":0.0
  },
  "morphologizer":{
    "pos_acc":0.3034645723,
    "morph_acc":0.2727257272,
    "morph_micro_p":0.2997200427,
    "morph_micro_r":0.2131564125,
    "morph_micro_f":0.249133094,
    "morph_per_feat":{
      "Mood":{
        "p":0.3145737085,
        "r":0.095099035,
        "f":0.1460466023
      },
      "Number":{
        "p":0.6086100068,
        "r":0.5262782991,
        "f":0.5644577313
      },
      "Person":{
        "p":0.1129798903,
        "r":0.0320539419,
        "f":0.0499393939
      },
      "Tense":{
        "p":0.1059943401,
        "r":0.0523108177,
        "f":0.0700501573
      },
      "VerbForm":{
        "p":0.1874897658,
        "r":0.1084280303,
        "f":0.1373972521
      },
      "Voice":{
        "p":0.1966930761,
        "r":0.1081439394,
        "f":0.1395576195
      },
      "Case":{
        "p":0.1827054996,
        "r":0.1908759572,
        "f":0.1867013819
      },
      "Gender":{
        "p":0.2680473607,
        "r":0.2994205335,
        "f":0.2828666945
      },
      "PronType":{
        "p":0.2347883598,
        "r":0.0385074303,
        "f":0.0661634517
      },
      "Definite":{
        "p":0.0,
        "r":0.0,
        "f":0.0
      },
      "Degree":{
        "p":0.0111940299,
        "r":0.0010460251,
        "f":0.0019132653
      },
      "Aspect":{
        "p":0.0,
        "r":0.0,
        "f":0.0
      },
      "NumForm":{
        "p":0.0,
        "r":0.0,
        "f":0.0
      },
      "NumType":{
        "p":0.0333333333,
        "r":0.0233918129,
        "f":0.0274914089
      },
      "Number[psor]":{
        "p":0.0,
        "r":0.0,
        "f":0.0
      },
      "Person[psor]":{
        "p":0.0,
        "r":0.0,
        "f":0.0
      },
      "Poss":{
        "p":0.0,
        "r":0.0,
        "f":0.0
      },
      "AdvType":{
        "p":0.0,
        "r":0.0,
        "f":0.0
      },
      "Foreign":{
        "p":0.0,
        "r":0.0,
        "f":0.0
      },
      "Reflex":{
        "p":0.0,
        "r":0.0,
        "f":0.0
      },
      "Polarity":{
        "p":0.0,
        "r":0.0,
        "f":0.0
      },
      "Compound":{
        "p":0.0,
        "r":0.0,
        "f":0.0
      }
    }
  },
  "speed":6166.9274178934
}