{
  "tokenizer":{
    "token_acc":0.9996132525,
    "token_p":0.9992265051,
    "token_r":0.9990547798,
    "token_f":0.9991406351
  },
  "transformer":{

  },
  "parser":{
    "sents_p":0.2575757576,
    "sents_r":0.4623091603,
    "sents_f":0.3308296347,
    "dep_uas":0.1800725036,
    "dep_las":0.0329107806,
    "dep_las_per_type":{
      "ccomp":{
        "p":0.0,
        "r":0.0,
        "f":0.0
      },
      "nsubj":{
        "p":0.0456026059,
        "r":0.0303030303,
        "f":0.0364109233
      },
      "root":{
        "p":0.1414517416,
        "r":0.2538167939,
        "f":0.1816629674
      },
      "cop":{
        "p":0.0027333073,
        "r":0.0273972603,
        "f":0.0049707083
      },
      "advmod":{
        "p":0.0076558513,
        "r":0.0142857143,
        "f":0.0099691431
      },
      "advcl":{
        "p":0.0050837321,
        "r":0.0145175064,
        "f":0.007530454
      },
      "obj":{
        "p":0.0391061453,
        "r":0.021393643,
        "f":0.0276570525
      },
      "case":{
        "p":0.0318471338,
        "r":0.0029069767,
        "f":0.0053276505
      },
      "obl":{
        "p":0.034965035,
        "r":0.0029429076,
        "f":0.0054288817
      },
      "discourse":{
        "p":0.0,
        "r":0.0,
        "f":0.0
      },
      "nmod":{
        "p":0.011627907,
        "r":0.00110011,
        "f":0.0020100503
      },
      "nsubj:pass":{
        "p":0.0,
        "r":0.0,
        "f":0.0
      },
      "acl":{
        "p":0.0,
        "r":0.0,
        "f":0.0
      },
      "xcomp":{
        "p":0.0,
        "r":0.0,
        "f":0.0
      },
      "cc":{
        "p":0.27,
        "r":0.0163438257,
        "f":0.0308219178
      },
      "conj":{
        "p":0.0296735905,
        "r":0.00723589,
        "f":0.0116346713
      },
      "flat":{
        "p":0.0,
        "r":0.0,
        "f":0.0
      },
      "dep":{
        "p":0.0,
        "r":0.0,
        "f":0.0
      },
      "parataxis":{
        "p":0.0,
        "r":0.0,
        "f":0.0
      },
      "dislocated":{
        "p":0.0,
        "r":0.0,
        "f":0.0
      },
      "det":{
        "p":0.1801801802,
        "r":0.0190657769,
        "f":0.0344827586
      },
      "nsubj:outer":{
        "p":0.0,
        "r":0.0,
        "f":0.0
      },
      "mark":{
        "p":0.0588235294,
        "r":0.0038167939,
        "f":0.0071684588
      },
      "amod":{
        "p":0.0,
        "r":0.0,
        "f":0.0
      },
      "aux":{
        "p":0.0,
        "r":0.0,
        "f":0.0
      },
      "obl:agent":{
        "p":0.0,
        "r":0.0,
        "f":0.0
      },
      "fixed":{
        "p":0.0089285714,
        "r":0.0136986301,
        "f":0.0108108108
      },
      "appos":{
        "p":0.0036231884,
        "r":0.0122699387,
        "f":0.0055944056
      },
      "obl:arg":{
        "p":0.0,
        "r":0.0,
        "f":0.0
      },
      "orphan":{
        "p":0.0,
        "r":0.0,
        "f":0.0
      },
      "advmod:neg":{
        "p":0.0,
        "r":0.0,
        "f":0.0
      },
      "vocative":{
        "p":0.0,
        "r":0.0,
        "f":0.0
      },
      "nummod":{
        "p":0.0,
        "r":0.0,
        "f":0.0
      },
      "aux:pass":{
        "p":0.0,
        "r":0.0,
        "f":0.0
      },
      "advcl:cmp":{
        "p":0.0,
        "r":0.0,
        "f":0.0
      },
      "csubj":{
        "p":0.0,
        "r":0.0,
        "f":0.0
      },
      "advmod:tmod":{
        "p":0.0,
        "r":0.0,
        "f":0.0
      },
      "obl:npmod":{
        "p":0.0,
        "r":0.0,
        "f":0.0
      },
      "csubj:pass":{
        "p":0.0,
        "r":0.0,
        "f":0.0
      },
      "acl:relcl":{
        "p":0.0,
        "r":0.0,
        "f":0.0
      },
      "flat:name":{
        "p":0.0,
        "r":0.0,
        "f":0.0
      },
      "advmod:emph":{
        "p":0.0,
        "r":0.0,
        "f":0.0
      },
      "flat:foreign":{
        "p":0.0,
        "r":0.0,
        "f":0.0
      },
      "advcl:abs":{
        "p":0.0,
        "r":0.0,
        "f":0.0
      },
      "iobj":{
        "p":0.0,
        "r":0.0,
        "f":0.0
      },
      "advmod:lmod":{
        "p":0.0,
        "r":0.0,
        "f":0.0
      },
      "conj:expl":{
        "p":0.0,
        "r":0.0,
        "f":0.0
      }
    }
  },
  "trainable_lemmatizer":{
    "lemma_acc":0.3995960204
  },
  "tagger":{
    "tag_acc":0.0
  },
  "morphologizer":{
    "pos_acc":0.2322123133,
    "morph_acc":0.1113570431,
    "morph_micro_p":0.1669447161,
    "morph_micro_r":0.04067217,
    "morph_micro_f":0.0654089751,
    "morph_per_feat":{
      "Case":{
        "p":0.0,
        "r":0.0,
        "f":0.0
      },
      "Gender":{
        "p":0.1958333333,
        "r":0.0041953048,
        "f":0.008214629
      },
      "Number":{
        "p":0.5271149675,
        "r":0.0157567112,
        "f":0.0305987534
      },
      "PronType":{
        "p":0.0571428571,
        "r":0.0204498978,
        "f":0.0301204819
      },
      "Person":{
        "p":0.1318181818,
        "r":0.0050725905,
        "f":0.0097692437
      },
      "Mood":{
        "p":0.0,
        "r":0.0,
        "f":0.0
      },
      "Tense":{
        "p":0.0,
        "r":0.0,
        "f":0.0
      },
      "VerbForm":{
        "p":0.3066020594,
        "r":0.457437195,
        "f":0.3671308384
      },
      "Voice":{
        "p":0.0,
        "r":0.0,
        "f":0.0
      },
      "Polarity":{
        "p":0.0,
        "r":0.0,
        "f":0.0
      },
      "Foreign":{
        "p":0.0,
        "r":0.0,
        "f":0.0
      },
      "Aspect":{
        "p":0.0,
        "r":0.0,
        "f":0.0
      },
      "Degree":{
        "p":0.0,
        "r":0.0,
        "f":0.0
      },
      "NumType":{
        "p":0.0048309179,
        "r":0.0909090909,
        "f":0.0091743119
      },
      "Reflex":{
        "p":0.0,
        "r":0.0,
        "f":0.0
      },
      "Poss":{
        "p":0.0,
        "r":0.0,
        "f":0.0
      },
      "Definite":{
        "p":0.0,
        "r":0.0,
        "f":0.0
      },
      "NumForm":{
        "p":0.0,
        "r":0.0,
        "f":0.0
      },
      "AdvType":{
        "p":0.0,
        "r":0.0,
        "f":0.0
      },
      "AdpType":{
        "p":0.0,
        "r":0.0,
        "f":0.0
      },
      "Number[psor]":{
        "p":0.0,
        "r":0.0,
        "f":0.0
      },
      "Person[psor]":{
        "p":0.0,
        "r":0.0,
        "f":0.0
      },
      "Typo":{
        "p":0.0,
        "r":0.0,
        "f":0.0
      },
      "Compound":{
        "p":0.0,
        "r":0.0,
        "f":0.0
      }
    }
  },
  "speed":2340.2950586207
}