{
  "tokenizer":{
    "token_acc":0.3761295181,
    "token_p":0.3761295181,
    "token_r":0.1776,
    "token_f":0.2412752083
  },
  "transformer":{

  },
  "parser":{
    "sents_p":0.899122807,
    "sents_r":0.9490740741,
    "sents_f":0.9234234234,
    "dep_uas":0.0240105541,
    "dep_las":0.0216358839,
    "dep_las_per_type":{
      "cc":{
        "p":0.8260869565,
        "r":0.1104651163,
        "f":0.1948717949
      },
      "mark":{
        "p":0.75,
        "r":0.0069444444,
        "f":0.0137614679
      },
      "nsubj":{
        "p":0.0,
        "r":0.0,
        "f":0.0
      },
      "root":{
        "p":0.2666666667,
        "r":0.1111111111,
        "f":0.1568627451
      },
      "case":{
        "p":1.0,
        "r":0.0012886598,
        "f":0.0025740026
      },
      "obl":{
        "p":0.0,
        "r":0.0,
        "f":0.0
      },
      "acl:relcl":{
        "p":0.0,
        "r":0.0,
        "f":0.0
      },
      "det":{
        "p":0.0,
        "r":0.0,
        "f":0.0
      },
      "aux":{
        "p":0.0,
        "r":0.0,
        "f":0.0
      },
      "dislocated":{
        "p":0.0,
        "r":0.0,
        "f":0.0
      },
      "advmod":{
        "p":0.59375,
        "r":0.0678571429,
        "f":0.1217948718
      },
      "advcl":{
        "p":0.0,
        "r":0.0,
        "f":0.0
      },
      "obj":{
        "p":0.0,
        "r":0.0,
        "f":0.0
      },
      "ccomp":{
        "p":0.0,
        "r":0.0,
        "f":0.0
      },
      "parataxis":{
        "p":0.3333333333,
        "r":0.0138888889,
        "f":0.0266666667
      },
      "nmod":{
        "p":0.0,
        "r":0.0,
        "f":0.0
      },
      "cop":{
        "p":0.4736842105,
        "r":0.1730769231,
        "f":0.2535211268
      },
      "appos":{
        "p":0.0,
        "r":0.0,
        "f":0.0
      },
      "conj":{
        "p":0.5714285714,
        "r":0.0291970803,
        "f":0.0555555556
      },
      "fixed":{
        "p":0.0,
        "r":0.0,
        "f":0.0
      },
      "xcomp":{
        "p":0.0,
        "r":0.0,
        "f":0.0
      },
      "csubj":{
        "p":0.0,
        "r":0.0,
        "f":0.0
      },
      "iobj":{
        "p":0.0,
        "r":0.0,
        "f":0.0
      },
      "vocative":{
        "p":0.0,
        "r":0.0,
        "f":0.0
      },
      "reparandum":{
        "p":0.0,
        "r":0.0,
        "f":0.0
      },
      "discourse":{
        "p":0.0,
        "r":0.0,
        "f":0.0
      },
      "amod":{
        "p":0.0,
        "r":0.0,
        "f":0.0
      },
      "nummod":{
        "p":0.0,
        "r":0.0,
        "f":0.0
      },
      "orphan":{
        "p":0.0,
        "r":0.0,
        "f":0.0
      },
      "flat":{
        "p":0.6666666667,
        "r":0.4,
        "f":0.5
      },
      "obl:npmod":{
        "p":0.0,
        "r":0.0,
        "f":0.0
      },
      "acl":{
        "p":0.0,
        "r":0.0,
        "f":0.0
      }
    }
  },
  "trainable_lemmatizer":{
    "lemma_acc":0.2949879227
  },
  "tagger":{
    "tag_acc":0.2871376812
  },
  "morphologizer":{
    "pos_acc":0.2895531401,
    "morph_acc":0.2904589372,
    "morph_micro_p":0.974789916,
    "morph_micro_r":0.0698795181,
    "morph_micro_f":0.1304103429,
    "morph_per_feat":{
      "Foreign":{
        "p":0.9748743719,
        "r":0.4041666667,
        "f":0.5714285714
      },
      "Definite":{
        "p":1.0,
        "r":0.029318037,
        "f":0.0569659443
      },
      "Gender":{
        "p":1.0,
        "r":0.0541666667,
        "f":0.1027667984
      },
      "Number":{
        "p":1.0,
        "r":0.053030303,
        "f":0.1007194245
      },
      "Person":{
        "p":1.0,
        "r":0.0326659642,
        "f":0.0632653061
      },
      "PronType":{
        "p":0.9444444444,
        "r":0.0417947142,
        "f":0.0800470865
      },
      "VerbForm":{
        "p":0.9166666667,
        "r":0.0995475113,
        "f":0.1795918367
      },
      "Polarity":{
        "p":1.0,
        "r":0.3653846154,
        "f":0.5352112676
      },
      "Gender[psor]":{
        "p":0.0,
        "r":0.0,
        "f":0.0
      },
      "Number[psor]":{
        "p":0.0,
        "r":0.0,
        "f":0.0
      },
      "Poss":{
        "p":0.0,
        "r":0.0,
        "f":0.0
      },
      "NumType":{
        "p":1.0,
        "r":0.0666666667,
        "f":0.125
      },
      "Reflex":{
        "p":0.0,
        "r":0.0,
        "f":0.0
      }
    }
  },
  "speed":744.7065690693
}