{
  "tokenizer":{
    "token_acc":0.9998936411,
    "token_p":0.9954398607,
    "token_r":0.9978809324,
    "token_f":0.9966589018
  },
  "transformer":{

  },
  "parser":{
    "sents_p":0.0260582408,
    "sents_r":0.1150583245,
    "sents_f":0.0424927792,
    "dep_uas":0.127626607,
    "dep_las":0.0291377761,
    "dep_las_per_type":{
      "root":{
        "p":0.0691202873,
        "r":0.3062036055,
        "f":0.1127819549
      },
      "nsubj":{
        "p":0.0090351726,
        "r":0.0064176026,
        "f":0.0075046904
      },
      "cc":{
        "p":0.1740976645,
        "r":0.0244849209,
        "f":0.0429319372
      },
      "mark":{
        "p":0.0040816327,
        "r":0.0005719188,
        "f":0.0010032606
      },
      "amod":{
        "p":0.0,
        "r":0.0,
        "f":0.0
      },
      "nsubj:pass":{
        "p":0.0,
        "r":0.0,
        "f":0.0
      },
      "advmod:neg":{
        "p":0.0,
        "r":0.0,
        "f":0.0
      },
      "advcl":{
        "p":0.0042553191,
        "r":0.0082191781,
        "f":0.0056074766
      },
      "case":{
        "p":0.4931937173,
        "r":0.0757113004,
        "f":0.131270903
      },
      "obl":{
        "p":0.0063646574,
        "r":0.0103238866,
        "f":0.0078746236
      },
      "acl:relcl":{
        "p":0.0007743534,
        "r":0.0039154268,
        "f":0.001292992
      },
      "nmod":{
        "p":0.0147001934,
        "r":0.0170940171,
        "f":0.0158069884
      },
      "obj":{
        "p":0.0123855681,
        "r":0.0115230461,
        "f":0.011938749
      },
      "advmod":{
        "p":0.0103977125,
        "r":0.0178970917,
        "f":0.0131535679
      },
      "aux":{
        "p":0.0,
        "r":0.0,
        "f":0.0
      },
      "csubj":{
        "p":0.0,
        "r":0.0,
        "f":0.0
      },
      "dep":{
        "p":0.0002327747,
        "r":0.0588235294,
        "f":0.0004637144
      },
      "parataxis":{
        "p":0.0003913894,
        "r":0.0263157895,
        "f":0.0007713074
      },
      "csubj:pass":{
        "p":0.0,
        "r":0.0,
        "f":0.0
      },
      "cop":{
        "p":0.0127118644,
        "r":0.0018105009,
        "f":0.0031695721
      },
      "appos":{
        "p":0.0,
        "r":0.0,
        "f":0.0
      },
      "advmod:lmod":{
        "p":0.0,
        "r":0.0,
        "f":0.0
      },
      "det":{
        "p":0.0112359551,
        "r":0.0002415459,
        "f":0.000472925
      },
      "fixed":{
        "p":0.0,
        "r":0.0,
        "f":0.0
      },
      "obl:arg":{
        "p":0.0,
        "r":0.0,
        "f":0.0
      },
      "conj":{
        "p":0.0082608696,
        "r":0.0053748232,
        "f":0.006512425
      },
      "xcomp":{
        "p":0.0074294205,
        "r":0.0132275132,
        "f":0.0095147479
      },
      "ccomp:relcl":{
        "p":0.0,
        "r":0.0,
        "f":0.0
      },
      "acl":{
        "p":0.0,
        "r":0.0,
        "f":0.0
      },
      "discourse":{
        "p":0.0,
        "r":0.0,
        "f":0.0
      },
      "orphan":{
        "p":0.0,
        "r":0.0,
        "f":0.0
      },
      "vocative":{
        "p":0.0,
        "r":0.0,
        "f":0.0
      },
      "dislocated":{
        "p":0.0,
        "r":0.0,
        "f":0.0
      },
      "advmod:emph":{
        "p":0.0,
        "r":0.0,
        "f":0.0
      },
      "ccomp":{
        "p":0.0,
        "r":0.0,
        "f":0.0
      },
      "obl:npmod":{
        "p":0.0,
        "r":0.0,
        "f":0.0
      },
      "flat":{
        "p":0.0,
        "r":0.0,
        "f":0.0
      },
      "dislocated:obj":{
        "p":0.0,
        "r":0.0,
        "f":0.0
      },
      "nummod":{
        "p":0.0,
        "r":0.0,
        "f":0.0
      },
      "compound":{
        "p":0.0,
        "r":0.0,
        "f":0.0
      },
      "ccomp:reported":{
        "p":0.0,
        "r":0.0,
        "f":0.0
      },
      "aux:pass":{
        "p":0.0,
        "r":0.0,
        "f":0.0
      },
      "csubj:relcl":{
        "p":0.0,
        "r":0.0,
        "f":0.0
      },
      "advcl:abs":{
        "p":0.0,
        "r":0.0,
        "f":0.0
      },
      "conj:expl":{
        "p":0.0,
        "r":0.0,
        "f":0.0
      },
      "advcl:cmp":{
        "p":0.0,
        "r":0.0,
        "f":0.0
      },
      "advcl:pred":{
        "p":0.0,
        "r":0.0,
        "f":0.0
      },
      "obl:agent":{
        "p":0.0,
        "r":0.0,
        "f":0.0
      },
      "obl:lmod":{
        "p":0.0,
        "r":0.0,
        "f":0.0
      },
      "dislocated:nsubj":{
        "p":0.0,
        "r":0.0,
        "f":0.0
      },
      "advmod:tmod":{
        "p":0.0,
        "r":0.0,
        "f":0.0
      },
      "expl:pass":{
        "p":0.0,
        "r":0.0,
        "f":0.0
      },
      "reparandum":{
        "p":0.0,
        "r":0.0,
        "f":0.0
      },
      "advcl:relcl":{
        "p":0.0,
        "r":0.0,
        "f":0.0
      },
      "obl:tmod":{
        "p":0.0,
        "r":0.0,
        "f":0.0
      },
      "nsubj:outer":{
        "p":0.0,
        "r":0.0,
        "f":0.0
      },
      "flat:name":{
        "p":0.0,
        "r":0.0,
        "f":0.0
      },
      "obl:cmp":{
        "p":0.0,
        "r":0.0,
        "f":0.0
      },
      "cop:outer":{
        "p":0.0,
        "r":0.0,
        "f":0.0
      },
      "csubj:outer":{
        "p":0.0,
        "r":0.0,
        "f":0.0
      },
      "flat:foreign":{
        "p":0.0,
        "r":0.0,
        "f":0.0
      },
      "parataxis:reporting":{
        "p":0.0,
        "r":0.0,
        "f":0.0
      },
      "csubj:cleft":{
        "p":0.0,
        "r":0.0,
        "f":0.0
      },
      "csubj:reported":{
        "p":0.0,
        "r":0.0,
        "f":0.0
      },
      "iobj":{
        "p":0.0,
        "r":0.0,
        "f":0.0
      },
      "dislocated:csubj":{
        "p":0.0,
        "r":0.0,
        "f":0.0
      }
    }
  },
  "trainable_lemmatizer":{
    "lemma_acc":0.3936182958
  },
  "tagger":{
    "tag_acc":0.0
  },
  "morphologizer":{
    "pos_acc":0.2086314639,
    "morph_acc":0.1812222274,
    "morph_micro_p":0.167915472,
    "morph_micro_r":0.099441346,
    "morph_micro_f":0.1249097792,
    "morph_per_feat":{
      "Case":{
        "p":0.0,
        "r":0.0,
        "f":0.0
      },
      "Gender":{
        "p":0.2709551657,
        "r":0.1102461665,
        "f":0.1567243647
      },
      "InflClass":{
        "p":0.0,
        "r":0.0,
        "f":0.0
      },
      "Number":{
        "p":0.6064721179,
        "r":0.2959951114,
        "f":0.397826705
      },
      "Polarity":{
        "p":0.0064239829,
        "r":0.0044085231,
        "f":0.0052287582
      },
      "Aspect":{
        "p":0.0,
        "r":0.0,
        "f":0.0
      },
      "Mood":{
        "p":0.0,
        "r":0.0,
        "f":0.0
      },
      "Person":{
        "p":0.0853676914,
        "r":0.1356398899,
        "f":0.1047861272
      },
      "Tense":{
        "p":0.0,
        "r":0.0,
        "f":0.0
      },
      "VerbForm":{
        "p":0.1813372131,
        "r":0.2158205431,
        "f":0.1970818659
      },
      "Voice":{
        "p":0.0,
        "r":0.0,
        "f":0.0
      },
      "PronType":{
        "p":0.0409272508,
        "r":0.0797285068,
        "f":0.0540888998
      },
      "Foreign":{
        "p":0.0008737093,
        "r":0.44,
        "f":0.0017439556
      },
      "Definite":{
        "p":0.0,
        "r":0.0,
        "f":0.0
      },
      "Gender[psor]":{
        "p":0.0,
        "r":0.0,
        "f":0.0
      },
      "Number[psor]":{
        "p":0.0008920607,
        "r":0.0015847861,
        "f":0.0011415525
      },
      "Poss":{
        "p":0.0126582278,
        "r":0.0226293103,
        "f":0.0162350213
      },
      "Reflex":{
        "p":0.0,
        "r":0.0,
        "f":0.0
      },
      "InflClass[nominal]":{
        "p":0.0,
        "r":0.0,
        "f":0.0
      },
      "AdvType":{
        "p":0.0,