{
  "tokenizer":{
    "token_acc":0.9994219162,
    "token_p":0.9991838817,
    "token_r":0.9987254002,
    "token_f":0.9989545883
  },
  "transformer":{

  },
  "parser":{
    "sents_p":0.0226725893,
    "sents_r":0.0898093842,
    "sents_f":0.036205113,
    "dep_uas":0.1839504474,
    "dep_las":0.035932869,
    "dep_las_per_type":{
      "root":{
        "p":0.0957318767,
        "r":0.3788933675,
        "f":0.1528455285
      },
      "nsubj":{
        "p":0.0684769776,
        "r":0.0196576851,
        "f":0.0305464121
      },
      "advmod":{
        "p":0.0708064063,
        "r":0.0606936416,
        "f":0.0653611724
      },
      "mark":{
        "p":0.0264765784,
        "r":0.0041680026,
        "f":0.0072022161
      },
      "acl":{
        "p":0.0,
        "r":0.0,
        "f":0.0
      },
      "compound:prt":{
        "p":0.0,
        "r":0.0,
        "f":0.0
      },
      "obj":{
        "p":0.0173187941,
        "r":0.0095440085,
        "f":0.0123062899
      },
      "advcl":{
        "p":0.0058309038,
        "r":0.0189982729,
        "f":0.0089231393
      },
      "vocative":{
        "p":0.0,
        "r":0.0,
        "f":0.0
      },
      "obl":{
        "p":0.0363782419,
        "r":0.0555069165,
        "f":0.0439514731
      },
      "xcomp":{
        "p":0.002994012,
        "r":0.0075,
        "f":0.0042796006
      },
      "cc":{
        "p":0.1928374656,
        "r":0.0199373398,
        "f":0.0361383583
      },
      "conj":{
        "p":0.00696767,
        "r":0.0082699305,
        "f":0.0075631523
      },
      "case":{
        "p":0.0694300518,
        "r":0.0136400651,
        "f":0.0228007487
      },
      "amod":{
        "p":0.0,
        "r":0.0,
        "f":0.0
      },
      "nmod:poss":{
        "p":0.0,
        "r":0.0,
        "f":0.0
      },
      "dislocated":{
        "p":0.0,
        "r":0.0,
        "f":0.0
      },
      "acl:relcl":{
        "p":0.0010837171,
        "r":0.0044994376,
        "f":0.0017467249
      },
      "dep":{
        "p":0.0002807412,
        "r":0.0047169811,
        "f":0.0005299417
      },
      "parataxis":{
        "p":0.0,
        "r":0.0,
        "f":0.0
      },
      "appos":{
        "p":0.0004975124,
        "r":0.0015649452,
        "f":0.0007550019
      },
      "aux":{
        "p":0.0,
        "r":0.0,
        "f":0.0
      },
      "iobj":{
        "p":0.0,
        "r":0.0,
        "f":0.0
      },
      "det":{
        "p":0.0,
        "r":0.0,
        "f":0.0
      },
      "discourse":{
        "p":0.0,
        "r":0.0,
        "f":0.0
      },
      "obl:npmod":{
        "p":0.0,
        "r":0.0,
        "f":0.0
      },
      "nmod":{
        "p":0.0003337784,
        "r":0.0112359551,
        "f":0.0006482982
      },
      "cop":{
        "p":0.0050761421,
        "r":0.0006031363,
        "f":0.0010781671
      },
      "ccomp":{
        "p":0.0112676056,
        "r":0.0027932961,
        "f":0.0044767767
      },
      "expl":{
        "p":0.0,
        "r":0.0,
        "f":0.0
      },
      "flat":{
        "p":0.0,
        "r":0.0,
        "f":0.0
      },
      "csubj":{
        "p":0.0,
        "r":0.0,
        "f":0.0
      },
      "flat:name":{
        "p":0.0,
        "r":0.0,
        "f":0.0
      },
      "nummod":{
        "p":0.0,
        "r":0.0,
        "f":0.0
      },
      "fixed":{
        "p":0.0,
        "r":0.0,
        "f":0.0
      },
      "flat:foreign":{
        "p":0.0,
        "r":0.0,
        "f":0.0
      }
    }
  },
  "trainable_lemmatizer":{
    "lemma_acc":0.38014674
  },
  "tagger":{
    "tag_acc":0.0095051054
  },
  "morphologizer":{
    "pos_acc":0.2062116871,
    "morph_acc":0.164141543,
    "morph_micro_p":0.2397884966,
    "morph_micro_r":0.1361556514,
    "morph_micro_f":0.1736883477,
    "morph_per_feat":{
      "Mood":{
        "p":0.0,
        "r":0.0,
        "f":0.0
      },
      "Number":{
        "p":0.6019681032,
        "r":0.2753033924,
        "f":0.3778165864
      },
      "Person":{
        "p":0.1810872027,
        "r":0.1670846395,
        "f":0.1738043478
      },
      "Tense":{
        "p":0.0,
        "r":0.0,
        "f":0.0
      },
      "VerbForm":{
        "p":0.3643980713,
        "r":0.4365530303,
        "f":0.3972254534
      },
      "Voice":{
        "p":0.0,
        "r":0.0,
        "f":0.0
      },
      "Case":{
        "p":0.0,
        "r":0.0,
        "f":0.0
      },
      "Gender":{
        "p":0.2856016224,
        "r":0.11213341,
        "f":0.161039291
      },
      "PronType":{
        "p":0.1192804067,
        "r":0.1985030914,
        "f":0.1490167338
      },
      "Definite":{
        "p":0.0807138511,
        "r":0.0843577787,
        "f":0.0824955954
      },
      "Foreign":{
        "p":0.0105408458,
        "r":0.3043478261,
        "f":0.0203759854
      },
      "Polarity":{
        "p":0.0,
        "r":0.0,
        "f":0.0
      },
      "Degree":{
        "p":0.0,
        "r":0.0,
        "f":0.0
      },
      "Number[psor]":{
        "p":0.0,
        "r":0.0,
        "f":0.0
      },
      "Poss":{
        "p":0.0,
        "r":0.0,
        "f":0.0
      },
      "NumType":{
        "p":0.0287769784,
        "r":0.1403508772,
        "f":0.047761194
      },
      "Gender[psor]":{
        "p":0.0,
        "r":0.0,
        "f":0.0
      },
      "Reflex":{
        "p":0.0,
        "r":0.0,
        "f":0.0
      }
    }
  },
  "speed":3967.3709436903
}