{
  "tokenizer":{
    "token_acc":0.9997851403,
    "token_p":0.9993983928,
    "token_r":0.9993983928,
    "token_f":0.9993983928
  },
  "transformer":{

  },
  "parser":{
    "sents_p":0.0978665764,
    "sents_r":0.2757633588,
    "sents_f":0.144463884,
    "dep_uas":0.2174263728,
    "dep_las":0.0633910276,
    "dep_las_per_type":{
      "ccomp":{
        "p":0.0188679245,
        "r":0.0023201856,
        "f":0.0041322314
      },
      "nsubj":{
        "p":0.0236578708,
        "r":0.0140692641,
        "f":0.0176450628
      },
      "root":{
        "p":0.1570751523,
        "r":0.4427480916,
        "f":0.231884058
      },
      "cop":{
        "p":0.0053763441,
        "r":0.0019569472,
        "f":0.0028694405
      },
      "advmod":{
        "p":0.013003096,
        "r":0.0142857143,
        "f":0.0136142626
      },
      "dep":{
        "p":0.0,
        "r":0.0,
        "f":0.0
      },
      "conj":{
        "p":0.0098280098,
        "r":0.01447178,
        "f":0.011706175
      },
      "obj":{
        "p":0.025974026,
        "r":0.0134474328,
        "f":0.0177204994
      },
      "det":{
        "p":0.1798561151,
        "r":0.0238322212,
        "f":0.0420875421
      },
      "advcl":{
        "p":0.0134078212,
        "r":0.0102476516,
        "f":0.0116166505
      },
      "obl":{
        "p":0.0163069544,
        "r":0.0200117716,
        "f":0.0179704017
      },
      "case":{
        "p":0.5895522388,
        "r":0.1381118881,
        "f":0.223796034
      },
      "discourse":{
        "p":0.0,
        "r":0.0,
        "f":0.0
      },
      "nmod":{
        "p":0.0117939168,
        "r":0.0209020902,
        "f":0.0150793651
      },
      "nsubj:pass":{
        "p":0.0,
        "r":0.0,
        "f":0.0
      },
      "acl":{
        "p":0.0,
        "r":0.0,
        "f":0.0
      },
      "xcomp":{
        "p":0.0073800738,
        "r":0.0056022409,
        "f":0.0063694268
      },
      "cc":{
        "p":0.3067846608,
        "r":0.0629539952,
        "f":0.1044701155
      },
      "vocative":{
        "p":0.0035842294,
        "r":0.0147058824,
        "f":0.0057636888
      },
      "csubj":{
        "p":0.0,
        "r":0.0,
        "f":0.0
      },
      "nsubj:outer":{
        "p":0.0,
        "r":0.0,
        "f":0.0
      },
      "mark":{
        "p":0.0,
        "r":0.0,
        "f":0.0
      },
      "parataxis":{
        "p":0.0007082153,
        "r":0.0178571429,
        "f":0.0013623978
      },
      "amod":{
        "p":0.0,
        "r":0.0,
        "f":0.0
      },
      "aux":{
        "p":0.0,
        "r":0.0,
        "f":0.0
      },
      "obl:agent":{
        "p":0.0,
        "r":0.0,
        "f":0.0
      },
      "acl:relcl":{
        "p":0.0,
        "r":0.0,
        "f":0.0
      },
      "appos":{
        "p":0.0,
        "r":0.0,
        "f":0.0
      },
      "dislocated":{
        "p":0.0,
        "r":0.0,
        "f":0.0
      },
      "obl:arg":{
        "p":0.0,
        "r":0.0,
        "f":0.0
      },
      "orphan":{
        "p":0.0,
        "r":0.0,
        "f":0.0
      },
      "advmod:neg":{
        "p":0.0,
        "r":0.0,
        "f":0.0
      },
      "nummod":{
        "p":0.0,
        "r":0.0,
        "f":0.0
      },
      "flat":{
        "p":0.0,
        "r":0.0,
        "f":0.0
      },
      "aux:pass":{
        "p":0.0,
        "r":0.0,
        "f":0.0
      },
      "advcl:cmp":{
        "p":0.0,
        "r":0.0,
        "f":0.0
      },
      "obl:npmod":{
        "p":0.0,
        "r":0.0,
        "f":0.0
      },
      "fixed":{
        "p":0.0,
        "r":0.0,
        "f":0.0
      },
      "advmod:tmod":{
        "p":0.0,
        "r":0.0,
        "f":0.0
      },
      "csubj:pass":{
        "p":0.0,
        "r":0.0,
        "f":0.0
      },
      "flat:name":{
        "p":0.0,
        "r":0.0,
        "f":0.0
      },
      "advmod:emph":{
        "p":0.0,
        "r":0.0,
        "f":0.0
      },
      "flat:foreign":{
        "p":0.0,
        "r":0.0,
        "f":0.0
      },
      "advcl:abs":{
        "p":0.0,
        "r":0.0,
        "f":0.0
      },
      "advmod:lmod":{
        "p":0.0,
        "r":0.0,
        "f":0.0
      },
      "conj:expl":{
        "p":0.0,
        "r":0.0,
        "f":0.0
      }
    }
  },
  "trainable_lemmatizer":{
    "lemma_acc":0.320691063
  },
  "tagger":{
    "tag_acc":0.0
  },
  "morphologizer":{
    "pos_acc":0.2046763518,
    "morph_acc":0.1049170463,
    "morph_micro_p":0.1760165531,
    "morph_micro_r":0.1061092346,
    "morph_micro_f":0.1324018048,
    "morph_per_feat":{
      "Case":{
        "p":0.0,
        "r":0.0,
        "f":0.0
      },
      "Gender":{
        "p":0.2490545651,
        "r":0.0822993841,
        "f":0.1237168735
      },
      "Number":{
        "p":0.5215990628,
        "r":0.2309687459,
        "f":0.3201653858
      },
      "PronType":{
        "p":0.0547673099,
        "r":0.1578732106,
        "f":0.0813230802
      },
      "Person":{
        "p":0.1792433326,
        "r":0.1516529648,
        "f":0.1642978965
      },
      "Mood":{
        "p":0.0,
        "r":0.0,
        "f":0.0
      },
      "Tense":{
        "p":0.0,
        "r":0.0,
        "f":0.0
      },
      "VerbForm":{
        "p":0.2799877131,
        "r":0.3294776794,
        "f":0.3027233477
      },
      "Voice":{
        "p":0.0,
        "r":0.0,
        "f":0.0
      },
      "Polarity":{
        "p":0.0,
        "r":0.0,
        "f":0.0
      },
      "Definite":{
        "p":0.0,
        "r":0.0,
        "f":0.0
      },
      "Foreign":{
        "p":0.0,
        "r":0.0,
        "f":0.0
      },
      "Aspect":{
        "p":0.0,
        "r":0.0,
        "f":0.0
      },
      "Degree":{
        "p":0.0,
        "r":0.0,
        "f":0.0
      },
      "NumType":{
        "p":0.0021126761,
        "r":0.1363636364,
        "f":0.0041608877
      },
      "Reflex":{
        "p":0.0,
        "r":0.0,
        "f":0.0
      },
      "Gender[psor]":{
        "p":0.0,
        "r":0.0,
        "f":0.0
      },
      "Number[psor]":{
        "p":0.0,
        "r":0.0,
        "f":0.0
      },
      "Poss":{
        "p":0.0310077519,
        "r":0.0181405896,
        "f":0.0228898426
      },
      "NumForm":{
        "p":0.0,
        "r":0.0,
        "f":0.0
      },
      "AdvType":{
        "p":0.0,
        "r":0.0,
        "f":0.0
      },
      "AdpType":{
        "p":0.0,
        "r":0.0,
        "f":0.0
      },
      "Person[psor]":{
        "p":0.0,
        "r":0.0,
        "f":0.0
      },
      "Typo":{
        "p":0.0,
        "r":0.0,
        "f":0.0
      },
      "Compound":{
        "p":0.0,
        "r":0.0,
        "f":0.0
      }
    }
  },
  "speed":2303.3399661399
}