{
  "tokenizer":{
    "token_acc":1.0,
    "token_p":0.997476277,
    "token_r":0.9991405026,
    "token_f":0.9983076962
  },
  "transformer":{

  },
  "parser":{
    "sents_p":0.70363432,
    "sents_r":0.8298718515,
    "sents_f":0.7615571776,
    "dep_uas":0.166311841,
    "dep_las":0.0398287263,
    "dep_las_per_type":{
      "discourse":{
        "p":0.0,
        "r":0.0,
        "f":0.0
      },
      "case":{
        "p":0.5593220339,
        "r":0.0620689655,
        "f":0.111738149
      },
      "root":{
        "p":0.2233046085,
        "r":0.2633672117,
        "f":0.2416869424
      },
      "nsubj":{
        "p":0.0454545455,
        "r":0.0007017544,
        "f":0.00138217
      },
      "det":{
        "p":0.0833333333,
        "r":0.0009823183,
        "f":0.0019417476
      },
      "advmod":{
        "p":0.0089781958,
        "r":0.0161042945,
        "f":0.0115289596
      },
      "flat":{
        "p":0.0,
        "r":0.0,
        "f":0.0
      },
      "cop":{
        "p":0.0062860136,
        "r":0.1224489796,
        "f":0.0119581465
      },
      "obj":{
        "p":0.0425531915,
        "r":0.001325381,
        "f":0.0025706941
      },
      "mark":{
        "p":0.0,
        "r":0.0,
        "f":0.0
      },
      "advcl":{
        "p":0.0,
        "r":0.0,
        "f":0.0
      },
      "amod":{
        "p":0.0,
        "r":0.0,
        "f":0.0
      },
      "obl":{
        "p":0.0421940928,
        "r":0.0068399453,
        "f":0.0117716304
      },
      "dep":{
        "p":0.0,
        "r":0.0,
        "f":0.0
      },
      "cc":{
        "p":0.2142857143,
        "r":0.0019920319,
        "f":0.0039473684
      },
      "conj":{
        "p":0.0019230769,
        "r":0.0009149131,
        "f":0.0012399256
      },
      "expl:pv":{
        "p":0.0,
        "r":0.0,
        "f":0.0
      },
      "obl:arg":{
        "p":0.0,
        "r":0.0,
        "f":0.0
      },
      "acl":{
        "p":0.0,
        "r":0.0,
        "f":0.0
      },
      "parataxis":{
        "p":0.000512952,
        "r":0.0434782609,
        "f":0.0010139417
      },
      "nsubj:pass":{
        "p":0.0,
        "r":0.0,
        "f":0.0
      },
      "dislocated":{
        "p":0.0,
        "r":0.0,
        "f":0.0
      },
      "vocative":{
        "p":0.0,
        "r":0.0,
        "f":0.0
      },
      "flat:name":{
        "p":0.0,
        "r":0.0,
        "f":0.0
      },
      "xcomp":{
        "p":0.0,
        "r":0.0,
        "f":0.0
      },
      "appos":{
        "p":0.0081300813,
        "r":0.0101522843,
        "f":0.0090293454
      },
      "nmod":{
        "p":0.0,
        "r":0.0,
        "f":0.0
      },
      "aux":{
        "p":0.0,
        "r":0.0,
        "f":0.0
      },
      "orphan":{
        "p":0.0,
        "r":0.0,
        "f":0.0
      },
      "advcl:cmp":{
        "p":0.0,
        "r":0.0,
        "f":0.0
      },
      "ccomp":{
        "p":0.0,
        "r":0.0,
        "f":0.0
      },
      "fixed":{
        "p":0.0,
        "r":0.0,
        "f":0.0
      },
      "obl:agent":{
        "p":0.0,
        "r":0.0,
        "f":0.0
      },
      "csubj":{
        "p":0.0,
        "r":0.0,
        "f":0.0
      },
      "nsubj:outer":{
        "p":0.0,
        "r":0.0,
        "f":0.0
      },
      "nummod":{
        "p":0.0,
        "r":0.0,
        "f":0.0
      },
      "acl:relcl":{
        "p":0.0,
        "r":0.0,
        "f":0.0
      },
      "csubj:pass":{
        "p":0.0,
        "r":0.0,
        "f":0.0
      },
      "obl:npmod":{
        "p":0.0,
        "r":0.0,
        "f":0.0
      },
      "aux:pass":{
        "p":0.0,
        "r":0.0,
        "f":0.0
      }
    }
  },
  "trainable_lemmatizer":{
    "lemma_acc":0.2248718013
  },
  "tagger":{
    "tag_acc":0.0
  },
  "morphologizer":{
    "pos_acc":0.1870169235,
    "morph_acc":0.0840408328,
    "morph_micro_p":0.2232737188,
    "morph_micro_r":0.0429033749,
    "morph_micro_f":0.0719761114,
    "morph_per_feat":{
      "Case":{
        "p":0.0,
        "r":0.0,
        "f":0.0
      },
      "Gender":{
        "p":0.447284345,
        "r":0.028548124,
        "f":0.053670692
      },
      "Number":{
        "p":0.7515751575,
        "r":0.0611631995,
        "f":0.1131206394
      },
      "Person":{
        "p":0.0931174089,
        "r":0.008509064,
        "f":0.0155932203
      },
      "PronType":{
        "p":0.3974960876,
        "r":0.103588907,
        "f":0.1643481074
      },
      "Mood":{
        "p":0.0,
        "r":0.0,
        "f":0.0
      },
      "Tense":{
        "p":0.0,
        "r":0.0,
        "f":0.0
      },
      "VerbForm":{
        "p":0.2152297042,
        "r":0.2923076923,
        "f":0.2479159116
      },
      "Voice":{
        "p":0.0,
        "r":0.0,
        "f":0.0
      },
      "Variant":{
        "p":0.0,
        "r":0.0,
        "f":0.0
      },
      "Degree":{
        "p":0.0,
        "r":0.0,
        "f":0.0
      },
      "Reflex":{
        "p":0.0,
        "r":0.0,
        "f":0.0
      },
      "Definite":{
        "p":0.0,
        "r":0.0,
        "f":0.0
      },
      "Poss":{
        "p":0.0,
        "r":0.0,
        "f":0.0
      },
      "Polarity":{
        "p":0.011627907,
        "r":0.0024691358,
        "f":0.0040733198
      },
      "Aspect":{
        "p":0.0,
        "r":0.0,
        "f":0.0
      },
      "Foreign":{
        "p":0.0,
        "r":0.0,
        "f":0.0
      },
      "NumType":{
        "p":0.0,
        "r":0.0,
        "f":0.0
      },
      "Number[psor]":{
        "p":0.0,
        "r":0.0,
        "f":0.0
      },
      "Gender[psor]":{
        "p":0.0,
        "r":0.0,
        "f":0.0
      }
    }
  },
  "speed":1252.5448647621
}