{
  "tokenizer":{
    "token_acc":0.9987620521,
    "token_p":0.9915248185,
    "token_r":0.9938909438,
    "token_f":0.9927064712
  },
  "transformer":{

  },
  "parser":{
    "sents_p":0.1185534191,
    "sents_r":0.3003225806,
    "sents_f":0.169999087,
    "dep_uas":0.1795982075,
    "dep_las":0.0501987821,
    "dep_las_per_type":{
      "nsubj":{
        "p":0.0191011236,
        "r":0.0061773256,
        "f":0.0093355299
      },
      "case":{
        "p":0.1029411765,
        "r":0.0234549516,
        "f":0.0382049727
      },
      "obl":{
        "p":0.0276639344,
        "r":0.0401039733,
        "f":0.0327421555
      },
      "root":{
        "p":0.1713745271,
        "r":0.4383870968,
        "f":0.2464188577
      },
      "det":{
        "p":0.0588235294,
        "r":0.0015138408,
        "f":0.0029517183
      },
      "flat:name":{
        "p":0.0,
        "r":0.0,
        "f":0.0
      },
      "advcl":{
        "p":0.026083621,
        "r":0.0333333333,
        "f":0.0292661932
      },
      "cop":{
        "p":0.0,
        "r":0.0,
        "f":0.0
      },
      "acl":{
        "p":0.0,
        "r":0.0,
        "f":0.0
      },
      "advmod":{
        "p":0.0401431859,
        "r":0.0387941685,
        "f":0.03945715
      },
      "dep":{
        "p":0.0,
        "r":0.0,
        "f":0.0
      },
      "conj":{
        "p":0.01084773,
        "r":0.0128326996,
        "f":0.0117570216
      },
      "xcomp":{
        "p":0.0115979381,
        "r":0.0092975207,
        "f":0.0103211009
      },
      "acl:relcl":{
        "p":0.0,
        "r":0.0,
        "f":0.0
      },
      "nmod":{
        "p":0.023400936,
        "r":0.0196785831,
        "f":0.0213789417
      },
      "obj":{
        "p":0.0246575342,
        "r":0.0143403442,
        "f":0.018134193
      },
      "cc":{
        "p":0.1290322581,
        "r":0.0253064452,
        "f":0.0423140496
      },
      "aux":{
        "p":0.0,
        "r":0.0,
        "f":0.0
      },
      "parataxis":{
        "p":0.0003838772,
        "r":0.0196078431,
        "f":0.000753012
      },
      "mark":{
        "p":0.0053619303,
        "r":0.0029673591,
        "f":0.0038204394
      },
      "dislocated":{
        "p":0.0,
        "r":0.0,
        "f":0.0
      },
      "nsubj:pass":{
        "p":0.0,
        "r":0.0,
        "f":0.0
      },
      "vocative":{
        "p":0.0068728522,
        "r":0.0225988701,
        "f":0.0105401845
      },
      "appos":{
        "p":0.0,
        "r":0.0,
        "f":0.0
      },
      "csubj":{
        "p":0.0,
        "r":0.0,
        "f":0.0
      },
      "amod":{
        "p":0.0,
        "r":0.0,
        "f":0.0
      },
      "obl:arg":{
        "p":0.0,
        "r":0.0,
        "f":0.0
      },
      "obl:npmod":{
        "p":0.0,
        "r":0.0,
        "f":0.0
      },
      "ccomp":{
        "p":0.0185185185,
        "r":0.0102040816,
        "f":0.0131578947
      },
      "discourse":{
        "p":0.0,
        "r":0.0,
        "f":0.0
      },
      "orphan":{
        "p":0.0,
        "r":0.0,
        "f":0.0
      },
      "iobj":{
        "p":0.0,
        "r":0.0,
        "f":0.0
      },
      "obl:agent":{
        "p":0.0,
        "r":0.0,
        "f":0.0
      },
      "flat":{
        "p":0.0,
        "r":0.0,
        "f":0.0
      },
      "nummod":{
        "p":0.0,
        "r":0.0,
        "f":0.0
      },
      "fixed":{
        "p":0.0,
        "r":0.0,
        "f":0.0
      },
      "nsubj:outer":{
        "p":0.0,
        "r":0.0,
        "f":0.0
      },
      "advcl:cmp":{
        "p":0.0,
        "r":0.0,
        "f":0.0
      },
      "csubj:pass":{
        "p":0.0,
        "r":0.0,
        "f":0.0
      },
      "aux:pass":{
        "p":0.0,
        "r":0.0,
        "f":0.0
      }
    }
  },
  "trainable_lemmatizer":{
    "lemma_acc":0.1764649765
  },
  "tagger":{
    "tag_acc":0.0
  },
  "morphologizer":{
    "pos_acc":0.2546825416,
    "morph_acc":0.1388991592,
    "morph_micro_p":0.1829434336,
    "morph_micro_r":0.1235847952,
    "morph_micro_f":0.1475167678,
    "morph_per_feat":{
      "Case":{
        "p":0.0,
        "r":0.0,
        "f":0.0
      },
      "Gender":{
        "p":0.312987609,
        "r":0.0929324128,
        "f":0.1433124365
      },
      "Number":{
        "p":0.4837033187,
        "r":0.2398218361,
        "f":0.32065953
      },
      "Aspect":{
        "p":0.0,
        "r":0.0,
        "f":0.0
      },
      "Mood":{
        "p":0.0,
        "r":0.0,
        "f":0.0
      },
      "Person":{
        "p":0.1337915235,
        "r":0.178021643,
        "f":0.152769603
      },
      "Tense":{
        "p":0.0,
        "r":0.0,
        "f":0.0
      },
      "VerbForm":{
        "p":0.257004226,
        "r":0.402747118,
        "f":0.3137779476
      },
      "Voice":{
        "p":0.0,
        "r":0.0,
        "f":0.0
      },
      "Definite":{
        "p":0.0951959265,
        "r":0.4746136865,
        "f":0.1585838097
      },
      "PronType":{
        "p":0.0337861868,
        "r":0.1014957265,
        "f":0.0506964086
      },
      "Foreign":{
        "p":0.0,
        "r":0.0,
        "f":0.0
      },
      "NumType":{
        "p":0.0,
        "r":0.0,
        "f":0.0
      },
      "Gender[psor]":{
        "p":0.0,
        "r":0.0,
        "f":0.0
      },
      "Number[psor]":{
        "p":0.0,
        "r":0.0,
        "f":0.0
      },
      "Poss":{
        "p":0.0,
        "r":0.0,
        "f":0.0
      },
      "Polarity":{
        "p":0.0013708019,
        "r":0.0051020408,
        "f":0.0021609941
      },
      "Degree":{
        "p":0.0,
        "r":0.0,
        "f":0.0
      },
      "Reflex":{
        "p":0.0,
        "r":0.0,
        "f":0.0
      }
    }
  },
  "speed":2661.3135315714
}