{
  "tokenizer":{
    "token_acc":0.7739689341,
    "token_p":0.7739689341,
    "token_r":0.5540644172,
    "token_f":0.6458100559
  },
  "transformer":{

  },
  "parser":{
    "sents_p":0.026272578,
    "sents_r":0.1012658228,
    "sents_f":0.0417209909,
    "dep_uas":0.1998001998,
    "dep_las":0.0559440559,
    "dep_las_per_type":{
      "root":{
        "p":0.2,
        "r":0.5949367089,
        "f":0.2993630573
      },
      "nsubj":{
        "p":0.0,
        "r":0.0,
        "f":0.0
      },
      "obj":{
        "p":0.0,
        "r":0.0,
        "f":0.0
      },
      "mark":{
        "p":0.0,
        "r":0.0,
        "f":0.0
      },
      "ccomp":{
        "p":0.0,
        "r":0.0,
        "f":0.0
      },
      "obl":{
        "p":0.0,
        "r":0.0,
        "f":0.0
      },
      "advmod":{
        "p":0.0,
        "r":0.0,
        "f":0.0
      },
      "cc":{
        "p":0.0,
        "r":0.0,
        "f":0.0
      },
      "conj":{
        "p":0.0571428571,
        "r":0.0503144654,
        "f":0.0535117057
      },
      "dislocated":{
        "p":0.0,
        "r":0.0,
        "f":0.0
      },
      "discourse":{
        "p":0.0,
        "r":0.0,
        "f":0.0
      },
      "dep":{
        "p":0.0,
        "r":0.0,
        "f":0.0
      },
      "acl:relcl":{
        "p":0.0,
        "r":0.0,
        "f":0.0
      },
      "compound:smixut":{
        "p":0.0,
        "r":0.0,
        "f":0.0
      },
      "case":{
        "p":0.0,
        "r":0.0,
        "f":0.0
      },
      "parataxis":{
        "p":0.0,
        "r":0.0,
        "f":0.0
      },
      "xcomp":{
        "p":0.0,
        "r":0.0,
        "f":0.0
      },
      "nmod":{
        "p":0.0052356021,
        "r":0.0909090909,
        "f":0.0099009901
      },
      "advcl":{
        "p":0.0161290323,
        "r":0.023255814,
        "f":0.019047619
      },
      "appos":{
        "p":0.0,
        "r":0.0,
        "f":0.0
      },
      "acl":{
        "p":0.0,
        "r":0.0,
        "f":0.0
      },
      "nummod":{
        "p":0.0,
        "r":0.0,
        "f":0.0
      },
      "det":{
        "p":0.0,
        "r":0.0,
        "f":0.0
      },
      "obl:npmod":{
        "p":0.0,
        "r":0.0,
        "f":0.0
      },
      "cop":{
        "p":0.0,
        "r":0.0,
        "f":0.0
      },
      "vocative":{
        "p":0.0,
        "r":0.0,
        "f":0.0
      },
      "amod":{
        "p":0.0,
        "r":0.0,
        "f":0.0
      },
      "csubj":{
        "p":0.0,
        "r":0.0,
        "f":0.0
      },
      "orphan":{
        "p":0.0,
        "r":0.0,
        "f":0.0
      },
      "flat":{
        "p":0.0,
        "r":0.0,
        "f":0.0
      },
      "flat:name":{
        "p":0.0,
        "r":0.0,
        "f":0.0
      }
    }
  },
  "trainable_lemmatizer":{
    "lemma_acc":0.0064150012
  },
  "tagger":{
    "tag_acc":0.0
  },
  "morphologizer":{
    "pos_acc":0.2092277325,
    "morph_acc":0.0118430792,
    "morph_micro_p":0.2703941338,
    "morph_micro_r":0.0869821613,
    "morph_micro_f":0.1316229782,
    "morph_per_feat":{
      "Gender":{
        "p":0.595959596,
        "r":0.0760799484,
        "f":0.1349342481
      },
      "HebBinyan":{
        "p":0.0,
        "r":0.0,
        "f":0.0
      },
      "Mood":{
        "p":0.0,
        "r":0.0,
        "f":0.0
      },
      "Number":{
        "p":0.6610644258,
        "r":0.1328081035,
        "f":0.221180881
      },
      "Person":{
        "p":0.247826087,
        "r":0.0682634731,
        "f":0.1070422535
      },
      "Tense":{
        "p":0.0,
        "r":0.0,
        "f":0.0
      },
      "VerbForm":{
        "p":0.3958333333,
        "r":0.2518939394,
        "f":0.3078703704
      },
      "PronType":{
        "p":0.1120448179,
        "r":0.0653594771,
        "f":0.0825593395
      },
      "Polarity":{
        "p":0.25,
        "r":0.0384615385,
        "f":0.0666666667
      },
      "Aspect":{
        "p":0.0,
        "r":0.0,
        "f":0.0
      },
      "Definite":{
        "p":0.0,
        "r":0.0,
        "f":0.0
      },
      "Number[psor]":{
        "p":0.0,
        "r":0.0,
        "f":0.0
      },
      "Poss":{
        "p":0.0,
        "r":0.0,
        "f":0.0
      },
      "NumType":{
        "p":0.0328947368,
        "r":0.1,
        "f":0.0495049505
      },
      "Foreign":{
        "p":0.0,
        "r":0.0,
        "f":0.0
      },
      "Voice":{
        "p":0.0,
        "r":0.0,
        "f":0.0
      },
      "Gender[psor]":{
        "p":0.0,
        "r":0.0,
        "f":0.0
      }
    }
  },
  "speed":448.0785577605
}