{
  "tokenizer":{
    "token_acc":1.0,
    "token_p":0.9984293194,
    "token_r":0.999475891,
    "token_f":0.9989523311
  },
  "transformer":{

  },
  "parser":{
    "sents_p":0.1293759513,
    "sents_r":0.3148148148,
    "sents_f":0.1833872708,
    "dep_uas":0.2683952348,
    "dep_las":0.088822705,
    "dep_las_per_type":{
      "cc":{
        "p":0.3943089431,
        "r":0.1858237548,
        "f":0.2526041667
      },
      "xcomp":{
        "p":0.0185185185,
        "r":0.0046082949,
        "f":0.0073800738
      },
      "root":{
        "p":0.1870722433,
        "r":0.4555555556,
        "f":0.2652291105
      },
      "nsubj":{
        "p":0.0183150183,
        "r":0.0110864745,
        "f":0.0138121547
      },
      "nsubj:pass":{
        "p":0.0,
        "r":0.0,
        "f":0.0
      },
      "advmod":{
        "p":0.0243902439,
        "r":0.0303867403,
        "f":0.0270602706
      },
      "acl":{
        "p":0.0,
        "r":0.0,
        "f":0.0
      },
      "case":{
        "p":0.6595744681,
        "r":0.1232604374,
        "f":0.2077051926
      },
      "obl":{
        "p":0.0723684211,
        "r":0.1,
        "f":0.0839694656
      },
      "advcl":{
        "p":0.0139372822,
        "r":0.0142857143,
        "f":0.0141093474
      },
      "parataxis":{
        "p":0.0,
        "r":0.0,
        "f":0.0
      },
      "obj":{
        "p":0.059602649,
        "r":0.0248618785,
        "f":0.0350877193
      },
      "det":{
        "p":0.064516129,
        "r":0.0042918455,
        "f":0.0080482897
      },
      "amod":{
        "p":0.0,
        "r":0.0,
        "f":0.0
      },
      "appos":{
        "p":0.0,
        "r":0.0,
        "f":0.0
      },
      "dep":{
        "p":0.0,
        "r":0.0,
        "f":0.0
      },
      "conj":{
        "p":0.0356294537,
        "r":0.0439882698,
        "f":0.0393700787
      },
      "vocative":{
        "p":0.0121212121,
        "r":0.0909090909,
        "f":0.0213903743
      },
      "nmod":{
        "p":0.027027027,
        "r":0.0289256198,
        "f":0.0279441118
      },
      "acl:relcl":{
        "p":0.0,
        "r":0.0,
        "f":0.0
      },
      "obl:arg":{
        "p":0.0,
        "r":0.0,
        "f":0.0
      },
      "discourse":{
        "p":0.2222222222,
        "r":0.0135135135,
        "f":0.025477707
      },
      "mark":{
        "p":0.0,
        "r":0.0,
        "f":0.0
      },
      "flat":{
        "p":0.0,
        "r":0.0,
        "f":0.0
      },
      "dislocated":{
        "p":0.0,
        "r":0.0,
        "f":0.0
      },
      "ccomp":{
        "p":0.0,
        "r":0.0,
        "f":0.0
      },
      "orphan":{
        "p":0.0,
        "r":0.0,
        "f":0.0
      },
      "nummod":{
        "p":0.0,
        "r":0.0,
        "f":0.0
      },
      "csubj":{
        "p":0.0,
        "r":0.0,
        "f":0.0
      },
      "obl:npmod":{
        "p":0.0,
        "r":0.0,
        "f":0.0
      },
      "flat:name":{
        "p":0.0,
        "r":0.0,
        "f":0.0
      },
      "advcl:cmp":{
        "p":0.0,
        "r":0.0,
        "f":0.0
      },
      "expl:pv":{
        "p":0.0,
        "r":0.0,
        "f":0.0
      },
      "cop":{
        "p":0.0,
        "r":0.0,
        "f":0.0
      },
      "aux":{
        "p":0.0,
        "r":0.0,
        "f":0.0
      },
      "obl:agent":{
        "p":0.0,
        "r":0.0,
        "f":0.0
      },
      "csubj:pass":{
        "p":0.0,
        "r":0.0,
        "f":0.0
      },
      "nsubj:outer":{
        "p":0.0,
        "r":0.0,
        "f":0.0
      }
    }
  },
  "trainable_lemmatizer":{
    "lemma_acc":0.3437254388
  },
  "tagger":{
    "tag_acc":0.0
  },
  "morphologizer":{
    "pos_acc":0.2857641921,
    "morph_acc":0.0576469561,
    "morph_micro_p":0.17645786,
    "morph_micro_r":0.0924655593,
    "morph_micro_f":0.121345138,
    "morph_per_feat":{
      "Case":{
        "p":0.0,
        "r":0.0,
        "f":0.0
      },
      "Degree":{
        "p":0.0,
        "r":0.0,
        "f":0.0
      },
      "Gender":{
        "p":0.2459826947,
        "r":0.0702187721,
        "f":0.1092506176
      },
      "Number":{
        "p":0.5071315372,
        "r":0.167539267,
        "f":0.2518693428
      },
      "Strength":{
        "p":0.0,
        "r":0.0,
        "f":0.0
      },
      "Mood":{
        "p":0.0,
        "r":0.0,
        "f":0.0
      },
      "Person":{
        "p":0.2137049942,
        "r":0.1187096774,
        "f":0.1526337619
      },
      "Tense":{
        "p":0.0,
        "r":0.0,
        "f":0.0
      },
      "VerbForm":{
        "p":0.2664250113,
        "r":0.4537037037,
        "f":0.3357122466
      },
      "Voice":{
        "p":0.0,
        "r":0.0,
        "f":0.0
      },
      "PronType":{
        "p":0.0148090413,
        "r":0.0305466238,
        "f":0.0199475066
      },
      "Polarity":{
        "p":0.0,
        "r":0.0,
        "f":0.0
      },
      "Foreign":{
        "p":0.0,
        "r":0.0,
        "f":0.0
      },
      "Definite":{
        "p":0.0,
        "r":0.0,
        "f":0.0
      },
      "Poss":{
        "p":0.0243902439,
        "r":0.0070921986,
        "f":0.010989011
      },
      "NumType":{
        "p":0.0,
        "r":0.0,
        "f":0.0
      },
      "Aspect":{
        "p":0.0,
        "r":0.0,
        "f":0.0
      },
      "Number[psor]":{
        "p":0.0,
        "r":0.0,
        "f":0.0
      },
      "Reflex":{
        "p":0.0,
        "r":0.0,
        "f":0.0
      },
      "Gender[psor]":{
        "p":0.0,
        "r":0.0,
        "f":0.0
      }
    }
  },
  "speed":1342.9387701492
}