{
  "tokenizer":{
    "token_acc":1.0,
    "token_p":0.997476277,
    "token_r":0.9991405026,
    "token_f":0.9983076962
  },
  "transformer":{

  },
  "parser":{
    "sents_p":0.3384061981,
    "sents_r":0.5404330535,
    "sents_f":0.4161987409,
    "dep_uas":0.2296307836,
    "dep_las":0.0492603166,
    "dep_las_per_type":{
      "discourse":{
        "p":0.0,
        "r":0.0,
        "f":0.0
      },
      "case":{
        "p":0.2672064777,
        "r":0.0413793103,
        "f":0.0716612378
      },
      "root":{
        "p":0.1886061947,
        "r":0.301369863,
        "f":0.232012247
      },
      "nsubj":{
        "p":0.0187861272,
        "r":0.009122807,
        "f":0.0122815305
      },
      "det":{
        "p":0.0681818182,
        "r":0.0029469548,
        "f":0.0056497175
      },
      "cop":{
        "p":0.0082522218,
        "r":0.0994897959,
        "f":0.0152403283
      },
      "obj":{
        "p":0.0296167247,
        "r":0.0112657389,
        "f":0.0163226116
      },
      "mark":{
        "p":0.0322580645,
        "r":0.0026595745,
        "f":0.0049140049
      },
      "advcl":{
        "p":0.0046296296,
        "r":0.0091649695,
        "f":0.006151743
      },
      "amod":{
        "p":0.0,
        "r":0.0,
        "f":0.0
      },
      "obl":{
        "p":0.0294117647,
        "r":0.0006839945,
        "f":0.0013368984
      },
      "cc":{
        "p":0.1371681416,
        "r":0.0205843293,
        "f":0.0357967667
      },
      "conj":{
        "p":0.0335097002,
        "r":0.0347666972,
        "f":0.0341266278
      },
      "advmod":{
        "p":0.0176042863,
        "r":0.0352760736,
        "f":0.0234873628
      },
      "parataxis":{
        "p":0.0011560694,
        "r":0.0217391304,
        "f":0.0021953897
      },
      "expl:pv":{
        "p":0.0,
        "r":0.0,
        "f":0.0
      },
      "obl:arg":{
        "p":0.0,
        "r":0.0,
        "f":0.0
      },
      "acl":{
        "p":0.0,
        "r":0.0,
        "f":0.0
      },
      "dep":{
        "p":0.0009737098,
        "r":0.0294117647,
        "f":0.0018850141
      },
      "obl:npmod":{
        "p":0.0,
        "r":0.0,
        "f":0.0
      },
      "dislocated":{
        "p":0.0,
        "r":0.0,
        "f":0.0
      },
      "nsubj:pass":{
        "p":0.0,
        "r":0.0,
        "f":0.0
      },
      "vocative":{
        "p":0.0,
        "r":0.0,
        "f":0.0
      },
      "flat:name":{
        "p":0.0,
        "r":0.0,
        "f":0.0
      },
      "xcomp":{
        "p":0.05,
        "r":0.003164557,
        "f":0.005952381
      },
      "appos":{
        "p":0.0,
        "r":0.0,
        "f":0.0
      },
      "nmod":{
        "p":0.0,
        "r":0.0,
        "f":0.0
      },
      "aux":{
        "p":0.0,
        "r":0.0,
        "f":0.0
      },
      "orphan":{
        "p":0.0,
        "r":0.0,
        "f":0.0
      },
      "advcl:cmp":{
        "p":0.0,
        "r":0.0,
        "f":0.0
      },
      "ccomp":{
        "p":0.0,
        "r":0.0,
        "f":0.0
      },
      "fixed":{
        "p":0.0,
        "r":0.0,
        "f":0.0
      },
      "obl:agent":{
        "p":0.0,
        "r":0.0,
        "f":0.0
      },
      "csubj":{
        "p":0.0,
        "r":0.0,
        "f":0.0
      },
      "nsubj:outer":{
        "p":0.0,
        "r":0.0,
        "f":0.0
      },
      "nummod":{
        "p":0.0,
        "r":0.0,
        "f":0.0
      },
      "flat":{
        "p":0.0,
        "r":0.0,
        "f":0.0
      },
      "acl:relcl":{
        "p":0.0,
        "r":0.0,
        "f":0.0
      },
      "csubj:pass":{
        "p":0.0,
        "r":0.0,
        "f":0.0
      },
      "aux:pass":{
        "p":0.0,
        "r":0.0,
        "f":0.0
      }
    }
  },
  "trainable_lemmatizer":{
    "lemma_acc":0.2248718013
  },
  "tagger":{
    "tag_acc":0.0
  },
  "morphologizer":{
    "pos_acc":0.2378979282,
    "morph_acc":0.0973267977,
    "morph_micro_p":0.1814039981,
    "morph_micro_r":0.030066266,
    "morph_micro_f":0.0515830524,
    "morph_per_feat":{
      "Case":{
        "p":0.0,
        "r":0.0,
        "f":0.0
      },
      "Gender":{
        "p":0.2162162162,
        "r":0.0024469821,
        "f":0.0048391975
      },
      "Number":{
        "p":0.6761904762,
        "r":0.0104014064,
        "f":0.0204876641
      },
      "Person":{
        "p":0.0437956204,
        "r":0.0011098779,
        "f":0.0021648927
      },
      "PronType":{
        "p":0.04743083,
        "r":0.0048939641,
        "f":0.0088724584
      },
      "NumType":{
        "p":0.0,
        "r":0.0,
        "f":0.0
      },
      "Mood":{
        "p":0.0,
        "r":0.0,
        "f":0.0
      },
      "Tense":{
        "p":0.0,
        "r":0.0,
        "f":0.0
      },
      "VerbForm":{
        "p":0.3072362685,
        "r":0.3764957265,
        "f":0.3383581373
      },
      "Voice":{
        "p":0.0,
        "r":0.0,
        "f":0.0
      },
      "Variant":{
        "p":0.0,
        "r":0.0,
        "f":0.0
      },
      "Degree":{
        "p":0.0,
        "r":0.0,
        "f":0.0
      },
      "Reflex":{
        "p":0.0,
        "r":0.0,
        "f":0.0
      },
      "Foreign":{
        "p":0.0,
        "r":0.0,
        "f":0.0
      },
      "Poss":{
        "p":0.0,
        "r":0.0,
        "f":0.0
      },
      "Polarity":{
        "p":0.2380952381,
        "r":0.012345679,
        "f":0.0234741784
      },
      "Aspect":{
        "p":0.0,
        "r":0.0,
        "f":0.0
      },
      "Definite":{
        "p":0.0,
        "r":0.0,
        "f":0.0
      }
    }
  },
  "speed":1544.7068467312
}