{
  "tokenizer":{
    "token_acc":0.999493735,
    "token_p":0.9644981648,
    "token_r":0.983512406,
    "token_f":0.9739124878
  },
  "transformer":{

  },
  "parser":{
    "sents_p":0.272693383,
    "sents_r":0.4726978998,
    "sents_f":0.3458628842,
    "dep_uas":0.2056774672,
    "dep_las":0.0384595972,
    "dep_las_per_type":{
      "discourse":{
        "p":0.0,
        "r":0.0,
        "f":0.0
      },
      "vocative":{
        "p":0.0054744526,
        "r":0.0150753769,
        "f":0.0080321285
      },
      "root":{
        "p":0.124151843,
        "r":0.2187399031,
        "f":0.1583996256
      },
      "advmod":{
        "p":0.0183118741,
        "r":0.0399750156,
        "f":0.0251177394
      },
      "advcl":{
        "p":0.001618123,
        "r":0.0043715847,
        "f":0.0023619722
      },
      "expl:pv":{
        "p":0.0,
        "r":0.0,
        "f":0.0
      },
      "obl:arg":{
        "p":0.0,
        "r":0.0,
        "f":0.0
      },
      "cop":{
        "p":0.0018226002,
        "r":0.0279503106,
        "f":0.0034220532
      },
      "nsubj":{
        "p":0.0201298701,
        "r":0.0163588391,
        "f":0.0180494905
      },
      "csubj":{
        "p":0.0,
        "r":0.0,
        "f":0.0
      },
      "case":{
        "p":0.1043710972,
        "r":0.0348837209,
        "f":0.0522905028
      },
      "obl":{
        "p":0.0422535211,
        "r":0.0011411183,
        "f":0.0022222222
      },
      "nummod":{
        "p":0.1666666667,
        "r":0.0054347826,
        "f":0.0105263158
      },
      "conj":{
        "p":0.0344160866,
        "r":0.0379530917,
        "f":0.0360981545
      },
      "appos":{
        "p":0.0085287846,
        "r":0.0056338028,
        "f":0.0067854114
      },
      "obl:agent":{
        "p":0.0,
        "r":0.0,
        "f":0.0
      },
      "flat":{
        "p":0.0,
        "r":0.0,
        "f":0.0
      },
      "parataxis":{
        "p":0.0,
        "r":0.0,
        "f":0.0
      },
      "cc":{
        "p":0.25,
        "r":0.026982012,
        "f":0.0487071557
      },
      "obj":{
        "p":0.0295126973,
        "r":0.0257793765,
        "f":0.02752
      },
      "nmod":{
        "p":0.0090909091,
        "r":0.0010570825,
        "f":0.0018939394
      },
      "dislocated":{
        "p":0.0,
        "r":0.0,
        "f":0.0
      },
      "det":{
        "p":0.0673076923,
        "r":0.0054432348,
        "f":0.0100719424
      },
      "mark":{
        "p":0.0153846154,
        "r":0.00625,
        "f":0.0088888889
      },
      "amod":{
        "p":0.0,
        "r":0.0,
        "f":0.0
      },
      "ccomp":{
        "p":0.0,
        "r":0.0,
        "f":0.0
      },
      "expl":{
        "p":0.0,
        "r":0.0,
        "f":0.0
      },
      "dep":{
        "p":0.0041695622,
        "r":0.0397350993,
        "f":0.0075471698
      },
      "nsubj:pass":{
        "p":0.0,
        "r":0.0,
        "f":0.0
      },
      "xcomp":{
        "p":0.0096153846,
        "r":0.0028735632,
        "f":0.0044247788
      },
      "aux":{
        "p":0.0,
        "r":0.0,
        "f":0.0
      },
      "acl":{
        "p":0.0,
        "r":0.0,
        "f":0.0
      },
      "aux:pass":{
        "p":0.0,
        "r":0.0,
        "f":0.0
      },
      "iobj":{
        "p":0.0,
        "r":0.0,
        "f":0.0
      },
      "flat:name":{
        "p":0.0,
        "r":0.0,
        "f":0.0
      },
      "fixed":{
        "p":0.0,
        "r":0.0,
        "f":0.0
      },
      "nummod:gov":{
        "p":0.0,
        "r":0.0,
        "f":0.0
      },
      "orphan":{
        "p":0.0,
        "r":0.0,
        "f":0.0
      },
      "list":{
        "p":0.0,
        "r":0.0,
        "f":0.0
      },
      "advcl:cmp":{
        "p":0.0,
        "r":0.0,
        "f":0.0
      },
      "acl:relcl":{
        "p":0.0,
        "r":0.0,
        "f":0.0
      },
      "obl:npmod":{
        "p":0.0,
        "r":0.0,
        "f":0.0
      },
      "nsubj:outer":{
        "p":0.0,
        "r":0.0,
        "f":0.0
      },
      "compound":{
        "p":0.0,
        "r":0.0,
        "f":0.0
      },
      "csubj:pass":{
        "p":0.0,
        "r":0.0,
        "f":0.0
      },
      "reparandum":{
        "p":0.0,
        "r":0.0,
        "f":0.0
      },
      "goeswith":{
        "p":0.0,
        "r":0.0,
        "f":0.0
      }
    }
  },
  "trainable_lemmatizer":{
    "lemma_acc":0.2991443423
  },
  "tagger":{
    "tag_acc":0.0252377058
  },
  "morphologizer":{
    "pos_acc":0.238231945,
    "morph_acc":0.1314382077,
    "morph_micro_p":0.127559754,
    "morph_micro_r":0.023667247,
    "morph_micro_f":0.0399265764,
    "morph_per_feat":{
      "Case":{
        "p":0.0,
        "r":0.0,
        "f":0.0
      },
      "Gender":{
        "p":0.2307692308,
        "r":0.0017423851,
        "f":0.0034586562
      },
      "Number":{
        "p":0.6732283465,
        "r":0.0089603857,
        "f":0.0176853863
      },
      "Mood":{
        "p":0.0,
        "r":0.0,
        "f":0.0
      },
      "Person":{
        "p":0.0722222222,
        "r":0.0024947227,
        "f":0.0048228529
      },
      "Tense":{
        "p":0.0,
        "r":0.0,
        "f":0.0
      },
      "VerbForm":{
        "p":0.2099381835,
        "r":0.347159426,
        "f":0.261649011
      },
      "Voice":{
        "p":0.0,
        "r":0.0,
        "f":0.0
      },
      "PronType":{
        "p":0.067833698,
        "r":0.0127624537,
        "f":0.0214830215
      },
      "Variant":{
        "p":0.0,
        "r":0.0,
        "f":0.0
      },
      "Reflex":{
        "p":0.0,
        "r":0.0,
        "f":0.0
      },
      "Aspect":{
        "p":0.0,
        "r":0.0,
        "f":0.0
      },
      "Foreign":{
        "p":0.0,
        "r":0.0,
        "f":0.0
      },
      "NumType":{
        "p":0.0034662045,
        "r":0.0088495575,
        "f":0.00498132
      },
      "Degree":{
        "p":0.0,
        "r":0.0,
        "f":0.0
      },
      "Definite":{
        "p":0.0,
        "r":0.0,
        "f":0.0
      },
      "Clitic":{
        "p":0.0,
        "r":0.0,
        "f":0.0
      },
      "Polarity":{
        "p":0.0476190476,
        "r":0.004784689,
        "f":0.0086956522
      },
      "Poss":{
        "p":0.0,
        "r":0.0,
        "f":0.0
      },
      "Analyt":{
        "p":0.0,
        "r":0.0,
        "f":0.0
      },
      "Animacy":{
        "p":0.0,
        "r":0.0,
        "f":0.0
      },
      "NumForm":{
        "p":0.0,
        "r":0.0,
        "f":0.0
      },
      "NameType":{
        "p":0.0,
        "r":0.0,
        "f":0.0
      },
      "Abbr":{
        "p":0.0,
        "r":0.0,
        "f":0.0
      },
      "Typo":{
        "p":0.0,
        "r":0.0,
        "f":0.0
      }
    }
  },
  "speed":2023.0835900131
}