{
  "tokenizer":{
    "token_acc":0.9987620521,
    "token_p":0.9915248185,
    "token_r":0.9938909438,
    "token_f":0.9927064712
  },
  "transformer":{

  },
  "parser":{
    "sents_p":0.2727766709,
    "sents_r":0.4858064516,
    "sents_f":0.3493794223,
    "dep_uas":0.1549700173,
    "dep_las":0.0318294975,
    "dep_las_per_type":{
      "nsubj":{
        "p":0.0123076923,
        "r":0.0072674419,
        "f":0.0091386795
      },
      "case":{
        "p":0.02417962,
        "r":0.0052122115,
        "f":0.008575804
      },
      "obl":{
        "p":0.0227272727,
        "r":0.0003713331,
        "f":0.0007307271
      },
      "root":{
        "p":0.1181736795,
        "r":0.2129032258,
        "f":0.1519861831
      },
      "det":{
        "p":0.0324074074,
        "r":0.0015138408,
        "f":0.002892562
      },
      "flat:name":{
        "p":0.0,
        "r":0.0,
        "f":0.0
      },
      "advcl":{
        "p":0.0098287888,
        "r":0.0151960784,
        "f":0.0119368502
      },
      "cop":{
        "p":0.0002271437,
        "r":0.0039447732,
        "f":0.0004295533
      },
      "acl":{
        "p":0.0,
        "r":0.0,
        "f":0.0
      },
      "advmod":{
        "p":0.0386266094,
        "r":0.0600444774,
        "f":0.0470110273
      },
      "nmod":{
        "p":0.027027027,
        "r":0.0009839292,
        "f":0.0018987342
      },
      "obj":{
        "p":0.0232067511,
        "r":0.0140216699,
        "f":0.0174811283
      },
      "cc":{
        "p":0.2213247173,
        "r":0.0541716093,
        "f":0.0870393901
      },
      "conj":{
        "p":0.033721397,
        "r":0.0399239544,
        "f":0.0365614799
      },
      "xcomp":{
        "p":0.0,
        "r":0.0,
        "f":0.0
      },
      "appos":{
        "p":0.0030181087,
        "r":0.012295082,
        "f":0.0048465267
      },
      "parataxis":{
        "p":0.0003649635,
        "r":0.0196078431,
        "f":0.000716589
      },
      "dislocated":{
        "p":0.0,
        "r":0.0,
        "f":0.0
      },
      "mark":{
        "p":0.0125786164,
        "r":0.0029673591,
        "f":0.0048019208
      },
      "vocative":{
        "p":0.0023923445,
        "r":0.0056497175,
        "f":0.0033613445
      },
      "nsubj:pass":{
        "p":0.0,
        "r":0.0,
        "f":0.0
      },
      "dep":{
        "p":0.0,
        "r":0.0,
        "f":0.0
      },
      "csubj":{
        "p":0.0,
        "r":0.0,
        "f":0.0
      },
      "amod":{
        "p":0.0,
        "r":0.0,
        "f":0.0
      },
      "fixed":{
        "p":0.0,
        "r":0.0,
        "f":0.0
      },
      "obl:arg":{
        "p":0.0,
        "r":0.0,
        "f":0.0
      },
      "acl:relcl":{
        "p":0.0,
        "r":0.0,
        "f":0.0
      },
      "discourse":{
        "p":0.0,
        "r":0.0,
        "f":0.0
      },
      "ccomp":{
        "p":0.0,
        "r":0.0,
        "f":0.0
      },
      "orphan":{
        "p":0.0,
        "r":0.0,
        "f":0.0
      },
      "iobj":{
        "p":0.0,
        "r":0.0,
        "f":0.0
      },
      "obl:agent":{
        "p":0.0,
        "r":0.0,
        "f":0.0
      },
      "flat":{
        "p":0.0,
        "r":0.0,
        "f":0.0
      },
      "nummod":{
        "p":0.0,
        "r":0.0,
        "f":0.0
      },
      "obl:npmod":{
        "p":0.0,
        "r":0.0,
        "f":0.0
      },
      "nsubj:outer":{
        "p":0.0,
        "r":0.0,
        "f":0.0
      },
      "advcl:cmp":{
        "p":0.0,
        "r":0.0,
        "f":0.0
      },
      "aux":{
        "p":0.0,
        "r":0.0,
        "f":0.0
      },
      "csubj:pass":{
        "p":0.0,
        "r":0.0,
        "f":0.0
      },
      "aux:pass":{
        "p":0.0,
        "r":0.0,
        "f":0.0
      }
    }
  },
  "trainable_lemmatizer":{
    "lemma_acc":0.2122635884
  },
  "tagger":{
    "tag_acc":0.0
  },
  "morphologizer":{
    "pos_acc":0.2983077529,
    "morph_acc":0.1451233632,
    "morph_micro_p":0.1482132,
    "morph_micro_r":0.0366908039,
    "morph_micro_f":0.0588203753,
    "morph_per_feat":{
      "Case":{
        "p":0.0,
        "r":0.0,
        "f":0.0
      },
      "Gender":{
        "p":0.1290322581,
        "r":0.0030886628,
        "f":0.0060329149
      },
      "Number":{
        "p":0.764354067,
        "r":0.0235220496,
        "f":0.0456395972
      },
      "Aspect":{
        "p":0.0,
        "r":0.0,
        "f":0.0
      },
      "Mood":{
        "p":0.0,
        "r":0.0,
        "f":0.0
      },
      "Person":{
        "p":0.0556792873,
        "r":0.0038103948,
        "f":0.0071326676
      },
      "Tense":{
        "p":0.0,
        "r":0.0,
        "f":0.0
      },
      "VerbForm":{
        "p":0.234527927,
        "r":0.390851116,
        "f":0.293151819
      },
      "Voice":{
        "p":0.0,
        "r":0.0,
        "f":0.0
      },
      "Definite":{
        "p":0.4265129683,
        "r":0.1089036056,
        "f":0.1735052755
      },
      "PronType":{
        "p":0.147485081,
        "r":0.036965812,
        "f":0.0591149838
      },
      "Foreign":{
        "p":0.0,
        "r":0.0,
        "f":0.0
      },
      "NumType":{
        "p":0.0,
        "r":0.0,
        "f":0.0
      },
      "Degree":{
        "p":0.0,
        "r":0.0,
        "f":0.0
      },
      "Polarity":{
        "p":0.0,
        "r":0.0,
        "f":0.0
      },
      "Poss":{
        "p":0.0,
        "r":0.0,
        "f":0.0
      },
      "Reflex":{
        "p":0.0,
        "r":0.0,
        "f":0.0
      },
      "Gender[psor]":{
        "p":0.0,
        "r":0.0,
        "f":0.0
      },
      "Number[psor]":{
        "p":0.0,
        "r":0.0,
        "f":0.0
      }
    }
  },
  "speed":2717.4427750886
}