{
  "tokenizer":{
    "token_acc":1.0,
    "token_p":1.0,
    "token_r":1.0,
    "token_f":1.0
  },
  "transformer":{

  },
  "parser":{
    "sents_p":0.8908296943,
    "sents_r":0.9444444444,
    "sents_f":0.9168539326,
    "dep_uas":0.7879180151,
    "dep_las":0.6998921251,
    "dep_las_per_type":{
      "cc":{
        "p":0.8604651163,
        "r":0.8604651163,
        "f":0.8604651163
      },
      "root":{
        "p":0.8034934498,
        "r":0.8518518519,
        "f":0.8269662921
      },
      "acl:relcl":{
        "p":0.6913580247,
        "r":0.6829268293,
        "f":0.6871165644
      },
      "obl":{
        "p":0.7661469933,
        "r":0.7962962963,
        "f":0.7809307605
      },
      "dislocated":{
        "p":0.7375,
        "r":0.7375,
        "f":0.7375
      },
      "advmod":{
        "p":0.7817460317,
        "r":0.788,
        "f":0.7848605578
      },
      "advcl":{
        "p":0.5909090909,
        "r":0.5,
        "f":0.5416666667
      },
      "obj":{
        "p":0.6549295775,
        "r":0.762295082,
        "f":0.7045454545
      },
      "nmod":{
        "p":0.7365591398,
        "r":0.7527472527,
        "f":0.7445652174
      },
      "ccomp":{
        "p":0.6049382716,
        "r":0.5764705882,
        "f":0.5903614458
      },
      "aux":{
        "p":0.8947368421,
        "r":0.4857142857,
        "f":0.6296296296
      },
      "parataxis":{
        "p":0.45,
        "r":0.5,
        "f":0.4736842105
      },
      "mark":{
        "p":0.7368421053,
        "r":0.6913580247,
        "f":0.7133757962
      },
      "vocative":{
        "p":0.4375,
        "r":0.5833333333,
        "f":0.5
      },
      "cop":{
        "p":0.76,
        "r":0.7450980392,
        "f":0.7524752475
      },
      "nsubj":{
        "p":0.6206896552,
        "r":0.4390243902,
        "f":0.5142857143
      },
      "dep":{
        "p":0.0,
        "r":0.0,
        "f":0.0
      },
      "case":{
        "p":0.7727272727,
        "r":0.6538461538,
        "f":0.7083333333
      },
      "appos":{
        "p":0.4242424242,
        "r":0.3783783784,
        "f":0.4
      },
      "conj":{
        "p":0.4307692308,
        "r":0.4087591241,
        "f":0.4194756554
      },
      "xcomp":{
        "p":0.6304347826,
        "r":0.6904761905,
        "f":0.6590909091
      },
      "csubj":{
        "p":0.5,
        "r":0.1666666667,
        "f":0.25
      },
      "reparandum":{
        "p":0.0,
        "r":0.0,
        "f":0.0
      },
      "det":{
        "p":1.0,
        "r":0.8125,
        "f":0.8965517241
      },
      "discourse":{
        "p":1.0,
        "r":1.0,
        "f":1.0
      },
      "amod":{
        "p":0.0,
        "r":0.0,
        "f":0.0
      },
      "fixed":{
        "p":0.0,
        "r":0.0,
        "f":0.0
      },
      "orphan":{
        "p":0.0,
        "r":0.0,
        "f":0.0
      },
      "flat":{
        "p":1.0,
        "r":1.0,
        "f":1.0
      },
      "nummod":{
        "p":0.0,
        "r":0.0,
        "f":0.0
      },
      "iobj":{
        "p":0.0,
        "r":0.0,
        "f":0.0
      },
      "obl:npmod":{
        "p":0.6666666667,
        "r":0.2222222222,
        "f":0.3333333333
      },
      "acl":{
        "p":0.0,
        "r":0.0,
        "f":0.0
      }
    }
  },
  "trainable_lemmatizer":{
    "lemma_acc":0.7759789157
  },
  "tagger":{
    "tag_acc":0.797063253
  },
  "morphologizer":{
    "pos_acc":0.9243222892,
    "morph_acc":0.8463855422,
    "morph_micro_p":0.910214704,
    "morph_micro_r":0.9025806452,
    "morph_micro_f":0.9063816003,
    "morph_per_feat":{
      "Foreign":{
        "p":0.9307535642,
        "r":0.9520833333,
        "f":0.9412976313
      },
      "Definite":{
        "p":0.9615921788,
        "r":0.9542619543,
        "f":0.9579130435
      },
      "Gender":{
        "p":0.9096989967,
        "r":0.9107142857,
        "f":0.9102063581
      },
      "Number":{
        "p":0.9125946318,
        "r":0.9113402062,
        "f":0.9119669876
      },
      "Person":{
        "p":0.8797250859,
        "r":0.8777142857,
        "f":0.8787185355
      },
      "PronType":{
        "p":0.9038199181,
        "r":0.8958755916,
        "f":0.8998302207
      },
      "VerbForm":{
        "p":0.9147640791,
        "r":0.9189602446,
        "f":0.9168573608
      },
      "Number[psor]":{
        "p":0.7652173913,
        "r":0.7213114754,
        "f":0.7426160338
      },
      "Poss":{
        "p":0.8201438849,
        "r":0.674556213,
        "f":0.7402597403
      },
      "Polarity":{
        "p":0.78125,
        "r":0.7211538462,
        "f":0.75
      },
      "Gender[psor]":{
        "p":0.7543859649,
        "r":0.7543859649,
        "f":0.7543859649
      },
      "NumType":{
        "p":0.5,
        "r":0.2666666667,
        "f":0.347826087
      },
      "Reflex":{
        "p":1.0,
        "r":1.0,
        "f":1.0
      }
    }
  },
  "speed":725.9983758823
}