{
  "tokenizer":{
    "token_acc":0.999493735,
    "token_p":0.9644981648,
    "token_r":0.983512406,
    "token_f":0.9739124878
  },
  "transformer":{

  },
  "parser":{
    "sents_p":0.1445307179,
    "sents_r":0.3428109855,
    "sents_f":0.203334611,
    "dep_uas":0.252055714,
    "dep_las":0.0783296806,
    "dep_las_per_type":{
      "discourse":{
        "p":0.0,
        "r":0.0,
        "f":0.0
      },
      "vocative":{
        "p":0.0,
        "r":0.0,
        "f":0.0
      },
      "root":{
        "p":0.2168189146,
        "r":0.5214862682,
        "f":0.3062909194
      },
      "advmod":{
        "p":0.0197024528,
        "r":0.0306058713,
        "f":0.0239726027
      },
      "advcl":{
        "p":0.0150862069,
        "r":0.0153005464,
        "f":0.0151926207
      },
      "expl:pv":{
        "p":0.0,
        "r":0.0,
        "f":0.0
      },
      "obl:arg":{
        "p":0.0,
        "r":0.0,
        "f":0.0
      },
      "conj":{
        "p":0.0376729882,
        "r":0.0626865672,
        "f":0.04706259
      },
      "ccomp":{
        "p":0.0,
        "r":0.0,
        "f":0.0
      },
      "dislocated":{
        "p":0.0,
        "r":0.0,
        "f":0.0
      },
      "parataxis":{
        "p":0.0,
        "r":0.0,
        "f":0.0
      },
      "dep":{
        "p":0.0043668122,
        "r":0.0662251656,
        "f":0.0081933634
      },
      "case":{
        "p":0.0231958763,
        "r":0.0026833631,
        "f":0.0048102619
      },
      "obl":{
        "p":0.0465465465,
        "r":0.0353746672,
        "f":0.0401988329
      },
      "nummod":{
        "p":0.0,
        "r":0.0,
        "f":0.0
      },
      "nsubj":{
        "p":0.0319361277,
        "r":0.0084432718,
        "f":0.0133555927
      },
      "appos":{
        "p":0.0137614679,
        "r":0.0084507042,
        "f":0.0104712042
      },
      "obl:agent":{
        "p":0.0,
        "r":0.0,
        "f":0.0
      },
      "acl:relcl":{
        "p":0.0,
        "r":0.0,
        "f":0.0
      },
      "nmod":{
        "p":0.0149122807,
        "r":0.0359408034,
        "f":0.0210787353
      },
      "cc":{
        "p":0.2495881384,
        "r":0.1009327115,
        "f":0.1437381404
      },
      "obj":{
        "p":0.030214425,
        "r":0.0185851319,
        "f":0.0230141054
      },
      "det":{
        "p":0.0785714286,
        "r":0.0085536547,
        "f":0.01542777
      },
      "amod":{
        "p":0.0,
        "r":0.0,
        "f":0.0
      },
      "xcomp":{
        "p":0.0104712042,
        "r":0.0057471264,
        "f":0.0074211503
      },
      "expl":{
        "p":0.0,
        "r":0.0,
        "f":0.0
      },
      "cop":{
        "p":0.0,
        "r":0.0,
        "f":0.0
      },
      "nsubj:pass":{
        "p":0.0,
        "r":0.0,
        "f":0.0
      },
      "obl:npmod":{
        "p":0.0,
        "r":0.0,
        "f":0.0
      },
      "aux":{
        "p":0.0,
        "r":0.0,
        "f":0.0
      },
      "acl":{
        "p":0.0,
        "r":0.0,
        "f":0.0
      },
      "mark":{
        "p":0.0151515152,
        "r":0.00625,
        "f":0.0088495575
      },
      "aux:pass":{
        "p":0.0,
        "r":0.0,
        "f":0.0
      },
      "iobj":{
        "p":0.0,
        "r":0.0,
        "f":0.0
      },
      "flat:name":{
        "p":0.0,
        "r":0.0,
        "f":0.0
      },
      "flat":{
        "p":0.0,
        "r":0.0,
        "f":0.0
      },
      "fixed":{
        "p":0.0,
        "r":0.0,
        "f":0.0
      },
      "nummod:gov":{
        "p":0.0,
        "r":0.0,
        "f":0.0
      },
      "orphan":{
        "p":0.0,
        "r":0.0,
        "f":0.0
      },
      "list":{
        "p":0.0,
        "r":0.0,
        "f":0.0
      },
      "csubj":{
        "p":0.0,
        "r":0.0,
        "f":0.0
      },
      "advcl:cmp":{
        "p":0.0,
        "r":0.0,
        "f":0.0
      },
      "nsubj:outer":{
        "p":0.0,
        "r":0.0,
        "f":0.0
      },
      "compound":{
        "p":0.0,
        "r":0.0,
        "f":0.0
      },
      "csubj:pass":{
        "p":0.0,
        "r":0.0,
        "f":0.0
      },
      "reparandum":{
        "p":0.0,
        "r":0.0,
        "f":0.0
      },
      "goeswith":{
        "p":0.0,
        "r":0.0,
        "f":0.0
      }
    }
  },
  "trainable_lemmatizer":{
    "lemma_acc":0.2720191923
  },
  "tagger":{
    "tag_acc":0.0127749496
  },
  "morphologizer":{
    "pos_acc":0.2316056193,
    "morph_acc":0.1417118302,
    "morph_micro_p":0.1920159525,
    "morph_micro_r":0.1155366301,
    "morph_micro_f":0.1442672072,
    "morph_per_feat":{
      "Case":{
        "p":0.0,
        "r":0.0,
        "f":0.0
      },
      "Gender":{
        "p":0.3054924242,
        "r":0.1040913784,
        "f":0.1552753177
      },
      "Number":{
        "p":0.5411101581,
        "r":0.2313980298,
        "f":0.3241695724
      },
      "Mood":{
        "p":0.0,
        "r":0.0,
        "f":0.0
      },
      "Person":{
        "p":0.2015065913,
        "r":0.2053348685,
        "f":0.2034027184
      },
      "Tense":{
        "p":0.0,
        "r":0.0,
        "f":0.0
      },
      "VerbForm":{
        "p":0.192358741,
        "r":0.3988598388,
        "f":0.2595458906
      },
      "Voice":{
        "p":0.0,
        "r":0.0,
        "f":0.0
      },
      "PronType":{
        "p":0.0811036789,
        "r":0.2795389049,
        "f":0.1257290992
      },
      "Variant":{
        "p":0.0,
        "r":0.0,
        "f":0.0
      },
      "Reflex":{
        "p":0.0,
        "r":0.0,
        "f":0.0
      },
      "Aspect":{
        "p":0.0,
        "r":0.0,
        "f":0.0
      },
      "Foreign":{
        "p":0.0,
        "r":0.0,
        "f":0.0
      },
      "Definite":{
        "p":0.0,
        "r":0.0,
        "f":0.0
      },
      "Degree":{
        "p":0.0,
        "r":0.0,
        "f":0.0
      },
      "NumType":{
        "p":0.0113924051,
        "r":0.0398230088,
        "f":0.0177165354
      },
      "Clitic":{
        "p":0.0,
        "r":0.0,
        "f":0.0
      },
      "Polarity":{
        "p":0.0,
        "r":0.0,
        "f":0.0
      },
      "Poss":{
        "p":0.0179640719,
        "r":0.0114942529,
        "f":0.0140186916
      },
      "Number[psor]":{
        "p":0.0,
        "r":0.0,
        "f":0.0
      },
      "Analyt":{
        "p":0.0,
        "r":0.0,
        "f":0.0
      },
      "Gender[psor]":{
        "p":0.0,
        "r":0.0,
        "f":0.0
      },
      "Animacy":{
        "p":0.0,
        "r":0.0,
        "f":0.0
      },
      "NumForm":{
        "p":0.0,
        "r":0.0,
        "f":0.0
      },
      "NameType":{
        "p":0.0,
        "r":0.0,
        "f":0.0
      },
      "Abbr":{
        "p":0.0,
        "r":0.0,
        "f":0.0
      },
      "Typo":{
        "p":0.0,
        "r":0.0,
        "f":0.0
      }
    }
  },
  "speed":1929.9710784405
}