{
  "tokenizer":{
    "token_acc":0.9980617189,
    "token_p":0.9978236844,
    "token_r":0.9960116765,
    "token_f":0.9969168571
  },
  "transformer":{

  },
  "parser":{
    "sents_p":0.1066011845,
    "sents_r":0.2705278592,
    "sents_f":0.1529375194,
    "dep_uas":0.1854065743,
    "dep_las":0.0293101169,
    "dep_las_per_type":{
      "root":{
        "p":0.0743311641,
        "r":0.18834738,
        "f":0.106594774
      },
      "nsubj":{
        "p":0.0512528474,
        "r":0.0150703282,
        "f":0.0232919255
      },
      "advmod":{
        "p":0.0374549154,
        "r":0.097496389,
        "f":0.0541190619
      },
      "mark":{
        "p":0.0269230769,
        "r":0.0022414345,
        "f":0.0041383388
      },
      "acl":{
        "p":0.0,
        "r":0.0,
        "f":0.0
      },
      "compound:prt":{
        "p":0.0,
        "r":0.0,
        "f":0.0
      },
      "obj":{
        "p":0.0181370354,
        "r":0.0286320255,
        "f":0.0222069911
      },
      "cop":{
        "p":0.0021191429,
        "r":0.0162846803,
        "f":0.0037502604
      },
      "advcl":{
        "p":0.0030864198,
        "r":0.0138169257,
        "f":0.0050457269
      },
      "cc":{
        "p":0.0401785714,
        "r":0.010253489,
        "f":0.0163376447
      },
      "conj":{
        "p":0.0509110397,
        "r":0.031425736,
        "f":0.0388627531
      },
      "case":{
        "p":0.2195121951,
        "r":0.0549674267,
        "f":0.0879192445
      },
      "amod":{
        "p":0.0,
        "r":0.0,
        "f":0.0
      },
      "obl":{
        "p":0.0,
        "r":0.0,
        "f":0.0
      },
      "nmod:poss":{
        "p":0.0,
        "r":0.0,
        "f":0.0
      },
      "parataxis":{
        "p":0.000422833,
        "r":0.0080645161,
        "f":0.0008035356
      },
      "aux":{
        "p":0.0,
        "r":0.0,
        "f":0.0
      },
      "iobj":{
        "p":0.0,
        "r":0.0,
        "f":0.0
      },
      "det":{
        "p":0.0,
        "r":0.0,
        "f":0.0
      },
      "acl:relcl":{
        "p":0.0,
        "r":0.0,
        "f":0.0
      },
      "xcomp":{
        "p":0.0,
        "r":0.0,
        "f":0.0
      },
      "appos":{
        "p":0.0207792208,
        "r":0.0125195618,
        "f":0.015625
      },
      "fixed":{
        "p":0.0,
        "r":0.0,
        "f":0.0
      },
      "csubj":{
        "p":0.0,
        "r":0.0,
        "f":0.0
      },
      "ccomp":{
        "p":0.0,
        "r":0.0,
        "f":0.0
      },
      "expl":{
        "p":0.0,
        "r":0.0,
        "f":0.0
      },
      "nmod":{
        "p":0.0,
        "r":0.0,
        "f":0.0
      },
      "flat":{
        "p":0.0,
        "r":0.0,
        "f":0.0
      },
      "dep":{
        "p":0.0016835017,
        "r":0.0047169811,
        "f":0.0024813896
      },
      "vocative":{
        "p":0.0,
        "r":0.0,
        "f":0.0
      },
      "dislocated":{
        "p":0.0,
        "r":0.0,
        "f":0.0
      },
      "obl:npmod":{
        "p":0.0,
        "r":0.0,
        "f":0.0
      },
      "flat:name":{
        "p":0.0,
        "r":0.0,
        "f":0.0
      },
      "nummod":{
        "p":0.3333333333,
        "r":0.0051020408,
        "f":0.0100502513
      },
      "flat:foreign":{
        "p":0.0,
        "r":0.0,
        "f":0.0
      },
      "discourse":{
        "p":0.0,
        "r":0.0,
        "f":0.0
      }
    }
  },
  "trainable_lemmatizer":{
    "lemma_acc":0.5203574131
  },
  "tagger":{
    "tag_acc":0.0121919078
  },
  "morphologizer":{
    "pos_acc":0.2649787021,
    "morph_acc":0.2755237383,
    "morph_micro_p":0.1333490122,
    "morph_micro_r":0.0259945247,
    "morph_micro_f":0.0435078104,
    "morph_per_feat":{
      "Mood":{
        "p":0.0,
        "r":0.0,
        "f":0.0
      },
      "Number":{
        "p":0.6607669617,
        "r":0.0069373471,
        "f":0.0137305382
      },
      "Person":{
        "p":0.0967741935,
        "r":0.0018672199,
        "f":0.0036637492
      },
      "Tense":{
        "p":0.0,
        "r":0.0,
        "f":0.0
      },
      "VerbForm":{
        "p":0.27680798,
        "r":0.3258522727,
        "f":0.2993345222
      },
      "Voice":{
        "p":0.0,
        "r":0.0,
        "f":0.0
      },
      "Case":{
        "p":0.0,
        "r":0.0,
        "f":0.0
      },
      "Gender":{
        "p":0.257918552,
        "r":0.0025213429,
        "f":0.0049938672
      },
      "PronType":{
        "p":0.0296495957,
        "r":0.0035795639,
        "f":0.006387921
      },
      "Definite":{
        "p":0.0178571429,
        "r":0.0002826056,
        "f":0.0005564056
      },
      "Foreign":{
        "p":0.0124848973,
        "r":0.6739130435,
        "f":0.0245156188
      },
      "Degree":{
        "p":0.0,
        "r":0.0,
        "f":0.0
      },
      "NumType":{
        "p":0.0207612457,
        "r":0.0175438596,
        "f":0.0190174326
      },
      "Polarity":{
        "p":0.0,
        "r":0.0,
        "f":0.0
      }
    }
  },
  "speed":4128.1977360007
}