{
  "tokenizer":{
    "token_acc":1.0,
    "token_p":0.997476277,
    "token_r":0.9991405026,
    "token_f":0.9983076962
  },
  "transformer":{

  },
  "parser":{
    "sents_p":0.1786955633,
    "sents_r":0.3862129916,
    "sents_f":0.2443388314,
    "dep_uas":0.2882254038,
    "dep_las":0.0861726509,
    "dep_las_per_type":{
      "discourse":{
        "p":0.0476190476,
        "r":0.002962963,
        "f":0.0055788006
      },
      "case":{
        "p":0.0212765957,
        "r":0.0018808777,
        "f":0.0034562212
      },
      "root":{
        "p":0.257458112,
        "r":0.5567830314,
        "f":0.3521028364
      },
      "nsubj":{
        "p":0.0500963391,
        "r":0.018245614,
        "f":0.0267489712
      },
      "det":{
        "p":0.1791044776,
        "r":0.0117878193,
        "f":0.0221198157
      },
      "obj":{
        "p":0.0420499343,
        "r":0.0212060968,
        "f":0.0281938326
      },
      "conj":{
        "p":0.0225678561,
        "r":0.0677035682,
        "f":0.0338517841
      },
      "mark":{
        "p":0.027027027,
        "r":0.0026595745,
        "f":0.004842615
      },
      "advcl":{
        "p":0.0295857988,
        "r":0.0203665988,
        "f":0.0241254524
      },
      "amod":{
        "p":0.0,
        "r":0.0,
        "f":0.0
      },
      "obl":{
        "p":0.0392927308,
        "r":0.0273597811,
        "f":0.0322580645
      },
      "aux":{
        "p":0.0,
        "r":0.0,
        "f":0.0
      },
      "dislocated":{
        "p":0.0,
        "r":0.0,
        "f":0.0
      },
      "parataxis":{
        "p":0.0,
        "r":0.0,
        "f":0.0
      },
      "cc":{
        "p":0.1904191617,
        "r":0.1055776892,
        "f":0.1358393849
      },
      "advmod":{
        "p":0.0284920083,
        "r":0.0314417178,
        "f":0.0298942763
      },
      "expl:pv":{
        "p":0.0,
        "r":0.0,
        "f":0.0
      },
      "obl:arg":{
        "p":0.0,
        "r":0.0,
        "f":0.0
      },
      "acl":{
        "p":0.0,
        "r":0.0,
        "f":0.0
      },
      "dep":{
        "p":0.0006849315,
        "r":0.0294117647,
        "f":0.0013386881
      },
      "acl:relcl":{
        "p":0.0,
        "r":0.0,
        "f":0.0
      },
      "nmod":{
        "p":0.011707989,
        "r":0.0364806867,
        "f":0.0177267987
      },
      "appos":{
        "p":0.0,
        "r":0.0,
        "f":0.0
      },
      "nsubj:pass":{
        "p":0.0,
        "r":0.0,
        "f":0.0
      },
      "cop":{
        "p":0.0606060606,
        "r":0.0051020408,
        "f":0.0094117647
      },
      "vocative":{
        "p":0.0082644628,
        "r":0.012195122,
        "f":0.0098522167
      },
      "flat:name":{
        "p":0.0,
        "r":0.0,
        "f":0.0
      },
      "ccomp":{
        "p":0.0,
        "r":0.0,
        "f":0.0
      },
      "xcomp":{
        "p":0.0,
        "r":0.0,
        "f":0.0
      },
      "obl:npmod":{
        "p":0.0,
        "r":0.0,
        "f":0.0
      },
      "orphan":{
        "p":0.0,
        "r":0.0,
        "f":0.0
      },
      "advcl:cmp":{
        "p":0.0,
        "r":0.0,
        "f":0.0
      },
      "obl:agent":{
        "p":0.0,
        "r":0.0,
        "f":0.0
      },
      "csubj":{
        "p":0.0,
        "r":0.0,
        "f":0.0
      },
      "nsubj:outer":{
        "p":0.0,
        "r":0.0,
        "f":0.0
      },
      "nummod":{
        "p":0.0,
        "r":0.0,
        "f":0.0
      },
      "fixed":{
        "p":0.0,
        "r":0.0,
        "f":0.0
      },
      "flat":{
        "p":0.0,
        "r":0.0,
        "f":0.0
      },
      "csubj:pass":{
        "p":0.0,
        "r":0.0,
        "f":0.0
      },
      "aux:pass":{
        "p":0.0,
        "r":0.0,
        "f":0.0
      }
    }
  },
  "trainable_lemmatizer":{
    "lemma_acc":0.2021875868
  },
  "tagger":{
    "tag_acc":0.0
  },
  "morphologizer":{
    "pos_acc":0.2449969679,
    "morph_acc":0.0874134708,
    "morph_micro_p":0.2012393036,
    "morph_micro_r":0.1051009401,
    "morph_micro_f":0.1380846325,
    "morph_per_feat":{
      "Case":{
        "p":0.0,
        "r":0.0,
        "f":0.0
      },
      "Gender":{
        "p":0.2667697063,
        "r":0.0879893964,
        "f":0.1323315188
      },
      "Number":{
        "p":0.562917701,
        "r":0.2159390565,
        "f":0.3121393404
      },
      "Person":{
        "p":0.2003546099,
        "r":0.1254162042,
        "f":0.1542662116
      },
      "PronType":{
        "p":0.0723597204,
        "r":0.1561990212,
        "f":0.0989025178
      },
      "VerbForm":{
        "p":0.2733164272,
        "r":0.4145299145,
        "f":0.3294277466
      },
      "Foreign":{
        "p":0.0,
        "r":0.0,
        "f":0.0
      },
      "Mood":{
        "p":0.0,
        "r":0.0,
        "f":0.0
      },
      "Tense":{
        "p":0.0,
        "r":0.0,
        "f":0.0
      },
      "Voice":{
        "p":0.0,
        "r":0.0,
        "f":0.0
      },
      "Variant":{
        "p":0.0,
        "r":0.0,
        "f":0.0
      },
      "Degree":{
        "p":0.0,
        "r":0.0,
        "f":0.0
      },
      "Reflex":{
        "p":0.0,
        "r":0.0,
        "f":0.0
      },
      "Definite":{
        "p":0.0,
        "r":0.0,
        "f":0.0
      },
      "Poss":{
        "p":0.0597014925,
        "r":0.015625,
        "f":0.0247678019
      },
      "Polarity":{
        "p":0.0,
        "r":0.0,
        "f":0.0
      },
      "Aspect":{
        "p":0.0,
        "r":0.0,
        "f":0.0
      },
      "NumType":{
        "p":0.0,
        "r":0.0,
        "f":0.0
      },
      "Number[psor]":{
        "p":0.0,
        "r":0.0,
        "f":0.0
      },
      "Gender[psor]":{
        "p":0.0,
        "r":0.0,
        "f":0.0
      }
    }
  },
  "speed":1484.2306628788
}