{
  "tokenizer":{
    "token_acc":1.0,
    "token_p":0.997476277,
    "token_r":0.9991405026,
    "token_f":0.9983076962
  },
  "transformer":{

  },
  "parser":{
    "sents_p":0.0698689956,
    "sents_r":0.1979673,
    "sents_f":0.1032853026,
    "dep_uas":0.1851776958,
    "dep_las":0.0565985294,
    "dep_las_per_type":{
      "discourse":{
        "p":0.0,
        "r":0.0,
        "f":0.0
      },
      "case":{
        "p":0.0249221184,
        "r":0.005015674,
        "f":0.0083507307
      },
      "root":{
        "p":0.1563132493,
        "r":0.4436588599,
        "f":0.231176606
      },
      "nsubj":{
        "p":0.0207771182,
        "r":0.0540350877,
        "f":0.0300136426
      },
      "det":{
        "p":0.0357142857,
        "r":0.0019646365,
        "f":0.0037243948
      },
      "compound:smixut":{
        "p":0.0,
        "r":0.0,
        "f":0.0
      },
      "obj":{
        "p":0.015625,
        "r":0.0006626905,
        "f":0.0012714558
      },
      "mark":{
        "p":0.0217391304,
        "r":0.0026595745,
        "f":0.0047393365
      },
      "advcl":{
        "p":0.0,
        "r":0.0,
        "f":0.0
      },
      "amod":{
        "p":0.0,
        "r":0.0,
        "f":0.0
      },
      "obl":{
        "p":0.0133079848,
        "r":0.0047879617,
        "f":0.0070422535
      },
      "parataxis":{
        "p":0.0,
        "r":0.0,
        "f":0.0
      },
      "cc":{
        "p":0.0,
        "r":0.0,
        "f":0.0
      },
      "advmod":{
        "p":0.0173010381,
        "r":0.0038343558,
        "f":0.0062774639
      },
      "conj":{
        "p":0.0,
        "r":0.0,
        "f":0.0
      },
      "expl:pv":{
        "p":0.0,
        "r":0.0,
        "f":0.0
      },
      "obl:arg":{
        "p":0.0,
        "r":0.0,
        "f":0.0
      },
      "acl":{
        "p":0.0158730159,
        "r":0.0029154519,
        "f":0.0049261084
      },
      "nmod":{
        "p":0.0071942446,
        "r":0.0021459227,
        "f":0.0033057851
      },
      "nummod":{
        "p":0.0011074197,
        "r":0.0153846154,
        "f":0.0020661157
      },
      "appos":{
        "p":0.005733397,
        "r":0.0609137056,
        "f":0.0104803493
      },
      "dep":{
        "p":0.0,
        "r":0.0,
        "f":0.0
      },
      "nsubj:pass":{
        "p":0.0,
        "r":0.0,
        "f":0.0
      },
      "dislocated":{
        "p":0.0,
        "r":0.0,
        "f":0.0
      },
      "cop":{
        "p":0.0,
        "r":0.0,
        "f":0.0
      },
      "vocative":{
        "p":0.0,
        "r":0.0,
        "f":0.0
      },
      "flat:name":{
        "p":0.0,
        "r":0.0,
        "f":0.0
      },
      "xcomp":{
        "p":0.0,
        "r":0.0,
        "f":0.0
      },
      "aux":{
        "p":0.0,
        "r":0.0,
        "f":0.0
      },
      "orphan":{
        "p":0.0,
        "r":0.0,
        "f":0.0
      },
      "advcl:cmp":{
        "p":0.0,
        "r":0.0,
        "f":0.0
      },
      "ccomp":{
        "p":0.0,
        "r":0.0,
        "f":0.0
      },
      "obl:agent":{
        "p":0.0,
        "r":0.0,
        "f":0.0
      },
      "csubj":{
        "p":0.0,
        "r":0.0,
        "f":0.0
      },
      "nsubj:outer":{
        "p":0.0,
        "r":0.0,
        "f":0.0
      },
      "fixed":{
        "p":0.0,
        "r":0.0,
        "f":0.0
      },
      "flat":{
        "p":0.0,
        "r":0.0,
        "f":0.0
      },
      "csubj:pass":{
        "p":0.0,
        "r":0.0,
        "f":0.0
      },
      "aux:pass":{
        "p":0.0,
        "r":0.0,
        "f":0.0
      }
    }
  },
  "trainable_lemmatizer":{
    "lemma_acc":0.2248718013
  },
  "tagger":{
    "tag_acc":0.0
  },
  "morphologizer":{
    "pos_acc":0.1300886968,
    "morph_acc":0.0174857865,
    "morph_micro_p":0.4286259542,
    "morph_micro_r":0.1903683156,
    "morph_micro_f":0.2636431544,
    "morph_per_feat":{
      "Case":{
        "p":0.0,
        "r":0.0,
        "f":0.0
      },
      "Gender":{
        "p":0.3826000542,
        "r":0.4317903752,
        "f":0.4057096326
      },
      "Number":{
        "p":0.5912320484,
        "r":0.5729563434,
        "f":0.5819507477
      },
      "Person":{
        "p":0.1472081218,
        "r":0.0214576397,
        "f":0.0374556022
      },
      "PronType":{
        "p":0.0301318267,
        "r":0.013050571,
        "f":0.0182128628
      },
      "Mood":{
        "p":0.1041214751,
        "r":0.0158940397,
        "f":0.0275782821
      },
      "Tense":{
        "p":0.0555555556,
        "r":0.0017130621,
        "f":0.0033236394
      },
      "VerbForm":{
        "p":0.124600639,
        "r":0.0166666667,
        "f":0.0294006785
      },
      "Voice":{
        "p":0.0769230769,
        "r":0.0004282655,
        "f":0.0008517888
      },
      "Variant":{
        "p":0.0,
        "r":0.0,
        "f":0.0
      },
      "Degree":{
        "p":0.0,
        "r":0.0,
        "f":0.0
      },
      "Reflex":{
        "p":0.0,
        "r":0.0,
        "f":0.0
      },
      "Poss":{
        "p":0.0,
        "r":0.0,
        "f":0.0
      },
      "Polarity":{
        "p":0.0,
        "r":0.0,
        "f":0.0
      },
      "Aspect":{
        "p":0.052173913,
        "r":0.0086455331,
        "f":0.0148331273
      },
      "HebBinyan":{
        "p":0.0,
        "r":0.0,
        "f":0.0
      },
      "NumType":{
        "p":0.0,
        "r":0.0,
        "f":0.0
      }
    }
  },
  "speed":1486.9157409511
}