{
  "tokenizer":{
    "token_acc":0.9999203885,
    "token_p":0.9925430566,
    "token_r":0.9969480095,
    "token_f":0.9947406565
  },
  "transformer":{

  },
  "parser":{
    "sents_p":0.0039877548,
    "sents_r":0.0262460233,
    "sents_f":0.0069235611,
    "dep_uas":0.0921710559,
    "dep_las":0.0308932362,
    "dep_las_per_type":{
      "root":{
        "p":0.0788726764,
        "r":0.5230646872,
        "f":0.1370757634
      },
      "parataxis":{
        "p":0.0,
        "r":0.0,
        "f":0.0
      },
      "cc":{
        "p":0.0,
        "r":0.0,
        "f":0.0
      },
      "mark":{
        "p":0.0048543689,
        "r":0.0002859594,
        "f":0.0005401026
      },
      "amod":{
        "p":0.0078895464,
        "r":0.0014445648,
        "f":0.0024420024
      },
      "nsubj:pass":{
        "p":0.0,
        "r":0.0,
        "f":0.0
      },
      "advmod:neg":{
        "p":0.0,
        "r":0.0,
        "f":0.0
      },
      "advcl":{
        "p":0.0,
        "r":0.0,
        "f":0.0
      },
      "case":{
        "p":0.011682243,
        "r":0.0016074586,
        "f":0.0028260562
      },
      "nsubj":{
        "p":0.010763955,
        "r":0.0258996104,
        "f":0.0152075903
      },
      "obl":{
        "p":0.0016920474,
        "r":0.0016194332,
        "f":0.0016549441
      },
      "acl:relcl":{
        "p":0.0,
        "r":0.0,
        "f":0.0
      },
      "nmod":{
        "p":0.0036546368,
        "r":0.0017993702,
        "f":0.0024114544
      },
      "obj":{
        "p":0.0070921986,
        "r":0.001002004,
        "f":0.0017559263
      },
      "compound:smixut":{
        "p":0.0,
        "r":0.0,
        "f":0.0
      },
      "acl":{
        "p":0.0015576324,
        "r":0.0007451565,
        "f":0.0010080645
      },
      "appos":{
        "p":0.0001847746,
        "r":0.0011806375,
        "f":0.0003195399
      },
      "nummod":{
        "p":0.0,
        "r":0.0,
        "f":0.0
      },
      "advmod":{
        "p":0.0122699387,
        "r":0.0089485459,
        "f":0.0103492885
      },
      "csubj:pass":{
        "p":0.0,
        "r":0.0,
        "f":0.0
      },
      "cop":{
        "p":0.0,
        "r":0.0,
        "f":0.0
      },
      "advmod:lmod":{
        "p":0.0,
        "r":0.0,
        "f":0.0
      },
      "det":{
        "p":0.0055172414,
        "r":0.0009661836,
        "f":0.0016443988
      },
      "fixed":{
        "p":0.0,
        "r":0.0,
        "f":0.0
      },
      "obl:arg":{
        "p":0.0,
        "r":0.0,
        "f":0.0
      },
      "conj":{
        "p":0.0061287028,
        "r":0.0016973126,
        "f":0.0026583961
      },
      "xcomp":{
        "p":0.0078125,
        "r":0.0026455026,
        "f":0.0039525692
      },
      "ccomp:relcl":{
        "p":0.0,
        "r":0.0,
        "f":0.0
      },
      "dep":{
        "p":0.0,
        "r":0.0,
        "f":0.0
      },
      "flat":{
        "p":0.0,
        "r":0.0,
        "f":0.0
      },
      "dislocated":{
        "p":0.0,
        "r":0.0,
        "f":0.0
      },
      "discourse":{
        "p":0.0,
        "r":0.0,
        "f":0.0
      },
      "ccomp":{
        "p":0.0,
        "r":0.0,
        "f":0.0
      },
      "orphan":{
        "p":0.0,
        "r":0.0,
        "f":0.0
      },
      "csubj":{
        "p":0.0,
        "r":0.0,
        "f":0.0
      },
      "advmod:emph":{
        "p":0.0,
        "r":0.0,
        "f":0.0
      },
      "dislocated:obj":{
        "p":0.0,
        "r":0.0,
        "f":0.0
      },
      "compound":{
        "p":0.0,
        "r":0.0,
        "f":0.0
      },
      "ccomp:reported":{
        "p":0.0,
        "r":0.0,
        "f":0.0
      },
      "aux:pass":{
        "p":0.0,
        "r":0.0,
        "f":0.0
      },
      "csubj:relcl":{
        "p":0.0,
        "r":0.0,
        "f":0.0
      },
      "advcl:abs":{
        "p":0.0,
        "r":0.0,
        "f":0.0
      },
      "aux":{
        "p":0.0,
        "r":0.0,
        "f":0.0
      },
      "conj:expl":{
        "p":0.0,
        "r":0.0,
        "f":0.0
      },
      "advcl:cmp":{
        "p":0.0,
        "r":0.0,
        "f":0.0
      },
      "advcl:pred":{
        "p":0.0,
        "r":0.0,
        "f":0.0
      },
      "obl:agent":{
        "p":0.0,
        "r":0.0,
        "f":0.0
      },
      "obl:lmod":{
        "p":0.0,
        "r":0.0,
        "f":0.0
      },
      "dislocated:nsubj":{
        "p":0.0,
        "r":0.0,
        "f":0.0
      },
      "advmod:tmod":{
        "p":0.0,
        "r":0.0,
        "f":0.0
      },
      "expl:pass":{
        "p":0.0,
        "r":0.0,
        "f":0.0
      },
      "reparandum":{
        "p":0.0,
        "r":0.0,
        "f":0.0
      },
      "advcl:relcl":{
        "p":0.0,
        "r":0.0,
        "f":0.0
      },
      "obl:tmod":{
        "p":0.0,
        "r":0.0,
        "f":0.0
      },
      "nsubj:outer":{
        "p":0.0,
        "r":0.0,
        "f":0.0
      },
      "flat:name":{
        "p":0.0,
        "r":0.0,
        "f":0.0
      },
      "obl:cmp":{
        "p":0.0,
        "r":0.0,
        "f":0.0
      },
      "vocative":{
        "p":0.0,
        "r":0.0,
        "f":0.0
      },
      "cop:outer":{
        "p":0.0,
        "r":0.0,
        "f":0.0
      },
      "csubj:outer":{
        "p":0.0,
        "r":0.0,
        "f":0.0
      },
      "flat:foreign":{
        "p":0.0,
        "r":0.0,
        "f":0.0
      },
      "parataxis:reporting":{
        "p":0.0,
        "r":0.0,
        "f":0.0
      },
      "csubj:cleft":{
        "p":0.0,
        "r":0.0,
        "f":0.0
      },
      "csubj:reported":{
        "p":0.0,
        "r":0.0,
        "f":0.0
      },
      "iobj":{
        "p":0.0,
        "r":0.0,
        "f":0.0
      },
      "dislocated:csubj":{
        "p":0.0,
        "r":0.0,
        "f":0.0
      }
    }
  },
  "trainable_lemmatizer":{
    "lemma_acc":0.4903417138
  },
  "tagger":{
    "tag_acc":0.0
  },
  "morphologizer":{
    "pos_acc":0.1226938314,
    "morph_acc":0.0362639118,
    "morph_micro_p":0.3408740589,
    "morph_micro_r":0.1794541045,
    "morph_micro_f":0.2351256507,
    "morph_per_feat":{
      "Case":{
        "p":0.0,
        "r":0.0,
        "f":0.0
      },
      "Gender":{
        "p":0.2802075612,
        "r":0.2664943305,
        "f":0.2731789575
      },
      "InflClass":{
        "p":0.0,
        "r":0.0,
        "f":0.0
      },
      "Number":{
        "p":0.6484363741,
        "r":0.6345069098,
        "f":0.6413960229
      },
      "Polarity":{
        "p":0.0,
        "r":0.0,
        "f":0.0
      },
      "Aspect":{
        "p":0.0655200655,
        "r":0.0080136232,
        "f":0.0142806141
      },
      "Mood":{
        "p":0.0760245496,
        "r":0.0621459783,
        "f":0.0683882458
      },
      "Person":{
        "p":0.0629265629,
        "r":0.0551897522,
        "f":0.0588047707
      },
      "Tense":{
        "p":0.0042194093,
        "r":0.0021039003,
        "f":0.0028077754
      },
      "VerbForm":{
        "p":0.129657228,
        "r":0.0616292798,
        "f":0.083546735
      },
      "Voice":{
        "p":0.0680628272,
        "r":0.0013598326,
        "f":0.0026663932
      },
      "PronType":{
        "p":0.0547674849,
        "r":0.0401809955,
        "f":0.0463538132
      },
      "Reflex":{
        "p":0.0,
        "r":0.0,
        "f":0.0
      },
      "InflClass[nominal]":{
        "p":0.0,
        "r":0.0,
        "f":0.0
      },
      "AdvType":{
        "p":0.0,
        "r":0.0,
        "f":0.0
      },
      "Number[psor]":{
        "p":0.0,
        "r":0.0,
        "f":0.0
      },
      "Person[psor]":{
        "p":0.0,
        "r":0.0,
        "f":0.0
      },
      "Poss":{
        "p":0.0,
        "r":0.0,
        "f":0.0
      },
      "NumType":{
        "p":0.0076708508,
        "r":0.0096153846,
        "f":0.0085337471
      },
      "HebBinyan":{
        "p":0.0,
        "r":0.0,
        "f":0.0
      },