{
  "tokenizer":{
    "token_acc":1.0,
    "token_p":0.9963401882,
    "token_r":0.998777079,
    "token_f":0.9975571453
  },
  "transformer":{

  },
  "parser":{
    "sents_p":0.0473407364,
    "sents_r":0.15,
    "sents_f":0.0719680142,
    "dep_uas":0.1899021663,
    "dep_las":0.0515013966,
    "dep_las_per_type":{
      "cc":{
        "p":0.0,
        "r":0.0,
        "f":0.0
      },
      "xcomp":{
        "p":0.4,
        "r":0.0092165899,
        "f":0.018018018
      },
      "root":{
        "p":0.1495925495,
        "r":0.4759259259,
        "f":0.2276350753
      },
      "nsubj":{
        "p":0.0153733529,
        "r":0.0465631929,
        "f":0.0231150248
      },
      "nsubj:pass":{
        "p":0.0,
        "r":0.0,
        "f":0.0
      },
      "advmod":{
        "p":0.0032467532,
        "r":0.0027624309,
        "f":0.0029850746
      },
      "acl":{
        "p":0.0,
        "r":0.0,
        "f":0.0
      },
      "case":{
        "p":0.0657894737,
        "r":0.0099403579,
        "f":0.0172711572
      },
      "obl":{
        "p":0.0114942529,
        "r":0.0022727273,
        "f":0.0037950664
      },
      "compound:smixut":{
        "p":0.0,
        "r":0.0,
        "f":0.0
      },
      "appos":{
        "p":0.0071090047,
        "r":0.0731707317,
        "f":0.0129589633
      },
      "det":{
        "p":0.25,
        "r":0.0021459227,
        "f":0.0042553191
      },
      "amod":{
        "p":0.0,
        "r":0.0,
        "f":0.0
      },
      "obj":{
        "p":0.0833333333,
        "r":0.0027624309,
        "f":0.0053475936
      },
      "conj":{
        "p":0.0,
        "r":0.0,
        "f":0.0
      },
      "advcl":{
        "p":0.0,
        "r":0.0,
        "f":0.0
      },
      "nmod":{
        "p":0.0167597765,
        "r":0.0123966942,
        "f":0.0142517815
      },
      "parataxis":{
        "p":0.0,
        "r":0.0,
        "f":0.0
      },
      "obl:arg":{
        "p":0.0,
        "r":0.0,
        "f":0.0
      },
      "discourse":{
        "p":0.0,
        "r":0.0,
        "f":0.0
      },
      "mark":{
        "p":0.0,
        "r":0.0,
        "f":0.0
      },
      "cop":{
        "p":0.0,
        "r":0.0,
        "f":0.0
      },
      "nummod":{
        "p":0.0,
        "r":0.0,
        "f":0.0
      },
      "ccomp":{
        "p":0.0,
        "r":0.0,
        "f":0.0
      },
      "orphan":{
        "p":0.0,
        "r":0.0,
        "f":0.0
      },
      "vocative":{
        "p":0.0,
        "r":0.0,
        "f":0.0
      },
      "dep":{
        "p":0.0,
        "r":0.0,
        "f":0.0
      },
      "dislocated":{
        "p":0.0,
        "r":0.0,
        "f":0.0
      },
      "flat:name":{
        "p":0.0,
        "r":0.0,
        "f":0.0
      },
      "advcl:cmp":{
        "p":0.0,
        "r":0.0,
        "f":0.0
      },
      "expl:pv":{
        "p":0.0,
        "r":0.0,
        "f":0.0
      },
      "flat":{
        "p":0.0,
        "r":0.0,
        "f":0.0
      },
      "obl:agent":{
        "p":0.0,
        "r":0.0,
        "f":0.0
      },
      "csubj:pass":{
        "p":0.0,
        "r":0.0,
        "f":0.0
      },
      "nsubj:outer":{
        "p":0.0,
        "r":0.0,
        "f":0.0
      }
    }
  },
  "trainable_lemmatizer":{
    "lemma_acc":0.4241207784
  },
  "tagger":{
    "tag_acc":0.0
  },
  "morphologizer":{
    "pos_acc":0.1451274886,
    "morph_acc":0.041382923,
    "morph_micro_p":0.4440524194,
    "morph_micro_r":0.1997845683,
    "morph_micro_f":0.2755816227,
    "morph_per_feat":{
      "Case":{
        "p":0.0,
        "r":0.0,
        "f":0.0
      },
      "Degree":{
        "p":0.0,
        "r":0.0,
        "f":0.0
      },
      "Gender":{
        "p":0.3993881713,
        "r":0.4146083275,
        "f":0.4068559557
      },
      "Number":{
        "p":0.6179271709,
        "r":0.577486911,
        "f":0.5970230041
      },
      "Strength":{
        "p":0.0,
        "r":0.0,
        "f":0.0
      },
      "Mood":{
        "p":0.1641025641,
        "r":0.033719705,
        "f":0.0559440559
      },
      "Person":{
        "p":0.1992481203,
        "r":0.0341935484,
        "f":0.0583700441
      },
      "Tense":{
        "p":0.2857142857,
        "r":0.0015432099,
        "f":0.0030698388
      },
      "VerbForm":{
        "p":0.1652542373,
        "r":0.0300925926,
        "f":0.0509138381
      },
      "Voice":{
        "p":0.0,
        "r":0.0,
        "f":0.0
      },
      "PronType":{
        "p":0.0409836066,
        "r":0.0160771704,
        "f":0.0230946882
      },
      "Polarity":{
        "p":0.0,
        "r":0.0,
        "f":0.0
      },
      "Poss":{
        "p":0.0,
        "r":0.0,
        "f":0.0
      },
      "HebBinyan":{
        "p":0.0,
        "r":0.0,
        "f":0.0
      },
      "Aspect":{
        "p":0.0382513661,
        "r":0.1029411765,
        "f":0.0557768924
      },
      "NumType":{
        "p":0.0,
        "r":0.0,
        "f":0.0
      },
      "Reflex":{
        "p":0.0,
        "r":0.0,
        "f":0.0
      }
    }
  },
  "speed":1322.7675249394
}