{
  "tokenizer":{
    "token_acc":0.3369041243,
    "token_p":0.3369041243,
    "token_r":0.1658755274,
    "token_f":0.2223007599
  },
  "transformer":{

  },
  "parser":{
    "sents_p":0.7752808989,
    "sents_r":0.8734177215,
    "sents_f":0.8214285714,
    "dep_uas":0.0680193237,
    "dep_las":0.0568115942,
    "dep_las_per_type":{
      "cc":{
        "p":0.0,
        "r":0.0,
        "f":0.0
      },
      "root":{
        "p":0.3703703704,
        "r":0.0632911392,
        "f":0.1081081081
      },
      "nsubj":{
        "p":0.5238095238,
        "r":0.0808823529,
        "f":0.1401273885
      },
      "case":{
        "p":0.5,
        "r":0.0043763676,
        "f":0.0086767896
      },
      "obj":{
        "p":0.6666666667,
        "r":0.0218579235,
        "f":0.0423280423
      },
      "mark":{
        "p":0.95,
        "r":0.2289156627,
        "f":0.3689320388
      },
      "advmod":{
        "p":0.7692307692,
        "r":0.1639344262,
        "f":0.2702702703
      },
      "ccomp":{
        "p":0.0,
        "r":0.0,
        "f":0.0
      },
      "obl":{
        "p":0.3333333333,
        "r":0.0068965517,
        "f":0.0135135135
      },
      "det":{
        "p":0.0,
        "r":0.0,
        "f":0.0
      },
      "conj":{
        "p":0.55,
        "r":0.034591195,
        "f":0.0650887574
      },
      "dislocated":{
        "p":0.0,
        "r":0.0,
        "f":0.0
      },
      "nmod:poss":{
        "p":0.0,
        "r":0.0,
        "f":0.0
      },
      "discourse":{
        "p":1.0,
        "r":0.0476190476,
        "f":0.0909090909
      },
      "compound:smixut":{
        "p":0.7272727273,
        "r":0.1467889908,
        "f":0.2442748092
      },
      "parataxis":{
        "p":0.2,
        "r":0.0740740741,
        "f":0.1081081081
      },
      "xcomp":{
        "p":0.0,
        "r":0.0,
        "f":0.0
      },
      "appos":{
        "p":0.5666666667,
        "r":0.2266666667,
        "f":0.3238095238
      },
      "nmod":{
        "p":0.0,
        "r":0.0,
        "f":0.0
      },
      "cop":{
        "p":1.0,
        "r":0.0714285714,
        "f":0.1333333333
      },
      "acl":{
        "p":0.0,
        "r":0.0,
        "f":0.0
      },
      "advcl":{
        "p":0.0,
        "r":0.0,
        "f":0.0
      },
      "nummod":{
        "p":0.75,
        "r":0.2727272727,
        "f":0.4
      },
      "vocative":{
        "p":0.0,
        "r":0.0,
        "f":0.0
      },
      "amod":{
        "p":0.5,
        "r":0.0666666667,
        "f":0.1176470588
      },
      "csubj":{
        "p":0.0,
        "r":0.0,
        "f":0.0
      },
      "orphan":{
        "p":0.0,
        "r":0.0,
        "f":0.0
      },
      "dep":{
        "p":0.0,
        "r":0.0,
        "f":0.0
      },
      "flat":{
        "p":1.0,
        "r":0.1666666667,
        "f":0.2857142857
      },
      "flat:name":{
        "p":0.0,
        "r":0.0,
        "f":0.0
      }
    }
  },
  "trainable_lemmatizer":{
    "lemma_acc":0.1253110156
  },
  "tagger":{
    "tag_acc":0.2225740783
  },
  "morphologizer":{
    "pos_acc":0.2442886225,
    "morph_acc":0.230264646,
    "morph_micro_p":0.8870863076,
    "morph_micro_r":0.1894663895,
    "morph_micro_f":0.3122430333,
    "morph_per_feat":{
      "Gender":{
        "p":0.876744186,
        "r":0.218424102,
        "f":0.3497217069
      },
      "HebBinyan":{
        "p":0.7924528302,
        "r":0.1621621622,
        "f":0.2692307692
      },
      "Mood":{
        "p":0.8191489362,
        "r":0.1684901532,
        "f":0.279491833
      },
      "Number":{
        "p":0.9516441006,
        "r":0.2458770615,
        "f":0.3907863384
      },
      "Person":{
        "p":0.8294573643,
        "r":0.1247086247,
        "f":0.2168186424
      },
      "Tense":{
        "p":0.0,
        "r":0.0,
        "f":0.0
      },
      "VerbForm":{
        "p":0.8679245283,
        "r":0.1742424242,
        "f":0.2902208202
      },
      "PronType":{
        "p":0.9361702128,
        "r":0.0707395498,
        "f":0.1315396114
      },
      "Polarity":{
        "p":1.0,
        "r":0.3461538462,
        "f":0.5142857143
      },
      "Aspect":{
        "p":0.825,
        "r":0.3687150838,
        "f":0.5096525097
      },
      "NumType":{
        "p":0.8095238095,
        "r":0.34,
        "f":0.4788732394
      },
      "Voice":{
        "p":1.0,
        "r":0.3333333333,
        "f":0.5
      }
    }
  },
  "speed":464.5799857954
}