{
  "tokenizer":{
    "token_acc":0.9995570601,
    "token_p":0.9645015345,
    "token_r":0.9836092021,
    "token_f":0.9739616613
  },
  "transformer":{

  },
  "parser":{
    "sents_p":0.0470040229,
    "sents_r":0.143457189,
    "sents_f":0.0708077506,
    "dep_uas":0.1595958605,
    "dep_las":0.0470672599,
    "dep_las_per_type":{
      "discourse":{
        "p":0.009009009,
        "r":0.0013927577,
        "f":0.0024125452
      },
      "vocative":{
        "p":0.0,
        "r":0.0,
        "f":0.0
      },
      "root":{
        "p":0.1309301844,
        "r":0.4084006462,
        "f":0.198290062
      },
      "advmod":{
        "p":0.0049200492,
        "r":0.0024984385,
        "f":0.0033140017
      },
      "advcl":{
        "p":0.0,
        "r":0.0,
        "f":0.0
      },
      "expl:pv":{
        "p":0.0,
        "r":0.0,
        "f":0.0
      },
      "obl:arg":{
        "p":0.0,
        "r":0.0,
        "f":0.0
      },
      "nsubj":{
        "p":0.0183596431,
        "r":0.0564643799,
        "f":0.0277094393
      },
      "compound:smixut":{
        "p":0.0,
        "r":0.0,
        "f":0.0
      },
      "parataxis":{
        "p":0.0002583312,
        "r":0.0108695652,
        "f":0.0005046682
      },
      "conj":{
        "p":0.0060679612,
        "r":0.0021321962,
        "f":0.0031555696
      },
      "case":{
        "p":0.0384615385,
        "r":0.0053667263,
        "f":0.0094191523
      },
      "obl":{
        "p":0.0072992701,
        "r":0.0022822366,
        "f":0.003477253
      },
      "nummod":{
        "p":0.0006849315,
        "r":0.0054347826,
        "f":0.001216545
      },
      "appos":{
        "p":0.0129986553,
        "r":0.0408450704,
        "f":0.0197211833
      },
      "obl:agent":{
        "p":0.0,
        "r":0.0,
        "f":0.0
      },
      "nmod":{
        "p":0.0030395137,
        "r":0.0010570825,
        "f":0.0015686275
      },
      "cc":{
        "p":0.0,
        "r":0.0,
        "f":0.0
      },
      "obj":{
        "p":0.0083333333,
        "r":0.0005995204,
        "f":0.0011185682
      },
      "dislocated":{
        "p":0.0,
        "r":0.0,
        "f":0.0
      },
      "det":{
        "p":0.0561797753,
        "r":0.0038880249,
        "f":0.0072727273
      },
      "amod":{
        "p":0.0045248869,
        "r":0.0006747638,
        "f":0.0011743981
      },
      "xcomp":{
        "p":0.0,
        "r":0.0,
        "f":0.0
      },
      "acl":{
        "p":0.0,
        "r":0.0,
        "f":0.0
      },
      "expl":{
        "p":0.0,
        "r":0.0,
        "f":0.0
      },
      "cop":{
        "p":0.0,
        "r":0.0,
        "f":0.0
      },
      "nsubj:pass":{
        "p":0.0,
        "r":0.0,
        "f":0.0
      },
      "dep":{
        "p":0.0,
        "r":0.0,
        "f":0.0
      },
      "ccomp":{
        "p":0.0,
        "r":0.0,
        "f":0.0
      },
      "aux":{
        "p":0.0,
        "r":0.0,
        "f":0.0
      },
      "mark":{
        "p":0.0,
        "r":0.0,
        "f":0.0
      },
      "aux:pass":{
        "p":0.0,
        "r":0.0,
        "f":0.0
      },
      "iobj":{
        "p":0.0,
        "r":0.0,
        "f":0.0
      },
      "flat:name":{
        "p":0.0,
        "r":0.0,
        "f":0.0
      },
      "fixed":{
        "p":0.0,
        "r":0.0,
        "f":0.0
      },
      "nummod:gov":{
        "p":0.0,
        "r":0.0,
        "f":0.0
      },
      "orphan":{
        "p":0.0,
        "r":0.0,
        "f":0.0
      },
      "list":{
        "p":0.0,
        "r":0.0,
        "f":0.0
      },
      "flat":{
        "p":0.0,
        "r":0.0,
        "f":0.0
      },
      "advcl:cmp":{
        "p":0.0,
        "r":0.0,
        "f":0.0
      },
      "csubj":{
        "p":0.0,
        "r":0.0,
        "f":0.0
      },
      "acl:relcl":{
        "p":0.0,
        "r":0.0,
        "f":0.0
      },
      "nsubj:outer":{
        "p":0.0,
        "r":0.0,
        "f":0.0
      },
      "compound":{
        "p":0.0,
        "r":0.0,
        "f":0.0
      },
      "csubj:pass":{
        "p":0.0,
        "r":0.0,
        "f":0.0
      },
      "reparandum":{
        "p":0.0,
        "r":0.0,
        "f":0.0
      },
      "goeswith":{
        "p":0.0,
        "r":0.0,
        "f":0.0
      }
    }
  },
  "trainable_lemmatizer":{
    "lemma_acc":0.2992483608
  },
  "tagger":{
    "tag_acc":0.0
  },
  "morphologizer":{
    "pos_acc":0.1431947906,
    "morph_acc":0.0213948408,
    "morph_micro_p":0.4434380512,
    "morph_micro_r":0.2188396932,
    "morph_micro_f":0.2930548336,
    "morph_per_feat":{
      "Case":{
        "p":0.0,
        "r":0.0,
        "f":0.0
      },
      "Gender":{
        "p":0.4352113561,
        "r":0.447147651,
        "f":0.4410987682
      },
      "Number":{
        "p":0.614852725,
        "r":0.5917522532,
        "f":0.6030813596
      },
      "Mood":{
        "p":0.0546558704,
        "r":0.018954019,
        "f":0.0281469898
      },
      "Person":{
        "p":0.103793844,
        "r":0.0278257532,
        "f":0.0438861985
      },
      "Tense":{
        "p":0.0860465116,
        "r":0.0075264443,
        "f":0.013842125
      },
      "VerbForm":{
        "p":0.0625494854,
        "r":0.0155297818,
        "f":0.0248818898
      },
      "Voice":{
        "p":0.0294117647,
        "r":0.0003945551,
        "f":0.0007786646
      },
      "PronType":{
        "p":0.0345408593,
        "r":0.0168793742,
        "f":0.0226769912
      },
      "Variant":{
        "p":0.0,
        "r":0.0,
        "f":0.0
      },
      "Reflex":{
        "p":0.0,
        "r":0.0,
        "f":0.0
      },
      "Aspect":{
        "p":0.0281329923,
        "r":0.0058981233,
        "f":0.009751773
      },
      "HebBinyan":{
        "p":0.0,
        "r":0.0,
        "f":0.0
      },
      "Degree":{
        "p":0.0,
        "r":0.0,
        "f":0.0
      },
      "Clitic":{
        "p":0.0,
        "r":0.0,
        "f":0.0
      },
      "NumType":{
        "p":0.0180806676,
        "r":0.0575221239,
        "f":0.0275132275
      },
      "Polarity":{
        "p":0.0,
        "r":0.0,
        "f":0.0
      },
      "Poss":{
        "p":0.0,
        "r":0.0,
        "f":0.0
      },
      "Analyt":{
        "p":0.0,
        "r":0.0,
        "f":0.0
      },
      "Animacy":{
        "p":0.0,
        "r":0.0,
        "f":0.0
      },
      "NumForm":{
        "p":0.0,
        "r":0.0,
        "f":0.0
      },
      "NameType":{
        "p":0.0,
        "r":0.0,
        "f":0.0
      },
      "Abbr":{
        "p":0.0,
        "r":0.0,
        "f":0.0
      },
      "Typo":{
        "p":0.0,
        "r":0.0,
        "f":0.0
      }
    }
  },
  "speed":1944.2477037186
}