{
  "tokenizer":{
    "token_acc":0.999524109,
    "token_p":0.9987932763,
    "token_r":0.9987084056,
    "token_f":0.9987508391
  },
  "transformer":{

  },
  "parser":{
    "sents_p":0.0028019736,
    "sents_r":0.0168621701,
    "sents_f":0.0048054322,
    "dep_uas":0.1154881639,
    "dep_las":0.0351695449,
    "dep_las_per_type":{
      "root":{
        "p":0.0941684928,
        "r":0.5668743129,
        "f":0.1615075429
      },
      "nsubj":{
        "p":0.0367157048,
        "r":0.0494831385,
        "f":0.0421538906
      },
      "advmod":{
        "p":0.0111524164,
        "r":0.0028901734,
        "f":0.0045906656
      },
      "mark":{
        "p":0.0233918129,
        "r":0.0012824623,
        "f":0.0024316109
      },
      "acl":{
        "p":0.0010893246,
        "r":0.0013003901,
        "f":0.0011855365
      },
      "compound:prt":{
        "p":0.0,
        "r":0.0,
        "f":0.0
      },
      "obj":{
        "p":0.0075566751,
        "r":0.0021208908,
        "f":0.0033121722
      },
      "parataxis":{
        "p":0.00010755,
        "r":0.0080645161,
        "f":0.0002122692
      },
      "compound:smixut":{
        "p":0.0,
        "r":0.0,
        "f":0.0
      },
      "cc":{
        "p":0.0,
        "r":0.0,
        "f":0.0
      },
      "conj":{
        "p":0.0101910828,
        "r":0.0026463778,
        "f":0.0042016807
      },
      "case":{
        "p":0.052064632,
        "r":0.0059039088,
        "f":0.0106052295
      },
      "amod":{
        "p":0.0067567568,
        "r":0.0012185215,
        "f":0.0020646937
      },
      "obl":{
        "p":0.0113668656,
        "r":0.0070040273,
        "f":0.0086673889
      },
      "nmod:poss":{
        "p":0.0,
        "r":0.0,
        "f":0.0
      },
      "appos":{
        "p":0.0012674271,
        "r":0.0093896714,
        "f":0.0022333892
      },
      "nummod":{
        "p":0.0007639419,
        "r":0.0051020408,
        "f":0.0013289037
      },
      "aux":{
        "p":0.0,
        "r":0.0,
        "f":0.0
      },
      "advcl":{
        "p":0.0,
        "r":0.0,
        "f":0.0
      },
      "iobj":{
        "p":0.0,
        "r":0.0,
        "f":0.0
      },
      "det":{
        "p":0.0069767442,
        "r":0.0023677979,
        "f":0.0035356511
      },
      "acl:relcl":{
        "p":0.0,
        "r":0.0,
        "f":0.0
      },
      "xcomp":{
        "p":0.0,
        "r":0.0,
        "f":0.0
      },
      "discourse":{
        "p":0.0,
        "r":0.0,
        "f":0.0
      },
      "ccomp":{
        "p":0.0,
        "r":0.0,
        "f":0.0
      },
      "cop":{
        "p":0.0,
        "r":0.0,
        "f":0.0
      },
      "expl":{
        "p":0.0,
        "r":0.0,
        "f":0.0
      },
      "dep":{
        "p":0.0,
        "r":0.0,
        "f":0.0
      },
      "vocative":{
        "p":0.0,
        "r":0.0,
        "f":0.0
      },
      "orphan":{
        "p":0.0,
        "r":0.0,
        "f":0.0
      },
      "nmod":{
        "p":0.0,
        "r":0.0,
        "f":0.0
      },
      "dislocated":{
        "p":0.0,
        "r":0.0,
        "f":0.0
      },
      "flat:name":{
        "p":0.0,
        "r":0.0,
        "f":0.0
      },
      "fixed":{
        "p":0.0,
        "r":0.0,
        "f":0.0
      },
      "flat:foreign":{
        "p":0.0,
        "r":0.0,
        "f":0.0
      },
      "flat":{
        "p":0.0,
        "r":0.0,
        "f":0.0
      }
    }
  },
  "trainable_lemmatizer":{
    "lemma_acc":0.5202165727
  },
  "tagger":{
    "tag_acc":0.0
  },
  "morphologizer":{
    "pos_acc":0.1516490989,
    "morph_acc":0.0452744861,
    "morph_micro_p":0.3941760728,
    "morph_micro_r":0.2021423046,
    "morph_micro_f":0.2672386524,
    "morph_per_feat":{
      "Mood":{
        "p":0.2429801572,
        "r":0.0824022346,
        "f":0.123068171
      },
      "Number":{
        "p":0.632381135,
        "r":0.6142648748,
        "f":0.6231913721
      },
      "Person":{
        "p":0.1925996205,
        "r":0.0848484848,
        "f":0.1178006673
      },
      "Tense":{
        "p":0.3383333333,
        "r":0.0257745048,
        "f":0.0478999528
      },
      "VerbForm":{
        "p":0.2668686312,
        "r":0.0917613636,
        "f":0.1365654288
      },
      "Voice":{
        "p":0.0,
        "r":0.0,
        "f":0.0
      },
      "Case":{
        "p":0.0,
        "r":0.0,
        "f":0.0
      },
      "Gender":{
        "p":0.3305383753,
        "r":0.3522360331,
        "f":0.3410424429
      },
      "PronType":{
        "p":0.0760034159,
        "r":0.0482698774,
        "f":0.0590420592
      },
      "Definite":{
        "p":0.0,
        "r":0.0,
        "f":0.0
      },
      "Degree":{
        "p":0.0,
        "r":0.0,
        "f":0.0
      },
      "HebBinyan":{
        "p":0.0,
        "r":0.0,
        "f":0.0
      },
      "NumType":{
        "p":0.0047961631,
        "r":0.0116959064,
        "f":0.0068027211
      },
      "Aspect":{
        "p":0.0,
        "r":0.0,
        "f":0.0
      },
      "Foreign":{
        "p":0.0,
        "r":0.0,
        "f":0.0
      },
      "Polarity":{
        "p":0.0,
        "r":0.0,
        "f":0.0
      }
    }
  },
  "speed":4026.9748439968
}