{
  "tokenizer":{
    "token_acc":0.9981644203,
    "token_p":0.9974335877,
    "token_r":0.9959947049,
    "token_f":0.996713627
  },
  "transformer":{

  },
  "parser":{
    "sents_p":0.001636204,
    "sents_r":0.0150293255,
    "sents_f":0.0029511265,
    "dep_uas":0.1003139873,
    "dep_las":0.0394213642,
    "dep_las_per_type":{
      "root":{
        "p":0.0727185552,
        "r":0.6669109564,
        "f":0.1311380913
      },
      "nsubj":{
        "p":0.0169064945,
        "r":0.0517414601,
        "f":0.025485587
      },
      "advmod":{
        "p":0.0288184438,
        "r":0.0024073182,
        "f":0.004443457
      },
      "mark":{
        "p":0.0,
        "r":0.0,
        "f":0.0
      },
      "acl":{
        "p":0.0018132366,
        "r":0.0026007802,
        "f":0.0021367521
      },
      "compound:prt":{
        "p":0.0,
        "r":0.0,
        "f":0.0
      },
      "obj":{
        "p":0.0086906141,
        "r":0.0053022269,
        "f":0.006586169
      },
      "cc":{
        "p":0.0,
        "r":0.0,
        "f":0.0
      },
      "conj":{
        "p":0.0110103627,
        "r":0.0056235528,
        "f":0.0074447121
      },
      "case":{
        "p":0.0161290323,
        "r":0.0006107492,
        "f":0.0011769321
      },
      "amod":{
        "p":0.0,
        "r":0.0,
        "f":0.0
      },
      "obl":{
        "p":0.0,
        "r":0.0,
        "f":0.0
      },
      "nmod:poss":{
        "p":0.0,
        "r":0.0,
        "f":0.0
      },
      "parataxis":{
        "p":0.0,
        "r":0.0,
        "f":0.0
      },
      "appos":{
        "p":0.0048435171,
        "r":0.0203442879,
        "f":0.0078242552
      },
      "aux":{
        "p":0.0,
        "r":0.0,
        "f":0.0
      },
      "advcl":{
        "p":0.0,
        "r":0.0,
        "f":0.0
      },
      "iobj":{
        "p":0.0,
        "r":0.0,
        "f":0.0
      },
      "det":{
        "p":0.0,
        "r":0.0,
        "f":0.0
      },
      "acl:relcl":{
        "p":0.0,
        "r":0.0,
        "f":0.0
      },
      "xcomp":{
        "p":0.0,
        "r":0.0,
        "f":0.0
      },
      "flat":{
        "p":0.0,
        "r":0.0,
        "f":0.0
      },
      "compound:smixut":{
        "p":0.0,
        "r":0.0,
        "f":0.0
      },
      "ccomp":{
        "p":0.0,
        "r":0.0,
        "f":0.0
      },
      "cop":{
        "p":0.0185185185,
        "r":0.0012062726,
        "f":0.0022650057
      },
      "expl":{
        "p":0.0,
        "r":0.0,
        "f":0.0
      },
      "dep":{
        "p":0.0,
        "r":0.0,
        "f":0.0
      },
      "vocative":{
        "p":0.0,
        "r":0.0,
        "f":0.0
      },
      "flat:name":{
        "p":0.0,
        "r":0.0,
        "f":0.0
      },
      "nummod":{
        "p":0.0,
        "r":0.0,
        "f":0.0
      },
      "fixed":{
        "p":0.0,
        "r":0.0,
        "f":0.0
      },
      "nmod":{
        "p":0.0,
        "r":0.0,
        "f":0.0
      },
      "flat:foreign":{
        "p":0.0,
        "r":0.0,
        "f":0.0
      },
      "discourse":{
        "p":0.0,
        "r":0.0,
        "f":0.0
      },
      "dislocated":{
        "p":0.0,
        "r":0.0,
        "f":0.0
      }
    }
  },
  "trainable_lemmatizer":{
    "lemma_acc":0.5202165727
  },
  "tagger":{
    "tag_acc":0.0
  },
  "morphologizer":{
    "pos_acc":0.1003357559,
    "morph_acc":0.018802329,
    "morph_micro_p":0.4077572559,
    "morph_micro_r":0.2024285134,
    "morph_micro_f":0.2705461166,
    "morph_per_feat":{
      "Mood":{
        "p":0.1576559546,
        "r":0.0529456577,
        "f":0.0792700314
      },
      "Number":{
        "p":0.6263821282,
        "r":0.6017838893,
        "f":0.6138366767
      },
      "Person":{
        "p":0.1776384535,
        "r":0.0529045643,
        "f":0.0815282551
      },
      "Tense":{
        "p":0.0,
        "r":0.0,
        "f":0.0
      },
      "VerbForm":{
        "p":0.2329425909,
        "r":0.0733901515,
        "f":0.1116151797
      },
      "Voice":{
        "p":0.0,
        "r":0.0,
        "f":0.0
      },
      "Case":{
        "p":0.0,
        "r":0.0,
        "f":0.0
      },
      "Gender":{
        "p":0.3338978365,
        "r":0.4273455125,
        "f":0.3748860131
      },
      "PronType":{
        "p":0.0667454223,
        "r":0.0122572947,
        "f":0.0207111437
      },
      "Definite":{
        "p":0.0,
        "r":0.0,
        "f":0.0
      },
      "Degree":{
        "p":0.0,
        "r":0.0,
        "f":0.0
      },
      "Aspect":{
        "p":0.0,
        "r":0.0,
        "f":0.0
      },
      "HebBinyan":{
        "p":0.0,
        "r":0.0,
        "f":0.0
      },
      "Foreign":{
        "p":0.0,
        "r":0.0,
        "f":0.0
      },
      "NumType":{
        "p":0.0113636364,
        "r":0.0029239766,
        "f":0.0046511628
      },
      "Polarity":{
        "p":0.0,
        "r":0.0,
        "f":0.0
      }
    }
  },
  "speed":6685.4513901166
}