{
  "tokenizer":{
    "token_acc":0.9987632593,
    "token_p":0.9895828378,
    "token_r":0.9929125403,
    "token_f":0.9912448929
  },
  "transformer":{

  },
  "parser":{
    "sents_p":0.0099509877,
    "sents_r":0.0432258065,
    "sents_f":0.0161777134,
    "dep_uas":0.1194815416,
    "dep_las":0.0341806834,
    "dep_las_per_type":{
      "nsubj":{
        "p":0.0154612159,
        "r":0.042877907,
        "f":0.0227272727
      },
      "case":{
        "p":0.022875817,
        "r":0.0078183172,
        "f":0.0116537181
      },
      "obl":{
        "p":0.0078387458,
        "r":0.0025993316,
        "f":0.0039040714
      },
      "root":{
        "p":0.090363232,
        "r":0.3932258065,
        "f":0.1469559976
      },
      "det":{
        "p":0.0254237288,
        "r":0.0006487889,
        "f":0.0012652889
      },
      "flat:name":{
        "p":0.0,
        "r":0.0,
        "f":0.0
      },
      "advcl":{
        "p":0.0,
        "r":0.0,
        "f":0.0
      },
      "cop":{
        "p":0.0,
        "r":0.0,
        "f":0.0
      },
      "acl":{
        "p":0.0076335878,
        "r":0.002016129,
        "f":0.0031897927
      },
      "nummod":{
        "p":0.0014958863,
        "r":0.0363636364,
        "f":0.0028735632
      },
      "parataxis":{
        "p":0.0,
        "r":0.0,
        "f":0.0
      },
      "compound:smixut":{
        "p":0.0,
        "r":0.0,
        "f":0.0
      },
      "appos":{
        "p":0.0009878169,
        "r":0.012295082,
        "f":0.0018287108
      },
      "nmod":{
        "p":0.013136289,
        "r":0.0026238111,
        "f":0.0043739748
      },
      "advmod":{
        "p":0.0058651026,
        "r":0.0014825797,
        "f":0.0023668639
      },
      "obj":{
        "p":0.0,
        "r":0.0,
        "f":0.0
      },
      "cc":{
        "p":0.0,
        "r":0.0,
        "f":0.0
      },
      "conj":{
        "p":0.001934236,
        "r":0.0004752852,
        "f":0.0007630675
      },
      "xcomp":{
        "p":0.0,
        "r":0.0,
        "f":0.0
      },
      "dep":{
        "p":0.0,
        "r":0.0,
        "f":0.0
      },
      "amod":{
        "p":0.0,
        "r":0.0,
        "f":0.0
      },
      "dislocated":{
        "p":0.0,
        "r":0.0,
        "f":0.0
      },
      "orphan":{
        "p":0.0,
        "r":0.0,
        "f":0.0
      },
      "mark":{
        "p":0.0,
        "r":0.0,
        "f":0.0
      },
      "nsubj:pass":{
        "p":0.0,
        "r":0.0,
        "f":0.0
      },
      "csubj":{
        "p":0.0,
        "r":0.0,
        "f":0.0
      },
      "obl:arg":{
        "p":0.0,
        "r":0.0,
        "f":0.0
      },
      "discourse":{
        "p":0.0,
        "r":0.0,
        "f":0.0
      },
      "ccomp":{
        "p":0.0,
        "r":0.0,
        "f":0.0
      },
      "iobj":{
        "p":0.0,
        "r":0.0,
        "f":0.0
      },
      "vocative":{
        "p":0.0,
        "r":0.0,
        "f":0.0
      },
      "obl:agent":{
        "p":0.0,
        "r":0.0,
        "f":0.0
      },
      "flat":{
        "p":0.0,
        "r":0.0,
        "f":0.0
      },
      "fixed":{
        "p":0.0,
        "r":0.0,
        "f":0.0
      },
      "nsubj:outer":{
        "p":0.0,
        "r":0.0,
        "f":0.0
      },
      "advcl:cmp":{
        "p":0.0,
        "r":0.0,
        "f":0.0
      },
      "csubj:pass":{
        "p":0.0,
        "r":0.0,
        "f":0.0
      },
      "aux:pass":{
        "p":0.0,
        "r":0.0,
        "f":0.0
      },
      "aux":{
        "p":0.0,
        "r":0.0,
        "f":0.0
      }
    }
  },
  "trainable_lemmatizer":{
    "lemma_acc":0.2121598589
  },
  "tagger":{
    "tag_acc":0.0
  },
  "morphologizer":{
    "pos_acc":0.1269023424,
    "morph_acc":0.0392250429,
    "morph_micro_p":0.441846939,
    "morph_micro_r":0.1969162333,
    "morph_micro_f":0.272422828,
    "morph_per_feat":{
      "Case":{
        "p":0.0,
        "r":0.0,
        "f":0.0
      },
      "Gender":{
        "p":0.4050626516,
        "r":0.3641442587,
        "f":0.3835151167
      },
      "Number":{
        "p":0.6282647885,
        "r":0.5516454392,
        "f":0.5874674141
      },
      "Aspect":{
        "p":0.034965035,
        "r":0.0049407115,
        "f":0.0086580087
      },
      "Mood":{
        "p":0.0828343313,
        "r":0.0165767925,
        "f":0.0276252288
      },
      "Person":{
        "p":0.0916784203,
        "r":0.0198140527,
        "f":0.032585537
      },
      "Tense":{
        "p":0.1002331002,
        "r":0.0052747792,
        "f":0.0100221419
      },
      "VerbForm":{
        "p":0.0953697305,
        "r":0.016924209,
        "f":0.0287470055
      },
      "Voice":{
        "p":0.0277777778,
        "r":0.0001228199,
        "f":0.0002445586
      },
      "Definite":{
        "p":0.0,
        "r":0.0,
        "f":0.0
      },
      "PronType":{
        "p":0.0601404741,
        "r":0.0292735043,
        "f":0.0393791319
      },
      "HebBinyan":{
        "p":0.0,
        "r":0.0,
        "f":0.0
      },
      "Degree":{
        "p":0.0,
        "r":0.0,
        "f":0.0
      },
      "NumType":{
        "p":0.0,
        "r":0.0,
        "f":0.0
      },
      "Polarity":{
        "p":0.0,
        "r":0.0,
        "f":0.0
      },
      "Poss":{
        "p":0.0,
        "r":0.0,
        "f":0.0
      },
      "Reflex":{
        "p":0.0,
        "r":0.0,
        "f":0.0
      }
    }
  },
  "speed":2669.5231809967
}