{
  "tokenizer":{
    "token_acc":0.3369041243,
    "token_p":0.3369041243,
    "token_r":0.1658755274,
    "token_f":0.2223007599
  },
  "transformer":{

  },
  "parser":{
    "sents_p":0.2781690141,
    "sents_r":0.5,
    "sents_f":0.3574660633,
    "dep_uas":0.0622222222,
    "dep_las":0.0502415459,
    "dep_las_per_type":{
      "cc":{
        "p":0.0,
        "r":0.0,
        "f":0.0
      },
      "root":{
        "p":0.1979166667,
        "r":0.1202531646,
        "f":0.1496062992
      },
      "nsubj":{
        "p":0.5151515152,
        "r":0.0625,
        "f":0.1114754098
      },
      "case":{
        "p":1.0,
        "r":0.0043763676,
        "f":0.0087145969
      },
      "obj":{
        "p":0.3,
        "r":0.0163934426,
        "f":0.0310880829
      },
      "mark":{
        "p":0.8421052632,
        "r":0.1927710843,
        "f":0.3137254902
      },
      "advmod":{
        "p":0.6923076923,
        "r":0.1475409836,
        "f":0.2432432432
      },
      "ccomp":{
        "p":0.0,
        "r":0.0,
        "f":0.0
      },
      "obl":{
        "p":0.0,
        "r":0.0,
        "f":0.0
      },
      "det":{
        "p":0.0,
        "r":0.0,
        "f":0.0
      },
      "conj":{
        "p":0.48,
        "r":0.0377358491,
        "f":0.0699708455
      },
      "dislocated":{
        "p":0.0,
        "r":0.0,
        "f":0.0
      },
      "nmod:poss":{
        "p":0.0,
        "r":0.0,
        "f":0.0
      },
      "discourse":{
        "p":0.3333333333,
        "r":0.0476190476,
        "f":0.0833333333
      },
      "compound:smixut":{
        "p":0.5555555556,
        "r":0.1146788991,
        "f":0.1901140684
      },
      "parataxis":{
        "p":0.125,
        "r":0.0185185185,
        "f":0.0322580645
      },
      "xcomp":{
        "p":0.0,
        "r":0.0,
        "f":0.0
      },
      "appos":{
        "p":0.5925925926,
        "r":0.2133333333,
        "f":0.3137254902
      },
      "nmod":{
        "p":0.0,
        "r":0.0,
        "f":0.0
      },
      "cop":{
        "p":0.6666666667,
        "r":0.0714285714,
        "f":0.1290322581
      },
      "acl":{
        "p":0.0,
        "r":0.0,
        "f":0.0
      },
      "advcl":{
        "p":0.0,
        "r":0.0,
        "f":0.0
      },
      "nummod":{
        "p":0.6,
        "r":0.1818181818,
        "f":0.2790697674
      },
      "vocative":{
        "p":0.0,
        "r":0.0,
        "f":0.0
      },
      "amod":{
        "p":0.0,
        "r":0.0,
        "f":0.0
      },
      "csubj":{
        "p":0.0,
        "r":0.0,
        "f":0.0
      },
      "orphan":{
        "p":0.0,
        "r":0.0,
        "f":0.0
      },
      "dep":{
        "p":0.0,
        "r":0.0,
        "f":0.0
      },
      "flat":{
        "p":0.5,
        "r":0.1666666667,
        "f":0.25
      },
      "flat:name":{
        "p":0.0,
        "r":0.0,
        "f":0.0
      }
    }
  },
  "trainable_lemmatizer":{
    "lemma_acc":0.0940963583
  },
  "tagger":{
    "tag_acc":0.1936213526
  },
  "morphologizer":{
    "pos_acc":0.22483601,
    "morph_acc":0.2022166931,
    "morph_micro_p":0.8244575937,
    "morph_micro_r":0.1738045738,
    "morph_micro_f":0.2870879121,
    "morph_per_feat":{
      "Gender":{
        "p":0.8148984199,
        "r":0.2091541136,
        "f":0.3328722914
      },
      "HebBinyan":{
        "p":0.6571428571,
        "r":0.1332046332,
        "f":0.2215088283
      },
      "Mood":{
        "p":0.7790697674,
        "r":0.1466083151,
        "f":0.2467771639
      },
      "Number":{
        "p":0.915547025,
        "r":0.2383808096,
        "f":0.3782712133
      },
      "Person":{
        "p":0.7413793103,
        "r":0.1002331002,
        "f":0.1765913758
      },
      "Tense":{
        "p":0.0,
        "r":0.0,
        "f":0.0
      },
      "VerbForm":{
        "p":0.7452830189,
        "r":0.1496212121,
        "f":0.2492113565
      },
      "PronType":{
        "p":0.9047619048,
        "r":0.0610932476,
        "f":0.1144578313
      },
      "Polarity":{
        "p":1.0,
        "r":0.3461538462,
        "f":0.5142857143
      },
      "Aspect":{
        "p":0.7571428571,
        "r":0.2960893855,
        "f":0.4257028112
      },
      "NumType":{
        "p":0.6842105263,
        "r":0.26,
        "f":0.3768115942
      },
      "Voice":{
        "p":0.5,
        "r":0.3333333333,
        "f":0.4
      }
    }
  },
  "speed":614.2105757709
}