{
  "tokenizer":{
    "token_acc":0.9987632593,
    "token_p":0.9895828378,
    "token_r":0.9929125403,
    "token_f":0.9912448929
  },
  "transformer":{

  },
  "parser":{
    "sents_p":0.1162759723,
    "sents_r":0.2816129032,
    "sents_f":0.1645927602,
    "dep_uas":0.1407948453,
    "dep_las":0.0330998894,
    "dep_las_per_type":{
      "nsubj":{
        "p":0.0105335471,
        "r":0.0501453488,
        "f":0.017409954
      },
      "case":{
        "p":0.0081967213,
        "r":0.0003723008,
        "f":0.0007122507
      },
      "obl":{
        "p":0.0213675214,
        "r":0.0018566654,
        "f":0.0034164674
      },
      "root":{
        "p":0.153212958,
        "r":0.3722580645,
        "f":0.2170805117
      },
      "det":{
        "p":0.0,
        "r":0.0,
        "f":0.0
      },
      "flat:name":{
        "p":0.0,
        "r":0.0,
        "f":0.0
      },
      "advcl":{
        "p":0.0,
        "r":0.0,
        "f":0.0
      },
      "cop":{
        "p":0.0,
        "r":0.0,
        "f":0.0
      },
      "acl":{
        "p":0.0,
        "r":0.0,
        "f":0.0
      },
      "parataxis":{
        "p":0.0007334067,
        "r":0.0784313725,
        "f":0.0014532243
      },
      "appos":{
        "p":0.0019590771,
        "r":0.0368852459,
        "f":0.0037205457
      },
      "compound:smixut":{
        "p":0.0,
        "r":0.0,
        "f":0.0
      },
      "nmod":{
        "p":0.0,
        "r":0.0,
        "f":0.0
      },
      "advmod":{
        "p":0.0061957869,
        "r":0.0012354831,
        "f":0.0020601566
      },
      "obj":{
        "p":0.0602409639,
        "r":0.0031867431,
        "f":0.0060532688
      },
      "cc":{
        "p":0.0,
        "r":0.0,
        "f":0.0
      },
      "conj":{
        "p":0.0173761946,
        "r":0.0095057034,
        "f":0.0122887865
      },
      "xcomp":{
        "p":0.0,
        "r":0.0,
        "f":0.0
      },
      "mark":{
        "p":0.0,
        "r":0.0,
        "f":0.0
      },
      "dep":{
        "p":0.0,
        "r":0.0,
        "f":0.0
      },
      "nsubj:pass":{
        "p":0.0,
        "r":0.0,
        "f":0.0
      },
      "dislocated":{
        "p":0.0,
        "r":0.0,
        "f":0.0
      },
      "csubj":{
        "p":0.0,
        "r":0.0,
        "f":0.0
      },
      "amod":{
        "p":0.0138888889,
        "r":0.002004008,
        "f":0.003502627
      },
      "obl:arg":{
        "p":0.0,
        "r":0.0,
        "f":0.0
      },
      "nummod":{
        "p":0.0,
        "r":0.0,
        "f":0.0
      },
      "discourse":{
        "p":0.0,
        "r":0.0,
        "f":0.0
      },
      "ccomp":{
        "p":0.0,
        "r":0.0,
        "f":0.0
      },
      "orphan":{
        "p":0.0,
        "r":0.0,
        "f":0.0
      },
      "iobj":{
        "p":0.0,
        "r":0.0,
        "f":0.0
      },
      "vocative":{
        "p":0.0,
        "r":0.0,
        "f":0.0
      },
      "obl:agent":{
        "p":0.0,
        "r":0.0,
        "f":0.0
      },
      "fixed":{
        "p":0.0,
        "r":0.0,
        "f":0.0
      },
      "nsubj:outer":{
        "p":0.0,
        "r":0.0,
        "f":0.0
      },
      "advcl:cmp":{
        "p":0.0,
        "r":0.0,
        "f":0.0
      },
      "csubj:pass":{
        "p":0.0,
        "r":0.0,
        "f":0.0
      },
      "flat":{
        "p":0.0,
        "r":0.0,
        "f":0.0
      },
      "aux:pass":{
        "p":0.0,
        "r":0.0,
        "f":0.0
      },
      "aux":{
        "p":0.0,
        "r":0.0,
        "f":0.0
      }
    }
  },
  "trainable_lemmatizer":{
    "lemma_acc":0.2121598589
  },
  "tagger":{
    "tag_acc":0.0
  },
  "morphologizer":{
    "pos_acc":0.1481614007,
    "morph_acc":0.0245095699,
    "morph_micro_p":0.4333664764,
    "morph_micro_r":0.2259561516,
    "morph_micro_f":0.2970376477,
    "morph_per_feat":{
      "Case":{
        "p":0.0,
        "r":0.0,
        "f":0.0
      },
      "Gender":{
        "p":0.4240067625,
        "r":0.4556686047,
        "f":0.4392678869
      },
      "Number":{
        "p":0.6312467334,
        "r":0.5779651034,
        "f":0.6034320414
      },
      "Aspect":{
        "p":0.0903732809,
        "r":0.0303030303,
        "f":0.0453872718
      },
      "Mood":{
        "p":0.0980392157,
        "r":0.04593569,
        "f":0.0625594995
      },
      "Person":{
        "p":0.0880369187,
        "r":0.037799116,
        "f":0.0528897419
      },
      "Tense":{
        "p":0.0,
        "r":0.0,
        "f":0.0
      },
      "VerbForm":{
        "p":0.2018662519,
        "r":0.0795928379,
        "f":0.1141701117
      },
      "Voice":{
        "p":0.0505050505,
        "r":0.0006140997,
        "f":0.001213445
      },
      "Definite":{
        "p":0.0,
        "r":0.0,
        "f":0.0
      },
      "PronType":{
        "p":0.0755813953,
        "r":0.0138888889,
        "f":0.023465704
      },
      "NumType":{
        "p":0.0,
        "r":0.0,
        "f":0.0
      },
      "HebBinyan":{
        "p":0.0,
        "r":0.0,
        "f":0.0
      },
      "Degree":{
        "p":0.0,
        "r":0.0,
        "f":0.0
      },
      "Polarity":{
        "p":0.0117647059,
        "r":0.0025510204,
        "f":0.0041928721
      },
      "Poss":{
        "p":0.0,
        "r":0.0,
        "f":0.0
      },
      "Reflex":{
        "p":0.0,
        "r":0.0,
        "f":0.0
      }
    }
  },
  "speed":2771.4214104185
}