{
  "tokenizer":{
    "token_acc":0.9981644203,
    "token_p":0.9974335877,
    "token_r":0.9959947049,
    "token_f":0.996713627
  },
  "transformer":{

  },
  "parser":{
    "sents_p":0.0758981058,
    "sents_r":0.2129765396,
    "sents_f":0.1119137051,
    "dep_uas":0.1372690142,
    "dep_las":0.0360207992,
    "dep_las_per_type":{
      "root":{
        "p":0.168496732,
        "r":0.4723341883,
        "f":0.2483861644
      },
      "nsubj":{
        "p":0.0419724934,
        "r":0.0986269257,
        "f":0.0588852787
      },
      "advmod":{
        "p":0.0064683053,
        "r":0.0012036591,
        "f":0.0020296326
      },
      "mark":{
        "p":0.04,
        "r":0.0003202049,
        "f":0.000635324
      },
      "acl":{
        "p":0.0031847134,
        "r":0.0013003901,
        "f":0.0018467221
      },
      "compound:prt":{
        "p":0.0,
        "r":0.0,
        "f":0.0
      },
      "obj":{
        "p":0.0158995816,
        "r":0.0067161541,
        "f":0.00944334
      },
      "obl":{
        "p":0.0456140351,
        "r":0.0022759104,
        "f":0.0043355011
      },
      "cc":{
        "p":0.0,
        "r":0.0,
        "f":0.0
      },
      "conj":{
        "p":0.0218423552,
        "r":0.0076083361,
        "f":0.0112855741
      },
      "case":{
        "p":0.0425531915,
        "r":0.0004071661,
        "f":0.0008066142
      },
      "amod":{
        "p":0.0063291139,
        "r":0.0004061738,
        "f":0.0007633588
      },
      "nmod:poss":{
        "p":0.0,
        "r":0.0,
        "f":0.0
      },
      "compound:smixut":{
        "p":0.0,
        "r":0.0,
        "f":0.0
      },
      "appos":{
        "p":0.0046737372,
        "r":0.0813771518,
        "f":0.008839779
      },
      "parataxis":{
        "p":0.0,
        "r":0.0,
        "f":0.0
      },
      "aux":{
        "p":0.0,
        "r":0.0,
        "f":0.0
      },
      "advcl":{
        "p":0.0,
        "r":0.0,
        "f":0.0
      },
      "iobj":{
        "p":0.0,
        "r":0.0,
        "f":0.0
      },
      "det":{
        "p":0.0,
        "r":0.0,
        "f":0.0
      },
      "acl:relcl":{
        "p":0.0,
        "r":0.0,
        "f":0.0
      },
      "xcomp":{
        "p":0.0,
        "r":0.0,
        "f":0.0
      },
      "nummod":{
        "p":0.0,
        "r":0.0,
        "f":0.0
      },
      "ccomp":{
        "p":0.0236686391,
        "r":0.0027932961,
        "f":0.004996877
      },
      "cop":{
        "p":0.015625,
        "r":0.0012062726,
        "f":0.0022396417
      },
      "dep":{
        "p":0.0042372881,
        "r":0.0047169811,
        "f":0.0044642857
      },
      "expl":{
        "p":0.0,
        "r":0.0,
        "f":0.0
      },
      "vocative":{
        "p":0.0,
        "r":0.0,
        "f":0.0
      },
      "flat:name":{
        "p":0.0,
        "r":0.0,
        "f":0.0
      },
      "fixed":{
        "p":0.0,
        "r":0.0,
        "f":0.0
      },
      "discourse":{
        "p":0.0,
        "r":0.0,
        "f":0.0
      },
      "nmod":{
        "p":0.0,
        "r":0.0,
        "f":0.0
      },
      "flat:foreign":{
        "p":0.0,
        "r":0.0,
        "f":0.0
      },
      "flat":{
        "p":0.0,
        "r":0.0,
        "f":0.0
      },
      "orphan":{
        "p":0.0,
        "r":0.0,
        "f":0.0
      },
      "dislocated":{
        "p":0.0,
        "r":0.0,
        "f":0.0
      }
    }
  },
  "trainable_lemmatizer":{
    "lemma_acc":0.5202165727
  },
  "tagger":{
    "tag_acc":0.0
  },
  "morphologizer":{
    "pos_acc":0.1180920969,
    "morph_acc":0.0318777255,
    "morph_micro_p":0.4091035529,
    "morph_micro_r":0.2119120286,
    "morph_micro_f":0.2792006075,
    "morph_per_feat":{
      "Mood":{
        "p":0.0873266078,
        "r":0.0351701371,
        "f":0.0501448226
      },
      "Number":{
        "p":0.6796038715,
        "r":0.6567252005,
        "f":0.6679686885
      },
      "Person":{
        "p":0.0828488372,
        "r":0.0295643154,
        "f":0.0435779817
      },
      "Tense":{
        "p":0.0,
        "r":0.0,
        "f":0.0
      },
      "VerbForm":{
        "p":0.180566968,
        "r":0.0832386364,
        "f":0.1139486648
      },
      "Voice":{
        "p":0.0,
        "r":0.0,
        "f":0.0
      },
      "Case":{
        "p":0.0,
        "r":0.0,
        "f":0.0
      },
      "Gender":{
        "p":0.331977105,
        "r":0.4258857876,
        "f":0.3731132167
      },
      "PronType":{
        "p":0.1213017751,
        "r":0.008894674,
        "f":0.0165740273
      },
      "Definite":{
        "p":0.0,
        "r":0.0,
        "f":0.0
      },
      "Degree":{
        "p":0.0,
        "r":0.0,
        "f":0.0
      },
      "Aspect":{
        "p":0.0,
        "r":0.0,
        "f":0.0
      },
      "HebBinyan":{
        "p":0.0,
        "r":0.0,
        "f":0.0
      },
      "Foreign":{
        "p":0.0,
        "r":0.0,
        "f":0.0
      },
      "NumType":{
        "p":0.0,
        "r":0.0,
        "f":0.0
      },
      "Polarity":{
        "p":0.0,
        "r":0.0,
        "f":0.0
      }
    }
  },
  "speed":4149.466717081
}