{
  "tokenizer":{
    "token_acc":0.7739689341,
    "token_p":0.7739689341,
    "token_r":0.5540644172,
    "token_f":0.6458100559
  },
  "transformer":{

  },
  "parser":{
    "sents_p":0.5302325581,
    "sents_r":0.7215189873,
    "sents_f":0.6112600536,
    "dep_uas":0.4605362065,
    "dep_las":0.4064144325,
    "dep_las_per_type":{
      "root":{
        "p":0.7777777778,
        "r":0.7974683544,
        "f":0.7875
      },
      "nsubj":{
        "p":0.6951219512,
        "r":0.5205479452,
        "f":0.5953002611
      },
      "obj":{
        "p":0.6666666667,
        "r":0.1854304636,
        "f":0.2901554404
      },
      "mark":{
        "p":0.8125,
        "r":0.4,
        "f":0.5360824742
      },
      "ccomp":{
        "p":0.48,
        "r":0.3116883117,
        "f":0.3779527559
      },
      "obl":{
        "p":0.615819209,
        "r":0.3771626298,
        "f":0.4678111588
      },
      "advmod":{
        "p":0.7083333333,
        "r":0.3695652174,
        "f":0.4857142857
      },
      "cc":{
        "p":0.5942028986,
        "r":0.3867924528,
        "f":0.4685714286
      },
      "conj":{
        "p":0.7198067633,
        "r":0.4685534591,
        "f":0.5676190476
      },
      "dislocated":{
        "p":0.0,
        "r":0.0,
        "f":0.0
      },
      "discourse":{
        "p":0.5,
        "r":0.1333333333,
        "f":0.2105263158
      },
      "compound:smixut":{
        "p":0.7474747475,
        "r":0.3394495413,
        "f":0.4668769716
      },
      "case":{
        "p":0.8461538462,
        "r":0.0769230769,
        "f":0.141025641
      },
      "parataxis":{
        "p":0.2916666667,
        "r":0.2592592593,
        "f":0.2745098039
      },
      "xcomp":{
        "p":0.3333333333,
        "r":0.125,
        "f":0.1818181818
      },
      "appos":{
        "p":0.6129032258,
        "r":0.2533333333,
        "f":0.358490566
      },
      "acl":{
        "p":0.7391304348,
        "r":0.425,
        "f":0.5396825397
      },
      "advcl":{
        "p":0.5625,
        "r":0.2093023256,
        "f":0.3050847458
      },
      "nummod":{
        "p":0.619047619,
        "r":0.52,
        "f":0.5652173913
      },
      "nmod":{
        "p":0.0,
        "r":0.0,
        "f":0.0
      },
      "det":{
        "p":0.8,
        "r":0.4444444444,
        "f":0.5714285714
      },
      "cop":{
        "p":0.8333333333,
        "r":0.5555555556,
        "f":0.6666666667
      },
      "vocative":{
        "p":0.0,
        "r":0.0,
        "f":0.0
      },
      "amod":{
        "p":0.375,
        "r":0.2,
        "f":0.2608695652
      },
      "dep":{
        "p":0.0,
        "r":0.0,
        "f":0.0
      },
      "csubj":{
        "p":0.0,
        "r":0.0,
        "f":0.0
      },
      "flat":{
        "p":0.75,
        "r":0.5,
        "f":0.6
      },
      "orphan":{
        "p":0.0,
        "r":0.0,
        "f":0.0
      },
      "flat:name":{
        "p":0.0,
        "r":0.0,
        "f":0.0
      }
    }
  },
  "trainable_lemmatizer":{
    "lemma_acc":0.2190969652
  },
  "tagger":{
    "tag_acc":0.5373797187
  },
  "morphologizer":{
    "pos_acc":0.6237355046,
    "morph_acc":0.5605724155,
    "morph_micro_p":0.8998422713,
    "morph_micro_r":0.6728586171,
    "morph_micro_f":0.7699704766,
    "morph_per_feat":{
      "Gender":{
        "p":0.876475931,
        "r":0.6221792392,
        "f":0.7277526395
      },
      "HebBinyan":{
        "p":0.8238095238,
        "r":0.667953668,
        "f":0.7377398721
      },
      "Mood":{
        "p":0.907651715,
        "r":0.7527352298,
        "f":0.8229665072
      },
      "Number":{
        "p":0.9441823899,
        "r":0.675858188,
        "f":0.7877992785
      },
      "Person":{
        "p":0.898089172,
        "r":0.6754491018,
        "f":0.7710184552
      },
      "Tense":{
        "p":0.9825327511,
        "r":0.9221311475,
        "f":0.9513742072
      },
      "VerbForm":{
        "p":0.8985849057,
        "r":0.7215909091,
        "f":0.8004201681
      },
      "PronType":{
        "p":0.9084507042,
        "r":0.6323529412,
        "f":0.7456647399
      },
      "Polarity":{
        "p":0.9375,
        "r":0.5769230769,
        "f":0.7142857143
      },
      "Aspect":{
        "p":0.7593984962,
        "r":0.5642458101,
        "f":0.6474358974
      },
      "NumType":{
        "p":0.8461538462,
        "r":0.66,
        "f":0.7415730337
      },
      "Voice":{
        "p":0.4,
        "r":0.3333333333,
        "f":0.3636363636
      }
    }
  },
  "speed":442.4222516853
}