{
  "tokenizer":{
    "token_acc":1.0,
    "token_p":0.9963401882,
    "token_r":0.998777079,
    "token_f":0.9975571453
  },
  "transformer":{

  },
  "parser":{
    "sents_p":0.0966292135,
    "sents_r":0.2388888889,
    "sents_f":0.1376,
    "dep_uas":0.2731007955,
    "dep_las":0.084236281,
    "dep_las_per_type":{
      "cc":{
        "p":0.2125,
        "r":0.0651340996,
        "f":0.0997067449
      },
      "xcomp":{
        "p":0.0086206897,
        "r":0.0046082949,
        "f":0.006006006
      },
      "root":{
        "p":0.2089552239,
        "r":0.5185185185,
        "f":0.2978723404
      },
      "nsubj":{
        "p":0.0298507463,
        "r":0.0177383592,
        "f":0.0222531293
      },
      "nsubj:pass":{
        "p":0.0,
        "r":0.0,
        "f":0.0
      },
      "advmod":{
        "p":0.0290456432,
        "r":0.0193370166,
        "f":0.0232172471
      },
      "acl":{
        "p":0.0,
        "r":0.0,
        "f":0.0
      },
      "case":{
        "p":0.1836734694,
        "r":0.0357852883,
        "f":0.0599001664
      },
      "obl":{
        "p":0.0722543353,
        "r":0.0568181818,
        "f":0.0636132316
      },
      "dep":{
        "p":0.0,
        "r":0.0,
        "f":0.0
      },
      "det":{
        "p":0.0828729282,
        "r":0.1287553648,
        "f":0.1008403361
      },
      "obj":{
        "p":0.0840336134,
        "r":0.0276243094,
        "f":0.0415800416
      },
      "amod":{
        "p":0.0,
        "r":0.0,
        "f":0.0
      },
      "appos":{
        "p":0.0,
        "r":0.0,
        "f":0.0
      },
      "orphan":{
        "p":0.0037453184,
        "r":0.025,
        "f":0.006514658
      },
      "conj":{
        "p":0.0465517241,
        "r":0.0791788856,
        "f":0.0586319218
      },
      "fixed":{
        "p":0.0,
        "r":0.0,
        "f":0.0
      },
      "advcl":{
        "p":0.0,
        "r":0.0,
        "f":0.0
      },
      "nmod":{
        "p":0.0381944444,
        "r":0.0454545455,
        "f":0.041509434
      },
      "cop":{
        "p":0.0,
        "r":0.0,
        "f":0.0
      },
      "obl:arg":{
        "p":0.0,
        "r":0.0,
        "f":0.0
      },
      "discourse":{
        "p":0.0,
        "r":0.0,
        "f":0.0
      },
      "mark":{
        "p":0.0,
        "r":0.0,
        "f":0.0
      },
      "ccomp":{
        "p":0.0,
        "r":0.0,
        "f":0.0
      },
      "nummod":{
        "p":0.0,
        "r":0.0,
        "f":0.0
      },
      "vocative":{
        "p":0.0,
        "r":0.0,
        "f":0.0
      },
      "parataxis":{
        "p":0.0,
        "r":0.0,
        "f":0.0
      },
      "dislocated":{
        "p":0.0,
        "r":0.0,
        "f":0.0
      },
      "flat:name":{
        "p":0.0,
        "r":0.0,
        "f":0.0
      },
      "csubj":{
        "p":0.0,
        "r":0.0,
        "f":0.0
      },
      "advcl:cmp":{
        "p":0.0,
        "r":0.0,
        "f":0.0
      },
      "expl:pv":{
        "p":0.0,
        "r":0.0,
        "f":0.0
      },
      "obl:agent":{
        "p":0.0,
        "r":0.0,
        "f":0.0
      },
      "csubj:pass":{
        "p":0.0,
        "r":0.0,
        "f":0.0
      },
      "nsubj:outer":{
        "p":0.0,
        "r":0.0,
        "f":0.0
      }
    }
  },
  "trainable_lemmatizer":{
    "lemma_acc":0.4197207679
  },
  "tagger":{
    "tag_acc":0.110810575
  },
  "morphologizer":{
    "pos_acc":0.2727986735,
    "morph_acc":0.2007331122,
    "morph_micro_p":0.3044296059,
    "morph_micro_r":0.1835138046,
    "morph_micro_f":0.2289898132,
    "morph_per_feat":{
      "Case":{
        "p":0.2272727273,
        "r":0.1619644723,
        "f":0.1891397193
      },
      "Degree":{
        "p":0.0348837209,
        "r":0.0517241379,
        "f":0.0416666667
      },
      "Gender":{
        "p":0.2539138943,
        "r":0.1831333804,
        "f":0.2127921279
      },
      "Number":{
        "p":0.5726698262,
        "r":0.3795811518,
        "f":0.4565491184
      },
      "Strength":{
        "p":0.0,
        "r":0.0,
        "f":0.0
      },
      "Mood":{
        "p":0.1786447639,
        "r":0.0916754478,
        "f":0.1211699164
      },
      "Person":{
        "p":0.1843971631,
        "r":0.0670967742,
        "f":0.0983916746
      },
      "Tense":{
        "p":0.2328308208,
        "r":0.1072530864,
        "f":0.146856841
      },
      "VerbForm":{
        "p":0.3082077052,
        "r":0.1419753086,
        "f":0.1944004226
      },
      "Voice":{
        "p":0.4096989967,
        "r":0.1890432099,
        "f":0.2587117212
      },
      "PronType":{
        "p":0.0673076923,
        "r":0.0337620579,
        "f":0.0449678801
      },
      "Polarity":{
        "p":0.0769230769,
        "r":0.0454545455,
        "f":0.0571428571
      },
      "Definite":{
        "p":0.0,
        "r":0.0,
        "f":0.0
      },
      "Aspect":{
        "p":0.0184501845,
        "r":0.0735294118,
        "f":0.0294985251
      },
      "Poss":{
        "p":0.0,
        "r":0.0,
        "f":0.0
      },
      "Reflex":{
        "p":0.0,
        "r":0.0,
        "f":0.0
      }
    }
  },
  "speed":1681.5137941341
}