{
  "tokenizer":{
    "token_acc":1.0,
    "token_p":1.0,
    "token_r":1.0,
    "token_f":1.0
  },
  "transformer":{

  },
  "parser":{
    "sents_p":0.0837808808,
    "sents_r":0.195,
    "sents_f":0.1172051089,
    "dep_uas":0.2074019787,
    "dep_las":0.0883107365,
    "dep_las_per_type":{
      "obl":{
        "p":0.0,
        "r":0.0,
        "f":0.0
      },
      "vocative":{
        "p":0.0,
        "r":0.0,
        "f":0.0
      },
      "advmod":{
        "p":0.0,
        "r":0.0,
        "f":0.0
      },
      "case":{
        "p":0.0,
        "r":0.0,
        "f":0.0
      },
      "acl":{
        "p":0.0,
        "r":0.0,
        "f":0.0
      },
      "conj":{
        "p":0.025477707,
        "r":0.0227272727,
        "f":0.024024024
      },
      "amod":{
        "p":0.0,
        "r":0.0,
        "f":0.0
      },
      "obj":{
        "p":0.0,
        "r":0.0,
        "f":0.0
      },
      "root":{
        "p":0.2373791622,
        "r":0.5525,
        "f":0.332081142
      },
      "nsubj":{
        "p":0.0444444444,
        "r":0.0313479624,
        "f":0.0367647059
      },
      "nmod":{
        "p":0.010989011,
        "r":0.0128205128,
        "f":0.0118343195
      },
      "nummod":{
        "p":0.0,
        "r":0.0,
        "f":0.0
      },
      "cop":{
        "p":0.0,
        "r":0.0,
        "f":0.0
      },
      "orphan":{
        "p":0.0,
        "r":0.0,
        "f":0.0
      },
      "appos":{
        "p":0.0149253731,
        "r":0.0625,
        "f":0.0240963855
      },
      "dep":{
        "p":0.0,
        "r":0.0,
        "f":0.0
      },
      "det":{
        "p":0.0133333333,
        "r":0.0256410256,
        "f":0.0175438596
      },
      "obl:arg":{
        "p":0.0,
        "r":0.0,
        "f":0.0
      },
      "iobj":{
        "p":0.0,
        "r":0.0,
        "f":0.0
      },
      "xcomp":{
        "p":0.0,
        "r":0.0,
        "f":0.0
      },
      "discourse":{
        "p":0.0588235294,
        "r":0.010989011,
        "f":0.0185185185
      },
      "cc":{
        "p":0.0,
        "r":0.0,
        "f":0.0
      },
      "advcl":{
        "p":0.0,
        "r":0.0,
        "f":0.0
      },
      "ccomp":{
        "p":0.0,
        "r":0.0,
        "f":0.0
      },
      "mark":{
        "p":0.0,
        "r":0.0,
        "f":0.0
      },
      "parataxis":{
        "p":0.0,
        "r":0.0,
        "f":0.0
      },
      "fixed":{
        "p":0.0,
        "r":0.0,
        "f":0.0
      },
      "aux":{
        "p":0.0,
        "r":0.0,
        "f":0.0
      },
      "dislocated":{
        "p":0.0,
        "r":0.0,
        "f":0.0
      },
      "compound":{
        "p":0.0,
        "r":0.0,
        "f":0.0
      },
      "flat":{
        "p":0.0,
        "r":0.0,
        "f":0.0
      },
      "csubj":{
        "p":0.0,
        "r":0.0,
        "f":0.0
      }
    }
  },
  "trainable_lemmatizer":{
    "lemma_acc":0.2521069989
  },
  "tagger":{
    "tag_acc":0.0
  },
  "morphologizer":{
    "pos_acc":0.2271894467,
    "morph_acc":0.1150604617,
    "morph_micro_p":0.2578125,
    "morph_micro_r":0.2412986253,
    "morph_micro_f":0.2492823689,
    "morph_per_feat":{
      "Case":{
        "p":0.2661157025,
        "r":0.196941896,
        "f":0.2263620387
      },
      "Number":{
        "p":0.6224689745,
        "r":0.4621726479,
        "f":0.5304759254
      },
      "Gender":{
        "p":0.2357320099,
        "r":0.1787954831,
        "f":0.2033535498
      },
      "Tense":{
        "p":0.1045576408,
        "r":0.0718232044,
        "f":0.0851528384
      },
      "VerbForm":{
        "p":0.0053619303,
        "r":0.0145985401,
        "f":0.0078431373
      },
      "Mood":{
        "p":0.0903426791,
        "r":0.0679156909,
        "f":0.077540107
      },
      "Person":{
        "p":0.0573065903,
        "r":0.0468384075,
        "f":0.0515463918
      },
      "Degree":{
        "p":0.0,
        "r":0.0,
        "f":0.0
      },
      "Voice":{
        "p":0.0,
        "r":0.0,
        "f":0.0
      },
      "Polarity":{
        "p":0.0,
        "r":0.0,
        "f":0.0
      },
      "PronType":{
        "p":0.0,
        "r":0.0,
        "f":0.0
      },
      "Aspect":{
        "p":0.0,
        "r":0.0,
        "f":0.0
      },
      "Definite":{
        "p":0.0,
        "r":0.0,
        "f":0.0
      }
    }
  },
  "speed":949.1997018536
}