{
  "tokenizer":{
    "token_acc":0.9464403791,
    "token_p":0.9418117699,
    "token_r":0.8969353484,
    "token_f":0.9188259327
  },
  "transformer":{

  },
  "parser":{
    "sents_p":0.1973856209,
    "sents_r":0.3881748072,
    "sents_f":0.2616984402,
    "dep_uas":0.1880923451,
    "dep_las":0.0588092345,
    "dep_las_per_type":{
      "advmod":{
        "p":0.0509803922,
        "r":0.0266393443,
        "f":0.0349932705
      },
      "iobj":{
        "p":0.0,
        "r":0.0,
        "f":0.0
      },
      "root":{
        "p":0.197740113,
        "r":0.3598971722,
        "f":0.2552415679
      },
      "nsubj":{
        "p":0.0223880597,
        "r":0.0079155673,
        "f":0.0116959064
      },
      "cc:nc":{
        "p":0.0,
        "r":0.0,
        "f":0.0
      },
      "expl":{
        "p":0.0,
        "r":0.0,
        "f":0.0
      },
      "case":{
        "p":0.2047244094,
        "r":0.1035856574,
        "f":0.1375661376
      },
      "obl":{
        "p":0.0242424242,
        "r":0.0139372822,
        "f":0.017699115
      },
      "ccomp":{
        "p":0.0,
        "r":0.0,
        "f":0.0
      },
      "det":{
        "p":0.1549295775,
        "r":0.0982142857,
        "f":0.1202185792
      },
      "obj":{
        "p":0.0373563218,
        "r":0.0355191257,
        "f":0.0364145658
      },
      "mark":{
        "p":0.0,
        "r":0.0,
        "f":0.0
      },
      "aux":{
        "p":0.0,
        "r":0.0,
        "f":0.0
      },
      "acl":{
        "p":0.0,
        "r":0.0,
        "f":0.0
      },
      "nmod":{
        "p":0.0051546392,
        "r":0.0357142857,
        "f":0.009009009
      },
      "advcl":{
        "p":0.0,
        "r":0.0,
        "f":0.0
      },
      "acl:relcl":{
        "p":0.0,
        "r":0.0,
        "f":0.0
      },
      "cop":{
        "p":0.0243902439,
        "r":0.0333333333,
        "f":0.0281690141
      },
      "amod":{
        "p":0.0425531915,
        "r":0.0188679245,
        "f":0.0261437908
      },
      "xcomp":{
        "p":0.0042553191,
        "r":0.0125,
        "f":0.0063492063
      },
      "conj":{
        "p":0.0031847134,
        "r":0.0074626866,
        "f":0.0044642857
      },
      "appos":{
        "p":0.0,
        "r":0.0,
        "f":0.0
      },
      "cc":{
        "p":0.0517241379,
        "r":0.025,
        "f":0.0337078652
      },
      "flat":{
        "p":0.0,
        "r":0.0,
        "f":0.0
      },
      "dep":{
        "p":0.0,
        "r":0.0,
        "f":0.0
      },
      "vocative":{
        "p":0.0,
        "r":0.0,
        "f":0.0
      },
      "case:det":{
        "p":0.0,
        "r":0.0,
        "f":0.0
      },
      "orphan":{
        "p":0.0,
        "r":0.0,
        "f":0.0
      },
      "fixed":{
        "p":0.0,
        "r":0.0,
        "f":0.0
      },
      "dislocated":{
        "p":0.0,
        "r":0.0,
        "f":0.0
      },
      "obl:advmod":{
        "p":0.0,
        "r":0.0,
        "f":0.0
      },
      "aux:pass":{
        "p":0.0,
        "r":0.0,
        "f":0.0
      },
      "nummod":{
        "p":0.0,
        "r":0.0,
        "f":0.0
      },
      "discourse":{
        "p":0.0,
        "r":0.0,
        "f":0.0
      },
      "obl:arg":{
        "p":0.0,
        "r":0.0,
        "f":0.0
      },
      "parataxis":{
        "p":0.0,
        "r":0.0,
        "f":0.0
      },
      "csubj":{
        "p":0.0,
        "r":0.0,
        "f":0.0
      },
      "nsubj:obj":{
        "p":0.0,
        "r":0.0,
        "f":0.0
      }
    }
  },
  "trainable_lemmatizer":{
    "lemma_acc":0.4270258335
  },
  "tagger":{
    "tag_acc":0.0
  },
  "morphologizer":{
    "pos_acc":0.2855565371,
    "morph_acc":0.2643551237,
    "morph_micro_p":0.0407286124,
    "morph_micro_r":0.0759541985,
    "morph_micro_f":0.0530242473,
    "morph_per_feat":{
      "PronType":{
        "p":0.0,
        "r":0.0,
        "f":0.0
      },
      "VerbForm":{
        "p":0.4512820513,
        "r":0.1876332623,
        "f":0.265060241
      },
      "Mood":{
        "p":0.0,
        "r":0.0,
        "f":0.0
      },
      "Number":{
        "p":0.0,
        "r":0.0,
        "f":0.0
      },
      "Person":{
        "p":0.0,
        "r":0.0,
        "f":0.0
      },
      "Tense":{
        "p":0.0435897436,
        "r":0.1278195489,
        "f":0.0650095602
      },
      "Voice":{
        "p":0.0,
        "r":0.0,
        "f":0.0
      },
      "Polarity":{
        "p":0.0,
        "r":0.0,
        "f":0.0
      },
      "Case":{
        "p":0.0,
        "r":0.0,
        "f":0.0
      },
      "Gender":{
        "p":0.0,
        "r":0.0,
        "f":0.0
      },
      "Aspect":{
        "p":0.0,
        "r":0.0,
        "f":0.0
      },
      "Definite":{
        "p":0.5,
        "r":0.0233463035,
        "f":0.0446096654
      },
      "Poss":{
        "p":0.0,
        "r":0.0,
        "f":0.0
      },
      "NumType":{
        "p":0.0,
        "r":0.0,
        "f":0.0
      },
      "Degree":{
        "p":0.0,
        "r":0.0,
        "f":0.0
      }
    }
  },
  "speed":1490.4410819091
}