{
  "tokenizer":{
    "token_acc":0.9996152111,
    "token_p":0.9922378791,
    "token_r":0.9963360691,
    "token_f":0.9942827512
  },
  "transformer":{

  },
  "parser":{
    "sents_p":0.6575283787,
    "sents_r":0.8138918346,
    "sents_f":0.7274019666,
    "dep_uas":0.2715462903,
    "dep_las":0.057641492,
    "dep_las_per_type":{
      "root":{
        "p":0.2402902262,
        "r":0.2985153765,
        "f":0.2662567983
      },
      "cc":{
        "p":0.0196936543,
        "r":0.0080333234,
        "f":0.0114116653
      },
      "mark":{
        "p":0.1672278339,
        "r":0.0426079497,
        "f":0.0679124886
      },
      "amod":{
        "p":0.0307443366,
        "r":0.0068592058,
        "f":0.0112160567
      },
      "nsubj:pass":{
        "p":0.0,
        "r":0.0,
        "f":0.0
      },
      "advmod:neg":{
        "p":0.0,
        "r":0.0,
        "f":0.0
      },
      "advcl":{
        "p":0.0326797386,
        "r":0.0215264188,
        "f":0.0259556395
      },
      "case":{
        "p":0.2563237774,
        "r":0.1221668542,
        "f":0.1654691922
      },
      "nsubj":{
        "p":0.0420958352,
        "r":0.0215448086,
        "f":0.0285021225
      },
      "obl":{
        "p":0.0580041105,
        "r":0.051417004,
        "f":0.0545122867
      },
      "acl:relcl":{
        "p":0.0,
        "r":0.0,
        "f":0.0
      },
      "nmod":{
        "p":0.046986049,
        "r":0.1605937922,
        "f":0.0727013542
      },
      "obj":{
        "p":0.0287730727,
        "r":0.0796593186,
        "f":0.0422759904
      },
      "advmod":{
        "p":0.0252339098,
        "r":0.0795708538,
        "f":0.0383166505
      },
      "det":{
        "p":0.0161725067,
        "r":0.0144892538,
        "f":0.0152846771
      },
      "cop":{
        "p":0.0167286245,
        "r":0.0054315027,
        "f":0.0082004556
      },
      "xcomp":{
        "p":0.0100463679,
        "r":0.0458553792,
        "f":0.016481775
      },
      "acl":{
        "p":0.0059737157,
        "r":0.0037257824,
        "f":0.0045892611
      },
      "csubj:pass":{
        "p":0.0,
        "r":0.0,
        "f":0.0
      },
      "advmod:lmod":{
        "p":0.0,
        "r":0.0,
        "f":0.0
      },
      "fixed":{
        "p":0.0,
        "r":0.0,
        "f":0.0
      },
      "obl:arg":{
        "p":0.0089686099,
        "r":0.0019753086,
        "f":0.0032375556
      },
      "appos":{
        "p":0.0,
        "r":0.0,
        "f":0.0
      },
      "conj":{
        "p":0.0271584921,
        "r":0.0189533239,
        "f":0.0223258914
      },
      "ccomp:relcl":{
        "p":0.0,
        "r":0.0,
        "f":0.0
      },
      "dep":{
        "p":0.0,
        "r":0.0,
        "f":0.0
      },
      "iobj":{
        "p":0.0,
        "r":0.0,
        "f":0.0
      },
      "discourse":{
        "p":0.16,
        "r":0.0125984252,
        "f":0.0233576642
      },
      "orphan":{
        "p":0.0,
        "r":0.0,
        "f":0.0
      },
      "csubj":{
        "p":0.0454545455,
        "r":0.0032894737,
        "f":0.0061349693
      },
      "advmod:emph":{
        "p":0.0,
        "r":0.0,
        "f":0.0
      },
      "vocative":{
        "p":0.0028653295,
        "r":0.0714285714,
        "f":0.0055096419
      },
      "flat":{
        "p":0.0,
        "r":0.0,
        "f":0.0
      },
      "dislocated:obj":{
        "p":0.0,
        "r":0.0,
        "f":0.0
      },
      "nummod":{
        "p":0.0,
        "r":0.0,
        "f":0.0
      },
      "compound":{
        "p":0.0,
        "r":0.0,
        "f":0.0
      },
      "ccomp:reported":{
        "p":0.0,
        "r":0.0,
        "f":0.0
      },
      "ccomp":{
        "p":0.004048583,
        "r":0.0020576132,
        "f":0.002728513
      },
      "aux:pass":{
        "p":0.0,
        "r":0.0,
        "f":0.0
      },
      "csubj:relcl":{
        "p":0.0,
        "r":0.0,
        "f":0.0
      },
      "advcl:abs":{
        "p":0.0,
        "r":0.0,
        "f":0.0
      },
      "aux":{
        "p":0.0,
        "r":0.0,
        "f":0.0
      },
      "conj:expl":{
        "p":0.0,
        "r":0.0,
        "f":0.0
      },
      "advcl:cmp":{
        "p":0.0,
        "r":0.0,
        "f":0.0
      },
      "advcl:pred":{
        "p":0.0,
        "r":0.0,
        "f":0.0
      },
      "obl:agent":{
        "p":0.0,
        "r":0.0,
        "f":0.0
      },
      "obl:lmod":{
        "p":0.0,
        "r":0.0,
        "f":0.0
      },
      "dislocated:nsubj":{
        "p":0.0,
        "r":0.0,
        "f":0.0
      },
      "dislocated":{
        "p":0.0,
        "r":0.0,
        "f":0.0
      },
      "parataxis":{
        "p":0.0,
        "r":0.0,
        "f":0.0
      },
      "advmod:tmod":{
        "p":0.0,
        "r":0.0,
        "f":0.0
      },
      "expl:pass":{
        "p":0.0,
        "r":0.0,
        "f":0.0
      },
      "reparandum":{
        "p":0.0,
        "r":0.0,
        "f":0.0
      },
      "advcl:relcl":{
        "p":0.0,
        "r":0.0,
        "f":0.0
      },
      "obl:tmod":{
        "p":0.0,
        "r":0.0,
        "f":0.0
      },
      "nsubj:outer":{
        "p":0.0,
        "r":0.0,
        "f":0.0
      },
      "flat:name":{
        "p":0.0,
        "r":0.0,
        "f":0.0
      },
      "obl:cmp":{
        "p":0.0,
        "r":0.0,
        "f":0.0
      },
      "cop:outer":{
        "p":0.0,
        "r":0.0,
        "f":0.0
      },
      "csubj:outer":{
        "p":0.0,
        "r":0.0,
        "f":0.0
      },
      "flat:foreign":{
        "p":0.0,
        "r":0.0,
        "f":0.0
      },
      "parataxis:reporting":{
        "p":0.0,
        "r":0.0,
        "f":0.0
      },
      "csubj:cleft":{
        "p":0.0,
        "r":0.0,
        "f":0.0
      },
      "csubj:reported":{
        "p":0.0,
        "r":0.0,
        "f":0.0
      },
      "dislocated:csubj":{
        "p":0.0,
        "r":0.0,
        "f":0.0
      }
    }
  },
  "trainable_lemmatizer":{
    "lemma_acc":0.4823624068
  },
  "tagger":{
    "tag_acc":0.0
  },
  "morphologizer":{
    "pos_acc":0.3763757103,
    "morph_acc":0.2740289292,
    "morph_micro_p":0.3180068657,
    "morph_micro_r":0.2007476793,
    "morph_micro_f":0.2461246496,
    "morph_per_feat":{
      "Case":{
        "p":0.2061400597,
        "r":0.1798517403,
        "f":0.1921007052
      },
      "Gender":{
        "p":0.2850235057,
        "r":0.2493390518,
        "f":0.2659897841
      },
      "InflClass":{
        "p":0.0,
        "r":0.0,
        "f":0.0
      },
      "Number":{
        "p":0.5715453572,
        "r":0.4765206355,
        "f":0.5197252057
      },
      "Polarity":{
        "p":1.0,
        "r":0.0007336757,
        "f":0.0014662757
      },
      "Aspect":{
        "p":0.2852233677,
        "r":0.0332565361,
        "f":0.0595675967
      },
      "Mood":{
        "p":0.2063937185,
        "r":0.1786696877,
        "f":0.1915336572
      },
      "Person":{
        "p":0.1850961538,
        "r":0.1198371842,
        "f":0.1454836131
      },
      "Tense":{
        "p":0.1195308976,
        "r":0.1715487943,
        "f":0.1408918721
      },
      "VerbForm":{
        "p":0.251691475,
        "r":0.1756788666,
        "f":0.2069253233
      },
      "Voice":{
        "p":0.2347767253,
        "r":0.2177824268,
        "f":0.2259604949
      },
      "PronType":{
        "p":0.0924369748,
        "r":0.0009954751,
        "f":0.0019697377
      },
      "Reflex":{
        "p":0.0,
        "r":0.0,
        "f":0.0
      },
      "InflClass[nominal]":{
        "p":0.0,
        "r":0.0,
        "f":0.0
      },
      "AdvType":{
        "p":0.0,
        "r":0.0,
        "f":0.0
      },
      "Number[psor]":{
        "p":0.0,
        "r":0.0,
        "f":0.0
      },
      "Person[psor]":{
        "p":0.0,
        "r":0.0,
        "f":0.0
      },
      "Poss":{
        "p":0.0,
        "r":0.0,
        "f":0.0
      },
      "NumType":{
        "p":0.0,
        "r":0.0,