{
  "tokenizer":{
    "token_acc":0.9987632593,
    "token_p":0.9895828378,
    "token_r":0.9929125403,
    "token_f":0.9912448929
  },
  "transformer":{

  },
  "parser":{
    "sents_p":0.9309486781,
    "sents_r":0.965483871,
    "sents_f":0.9479018211,
    "dep_uas":0.7612506823,
    "dep_las":0.6985211044,
    "dep_las_per_type":{
      "nsubj":{
        "p":0.7074548193,
        "r":0.6827761628,
        "f":0.6948964497
      },
      "case":{
        "p":0.896461825,
        "r":0.8961280715,
        "f":0.8962949171
      },
      "obl":{
        "p":0.6231775701,
        "r":0.619012254,
        "f":0.6210879285
      },
      "root":{
        "p":0.8631119426,
        "r":0.8929032258,
        "f":0.8777548755
      },
      "det":{
        "p":0.8636266324,
        "r":0.8724048443,
        "f":0.8679935449
      },
      "flat:name":{
        "p":0.8148148148,
        "r":0.9166666667,
        "f":0.862745098
      },
      "advcl":{
        "p":0.6106906339,
        "r":0.6328431373,
        "f":0.6215695715
      },
      "cop":{
        "p":0.6213592233,
        "r":0.6311637081,
        "f":0.626223092
      },
      "acl":{
        "p":0.3781512605,
        "r":0.2721774194,
        "f":0.3165298945
      },
      "nmod":{
        "p":0.6003350084,
        "r":0.5877336832,
        "f":0.5939675174
      },
      "advmod":{
        "p":0.7024835276,
        "r":0.6849518162,
        "f":0.693606906
      },
      "obj":{
        "p":0.6504559271,
        "r":0.6819630338,
        "f":0.6658369633
      },
      "cc":{
        "p":0.7266844309,
        "r":0.7548438118,
        "f":0.7404965089
      },
      "conj":{
        "p":0.5447976879,
        "r":0.5375475285,
        "f":0.5411483254
      },
      "xcomp":{
        "p":0.4600886918,
        "r":0.4287190083,
        "f":0.4438502674
      },
      "mark":{
        "p":0.7745241581,
        "r":0.7848664688,
        "f":0.7796610169
      },
      "nsubj:pass":{
        "p":0.6034482759,
        "r":0.5706521739,
        "f":0.5865921788
      },
      "dislocated":{
        "p":0.1379310345,
        "r":0.0833333333,
        "f":0.1038961039
      },
      "appos":{
        "p":0.3695652174,
        "r":0.3483606557,
        "f":0.358649789
      },
      "csubj":{
        "p":0.4285714286,
        "r":0.3396226415,
        "f":0.3789473684
      },
      "amod":{
        "p":0.5612009238,
        "r":0.4869739479,
        "f":0.5214592275
      },
      "obl:arg":{
        "p":0.658692185,
        "r":0.6929530201,
        "f":0.6753883892
      },
      "advcl:cmp":{
        "p":0.347826087,
        "r":0.2666666667,
        "f":0.3018867925
      },
      "ccomp":{
        "p":0.5422740525,
        "r":0.4744897959,
        "f":0.506122449
      },
      "discourse":{
        "p":0.7781429745,
        "r":0.7649434572,
        "f":0.7714867617
      },
      "orphan":{
        "p":0.1648351648,
        "r":0.1363636364,
        "f":0.1492537313
      },
      "parataxis":{
        "p":0.3793103448,
        "r":0.2156862745,
        "f":0.275
      },
      "iobj":{
        "p":0.4409448819,
        "r":0.4375,
        "f":0.4392156863
      },
      "vocative":{
        "p":0.698630137,
        "r":0.5762711864,
        "f":0.6315789474
      },
      "obl:agent":{
        "p":0.7073170732,
        "r":0.58,
        "f":0.6373626374
      },
      "dep":{
        "p":0.0,
        "r":0.0,
        "f":0.0
      },
      "nummod":{
        "p":0.6330275229,
        "r":0.6272727273,
        "f":0.6301369863
      },
      "fixed":{
        "p":0.9,
        "r":0.36,
        "f":0.5142857143
      },
      "nsubj:outer":{
        "p":0.0,
        "r":0.0,
        "f":0.0
      },
      "csubj:pass":{
        "p":0.2222222222,
        "r":0.1666666667,
        "f":0.1904761905
      },
      "aux:pass":{
        "p":0.0,
        "r":0.0,
        "f":0.0
      },
      "aux":{
        "p":0.0,
        "r":0.0,
        "f":0.0
      }
    }
  },
  "trainable_lemmatizer":{
    "lemma_acc":0.8672093827
  },
  "tagger":{
    "tag_acc":0.8834070004
  },
  "speed":2671.6498901087
}