{
  "tokenizer":{
    "token_acc":0.9981644203,
    "token_p":0.9974335877,
    "token_r":0.9959947049,
    "token_f":0.996713627
  },
  "transformer":{

  },
  "parser":{
    "sents_p":0.7215980025,
    "sents_r":0.8475073314,
    "sents_f":0.7795010115,
    "dep_uas":0.2581146671,
    "dep_las":0.0299169605,
    "dep_las_per_type":{
      "root":{
        "p":0.1866373902,
        "r":0.2180285819,
        "f":0.2011154301
      },
      "nsubj":{
        "p":0.0420806546,
        "r":0.0120562626,
        "f":0.0187426786
      },
      "advmod":{
        "p":0.0848601736,
        "r":0.0847376023,
        "f":0.0847988437
      },
      "mark":{
        "p":0.0373134328,
        "r":0.0016010247,
        "f":0.0030703101
      },
      "acl":{
        "p":0.0,
        "r":0.0,
        "f":0.0
      },
      "compound:prt":{
        "p":0.0,
        "r":0.0,
        "f":0.0
      },
      "obj":{
        "p":0.0369464155,
        "r":0.0533757511,
        "f":0.0436668595
      },
      "xcomp":{
        "p":0.0009823183,
        "r":0.0099750623,
        "f":0.0017885088
      },
      "cc":{
        "p":0.0111111111,
        "r":0.0022785531,
        "f":0.0037816119
      },
      "conj":{
        "p":0.0345438441,
        "r":0.0258021833,
        "f":0.0295398599
      },
      "case":{
        "p":0.0392694064,
        "r":0.0175081433,
        "f":0.02421853
      },
      "amod":{
        "p":0.0135135135,
        "r":0.0028432169,
        "f":0.0046979866
      },
      "obl":{
        "p":0.0405544148,
        "r":0.0276610644,
        "f":0.032889259
      },
      "nmod:poss":{
        "p":0.0,
        "r":0.0,
        "f":0.0
      },
      "nmod":{
        "p":0.0014050092,
        "r":0.2584269663,
        "f":0.0027948235
      },
      "det":{
        "p":0.0005058169,
        "r":0.000789266,
        "f":0.0006165228
      },
      "dep":{
        "p":0.0002455796,
        "r":0.0047169811,
        "f":0.0004668534
      },
      "aux":{
        "p":0.0,
        "r":0.0,
        "f":0.0
      },
      "advcl":{
        "p":0.0075400566,
        "r":0.0069084629,
        "f":0.0072104552
      },
      "iobj":{
        "p":0.0052631579,
        "r":0.0020964361,
        "f":0.0029985007
      },
      "acl:relcl":{
        "p":0.0,
        "r":0.0,
        "f":0.0
      },
      "ccomp":{
        "p":0.0061728395,
        "r":0.000698324,
        "f":0.0012547051
      },
      "cop":{
        "p":0.0550964187,
        "r":0.0120627262,
        "f":0.0197921821
      },
      "expl":{
        "p":0.0,
        "r":0.0,
        "f":0.0
      },
      "appos":{
        "p":0.0094936709,
        "r":0.0046948357,
        "f":0.0062827225
      },
      "vocative":{
        "p":0.0087463557,
        "r":0.0245901639,
        "f":0.0129032258
      },
      "obl:arg":{
        "p":0.0,
        "r":0.0,
        "f":0.0
      },
      "parataxis":{
        "p":0.0111111111,
        "r":0.0080645161,
        "f":0.0093457944
      },
      "fixed":{
        "p":0.0,
        "r":0.0,
        "f":0.0
      },
      "flat:name":{
        "p":0.0,
        "r":0.0,
        "f":0.0
      },
      "csubj":{
        "p":0.0,
        "r":0.0,
        "f":0.0
      },
      "nummod":{
        "p":0.0,
        "r":0.0,
        "f":0.0
      },
      "discourse":{
        "p":0.0,
        "r":0.0,
        "f":0.0
      },
      "flat:foreign":{
        "p":0.0,
        "r":0.0,
        "f":0.0
      },
      "orphan":{
        "p":0.0,
        "r":0.0,
        "f":0.0
      },
      "advcl:cmp":{
        "p":0.0,
        "r":0.0,
        "f":0.0
      },
      "dislocated":{
        "p":0.0,
        "r":0.0,
        "f":0.0
      }
    }
  },
  "trainable_lemmatizer":{
    "lemma_acc":0.5141817749
  },
  "tagger":{
    "tag_acc":0.0
  },
  "morphologizer":{
    "pos_acc":0.2961936657,
    "morph_acc":0.2364461672,
    "morph_micro_p":0.2922325132,
    "morph_micro_r":0.202101044,
    "morph_micro_f":0.2389499768,
    "morph_per_feat":{
      "Mood":{
        "p":0.1776125568,
        "r":0.1091924835,
        "f":0.1352413902
      },
      "Number":{
        "p":0.5555676697,
        "r":0.4734429682,
        "f":0.5112281582
      },
      "Person":{
        "p":0.1763863311,
        "r":0.0894190871,
        "f":0.1186755696
      },
      "Tense":{
        "p":0.1190542809,
        "r":0.1080497715,
        "f":0.11328541
      },
      "VerbForm":{
        "p":0.1822887521,
        "r":0.1233901515,
        "f":0.1471651231
      },
      "Voice":{
        "p":0.2931299846,
        "r":0.1983901515,
        "f":0.2366295815
      },
      "Case":{
        "p":0.1921584193,
        "r":0.178426635,
        "f":0.1850381161
      },
      "Gender":{
        "p":0.2308711787,
        "r":0.2311673376,
        "f":0.2310191632
      },
      "PronType":{
        "p":0.2058823529,
        "r":0.0007593014,
        "f":0.0015130228
      },
      "Definite":{
        "p":0.0,
        "r":0.0,
        "f":0.0
      },
      "Degree":{
        "p":0.0257731959,
        "r":0.0034867503,
        "f":0.0061425061
      },
      "Aspect":{
        "p":0.0,
        "r":0.0,
        "f":0.0
      },
      "Foreign":{
        "p":0.0,
        "r":0.0,
        "f":0.0
      },
      "NumType":{
        "p":0.0,
        "r":0.0,
        "f":0.0
      },
      "Reflex":{
        "p":0.0,
        "r":0.0,
        "f":0.0
      }
    }
  },
  "speed":5937.8268544746
}