{
  "tokenizer":{
    "token_acc":0.9987632593,
    "token_p":0.9895828378,
    "token_r":0.9929125403,
    "token_f":0.9912448929
  },
  "transformer":{

  },
  "parser":{
    "sents_p":0.939375,
    "sents_r":0.9696774194,
    "sents_f":0.9542857143,
    "dep_uas":0.7546302761,
    "dep_las":0.6916993539,
    "dep_las_per_type":{
      "nsubj":{
        "p":0.7016098839,
        "r":0.6809593023,
        "f":0.6911303706
      },
      "case":{
        "p":0.8858634838,
        "r":0.8842144453,
        "f":0.8850381964
      },
      "obl":{
        "p":0.6330239753,
        "r":0.6078722614,
        "f":0.6201932184
      },
      "root":{
        "p":0.8614854278,
        "r":0.8867741935,
        "f":0.8739469083
      },
      "det":{
        "p":0.8604202401,
        "r":0.8678633218,
        "f":0.8641257537
      },
      "flat:name":{
        "p":0.6774193548,
        "r":0.875,
        "f":0.7636363636
      },
      "advcl":{
        "p":0.5954692557,
        "r":0.631372549,
        "f":0.6128955508
      },
      "cop":{
        "p":0.6112185687,
        "r":0.6232741617,
        "f":0.6171875
      },
      "acl":{
        "p":0.39375,
        "r":0.2540322581,
        "f":0.3088235294
      },
      "nmod":{
        "p":0.5914935707,
        "r":0.5883896359,
        "f":0.5899375206
      },
      "advmod":{
        "p":0.6967627719,
        "r":0.6807511737,
        "f":0.688663917
      },
      "obj":{
        "p":0.6520522388,
        "r":0.6682600382,
        "f":0.6600566572
      },
      "cc":{
        "p":0.7227116047,
        "r":0.7461447212,
        "f":0.7342412451
      },
      "conj":{
        "p":0.5354777673,
        "r":0.5380228137,
        "f":0.5367472736
      },
      "xcomp":{
        "p":0.4671689989,
        "r":0.4483471074,
        "f":0.4575645756
      },
      "orphan":{
        "p":0.2072072072,
        "r":0.2090909091,
        "f":0.2081447964
      },
      "mark":{
        "p":0.7551928783,
        "r":0.7551928783,
        "f":0.7551928783
      },
      "nsubj:pass":{
        "p":0.5675675676,
        "r":0.5706521739,
        "f":0.5691056911
      },
      "obl:arg":{
        "p":0.648089172,
        "r":0.682885906,
        "f":0.6650326797
      },
      "dislocated":{
        "p":0.1818181818,
        "r":0.125,
        "f":0.1481481481
      },
      "appos":{
        "p":0.3700440529,
        "r":0.3442622951,
        "f":0.3566878981
      },
      "csubj":{
        "p":0.4318181818,
        "r":0.358490566,
        "f":0.3917525773
      },
      "amod":{
        "p":0.5547263682,
        "r":0.4468937876,
        "f":0.4950055494
      },
      "advcl:cmp":{
        "p":0.3333333333,
        "r":0.2333333333,
        "f":0.2745098039
      },
      "discourse":{
        "p":0.7491776316,
        "r":0.7358642973,
        "f":0.7424612877
      },
      "ccomp":{
        "p":0.4878706199,
        "r":0.4617346939,
        "f":0.4744429882
      },
      "iobj":{
        "p":0.3913043478,
        "r":0.3515625,
        "f":0.3703703704
      },
      "vocative":{
        "p":0.7088607595,
        "r":0.6327683616,
        "f":0.6686567164
      },
      "obl:agent":{
        "p":0.58,
        "r":0.58,
        "f":0.58
      },
      "parataxis":{
        "p":0.3793103448,
        "r":0.2156862745,
        "f":0.275
      },
      "dep":{
        "p":0.0,
        "r":0.0,
        "f":0.0
      },
      "nummod":{
        "p":0.6767676768,
        "r":0.6090909091,
        "f":0.6411483254
      },
      "fixed":{
        "p":1.0,
        "r":0.32,
        "f":0.4848484848
      },
      "nsubj:outer":{
        "p":0.0,
        "r":0.0,
        "f":0.0
      },
      "csubj:pass":{
        "p":0.0,
        "r":0.0,
        "f":0.0
      },
      "aux:pass":{
        "p":0.0,
        "r":0.0,
        "f":0.0
      },
      "aux":{
        "p":0.0,
        "r":0.0,
        "f":0.0
      }
    }
  },
  "trainable_lemmatizer":{
    "lemma_acc":0.8606300433
  },
  "tagger":{
    "tag_acc":0.8839909687
  },
  "morphologizer":{
    "pos_acc":0.9507335022,
    "morph_acc":0.9068906198,
    "morph_micro_p":0.9575500609,
    "morph_micro_r":0.9536347977,
    "morph_micro_f":0.9555884189,
    "morph_per_feat":{
      "Case":{
        "p":0.962294115,
        "r":0.9569101656,
        "f":0.9595945885
      },
      "Gender":{
        "p":0.9228628775,
        "r":0.9189226017,
        "f":0.9208885247
      },
      "Number":{
        "p":0.9840876291,
        "r":0.9789074579,
        "f":0.9814907084
      },
      "Aspect":{
        "p":0.9339747843,
        "r":0.9272068511,
        "f":0.9305785124
      },
      "Mood":{
        "p":0.9474634049,
        "r":0.9436788496,
        "f":0.9455673404
      },
      "Person":{
        "p":0.9590589673,
        "r":0.9568663314,
        "f":0.9579613947
      },
      "Tense":{
        "p":0.9400196657,
        "r":0.9381746811,
        "f":0.9390962672
      },
      "VerbForm":{
        "p":0.9762782694,
        "r":0.9741231298,
        "f":0.9751995089
      },
      "Voice":{
        "p":0.9527849502,
        "r":0.9517317612,
        "f":0.9522580645
      },
      "Definite":{
        "p":0.9847161572,
        "r":0.995584989,
        "f":0.9901207464
      },
      "PronType":{
        "p":0.9785407725,
        "r":0.9743589744,
        "f":0.9764453961
      },
      "Degree":{
        "p":0.8684627575,
        "r":0.8535825545,
        "f":0.8609583661
      },
      "Polarity":{
        "p":0.9973958333,
        "r":0.9770408163,
        "f":0.9871134021
      },
      "Poss":{
        "p":0.9696969697,
        "r":0.8,
        "f":0.8767123288
      },
      "Reflex":{
        "p":1.0,
        "r":0.9879518072,
        "f":0.9939393939
      }
    }
  },
  "speed":4041.8377327754
}