{
  "tokenizer":{
    "token_acc":0.9981644203,
    "token_p":0.9974335877,
    "token_r":0.9959947049,
    "token_f":0.996713627
  },
  "transformer":{

  },
  "parser":{
    "sents_p":0.6855748704,
    "sents_r":0.8240469208,
    "sents_f":0.7484601298,
    "dep_uas":0.2703282924,
    "dep_las":0.0306058476,
    "dep_las_per_type":{
      "root":{
        "p":0.1689581424,
        "r":0.2026383291,
        "f":0.1842719094
      },
      "nsubj":{
        "p":0.0380601596,
        "r":0.0103817816,
        "f":0.0163136429
      },
      "advmod":{
        "p":0.0767010309,
        "r":0.0895522388,
        "f":0.0826299422
      },
      "mark":{
        "p":0.0639269406,
        "r":0.004482869,
        "f":0.0083782166
      },
      "acl":{
        "p":0.0016393443,
        "r":0.0013003901,
        "f":0.0014503263
      },
      "compound:prt":{
        "p":0.0,
        "r":0.0,
        "f":0.0
      },
      "obj":{
        "p":0.0326086957,
        "r":0.0424178155,
        "f":0.0368720234
      },
      "xcomp":{
        "p":0.0020473823,
        "r":0.0174563591,
        "f":0.0036649215
      },
      "ccomp":{
        "p":0.0162601626,
        "r":0.001396648,
        "f":0.0025723473
      },
      "cc":{
        "p":0.0165975104,
        "r":0.0045571062,
        "f":0.007150838
      },
      "conj":{
        "p":0.0477489768,
        "r":0.0347337082,
        "f":0.0402144772
      },
      "case":{
        "p":0.0564715581,
        "r":0.0278908795,
        "f":0.0373398746
      },
      "amod":{
        "p":0.0353227771,
        "r":0.0117790414,
        "f":0.0176667682
      },
      "obl":{
        "p":0.0353000504,
        "r":0.0245098039,
        "f":0.0289315974
      },
      "nmod:poss":{
        "p":0.0,
        "r":0.0,
        "f":0.0
      },
      "nmod":{
        "p":0.001337874,
        "r":0.2471910112,
        "f":0.002661344
      },
      "dep":{
        "p":0.0005938242,
        "r":0.0094339623,
        "f":0.0011173184
      },
      "det":{
        "p":0.0022391402,
        "r":0.0039463299,
        "f":0.0028571429
      },
      "aux":{
        "p":0.0,
        "r":0.0,
        "f":0.0
      },
      "advcl":{
        "p":0.0066964286,
        "r":0.0051813472,
        "f":0.005842259
      },
      "iobj":{
        "p":0.01,
        "r":0.0083857442,
        "f":0.0091220068
      },
      "acl:relcl":{
        "p":0.0,
        "r":0.0,
        "f":0.0
      },
      "cop":{
        "p":0.0462633452,
        "r":0.007840772,
        "f":0.0134089737
      },
      "appos":{
        "p":0.0034602076,
        "r":0.0015649452,
        "f":0.0021551724
      },
      "expl":{
        "p":0.0,
        "r":0.0,
        "f":0.0
      },
      "vocative":{
        "p":0.0,
        "r":0.0,
        "f":0.0
      },
      "obl:arg":{
        "p":0.0,
        "r":0.0,
        "f":0.0
      },
      "orphan":{
        "p":0.0,
        "r":0.0,
        "f":0.0
      },
      "parataxis":{
        "p":0.0,
        "r":0.0,
        "f":0.0
      },
      "flat:name":{
        "p":0.0,
        "r":0.0,
        "f":0.0
      },
      "nummod":{
        "p":0.0,
        "r":0.0,
        "f":0.0
      },
      "fixed":{
        "p":0.0,
        "r":0.0,
        "f":0.0
      },
      "flat:foreign":{
        "p":0.0,
        "r":0.0,
        "f":0.0
      },
      "csubj":{
        "p":0.0,
        "r":0.0,
        "f":0.0
      },
      "dislocated":{
        "p":0.0,
        "r":0.0,
        "f":0.0
      },
      "discourse":{
        "p":0.0,
        "r":0.0,
        "f":0.0
      },
      "advcl:cmp":{
        "p":0.0,
        "r":0.0,
        "f":0.0
      }
    }
  },
  "trainable_lemmatizer":{
    "lemma_acc":0.5147427561
  },
  "tagger":{
    "tag_acc":0.0
  },
  "speed":3953.1829806526
}