{
  "tokenizer":{
    "token_acc":0.9996132525,
    "token_p":0.9992265051,
    "token_r":0.9990547798,
    "token_f":0.9991406351
  },
  "transformer":{

  },
  "parser":{
    "sents_p":0.4478362965,
    "sents_r":0.6369274809,
    "sents_f":0.5259011227,
    "dep_uas":0.3379310345,
    "dep_las":0.1033609777,
    "dep_las_per_type":{
      "ccomp":{
        "p":0.0248447205,
        "r":0.0092807425,
        "f":0.0135135135
      },
      "nsubj":{
        "p":0.0779883382,
        "r":0.0579004329,
        "f":0.0664596273
      },
      "root":{
        "p":0.3010067114,
        "r":0.4279580153,
        "f":0.353427896
      },
      "cop":{
        "p":0.0721153846,
        "r":0.0293542074,
        "f":0.0417246175
      },
      "advmod":{
        "p":0.0377978636,
        "r":0.031292517,
        "f":0.0342389282
      },
      "det":{
        "p":0.0176289114,
        "r":0.0381315539,
        "f":0.0241109102
      },
      "orphan":{
        "p":0.0011933174,
        "r":0.0092592593,
        "f":0.0021141649
      },
      "obj":{
        "p":0.0698151951,
        "r":0.0415647922,
        "f":0.0521072797
      },
      "nmod":{
        "p":0.0411622276,
        "r":0.0748074807,
        "f":0.0531042561
      },
      "case":{
        "p":0.4506769826,
        "r":0.2709302326,
        "f":0.3384168482
      },
      "obl":{
        "p":0.096498719,
        "r":0.0665097116,
        "f":0.0787456446
      },
      "acl":{
        "p":0.0136286201,
        "r":0.0151802657,
        "f":0.0143626571
      },
      "discourse":{
        "p":0.19524618,
        "r":0.1523178808,
        "f":0.1711309524
      },
      "nsubj:pass":{
        "p":0.0,
        "r":0.0,
        "f":0.0
      },
      "xcomp":{
        "p":0.0092236741,
        "r":0.0336134454,
        "f":0.0144752714
      },
      "cc":{
        "p":0.3106918239,
        "r":0.1495157385,
        "f":0.2018798529
      },
      "conj":{
        "p":0.0470890411,
        "r":0.0397973951,
        "f":0.0431372549
      },
      "advcl":{
        "p":0.0411522634,
        "r":0.0256191289,
        "f":0.0315789474
      },
      "obl:arg":{
        "p":0.0595238095,
        "r":0.0331674959,
        "f":0.0425985091
      },
      "appos":{
        "p":0.009596929,
        "r":0.0306748466,
        "f":0.014619883
      },
      "nsubj:outer":{
        "p":0.0,
        "r":0.0,
        "f":0.0
      },
      "mark":{
        "p":0.1337209302,
        "r":0.0292620865,
        "f":0.0480167015
      },
      "amod":{
        "p":0.0249376559,
        "r":0.0307219662,
        "f":0.0275292498
      },
      "aux":{
        "p":0.0,
        "r":0.0,
        "f":0.0
      },
      "obl:agent":{
        "p":0.0,
        "r":0.0,
        "f":0.0
      },
      "parataxis":{
        "p":0.0,
        "r":0.0,
        "f":0.0
      },
      "dep":{
        "p":0.0,
        "r":0.0,
        "f":0.0
      },
      "fixed":{
        "p":0.0674157303,
        "r":0.0821917808,
        "f":0.0740740741
      },
      "vocative":{
        "p":0.0148148148,
        "r":0.0294117647,
        "f":0.0197044335
      },
      "advmod:neg":{
        "p":0.0,
        "r":0.0,
        "f":0.0
      },
      "dislocated":{
        "p":0.0,
        "r":0.0,
        "f":0.0
      },
      "nummod":{
        "p":0.0,
        "r":0.0,
        "f":0.0
      },
      "aux:pass":{
        "p":0.0,
        "r":0.0,
        "f":0.0
      },
      "advcl:cmp":{
        "p":0.0,
        "r":0.0,
        "f":0.0
      },
      "csubj":{
        "p":0.0,
        "r":0.0,
        "f":0.0
      },
      "advmod:tmod":{
        "p":0.0,
        "r":0.0,
        "f":0.0
      },
      "csubj:pass":{
        "p":0.0,
        "r":0.0,
        "f":0.0
      },
      "acl:relcl":{
        "p":0.0,
        "r":0.0,
        "f":0.0
      },
      "flat:name":{
        "p":0.0,
        "r":0.0,
        "f":0.0
      },
      "iobj":{
        "p":0.0,
        "r":0.0,
        "f":0.0
      },
      "advmod:emph":{
        "p":0.0,
        "r":0.0,
        "f":0.0
      },
      "flat:foreign":{
        "p":0.0,
        "r":0.0,
        "f":0.0
      },
      "advcl:abs":{
        "p":0.0,
        "r":0.0,
        "f":0.0
      },
      "advmod:lmod":{
        "p":0.0,
        "r":0.0,
        "f":0.0
      },
      "conj:expl":{
        "p":0.0,
        "r":0.0,
        "f":0.0
      }
    }
  },
  "trainable_lemmatizer":{
    "lemma_acc":0.3963298021
  },
  "tagger":{
    "tag_acc":0.1317661216
  },
  "speed":2414.3504170672
}