{
  "tokenizer":{
    "token_acc":0.9996152111,
    "token_p":0.9922378791,
    "token_r":0.9963360691,
    "token_f":0.9942827512
  },
  "transformer":{

  },
  "parser":{
    "sents_p":0.6883315158,
    "sents_r":0.8366914104,
    "sents_f":0.7552949623,
    "dep_uas":0.2819272847,
    "dep_las":0.0646638494,
    "dep_las_per_type":{
      "root":{
        "p":0.238623993,
        "r":0.2905620361,
        "f":0.2620442319
      },
      "cc":{
        "p":0.0311284047,
        "r":0.0119012199,
        "f":0.0172191132
      },
      "mark":{
        "p":0.1551339286,
        "r":0.0397483557,
        "f":0.0632824949
      },
      "amod":{
        "p":0.0168818272,
        "r":0.0061371841,
        "f":0.0090018533
      },
      "nsubj:pass":{
        "p":0.0,
        "r":0.0,
        "f":0.0
      },
      "advmod:neg":{
        "p":0.0,
        "r":0.0,
        "f":0.0
      },
      "advcl":{
        "p":0.0275162925,
        "r":0.0148727984,
        "f":0.0193089431
      },
      "case":{
        "p":0.2808065721,
        "r":0.181321331,
        "f":0.2203555382
      },
      "nsubj":{
        "p":0.045,
        "r":0.0226908091,
        "f":0.03016913
      },
      "obl":{
        "p":0.0664516129,
        "r":0.0625506073,
        "f":0.0644421272
      },
      "acl:relcl":{
        "p":0.0,
        "r":0.0,
        "f":0.0
      },
      "nmod":{
        "p":0.0485199878,
        "r":0.1788124157,
        "f":0.0763285488
      },
      "obj":{
        "p":0.0325479233,
        "r":0.0816633267,
        "f":0.0465448315
      },
      "advmod":{
        "p":0.0214707461,
        "r":0.071524363,
        "f":0.0330271442
      },
      "xcomp":{
        "p":0.0127136307,
        "r":0.0537918871,
        "f":0.0205664194
      },
      "det":{
        "p":0.0160835214,
        "r":0.0137647911,
        "f":0.0148340924
      },
      "acl":{
        "p":0.0032930845,
        "r":0.0022354694,
        "f":0.0026631158
      },
      "csubj:pass":{
        "p":0.0,
        "r":0.0,
        "f":0.0
      },
      "cop":{
        "p":0.0402684564,
        "r":0.0108630054,
        "f":0.0171102662
      },
      "advmod:lmod":{
        "p":0.0,
        "r":0.0,
        "f":0.0
      },
      "fixed":{
        "p":0.0,
        "r":0.0,
        "f":0.0
      },
      "obl:arg":{
        "p":0.019138756,
        "r":0.0019753086,
        "f":0.0035810206
      },
      "appos":{
        "p":0.0064516129,
        "r":0.0035419126,
        "f":0.0045731707
      },
      "conj":{
        "p":0.0302586628,
        "r":0.0175388967,
        "f":0.0222063037
      },
      "ccomp:relcl":{
        "p":0.0,
        "r":0.0,
        "f":0.0
      },
      "dep":{
        "p":0.0,
        "r":0.0,
        "f":0.0
      },
      "iobj":{
        "p":0.0,
        "r":0.0,
        "f":0.0
      },
      "discourse":{
        "p":0.1228070175,
        "r":0.011023622,
        "f":0.0202312139
      },
      "orphan":{
        "p":0.0,
        "r":0.0,
        "f":0.0
      },
      "csubj":{
        "p":0.0,
        "r":0.0,
        "f":0.0
      },
      "advmod:emph":{
        "p":0.0,
        "r":0.0,
        "f":0.0
      },
      "flat":{
        "p":0.0,
        "r":0.0,
        "f":0.0
      },
      "dislocated:obj":{
        "p":0.0,
        "r":0.0,
        "f":0.0
      },
      "nummod":{
        "p":0.0,
        "r":0.0,
        "f":0.0
      },
      "compound":{
        "p":0.0,
        "r":0.0,
        "f":0.0
      },
      "ccomp:reported":{
        "p":0.0,
        "r":0.0,
        "f":0.0
      },
      "ccomp":{
        "p":0.005952381,
        "r":0.0020576132,
        "f":0.003058104
      },
      "vocative":{
        "p":0.0048076923,
        "r":0.0714285714,
        "f":0.009009009
      },
      "aux:pass":{
        "p":0.0,
        "r":0.0,
        "f":0.0
      },
      "csubj:relcl":{
        "p":0.0,
        "r":0.0,
        "f":0.0
      },
      "advcl:abs":{
        "p":0.0,
        "r":0.0,
        "f":0.0
      },
      "aux":{
        "p":0.0,
        "r":0.0,
        "f":0.0
      },
      "conj:expl":{
        "p":0.0,
        "r":0.0,
        "f":0.0
      },
      "advcl:cmp":{
        "p":0.0,
        "r":0.0,
        "f":0.0
      },
      "advcl:pred":{
        "p":0.0,
        "r":0.0,
        "f":0.0
      },
      "obl:agent":{
        "p":0.0,
        "r":0.0,
        "f":0.0
      },
      "obl:lmod":{
        "p":0.0,
        "r":0.0,
        "f":0.0
      },
      "dislocated:nsubj":{
        "p":0.0,
        "r":0.0,
        "f":0.0
      },
      "advmod:tmod":{
        "p":0.0,
        "r":0.0,
        "f":0.0
      },
      "expl:pass":{
        "p":0.0,
        "r":0.0,
        "f":0.0
      },
      "reparandum":{
        "p":0.0,
        "r":0.0,
        "f":0.0
      },
      "parataxis":{
        "p":0.0,
        "r":0.0,
        "f":0.0
      },
      "advcl:relcl":{
        "p":0.0,
        "r":0.0,
        "f":0.0
      },
      "dislocated":{
        "p":0.0,
        "r":0.0,
        "f":0.0
      },
      "obl:tmod":{
        "p":0.0,
        "r":0.0,
        "f":0.0
      },
      "nsubj:outer":{
        "p":0.0,
        "r":0.0,
        "f":0.0
      },
      "flat:name":{
        "p":0.0,
        "r":0.0,
        "f":0.0
      },
      "obl:cmp":{
        "p":0.0,
        "r":0.0,
        "f":0.0
      },
      "cop:outer":{
        "p":0.0,
        "r":0.0,
        "f":0.0
      },
      "csubj:outer":{
        "p":0.0,
        "r":0.0,
        "f":0.0
      },
      "flat:foreign":{
        "p":0.0,
        "r":0.0,
        "f":0.0
      },
      "parataxis:reporting":{
        "p":0.0,
        "r":0.0,
        "f":0.0
      },
      "csubj:cleft":{
        "p":0.0,
        "r":0.0,
        "f":0.0
      },
      "csubj:reported":{
        "p":0.0,
        "r":0.0,
        "f":0.0
      },
      "dislocated:csubj":{
        "p":0.0,
        "r":0.0,
        "f":0.0
      }
    }
  },
  "trainable_lemmatizer":{
    "lemma_acc":0.4832667283
  },
  "tagger":{
    "tag_acc":0.0
  },
  "speed":4074.4816006449
}