{
  "tokenizer":{
    "token_acc":0.9995570601,
    "token_p":0.9645015345,
    "token_r":0.9836092021,
    "token_f":0.9739616613
  },
  "transformer":{

  },
  "parser":{
    "sents_p":0.5014374701,
    "sents_r":0.6762520194,
    "sents_f":0.5758701334,
    "dep_uas":0.2588553611,
    "dep_las":0.0699385697,
    "dep_las_per_type":{
      "discourse":{
        "p":0.1407407407,
        "r":0.0793871866,
        "f":0.1015138023
      },
      "vocative":{
        "p":0.0,
        "r":0.0,
        "f":0.0
      },
      "root":{
        "p":0.2453187959,
        "r":0.3344103393,
        "f":0.2830188679
      },
      "advmod":{
        "p":0.0271990741,
        "r":0.0293566521,
        "f":0.0282367077
      },
      "advcl":{
        "p":0.0064102564,
        "r":0.0032786885,
        "f":0.0043383948
      },
      "expl:pv":{
        "p":0.0,
        "r":0.0,
        "f":0.0
      },
      "obl:arg":{
        "p":0.0054644809,
        "r":0.0038986355,
        "f":0.0045506257
      },
      "dep":{
        "p":0.0031733439,
        "r":0.0529801325,
        "f":0.005988024
      },
      "obl":{
        "p":0.0602006689,
        "r":0.0479269684,
        "f":0.0533672173
      },
      "dislocated":{
        "p":0.003875969,
        "r":0.0101010101,
        "f":0.0056022409
      },
      "appos":{
        "p":0.014075067,
        "r":0.0295774648,
        "f":0.0190735695
      },
      "orphan":{
        "p":0.0013623978,
        "r":0.0082644628,
        "f":0.0023391813
      },
      "obj":{
        "p":0.0250990753,
        "r":0.0113908873,
        "f":0.0156701031
      },
      "case":{
        "p":0.3324444444,
        "r":0.1115086464,
        "f":0.1670015628
      },
      "nummod":{
        "p":0.0,
        "r":0.0,
        "f":0.0
      },
      "conj":{
        "p":0.0183066362,
        "r":0.0102345416,
        "f":0.0131291028
      },
      "nsubj":{
        "p":0.0281622912,
        "r":0.0311345646,
        "f":0.0295739348
      },
      "obl:agent":{
        "p":0.0,
        "r":0.0,
        "f":0.0
      },
      "det":{
        "p":0.0092359362,
        "r":0.0171073095,
        "f":0.0119956379
      },
      "cc":{
        "p":0.2326490714,
        "r":0.0792804797,
        "f":0.1182608696
      },
      "nmod":{
        "p":0.016721044,
        "r":0.0433403805,
        "f":0.0241318423
      },
      "acl":{
        "p":0.0,
        "r":0.0,
        "f":0.0
      },
      "amod":{
        "p":0.0457589286,
        "r":0.0276653171,
        "f":0.0344827586
      },
      "xcomp":{
        "p":0.0015797788,
        "r":0.0057471264,
        "f":0.0024783147
      },
      "parataxis":{
        "p":0.0023364486,
        "r":0.0108695652,
        "f":0.0038461538
      },
      "expl":{
        "p":0.0,
        "r":0.0,
        "f":0.0
      },
      "cop":{
        "p":0.008,
        "r":0.0124223602,
        "f":0.0097323601
      },
      "nsubj:pass":{
        "p":0.0,
        "r":0.0,
        "f":0.0
      },
      "ccomp":{
        "p":0.0,
        "r":0.0,
        "f":0.0
      },
      "fixed":{
        "p":0.0049019608,
        "r":0.027027027,
        "f":0.0082987552
      },
      "aux":{
        "p":0.0,
        "r":0.0,
        "f":0.0
      },
      "mark":{
        "p":0.0,
        "r":0.0,
        "f":0.0
      },
      "aux:pass":{
        "p":0.0,
        "r":0.0,
        "f":0.0
      },
      "iobj":{
        "p":0.0,
        "r":0.0,
        "f":0.0
      },
      "flat:name":{
        "p":0.0,
        "r":0.0,
        "f":0.0
      },
      "nummod:gov":{
        "p":0.0,
        "r":0.0,
        "f":0.0
      },
      "advcl:cmp":{
        "p":0.0,
        "r":0.0,
        "f":0.0
      },
      "list":{
        "p":0.0,
        "r":0.0,
        "f":0.0
      },
      "nsubj:outer":{
        "p":0.0,
        "r":0.0,
        "f":0.0
      },
      "csubj":{
        "p":0.0,
        "r":0.0,
        "f":0.0
      },
      "flat":{
        "p":0.0,
        "r":0.0,
        "f":0.0
      },
      "acl:relcl":{
        "p":0.0,
        "r":0.0,
        "f":0.0
      },
      "compound":{
        "p":0.0,
        "r":0.0,
        "f":0.0
      },
      "csubj:pass":{
        "p":0.0,
        "r":0.0,
        "f":0.0
      },
      "reparandum":{
        "p":0.0,
        "r":0.0,
        "f":0.0
      },
      "goeswith":{
        "p":0.0,
        "r":0.0,
        "f":0.0
      }
    }
  },
  "trainable_lemmatizer":{
    "lemma_acc":0.2920151605
  },
  "tagger":{
    "tag_acc":0.0692471534
  },
  "morphologizer":{
    "pos_acc":0.2297490177,
    "morph_acc":0.2061776186,
    "morph_micro_p":0.2771630593,
    "morph_micro_r":0.1812097116,
    "morph_micro_f":0.2191432006,
    "morph_per_feat":{
      "Case":{
        "p":0.1926489227,
        "r":0.1309780267,
        "f":0.1559374199
      },
      "Gender":{
        "p":0.2419002548,
        "r":0.1715281363,
        "f":0.200724966
      },
      "Number":{
        "p":0.5314743444,
        "r":0.3685286104,
        "f":0.4352507968
      },
      "Mood":{
        "p":0.1816946081,
        "r":0.1407511408,
        "f":0.1586234177
      },
      "Person":{
        "p":0.1888223553,
        "r":0.090769526,
        "f":0.1226023847
      },
      "Tense":{
        "p":0.1522450193,
        "r":0.1041497152,
        "f":0.1236864356
      },
      "VerbForm":{
        "p":0.1822777282,
        "r":0.1205032436,
        "f":0.1450887574
      },
      "Voice":{
        "p":0.3123140988,
        "r":0.207141448,
        "f":0.2490807733
      },
      "PronType":{
        "p":0.0803662258,
        "r":0.0325236723,
        "f":0.0463071512
      },
      "Variant":{
        "p":0.0,
        "r":0.0,
        "f":0.0
      },
      "Reflex":{
        "p":0.1666666667,
        "r":0.0011614402,
        "f":0.0023068051
      },
      "Aspect":{
        "p":0.091152815,
        "r":0.072922252,
        "f":0.0810247245
      },
      "Degree":{
        "p":0.1106870229,
        "r":0.1506849315,
        "f":0.1276255251
      },
      "Clitic":{
        "p":0.0,
        "r":0.0,
        "f":0.0
      },
      "Polarity":{
        "p":0.027027027,
        "r":0.0023923445,
        "f":0.0043956044
      },
      "Poss":{
        "p":1.0,
        "r":0.0019157088,
        "f":0.0038240918
      },
      "Definite":{
        "p":0.0,
        "r":0.0,
        "f":0.0
      },
      "Analyt":{
        "p":0.0,
        "r":0.0,
        "f":0.0
      },
      "NumType":{
        "p":0.0,
        "r":0.0,
        "f":0.0
      },
      "Animacy":{
        "p":0.0,
        "r":0.0,
        "f":0.0
      },
      "NumForm":{
        "p":0.0,
        "r":0.0,
        "f":0.0
      },
      "NameType":{
        "p":0.0,
        "r":0.0,
        "f":0.0
      },
      "Abbr":{
        "p":0.0,
        "r":0.0,
        "f":0.0
      },
      "Typo":{
        "p":0.0,
        "r":0.0,
        "f":0.0
      }
    }
  },
  "speed":3204.1753573295
}