{
  "tokenizer":{
    "token_acc":1.0,
    "token_p":0.997476277,
    "token_r":0.9991405026,
    "token_f":0.9983076962
  },
  "transformer":{

  },
  "parser":{
    "sents_p":0.3578347578,
    "sents_r":0.5550154662,
    "sents_f":0.435129049,
    "dep_uas":0.3087692696,
    "dep_las":0.0764430971,
    "dep_las_per_type":{
      "discourse":{
        "p":0.1270833333,
        "r":0.0903703704,
        "f":0.1056277056
      },
      "case":{
        "p":0.1539980257,
        "r":0.0978056426,
        "f":0.1196319018
      },
      "root":{
        "p":0.2727790433,
        "r":0.4233318604,
        "f":0.3317748918
      },
      "nsubj":{
        "p":0.0411233701,
        "r":0.0287719298,
        "f":0.0338563171
      },
      "det":{
        "p":0.0097254005,
        "r":0.0166994106,
        "f":0.0122921186
      },
      "dep":{
        "p":0.0,
        "r":0.0,
        "f":0.0
      },
      "orphan":{
        "p":0.001607717,
        "r":0.0168067227,
        "f":0.0029347029
      },
      "nmod":{
        "p":0.0177147919,
        "r":0.0429184549,
        "f":0.0250783699
      },
      "obj":{
        "p":0.0604229607,
        "r":0.0132538105,
        "f":0.0217391304
      },
      "mark":{
        "p":0.1034482759,
        "r":0.0239361702,
        "f":0.0388768898
      },
      "advcl":{
        "p":0.012539185,
        "r":0.0040733198,
        "f":0.0061491161
      },
      "amod":{
        "p":0.0212765957,
        "r":0.0141570142,
        "f":0.0170015456
      },
      "obl":{
        "p":0.0533453888,
        "r":0.0403556772,
        "f":0.0459501558
      },
      "acl":{
        "p":0.0051282051,
        "r":0.0029154519,
        "f":0.0037174721
      },
      "advmod":{
        "p":0.0539452496,
        "r":0.0513803681,
        "f":0.0526315789
      },
      "cc":{
        "p":0.1184210526,
        "r":0.0358565737,
        "f":0.0550458716
      },
      "conj":{
        "p":0.0188340807,
        "r":0.0192131747,
        "f":0.0190217391
      },
      "expl:pv":{
        "p":0.0,
        "r":0.0,
        "f":0.0
      },
      "obl:arg":{
        "p":0.0125786164,
        "r":0.0064102564,
        "f":0.008492569
      },
      "dislocated":{
        "p":0.0,
        "r":0.0,
        "f":0.0
      },
      "nsubj:pass":{
        "p":0.0,
        "r":0.0,
        "f":0.0
      },
      "nummod":{
        "p":0.0,
        "r":0.0,
        "f":0.0
      },
      "cop":{
        "p":0.0061349693,
        "r":0.0025510204,
        "f":0.0036036036
      },
      "vocative":{
        "p":0.007751938,
        "r":0.006097561,
        "f":0.0068259386
      },
      "flat:name":{
        "p":0.0,
        "r":0.0,
        "f":0.0
      },
      "xcomp":{
        "p":0.010989011,
        "r":0.0094936709,
        "f":0.0101867572
      },
      "appos":{
        "p":0.0030769231,
        "r":0.0101522843,
        "f":0.0047225502
      },
      "aux":{
        "p":0.0,
        "r":0.0,
        "f":0.0
      },
      "advcl:cmp":{
        "p":0.0,
        "r":0.0,
        "f":0.0
      },
      "ccomp":{
        "p":0.0,
        "r":0.0,
        "f":0.0
      },
      "parataxis":{
        "p":0.0,
        "r":0.0,
        "f":0.0
      },
      "fixed":{
        "p":0.0074074074,
        "r":0.0204081633,
        "f":0.0108695652
      },
      "obl:agent":{
        "p":0.0,
        "r":0.0,
        "f":0.0
      },
      "csubj":{
        "p":0.0,
        "r":0.0,
        "f":0.0
      },
      "nsubj:outer":{
        "p":0.0,
        "r":0.0,
        "f":0.0
      },
      "csubj:pass":{
        "p":0.0,
        "r":0.0,
        "f":0.0
      },
      "aux:pass":{
        "p":0.0,
        "r":0.0,
        "f":0.0
      }
    }
  },
  "trainable_lemmatizer":{
    "lemma_acc":0.219920681
  },
  "tagger":{
    "tag_acc":0.0693156844
  },
  "speed":1603.4372496816
}