{
  "tokenizer":{
    "token_acc":0.9464403791,
    "token_p":0.9418117699,
    "token_r":0.8969353484,
    "token_f":0.9188259327
  },
  "transformer":{

  },
  "parser":{
    "sents_p":0.2026143791,
    "sents_r":0.3984575835,
    "sents_f":0.2686308492,
    "dep_uas":0.1983835415,
    "dep_las":0.0609845702,
    "dep_las_per_type":{
      "advmod":{
        "p":0.0397877984,
        "r":0.0307377049,
        "f":0.0346820809
      },
      "iobj":{
        "p":0.0,
        "r":0.0,
        "f":0.0
      },
      "root":{
        "p":0.20110957,
        "r":0.3727506427,
        "f":0.2612612613
      },
      "nsubj":{
        "p":0.0238095238,
        "r":0.0079155673,
        "f":0.0118811881
      },
      "cc:nc":{
        "p":0.0,
        "r":0.0,
        "f":0.0
      },
      "expl":{
        "p":0.0,
        "r":0.0,
        "f":0.0
      },
      "case":{
        "p":0.1359223301,
        "r":0.1115537849,
        "f":0.1225382932
      },
      "obl":{
        "p":0.0429447853,
        "r":0.0243902439,
        "f":0.0311111111
      },
      "ccomp":{
        "p":0.0344827586,
        "r":0.0208333333,
        "f":0.025974026
      },
      "det":{
        "p":0.1323529412,
        "r":0.0535714286,
        "f":0.0762711864
      },
      "mark":{
        "p":0.1,
        "r":0.0043290043,
        "f":0.0082987552
      },
      "aux":{
        "p":0.0,
        "r":0.0,
        "f":0.0
      },
      "acl":{
        "p":0.0,
        "r":0.0,
        "f":0.0
      },
      "nmod":{
        "p":0.0054054054,
        "r":0.0357142857,
        "f":0.0093896714
      },
      "obj":{
        "p":0.0512820513,
        "r":0.0382513661,
        "f":0.0438184664
      },
      "advcl":{
        "p":0.0204081633,
        "r":0.0085470085,
        "f":0.0120481928
      },
      "acl:relcl":{
        "p":0.0,
        "r":0.0,
        "f":0.0
      },
      "dep":{
        "p":0.0,
        "r":0.0,
        "f":0.0
      },
      "cop":{
        "p":0.0,
        "r":0.0,
        "f":0.0
      },
      "amod":{
        "p":0.0338983051,
        "r":0.0188679245,
        "f":0.0242424242
      },
      "xcomp":{
        "p":0.0074349442,
        "r":0.025,
        "f":0.0114613181
      },
      "cc":{
        "p":0.0576923077,
        "r":0.05,
        "f":0.0535714286
      },
      "conj":{
        "p":0.018018018,
        "r":0.0298507463,
        "f":0.0224719101
      },
      "flat":{
        "p":0.0,
        "r":0.0,
        "f":0.0
      },
      "appos":{
        "p":0.0,
        "r":0.0,
        "f":0.0
      },
      "orphan":{
        "p":0.0,
        "r":0.0,
        "f":0.0
      },
      "case:det":{
        "p":0.0,
        "r":0.0,
        "f":0.0
      },
      "vocative":{
        "p":0.0,
        "r":0.0,
        "f":0.0
      },
      "fixed":{
        "p":0.0,
        "r":0.0,
        "f":0.0
      },
      "dislocated":{
        "p":0.0,
        "r":0.0,
        "f":0.0
      },
      "obl:advmod":{
        "p":0.0,
        "r":0.0,
        "f":0.0
      },
      "aux:pass":{
        "p":0.0,
        "r":0.0,
        "f":0.0
      },
      "obl:arg":{
        "p":0.0,
        "r":0.0,
        "f":0.0
      },
      "nummod":{
        "p":0.0,
        "r":0.0,
        "f":0.0
      },
      "discourse":{
        "p":0.0,
        "r":0.0,
        "f":0.0
      },
      "parataxis":{
        "p":0.0,
        "r":0.0,
        "f":0.0
      },
      "csubj":{
        "p":0.0,
        "r":0.0,
        "f":0.0
      },
      "nsubj:obj":{
        "p":0.0,
        "r":0.0,
        "f":0.0
      }
    }
  },
  "trainable_lemmatizer":{
    "lemma_acc":0.4268050342
  },
  "tagger":{
    "tag_acc":0.0
  },
  "speed":1211.15096954
}