{
  "tokenizer":{
    "token_acc":1.0,
    "token_p":0.9963401882,
    "token_r":0.998777079,
    "token_f":0.9975571453
  },
  "transformer":{

  },
  "parser":{
    "sents_p":0.1029850746,
    "sents_r":0.2555555556,
    "sents_f":0.1468085106,
    "dep_uas":0.2960629921,
    "dep_las":0.0919821632,
    "dep_las_per_type":{
      "cc":{
        "p":0.152,
        "r":0.0363984674,
        "f":0.0587326121
      },
      "xcomp":{
        "p":0.0111731844,
        "r":0.0092165899,
        "f":0.0101010101
      },
      "root":{
        "p":0.1997019374,
        "r":0.4962962963,
        "f":0.2848034006
      },
      "nsubj":{
        "p":0.0458015267,
        "r":0.0266075388,
        "f":0.0336605891
      },
      "nsubj:pass":{
        "p":0.0,
        "r":0.0,
        "f":0.0
      },
      "advmod":{
        "p":0.0384615385,
        "r":0.0359116022,
        "f":0.0371428571
      },
      "acl":{
        "p":0.0416666667,
        "r":0.0102040816,
        "f":0.0163934426
      },
      "case":{
        "p":0.4352941176,
        "r":0.1471172962,
        "f":0.219910847
      },
      "obl":{
        "p":0.0926966292,
        "r":0.075,
        "f":0.0829145729
      },
      "det":{
        "p":0.065,
        "r":0.1115879828,
        "f":0.0821484992
      },
      "conj":{
        "p":0.0413080895,
        "r":0.0703812317,
        "f":0.0520607375
      },
      "amod":{
        "p":0.0,
        "r":0.0,
        "f":0.0
      },
      "appos":{
        "p":0.0,
        "r":0.0,
        "f":0.0
      },
      "vocative":{
        "p":0.0,
        "r":0.0,
        "f":0.0
      },
      "obj":{
        "p":0.0810810811,
        "r":0.0165745856,
        "f":0.0275229358
      },
      "dep":{
        "p":0.0028985507,
        "r":1.0,
        "f":0.0057803468
      },
      "advcl":{
        "p":0.0,
        "r":0.0,
        "f":0.0
      },
      "nmod":{
        "p":0.0367231638,
        "r":0.0537190083,
        "f":0.0436241611
      },
      "obl:arg":{
        "p":0.0,
        "r":0.0,
        "f":0.0
      },
      "discourse":{
        "p":0.06,
        "r":0.0405405405,
        "f":0.0483870968
      },
      "mark":{
        "p":0.0833333333,
        "r":0.0049261084,
        "f":0.0093023256
      },
      "ccomp":{
        "p":0.0,
        "r":0.0,
        "f":0.0
      },
      "orphan":{
        "p":0.0047169811,
        "r":0.025,
        "f":0.0079365079
      },
      "dislocated":{
        "p":0.0,
        "r":0.0,
        "f":0.0
      },
      "fixed":{
        "p":0.0,
        "r":0.0,
        "f":0.0
      },
      "nummod":{
        "p":0.0,
        "r":0.0,
        "f":0.0
      },
      "advcl:cmp":{
        "p":0.0,
        "r":0.0,
        "f":0.0
      },
      "cop":{
        "p":0.0,
        "r":0.0,
        "f":0.0
      },
      "flat:name":{
        "p":0.0,
        "r":0.0,
        "f":0.0
      },
      "parataxis":{
        "p":0.0,
        "r":0.0,
        "f":0.0
      },
      "expl:pv":{
        "p":0.0,
        "r":0.0,
        "f":0.0
      },
      "obl:agent":{
        "p":0.0,
        "r":0.0,
        "f":0.0
      },
      "csubj:pass":{
        "p":0.0,
        "r":0.0,
        "f":0.0
      },
      "iobj":{
        "p":0.0,
        "r":0.0,
        "f":0.0
      },
      "nsubj:outer":{
        "p":0.0,
        "r":0.0,
        "f":0.0
      },
      "csubj":{
        "p":0.0,
        "r":0.0,
        "f":0.0
      }
    }
  },
  "trainable_lemmatizer":{
    "lemma_acc":0.4184991274
  },
  "tagger":{
    "tag_acc":0.1066410682
  },
  "speed":1414.2814434453
}