{
  "tokenizer":{
    "token_acc":0.9995570601,
    "token_p":0.9645015345,
    "token_r":0.9836092021,
    "token_f":0.9739616613
  },
  "transformer":{

  },
  "parser":{
    "sents_p":0.5015561408,
    "sents_r":0.6768982229,
    "sents_f":0.5761826183,
    "dep_uas":0.2794595575,
    "dep_las":0.0728007757,
    "dep_las_per_type":{
      "discourse":{
        "p":0.108490566,
        "r":0.0640668524,
        "f":0.0805604203
      },
      "vocative":{
        "p":0.0,
        "r":0.0,
        "f":0.0
      },
      "root":{
        "p":0.2531975367,
        "r":0.3453957997,
        "f":0.2921962553
      },
      "advmod":{
        "p":0.0334534225,
        "r":0.0405996252,
        "f":0.0366817156
      },
      "advcl":{
        "p":0.0054744526,
        "r":0.0032786885,
        "f":0.004101162
      },
      "expl:pv":{
        "p":0.0,
        "r":0.0,
        "f":0.0
      },
      "obl:arg":{
        "p":0.0077120823,
        "r":0.0058479532,
        "f":0.0066518847
      },
      "fixed":{
        "p":0.004,
        "r":0.0135135135,
        "f":0.0061728395
      },
      "dep":{
        "p":0.0026871401,
        "r":0.0463576159,
        "f":0.0050798258
      },
      "cc":{
        "p":0.2326388889,
        "r":0.0892738175,
        "f":0.1290322581
      },
      "orphan":{
        "p":0.0021216407,
        "r":0.0123966942,
        "f":0.0036231884
      },
      "obj":{
        "p":0.0345368917,
        "r":0.0131894484,
        "f":0.0190889371
      },
      "case":{
        "p":0.1964107677,
        "r":0.1174716756,
        "f":0.1470149254
      },
      "obl":{
        "p":0.0560588901,
        "r":0.0376569038,
        "f":0.0450511945
      },
      "nummod":{
        "p":0.0,
        "r":0.0,
        "f":0.0
      },
      "conj":{
        "p":0.0173577628,
        "r":0.0076759062,
        "f":0.010644589
      },
      "nsubj":{
        "p":0.0366684128,
        "r":0.036939314,
        "f":0.0368033649
      },
      "appos":{
        "p":0.0147835269,
        "r":0.0197183099,
        "f":0.0168980084
      },
      "obl:agent":{
        "p":0.0,
        "r":0.0,
        "f":0.0
      },
      "cop":{
        "p":0.0023419204,
        "r":0.0031055901,
        "f":0.002670227
      },
      "dislocated":{
        "p":0.0,
        "r":0.0,
        "f":0.0
      },
      "acl":{
        "p":0.0044776119,
        "r":0.013215859,
        "f":0.0066889632
      },
      "nmod":{
        "p":0.0163934426,
        "r":0.0517970402,
        "f":0.0249047014
      },
      "det":{
        "p":0.011409943,
        "r":0.0217729393,
        "f":0.014973262
      },
      "amod":{
        "p":0.0426136364,
        "r":0.0303643725,
        "f":0.0354609929
      },
      "parataxis":{
        "p":0.0,
        "r":0.0,
        "f":0.0
      },
      "ccomp":{
        "p":0.0,
        "r":0.0,
        "f":0.0
      },
      "xcomp":{
        "p":0.0071355759,
        "r":0.0201149425,
        "f":0.0105342363
      },
      "expl":{
        "p":0.0,
        "r":0.0,
        "f":0.0
      },
      "nsubj:pass":{
        "p":0.0,
        "r":0.0,
        "f":0.0
      },
      "aux":{
        "p":0.0,
        "r":0.0,
        "f":0.0
      },
      "mark":{
        "p":0.0,
        "r":0.0,
        "f":0.0
      },
      "aux:pass":{
        "p":0.0,
        "r":0.0,
        "f":0.0
      },
      "iobj":{
        "p":0.0,
        "r":0.0,
        "f":0.0
      },
      "flat:name":{
        "p":0.0,
        "r":0.0,
        "f":0.0
      },
      "nummod:gov":{
        "p":0.0,
        "r":0.0,
        "f":0.0
      },
      "list":{
        "p":0.0,
        "r":0.0,
        "f":0.0
      },
      "advcl:cmp":{
        "p":0.0,
        "r":0.0,
        "f":0.0
      },
      "csubj":{
        "p":0.0,
        "r":0.0,
        "f":0.0
      },
      "flat":{
        "p":0.0,
        "r":0.0,
        "f":0.0
      },
      "acl:relcl":{
        "p":0.0,
        "r":0.0,
        "f":0.0
      },
      "nsubj:outer":{
        "p":0.0,
        "r":0.0,
        "f":0.0
      },
      "compound":{
        "p":0.0,
        "r":0.0,
        "f":0.0
      },
      "csubj:pass":{
        "p":0.0,
        "r":0.0,
        "f":0.0
      },
      "reparandum":{
        "p":0.0,
        "r":0.0,
        "f":0.0
      },
      "goeswith":{
        "p":0.0,
        "r":0.0,
        "f":0.0
      }
    }
  },
  "trainable_lemmatizer":{
    "lemma_acc":0.2931985735
  },
  "tagger":{
    "tag_acc":0.0726253404
  },
  "speed":2106.0356572994
}