{
  "tokenizer":{
    "token_acc":1.0,
    "token_p":0.9963401882,
    "token_r":0.998777079,
    "token_f":0.9975571453
  },
  "transformer":{

  },
  "parser":{
    "sents_p":0.5306122449,
    "sents_r":0.7222222222,
    "sents_f":0.6117647059,
    "dep_uas":0.7616802026,
    "dep_las":0.68651244,
    "dep_las_per_type":{
      "cc":{
        "p":0.7882797732,
        "r":0.7988505747,
        "f":0.7935299715
      },
      "xcomp":{
        "p":0.6567164179,
        "r":0.6082949309,
        "f":0.6315789474
      },
      "root":{
        "p":0.6621621622,
        "r":0.9074074074,
        "f":0.765625
      },
      "nsubj":{
        "p":0.7122302158,
        "r":0.6585365854,
        "f":0.6843317972
      },
      "nsubj:pass":{
        "p":1.0,
        "r":0.1538461538,
        "f":0.2666666667
      },
      "advmod":{
        "p":0.7109144543,
        "r":0.6657458564,
        "f":0.6875891583
      },
      "acl":{
        "p":0.5483870968,
        "r":0.3469387755,
        "f":0.425
      },
      "case":{
        "p":0.931237721,
        "r":0.9423459245,
        "f":0.9367588933
      },
      "obl":{
        "p":0.6674698795,
        "r":0.6295454545,
        "f":0.6479532164
      },
      "det":{
        "p":0.800856531,
        "r":0.8025751073,
        "f":0.8017148982
      },
      "amod":{
        "p":0.5,
        "r":0.3048780488,
        "f":0.3787878788
      },
      "appos":{
        "p":0.4102564103,
        "r":0.3902439024,
        "f":0.4
      },
      "nmod":{
        "p":0.6591928251,
        "r":0.6074380165,
        "f":0.6322580645
      },
      "obj":{
        "p":0.6695402299,
        "r":0.6436464088,
        "f":0.6563380282
      },
      "conj":{
        "p":0.5148809524,
        "r":0.5073313783,
        "f":0.5110782866
      },
      "advcl":{
        "p":0.5697674419,
        "r":0.525,
        "f":0.5464684015
      },
      "obl:arg":{
        "p":0.5636363636,
        "r":0.6158940397,
        "f":0.5886075949
      },
      "discourse":{
        "p":0.7074829932,
        "r":0.7027027027,
        "f":0.7050847458
      },
      "mark":{
        "p":0.7389162562,
        "r":0.7389162562,
        "f":0.7389162562
      },
      "ccomp":{
        "p":0.5833333333,
        "r":0.4077669903,
        "f":0.48
      },
      "orphan":{
        "p":0.2777777778,
        "r":0.25,
        "f":0.2631578947
      },
      "nummod":{
        "p":0.6666666667,
        "r":0.6666666667,
        "f":0.6666666667
      },
      "vocative":{
        "p":0.6,
        "r":0.6818181818,
        "f":0.6382978723
      },
      "dep":{
        "p":0.0,
        "r":0.0,
        "f":0.0
      },
      "dislocated":{
        "p":0.2222222222,
        "r":0.1428571429,
        "f":0.1739130435
      },
      "expl:pv":{
        "p":0.7692307692,
        "r":0.9090909091,
        "f":0.8333333333
      },
      "flat:name":{
        "p":0.8333333333,
        "r":0.7692307692,
        "f":0.8
      },
      "advcl:cmp":{
        "p":0.2,
        "r":0.0714285714,
        "f":0.1052631579
      },
      "obl:agent":{
        "p":0.0,
        "r":0.0,
        "f":0.0
      },
      "csubj:pass":{
        "p":0.0,
        "r":0.0,
        "f":0.0
      },
      "parataxis":{
        "p":0.6666666667,
        "r":0.6666666667,
        "f":0.6666666667
      },
      "nsubj:outer":{
        "p":0.0,
        "r":0.0,
        "f":0.0
      }
    }
  },
  "trainable_lemmatizer":{
    "lemma_acc":0.876865346
  },
  "tagger":{
    "tag_acc":0.819523269
  },
  "morphologizer":{
    "pos_acc":0.9227947598,
    "morph_acc":0.8284292325,
    "morph_micro_p":0.8808770214,
    "morph_micro_r":0.8677929588,
    "morph_micro_f":0.8742860407,
    "morph_per_feat":{
      "Case":{
        "p":0.875630858,
        "r":0.8460466736,
        "f":0.8605845881
      },
      "Degree":{
        "p":0.7887323944,
        "r":0.724137931,
        "f":0.7550561798
      },
      "Gender":{
        "p":0.8689479432,
        "r":0.8422724065,
        "f":0.8554022577
      },
      "Number":{
        "p":0.9211783439,
        "r":0.9086387435,
        "f":0.9148655772
      },
      "Strength":{
        "p":0.8040201005,
        "r":0.6694560669,
        "f":0.7305936073
      },
      "Mood":{
        "p":0.8299798793,
        "r":0.8693361433,
        "f":0.8492022645
      },
      "Person":{
        "p":0.8679599499,
        "r":0.8948387097,
        "f":0.8811944091
      },
      "Tense":{
        "p":0.8507692308,
        "r":0.8533950617,
        "f":0.8520801233
      },
      "VerbForm":{
        "p":0.8620955316,
        "r":0.8634259259,
        "f":0.8627602159
      },
      "Voice":{
        "p":0.8890600924,
        "r":0.8904320988,
        "f":0.8897455667
      },
      "PronType":{
        "p":0.9568,
        "r":0.961414791,
        "f":0.9591018444
      },
      "Polarity":{
        "p":1.0,
        "r":1.0,
        "f":1.0
      },
      "Poss":{
        "p":0.9924242424,
        "r":0.9290780142,
        "f":0.9597069597
      },
      "Aspect":{
        "p":0.6341463415,
        "r":0.3823529412,
        "f":0.4770642202
      },
      "Reflex":{
        "p":0.9152542373,
        "r":1.0,
        "f":0.9557522124
      }
    }
  },
  "speed":1745.2460794021
}