{
  "tokenizer":{
    "token_acc":0.9464403791,
    "token_p":0.9418117699,
    "token_r":0.8969353484,
    "token_f":0.9188259327
  },
  "transformer":{

  },
  "parser":{
    "sents_p":0.0197418375,
    "sents_r":0.0668380463,
    "sents_f":0.0304806565,
    "dep_uas":0.2272779501,
    "dep_las":0.06917155,
    "dep_las_per_type":{
      "advmod":{
        "p":0.0292397661,
        "r":0.0102459016,
        "f":0.0151745068
      },
      "iobj":{
        "p":0.0,
        "r":0.0,
        "f":0.0
      },
      "root":{
        "p":0.146875,
        "r":0.4832904884,
        "f":0.2252846016
      },
      "obj":{
        "p":0.0470588235,
        "r":0.0218579235,
        "f":0.0298507463
      },
      "nsubj":{
        "p":0.0337552743,
        "r":0.0211081794,
        "f":0.025974026
      },
      "cc:nc":{
        "p":0.0,
        "r":0.0,
        "f":0.0
      },
      "expl":{
        "p":0.0,
        "r":0.0,
        "f":0.0
      },
      "case":{
        "p":0.2520325203,
        "r":0.1235059761,
        "f":0.1657754011
      },
      "obl":{
        "p":0.04,
        "r":0.0139372822,
        "f":0.0206718346
      },
      "ccomp":{
        "p":0.0,
        "r":0.0,
        "f":0.0
      },
      "cc":{
        "p":0.3037974684,
        "r":0.2,
        "f":0.2412060302
      },
      "mark":{
        "p":0.0555555556,
        "r":0.012987013,
        "f":0.0210526316
      },
      "aux":{
        "p":0.0,
        "r":0.0,
        "f":0.0
      },
      "det":{
        "p":0.1842105263,
        "r":0.0625,
        "f":0.0933333333
      },
      "acl":{
        "p":0.0,
        "r":0.0,
        "f":0.0
      },
      "xcomp":{
        "p":0.007518797,
        "r":0.0125,
        "f":0.0093896714
      },
      "advcl":{
        "p":0.0,
        "r":0.0,
        "f":0.0
      },
      "acl:relcl":{
        "p":0.0,
        "r":0.0,
        "f":0.0
      },
      "appos":{
        "p":0.0,
        "r":0.0,
        "f":0.0
      },
      "amod":{
        "p":0.0205761317,
        "r":0.0471698113,
        "f":0.0286532951
      },
      "orphan":{
        "p":0.0,
        "r":0.0,
        "f":0.0
      },
      "nmod":{
        "p":0.0035460993,
        "r":0.0178571429,
        "f":0.0059171598
      },
      "conj":{
        "p":0.0317460317,
        "r":0.0149253731,
        "f":0.0203045685
      },
      "flat":{
        "p":0.0,
        "r":0.0,
        "f":0.0
      },
      "dep":{
        "p":0.0,
        "r":0.0,
        "f":0.0
      },
      "nummod":{
        "p":0.0,
        "r":0.0,
        "f":0.0
      },
      "discourse":{
        "p":0.0,
        "r":0.0,
        "f":0.0
      },
      "obl:arg":{
        "p":0.0,
        "r":0.0,
        "f":0.0
      },
      "case:det":{
        "p":0.0,
        "r":0.0,
        "f":0.0
      },
      "cop":{
        "p":0.0,
        "r":0.0,
        "f":0.0
      },
      "dislocated":{
        "p":0.0,
        "r":0.0,
        "f":0.0
      },
      "obl:advmod":{
        "p":0.0,
        "r":0.0,
        "f":0.0
      },
      "aux:pass":{
        "p":0.0,
        "r":0.0,
        "f":0.0
      },
      "vocative":{
        "p":0.0,
        "r":0.0,
        "f":0.0
      },
      "parataxis":{
        "p":0.0,
        "r":0.0,
        "f":0.0
      },
      "nsubj:pass":{
        "p":0.0,
        "r":0.0,
        "f":0.0
      },
      "flat:name":{
        "p":0.0,
        "r":0.0,
        "f":0.0
      },
      "csubj":{
        "p":0.0,
        "r":0.0,
        "f":0.0
      },
      "nsubj:obj":{
        "p":0.0,
        "r":0.0,
        "f":0.0
      }
    }
  },
  "trainable_lemmatizer":{
    "lemma_acc":0.3086774122
  },
  "tagger":{
    "tag_acc":0.0
  },
  "morphologizer":{
    "pos_acc":0.2016120128,
    "morph_acc":0.1744507011,
    "morph_micro_p":0.0406882954,
    "morph_micro_r":0.0866412214,
    "morph_micro_f":0.0553726064,
    "morph_per_feat":{
      "PronType":{
        "p":0.4214285714,
        "r":0.0547309833,
        "f":0.0968801314
      },
      "VerbForm":{
        "p":0.4192634561,
        "r":0.157782516,
        "f":0.2292796282
      },
      "Case":{
        "p":0.0,
        "r":0.0,
        "f":0.0
      },
      "Gender":{
        "p":0.0,
        "r":0.0,
        "f":0.0
      },
      "Number":{
        "p":0.0,
        "r":0.0,
        "f":0.0
      },
      "Person":{
        "p":0.0,
        "r":0.0,
        "f":0.0
      },
      "Mood":{
        "p":0.0,
        "r":0.0,
        "f":0.0
      },
      "Tense":{
        "p":0.0566572238,
        "r":0.1503759398,
        "f":0.0823045267
      },
      "Voice":{
        "p":0.0,
        "r":0.0,
        "f":0.0
      },
      "Polarity":{
        "p":0.0,
        "r":0.0,
        "f":0.0
      },
      "Degree":{
        "p":0.0,
        "r":0.0,
        "f":0.0
      },
      "Strength":{
        "p":0.0,
        "r":0.0,
        "f":0.0
      },
      "Definite":{
        "p":0.0,
        "r":0.0,
        "f":0.0
      },
      "Poss":{
        "p":0.0,
        "r":0.0,
        "f":0.0
      },
      "NumType":{
        "p":0.0,
        "r":0.0,
        "f":0.0
      },
      "Aspect":{
        "p":0.0,
        "r":0.0,
        "f":0.0
      },
      "Reflex":{
        "p":0.0,
        "r":0.0,
        "f":0.0
      }
    }
  },
  "speed":1520.1053533188
}