{
  "tokenizer":{
    "token_acc":0.9987632593,
    "token_p":0.9895828378,
    "token_r":0.9929125403,
    "token_f":0.9912448929
  },
  "transformer":{

  },
  "parser":{
    "sents_p":0.0249925911,
    "sents_r":0.0816129032,
    "sents_f":0.0382666566,
    "dep_uas":0.26287849,
    "dep_las":0.0662695732,
    "dep_las_per_type":{
      "nsubj":{
        "p":0.017921147,
        "r":0.0054505814,
        "f":0.0083588743
      },
      "case":{
        "p":0.1381936888,
        "r":0.094564408,
        "f":0.1122900088
      },
      "obl":{
        "p":0.0433604336,
        "r":0.0059413294,
        "f":0.0104506858
      },
      "root":{
        "p":0.1327088212,
        "r":0.4387096774,
        "f":0.2037758466
      },
      "det":{
        "p":0.288627451,
        "r":0.0795847751,
        "f":0.1247669096
      },
      "flat:name":{
        "p":0.0,
        "r":0.0,
        "f":0.0
      },
      "advcl":{
        "p":0.0122699387,
        "r":0.0009803922,
        "f":0.0018157059
      },
      "cop":{
        "p":0.0,
        "r":0.0,
        "f":0.0
      },
      "acl":{
        "p":0.0034168565,
        "r":0.0060483871,
        "f":0.0043668122
      },
      "amod":{
        "p":0.0059612519,
        "r":0.0320641283,
        "f":0.0100534087
      },
      "orphan":{
        "p":0.0,
        "r":0.0,
        "f":0.0
      },
      "cc":{
        "p":0.1734965407,
        "r":0.1289047054,
        "f":0.1479128857
      },
      "dep":{
        "p":0.0,
        "r":0.0,
        "f":0.0
      },
      "appos":{
        "p":0.0049261084,
        "r":0.0491803279,
        "f":0.0089552239
      },
      "nmod":{
        "p":0.0339750849,
        "r":0.0393571663,
        "f":0.0364686218
      },
      "advmod":{
        "p":0.0296096904,
        "r":0.0054361255,
        "f":0.0091858038
      },
      "obj":{
        "p":0.0201149425,
        "r":0.011153601,
        "f":0.0143501435
      },
      "conj":{
        "p":0.0299455535,
        "r":0.0156844106,
        "f":0.0205864005
      },
      "xcomp":{
        "p":0.0054815975,
        "r":0.007231405,
        "f":0.0062360802
      },
      "mark":{
        "p":0.0134453782,
        "r":0.0118694362,
        "f":0.012608353
      },
      "nummod":{
        "p":0.0026640027,
        "r":0.0727272727,
        "f":0.0051397366
      },
      "nsubj:pass":{
        "p":0.0,
        "r":0.0,
        "f":0.0
      },
      "dislocated":{
        "p":0.0,
        "r":0.0,
        "f":0.0
      },
      "csubj":{
        "p":0.0,
        "r":0.0,
        "f":0.0
      },
      "obl:arg":{
        "p":0.0,
        "r":0.0,
        "f":0.0
      },
      "discourse":{
        "p":0.1369661267,
        "r":0.0751211632,
        "f":0.0970266041
      },
      "ccomp":{
        "p":0.0,
        "r":0.0,
        "f":0.0
      },
      "parataxis":{
        "p":0.0,
        "r":0.0,
        "f":0.0
      },
      "vocative":{
        "p":0.0,
        "r":0.0,
        "f":0.0
      },
      "iobj":{
        "p":0.0,
        "r":0.0,
        "f":0.0
      },
      "obl:agent":{
        "p":0.0,
        "r":0.0,
        "f":0.0
      },
      "expl:pv":{
        "p":0.0,
        "r":0.0,
        "f":0.0
      },
      "advcl:cmp":{
        "p":0.0,
        "r":0.0,
        "f":0.0
      },
      "fixed":{
        "p":0.0,
        "r":0.0,
        "f":0.0
      },
      "nsubj:outer":{
        "p":0.0,
        "r":0.0,
        "f":0.0
      },
      "csubj:pass":{
        "p":0.0,
        "r":0.0,
        "f":0.0
      },
      "aux:pass":{
        "p":0.0,
        "r":0.0,
        "f":0.0
      },
      "aux":{
        "p":0.0,
        "r":0.0,
        "f":0.0
      }
    }
  },
  "trainable_lemmatizer":{
    "lemma_acc":0.1413366071
  },
  "tagger":{
    "tag_acc":0.0396929459
  },
  "speed":2759.1393274913
}