{
  "tokenizer":{
    "token_acc":0.9996152111,
    "token_p":0.9922378791,
    "token_r":0.9963360691,
    "token_f":0.9942827512
  },
  "transformer":{

  },
  "parser":{
    "sents_p":0.0128607077,
    "sents_r":0.0532873807,
    "sents_f":0.0207205814,
    "dep_uas":0.2103443824,
    "dep_las":0.0835328354,
    "dep_las_per_type":{
      "root":{
        "p":0.1061868125,
        "r":0.4427359491,
        "f":0.1712908354
      },
      "cc":{
        "p":0.467611336,
        "r":0.1374590896,
        "f":0.2124626351
      },
      "mark":{
        "p":0.0981818182,
        "r":0.0231627109,
        "f":0.0374826469
      },
      "amod":{
        "p":0.0274442539,
        "r":0.0519855596,
        "f":0.0359236622
      },
      "nsubj:pass":{
        "p":0.0161290323,
        "r":0.0008764242,
        "f":0.0016625104
      },
      "advmod:neg":{
        "p":0.0,
        "r":0.0,
        "f":0.0
      },
      "advcl":{
        "p":0.0170132325,
        "r":0.0035225049,
        "f":0.0058365759
      },
      "case":{
        "p":0.6028351754,
        "r":0.4033113647,
        "f":0.4832899933
      },
      "nsubj":{
        "p":0.0191004313,
        "r":0.0071052028,
        "f":0.0103575008
      },
      "obl":{
        "p":0.0755608028,
        "r":0.0388663968,
        "f":0.0513300361
      },
      "acl:relcl":{
        "p":0.0,
        "r":0.0,
        "f":0.0
      },
      "nmod":{
        "p":0.0377699876,
        "r":0.0751237067,
        "f":0.0502671382
      },
      "obj":{
        "p":0.0149563772,
        "r":0.0180360721,
        "f":0.0163524869
      },
      "orphan":{
        "p":0.0007104291,
        "r":0.0342465753,
        "f":0.0013919822
      },
      "xcomp":{
        "p":0.0060950833,
        "r":0.0132275132,
        "f":0.0083449235
      },
      "det":{
        "p":0.0822108686,
        "r":0.0427432987,
        "f":0.0562440419
      },
      "conj":{
        "p":0.0286343612,
        "r":0.0073550212,
        "f":0.0117038037
      },
      "advmod":{
        "p":0.0057859209,
        "r":0.0053643272,
        "f":0.0055671538
      },
      "csubj:pass":{
        "p":0.0,
        "r":0.0,
        "f":0.0
      },
      "cop":{
        "p":0.0,
        "r":0.0,
        "f":0.0
      },
      "advmod:lmod":{
        "p":0.0,
        "r":0.0,
        "f":0.0
      },
      "fixed":{
        "p":0.0,
        "r":0.0,
        "f":0.0
      },
      "obl:arg":{
        "p":0.014059754,
        "r":0.0039506173,
        "f":0.0061680802
      },
      "appos":{
        "p":0.0045374338,
        "r":0.0425029516,
        "f":0.0081995217
      },
      "ccomp:relcl":{
        "p":0.0,
        "r":0.0,
        "f":0.0
      },
      "acl":{
        "p":0.004719764,
        "r":0.0059612519,
        "f":0.0052683569
      },
      "ccomp":{
        "p":0.0,
        "r":0.0,
        "f":0.0
      },
      "dep":{
        "p":0.0,
        "r":0.0,
        "f":0.0
      },
      "nummod":{
        "p":0.0019483682,
        "r":0.0158102767,
        "f":0.0034692108
      },
      "discourse":{
        "p":0.1227106227,
        "r":0.0527559055,
        "f":0.0737885463
      },
      "csubj":{
        "p":0.0,
        "r":0.0,
        "f":0.0
      },
      "advmod:emph":{
        "p":0.0,
        "r":0.0,
        "f":0.0
      },
      "vocative":{
        "p":0.0,
        "r":0.0,
        "f":0.0
      },
      "flat":{
        "p":0.0,
        "r":0.0,
        "f":0.0
      },
      "dislocated:obj":{
        "p":0.0,
        "r":0.0,
        "f":0.0
      },
      "compound":{
        "p":0.0,
        "r":0.0,
        "f":0.0
      },
      "ccomp:reported":{
        "p":0.0,
        "r":0.0,
        "f":0.0
      },
      "dislocated":{
        "p":0.0,
        "r":0.0,
        "f":0.0
      },
      "aux:pass":{
        "p":0.0,
        "r":0.0,
        "f":0.0
      },
      "csubj:relcl":{
        "p":0.0,
        "r":0.0,
        "f":0.0
      },
      "advcl:abs":{
        "p":0.0,
        "r":0.0,
        "f":0.0
      },
      "aux":{
        "p":0.0,
        "r":0.0,
        "f":0.0
      },
      "conj:expl":{
        "p":0.0,
        "r":0.0,
        "f":0.0
      },
      "advcl:cmp":{
        "p":0.0,
        "r":0.0,
        "f":0.0
      },
      "advcl:pred":{
        "p":0.0,
        "r":0.0,
        "f":0.0
      },
      "obl:agent":{
        "p":0.0,
        "r":0.0,
        "f":0.0
      },
      "obl:lmod":{
        "p":0.0,
        "r":0.0,
        "f":0.0
      },
      "dislocated:nsubj":{
        "p":0.0,
        "r":0.0,
        "f":0.0
      },
      "advmod:tmod":{
        "p":0.0,
        "r":0.0,
        "f":0.0
      },
      "expl:pv":{
        "p":0.0,
        "r":0.0,
        "f":0.0
      },
      "expl:pass":{
        "p":0.0,
        "r":0.0,
        "f":0.0
      },
      "reparandum":{
        "p":0.0,
        "r":0.0,
        "f":0.0
      },
      "parataxis":{
        "p":0.0,
        "r":0.0,
        "f":0.0
      },
      "advcl:relcl":{
        "p":0.0,
        "r":0.0,
        "f":0.0
      },
      "obl:tmod":{
        "p":0.0,
        "r":0.0,
        "f":0.0
      },
      "flat:name":{
        "p":0.0,
        "r":0.0,
        "f":0.0
      },
      "nsubj:outer":{
        "p":0.0,
        "r":0.0,
        "f":0.0
      },
      "obl:cmp":{
        "p":0.0,
        "r":0.0,
        "f":0.0
      },
      "cop:outer":{
        "p":0.0,
        "r":0.0,
        "f":0.0
      },
      "csubj:outer":{
        "p":0.0,
        "r":0.0,
        "f":0.0
      },
      "flat:foreign":{
        "p":0.0,
        "r":0.0,
        "f":0.0
      },
      "parataxis:reporting":{
        "p":0.0,
        "r":0.0,
        "f":0.0
      },
      "csubj:cleft":{
        "p":0.0,
        "r":0.0,
        "f":0.0
      },
      "csubj:reported":{
        "p":0.0,
        "r":0.0,
        "f":0.0
      },
      "iobj":{
        "p":0.0,
        "r":0.0,
        "f":0.0
      },
      "dislocated:csubj":{
        "p":0.0,
        "r":0.0,
        "f":0.0
      }
    }
  },
  "trainable_lemmatizer":{
    "lemma_acc":0.3466141816
  },
  "tagger":{
    "tag_acc":0.0
  },
  "morphologizer":{
    "pos_acc":0.2717616994,
    "morph_acc":0.1777987769,
    "morph_micro_p":0.3152126428,
    "morph_micro_r":0.1929144015,
    "morph_micro_f":0.2393458841,
    "morph_per_feat":{
      "Case":{
        "p":0.2133193222,
        "r":0.1881044767,
        "f":0.1999199828
      },
      "Gender":{
        "p":0.3159373202,
        "r":0.2742200811,
        "f":0.2936042397
      },
      "InflClass":{
        "p":0.0,
        "r":0.0,
        "f":0.0
      },
      "Number":{
        "p":0.6050040647,
        "r":0.4722666165,
        "f":0.5304576233
      },
      "Polarity":{
        "p":0.0754716981,
        "r":0.0029347029,
        "f":0.0056497175
      },
      "Aspect":{
        "p":0.106442577,
        "r":0.003806471,
        "f":0.0073500967
      },
      "Mood":{
        "p":0.1591968447,
        "r":0.0718562874,
        "f":0.0990187333
      },
      "Person":{
        "p":0.1829652997,
        "r":0.0763797438,
        "f":0.1077702703
      },
      "Tense":{
        "p":0.1292022792,
        "r":0.1467875061,
        "f":0.1374346541
      },
      "VerbForm":{
        "p":0.1283475783,
        "r":0.0709169618,
        "f":0.091356147
      },
      "Voice":{
        "p":0.2263532764,
        "r":0.1662133891,
        "f":0.1916767189
      },
      "PronType":{
        "p":0.5339403974,
        "r":0.0583710407,
        "f":0.105237396
      },
      "Strength":{
        "p":0.0,
        "r":0.0,
        "f":0.0
      },
      "Reflex":{
        "p":0.0333333333,
        "r":0.0067681895,
        "f":0.0112517581
      },
      "InflClass[nominal]":{
        "p":0.0,
        "r":0.0,
        "f":0.0
      },
      "Degree":{
        "p":0.0011743981,
        "r":0.0050761421,
        "f":0.0019074869
      },
      "AdvType":{
        "p":0.0,
        "r":0.0,