{
  "tokenizer":{
    "token_acc":0.9981644203,
    "token_p":0.9974335877,
    "token_r":0.9959947049,
    "token_f":0.996713627
  },
  "transformer":{

  },
  "parser":{
    "sents_p":0.005227507,
    "sents_r":0.026026393,
    "sents_f":0.0087063151,
    "dep_uas":0.2107090808,
    "dep_las":0.0531296666,
    "dep_las_per_type":{
      "root":{
        "p":0.0828480873,
        "r":0.4118724808,
        "f":0.1379479627
      },
      "nsubj":{
        "p":0.1014030612,
        "r":0.0266242465,
        "f":0.0421750663
      },
      "advmod":{
        "p":0.0352159468,
        "r":0.0127587867,
        "f":0.0187312246
      },
      "mark":{
        "p":0.0501138952,
        "r":0.0070445085,
        "f":0.0123526109
      },
      "acl":{
        "p":0.0012578616,
        "r":0.0039011704,
        "f":0.0019023462
      },
      "compound:prt":{
        "p":0.0,
        "r":0.0,
        "f":0.0
      },
      "obj":{
        "p":0.0295732995,
        "r":0.0247437257,
        "f":0.0269438029
      },
      "nummod":{
        "p":0.0039647577,
        "r":0.0459183673,
        "f":0.0072992701
      },
      "orphan":{
        "p":0.0,
        "r":0.0,
        "f":0.0
      },
      "case":{
        "p":0.3946528332,
        "r":0.2013436482,
        "f":0.2666486924
      },
      "nmod":{
        "p":0.0006269592,
        "r":0.0449438202,
        "f":0.0012366672
      },
      "amod":{
        "p":0.0190493804,
        "r":0.0418359058,
        "f":0.0261786758
      },
      "cc":{
        "p":0.3560732113,
        "r":0.0609512959,
        "f":0.1040856031
      },
      "conj":{
        "p":0.0093520374,
        "r":0.0046311611,
        "f":0.0061946903
      },
      "obl":{
        "p":0.0935563817,
        "r":0.0264355742,
        "f":0.0412230412
      },
      "nmod:poss":{
        "p":0.0,
        "r":0.0,
        "f":0.0
      },
      "dep":{
        "p":0.0006752194,
        "r":0.0094339623,
        "f":0.0012602394
      },
      "aux":{
        "p":0.0,
        "r":0.0,
        "f":0.0
      },
      "advcl":{
        "p":0.0047923323,
        "r":0.0025906736,
        "f":0.0033632287
      },
      "iobj":{
        "p":0.0,
        "r":0.0,
        "f":0.0
      },
      "det":{
        "p":0.0029120559,
        "r":0.0039463299,
        "f":0.0033512064
      },
      "acl:relcl":{
        "p":0.0,
        "r":0.0,
        "f":0.0
      },
      "xcomp":{
        "p":0.0020080321,
        "r":0.0099750623,
        "f":0.003343084
      },
      "ccomp":{
        "p":0.0,
        "r":0.0,
        "f":0.0
      },
      "cop":{
        "p":0.0,
        "r":0.0,
        "f":0.0
      },
      "expl":{
        "p":0.0,
        "r":0.0,
        "f":0.0
      },
      "appos":{
        "p":0.006618705,
        "r":0.0359937402,
        "f":0.011181332
      },
      "obl:arg":{
        "p":0.0,
        "r":0.0,
        "f":0.0
      },
      "vocative":{
        "p":0.0,
        "r":0.0,
        "f":0.0
      },
      "parataxis":{
        "p":0.0,
        "r":0.0,
        "f":0.0
      },
      "flat:name":{
        "p":0.0294117647,
        "r":0.0048309179,
        "f":0.0082987552
      },
      "fixed":{
        "p":0.0,
        "r":0.0,
        "f":0.0
      },
      "advcl:cmp":{
        "p":0.0,
        "r":0.0,
        "f":0.0
      },
      "discourse":{
        "p":0.0,
        "r":0.0,
        "f":0.0
      },
      "flat:foreign":{
        "p":0.0,
        "r":0.0,
        "f":0.0
      },
      "nsubj:pass":{
        "p":0.0,
        "r":0.0,
        "f":0.0
      },
      "obl:agent":{
        "p":0.0,
        "r":0.0,
        "f":0.0
      },
      "expl:pv":{
        "p":0.0,
        "r":0.0,
        "f":0.0
      },
      "dislocated":{
        "p":0.0,
        "r":0.0,
        "f":0.0
      }
    }
  },
  "trainable_lemmatizer":{
    "lemma_acc":0.3565630551
  },
  "tagger":{
    "tag_acc":0.0
  },
  "morphologizer":{
    "pos_acc":0.2400632416,
    "morph_acc":0.1955034213,
    "morph_micro_p":0.3455752749,
    "morph_micro_r":0.2426876072,
    "morph_micro_f":0.2851338717,
    "morph_per_feat":{
      "Mood":{
        "p":0.3968531469,
        "r":0.1729304215,
        "f":0.2408914043
      },
      "Number":{
        "p":0.6310533621,
        "r":0.5068908916,
        "f":0.5621983684
      },
      "Person":{
        "p":0.3793375394,
        "r":0.1496887967,
        "f":0.2146682535
      },
      "Tense":{
        "p":0.1978082192,
        "r":0.1833417979,
        "f":0.1903004744
      },
      "VerbForm":{
        "p":0.2423287671,
        "r":0.1675189394,
        "f":0.1980963046
      },
      "Voice":{
        "p":0.4136986301,
        "r":0.2859848485,
        "f":0.3381858903
      },
      "Case":{
        "p":0.2652861713,
        "r":0.244481756,
        "f":0.2544594335
      },
      "Gender":{
        "p":0.2525825493,
        "r":0.2422700933,
        "f":0.2473188684
      },
      "PronType":{
        "p":0.0133928571,
        "r":0.0009762447,
        "f":0.0018198362
      },
      "Definite":{
        "p":0.0,
        "r":0.0,
        "f":0.0
      },
      "Degree":{
        "p":0.0699099099,
        "r":0.0676429568,
        "f":0.068757753
      },
      "Strength":{
        "p":0.0,
        "r":0.0,
        "f":0.0
      },
      "Aspect":{
        "p":0.0,
        "r":0.0,
        "f":0.0
      },
      "Polarity":{
        "p":0.0,
        "r":0.0,
        "f":0.0
      },
      "Foreign":{
        "p":0.0,
        "r":0.0,
        "f":0.0
      },
      "NumType":{
        "p":0.0,
        "r":0.0,
        "f":0.0
      },
      "Poss":{
        "p":0.0,
        "r":0.0,
        "f":0.0
      },
      "Reflex":{
        "p":0.0,
        "r":0.0,
        "f":0.0
      }
    }
  },
  "speed":6467.176239947
}