{
  "tokenizer":{
    "token_acc":0.9464403791,
    "token_p":0.9418117699,
    "token_r":0.8969353484,
    "token_f":0.9188259327
  },
  "transformer":{

  },
  "parser":{
    "sents_p":0.0192982456,
    "sents_r":0.0565552699,
    "sents_f":0.0287769784,
    "dep_uas":0.2547960942,
    "dep_las":0.0709936818,
    "dep_las_per_type":{
      "advmod":{
        "p":0.0655737705,
        "r":0.0163934426,
        "f":0.0262295082
      },
      "iobj":{
        "p":0.0,
        "r":0.0,
        "f":0.0
      },
      "root":{
        "p":0.1608579088,
        "r":0.4627249357,
        "f":0.2387267905
      },
      "obj":{
        "p":0.043062201,
        "r":0.0245901639,
        "f":0.0313043478
      },
      "nsubj":{
        "p":0.062992126,
        "r":0.0422163588,
        "f":0.0505529226
      },
      "cc:nc":{
        "p":0.0,
        "r":0.0,
        "f":0.0
      },
      "expl":{
        "p":0.0,
        "r":0.0,
        "f":0.0
      },
      "case":{
        "p":0.1156069364,
        "r":0.0796812749,
        "f":0.0943396226
      },
      "obl":{
        "p":0.0341880342,
        "r":0.0139372822,
        "f":0.0198019802
      },
      "ccomp":{
        "p":0.2,
        "r":0.0208333333,
        "f":0.0377358491
      },
      "amod":{
        "p":0.0076335878,
        "r":0.0188679245,
        "f":0.0108695652
      },
      "nmod":{
        "p":0.0034965035,
        "r":0.0178571429,
        "f":0.0058479532
      },
      "appos":{
        "p":0.0,
        "r":0.0,
        "f":0.0
      },
      "dep":{
        "p":0.0,
        "r":0.0,
        "f":0.0
      },
      "mark":{
        "p":0.0210526316,
        "r":0.0086580087,
        "f":0.0122699387
      },
      "aux":{
        "p":0.0,
        "r":0.0,
        "f":0.0
      },
      "det":{
        "p":0.1885714286,
        "r":0.0982142857,
        "f":0.1291585127
      },
      "acl":{
        "p":0.0,
        "r":0.0,
        "f":0.0
      },
      "xcomp":{
        "p":0.0,
        "r":0.0,
        "f":0.0
      },
      "advcl":{
        "p":0.0,
        "r":0.0,
        "f":0.0
      },
      "acl:relcl":{
        "p":0.0,
        "r":0.0,
        "f":0.0
      },
      "cc":{
        "p":0.2912621359,
        "r":0.25,
        "f":0.269058296
      },
      "parataxis":{
        "p":0.0,
        "r":0.0,
        "f":0.0
      },
      "orphan":{
        "p":0.0,
        "r":0.0,
        "f":0.0
      },
      "conj":{
        "p":0.0491803279,
        "r":0.0223880597,
        "f":0.0307692308
      },
      "flat":{
        "p":0.0,
        "r":0.0,
        "f":0.0
      },
      "nummod":{
        "p":0.0,
        "r":0.0,
        "f":0.0
      },
      "discourse":{
        "p":0.0,
        "r":0.0,
        "f":0.0
      },
      "case:det":{
        "p":0.0,
        "r":0.0,
        "f":0.0
      },
      "cop":{
        "p":0.0,
        "r":0.0,
        "f":0.0
      },
      "obl:arg":{
        "p":0.0,
        "r":0.0,
        "f":0.0
      },
      "dislocated":{
        "p":0.0,
        "r":0.0,
        "f":0.0
      },
      "obl:advmod":{
        "p":0.0,
        "r":0.0,
        "f":0.0
      },
      "aux:pass":{
        "p":0.0,
        "r":0.0,
        "f":0.0
      },
      "vocative":{
        "p":0.0,
        "r":0.0,
        "f":0.0
      },
      "flat:name":{
        "p":0.0,
        "r":0.0,
        "f":0.0
      },
      "nsubj:pass":{
        "p":0.0,
        "r":0.0,
        "f":0.0
      },
      "csubj":{
        "p":0.0,
        "r":0.0,
        "f":0.0
      },
      "obl:agent":{
        "p":0.0,
        "r":0.0,
        "f":0.0
      },
      "nsubj:obj":{
        "p":0.0,
        "r":0.0,
        "f":0.0
      }
    }
  },
  "trainable_lemmatizer":{
    "lemma_acc":0.3373813204
  },
  "tagger":{
    "tag_acc":0.0
  },
  "speed":1243.6649558802
}