{
  "tokenizer":{
    "token_acc":1.0,
    "token_p":1.0,
    "token_r":1.0,
    "token_f":1.0
  },
  "transformer":{

  },
  "parser":{
    "sents_p":0.0535876476,
    "sents_r":0.1475,
    "sents_f":0.0786142572,
    "dep_uas":0.254672041,
    "dep_las":0.1110296812,
    "dep_las_per_type":{
      "obl":{
        "p":0.0,
        "r":0.0,
        "f":0.0
      },
      "vocative":{
        "p":0.0,
        "r":0.0,
        "f":0.0
      },
      "advmod":{
        "p":0.1173184358,
        "r":0.0729166667,
        "f":0.0899357602
      },
      "case":{
        "p":0.0,
        "r":0.0,
        "f":0.0
      },
      "acl":{
        "p":0.0,
        "r":0.0,
        "f":0.0
      },
      "conj":{
        "p":0.0714285714,
        "r":0.0056818182,
        "f":0.0105263158
      },
      "amod":{
        "p":0.012987013,
        "r":0.0153846154,
        "f":0.014084507
      },
      "obj":{
        "p":0.0107526882,
        "r":0.0046082949,
        "f":0.0064516129
      },
      "root":{
        "p":0.2415985468,
        "r":0.665,
        "f":0.3544303797
      },
      "nsubj":{
        "p":0.0311111111,
        "r":0.0219435737,
        "f":0.0257352941
      },
      "nmod":{
        "p":0.0422535211,
        "r":0.0192307692,
        "f":0.0264317181
      },
      "orphan":{
        "p":0.0,
        "r":0.0,
        "f":0.0
      },
      "det":{
        "p":0.0133333333,
        "r":0.0128205128,
        "f":0.0130718954
      },
      "nummod":{
        "p":0.0,
        "r":0.0,
        "f":0.0
      },
      "appos":{
        "p":0.0,
        "r":0.0,
        "f":0.0
      },
      "xcomp":{
        "p":0.0161290323,
        "r":0.0192307692,
        "f":0.0175438596
      },
      "cc":{
        "p":0.0,
        "r":0.0,
        "f":0.0
      },
      "iobj":{
        "p":0.0,
        "r":0.0,
        "f":0.0
      },
      "dep":{
        "p":0.0,
        "r":0.0,
        "f":0.0
      },
      "discourse":{
        "p":0.3333333333,
        "r":0.010989011,
        "f":0.0212765957
      },
      "obl:arg":{
        "p":0.0,
        "r":0.0,
        "f":0.0
      },
      "advcl":{
        "p":0.0,
        "r":0.0,
        "f":0.0
      },
      "ccomp":{
        "p":0.0,
        "r":0.0,
        "f":0.0
      },
      "mark":{
        "p":0.0,
        "r":0.0,
        "f":0.0
      },
      "cop":{
        "p":0.0,
        "r":0.0,
        "f":0.0
      },
      "aux":{
        "p":0.0,
        "r":0.0,
        "f":0.0
      },
      "parataxis":{
        "p":0.0,
        "r":0.0,
        "f":0.0
      },
      "compound":{
        "p":0.0,
        "r":0.0,
        "f":0.0
      },
      "dislocated":{
        "p":0.0,
        "r":0.0,
        "f":0.0
      },
      "fixed":{
        "p":0.0,
        "r":0.0,
        "f":0.0
      },
      "flat:name":{
        "p":0.0,
        "r":0.0,
        "f":0.0
      },
      "flat":{
        "p":0.0,
        "r":0.0,
        "f":0.0
      },
      "csubj":{
        "p":0.0,
        "r":0.0,
        "f":0.0
      }
    }
  },
  "trainable_lemmatizer":{
    "lemma_acc":0.2147306706
  },
  "tagger":{
    "tag_acc":0.0
  },
  "morphologizer":{
    "pos_acc":0.2491755222,
    "morph_acc":0.1260534995,
    "morph_micro_p":0.2600263852,
    "morph_micro_r":0.2882421761,
    "morph_micro_f":0.2734082397,
    "morph_per_feat":{
      "Case":{
        "p":0.2385406922,
        "r":0.1559633028,
        "f":0.1886094675
      },
      "Number":{
        "p":0.6469849246,
        "r":0.4995150339,
        "f":0.5637657362
      },
      "Gender":{
        "p":0.3308270677,
        "r":0.2208281054,
        "f":0.2648607976
      },
      "Tense":{
        "p":0.1838134431,
        "r":0.2467771639,
        "f":0.2106918239
      },
      "VerbForm":{
        "p":0.0233196159,
        "r":0.1240875912,
        "f":0.03926097
      },
      "Mood":{
        "p":0.1835564054,
        "r":0.224824356,
        "f":0.2021052632
      },
      "Person":{
        "p":0.1593406593,
        "r":0.2037470726,
        "f":0.1788283659
      },
      "Strength":{
        "p":0.0,
        "r":0.0,
        "f":0.0
      },
      "Voice":{
        "p":0.0,
        "r":0.0,
        "f":0.0
      },
      "Degree":{
        "p":0.0,
        "r":0.0,
        "f":0.0
      },
      "PronType":{
        "p":0.0,
        "r":0.0,
        "f":0.0
      },
      "Aspect":{
        "p":0.0,
        "r":0.0,
        "f":0.0
      },
      "Polarity":{
        "p":0.0,
        "r":0.0,
        "f":0.0
      },
      "Poss":{
        "p":0.0,
        "r":0.0,
        "f":0.0
      },
      "Reflex":{
        "p":0.0,
        "r":0.0,
        "f":0.0
      }
    }
  },
  "speed":951.3249523019
}