{
  "tokenizer":{
    "token_acc":0.9996152111,
    "token_p":0.9922378791,
    "token_r":0.9963360691,
    "token_f":0.9942827512
  },
  "transformer":{

  },
  "parser":{
    "sents_p":0.0088960493,
    "sents_r":0.033669141,
    "sents_f":0.0140735816,
    "dep_uas":0.229335628,
    "dep_las":0.0861945432,
    "dep_las_per_type":{
      "root":{
        "p":0.0967270195,
        "r":0.3682396607,
        "f":0.1532097948
      },
      "cc":{
        "p":0.4017295597,
        "r":0.1520380839,
        "f":0.2205914095
      },
      "mark":{
        "p":0.1188222923,
        "r":0.0323134115,
        "f":0.0508093525
      },
      "amod":{
        "p":0.0265634487,
        "r":0.0631768953,
        "f":0.0374011541
      },
      "nsubj:pass":{
        "p":0.0,
        "r":0.0,
        "f":0.0
      },
      "advmod:neg":{
        "p":0.0,
        "r":0.0,
        "f":0.0
      },
      "advcl":{
        "p":0.0169491525,
        "r":0.002739726,
        "f":0.0047169811
      },
      "case":{
        "p":0.5330439929,
        "r":0.4343353159,
        "f":0.4786536758
      },
      "nsubj":{
        "p":0.0169317599,
        "r":0.007563603,
        "f":0.0104562738
      },
      "obl":{
        "p":0.0976948408,
        "r":0.054048583,
        "f":0.0695946827
      },
      "acl:relcl":{
        "p":0.0,
        "r":0.0,
        "f":0.0
      },
      "nmod":{
        "p":0.0376986918,
        "r":0.0602789024,
        "f":0.0463868455
      },
      "obj":{
        "p":0.011965812,
        "r":0.0175350701,
        "f":0.0142247511
      },
      "xcomp":{
        "p":0.0052173913,
        "r":0.0132275132,
        "f":0.0074831629
      },
      "orphan":{
        "p":0.0006836828,
        "r":0.0205479452,
        "f":0.0013233348
      },
      "nummod":{
        "p":0.0022346369,
        "r":0.0395256917,
        "f":0.0042301184
      },
      "appos":{
        "p":0.0059301932,
        "r":0.041322314,
        "f":0.0103719069
      },
      "advmod":{
        "p":0.0057864282,
        "r":0.0049173,
        "f":0.0053165781
      },
      "csubj:pass":{
        "p":0.0,
        "r":0.0,
        "f":0.0
      },
      "cop":{
        "p":0.0,
        "r":0.0,
        "f":0.0
      },
      "advmod:lmod":{
        "p":0.0,
        "r":0.0,
        "f":0.0
      },
      "det":{
        "p":0.0988467875,
        "r":0.0579570152,
        "f":0.0730704826
      },
      "fixed":{
        "p":0.0,
        "r":0.0,
        "f":0.0
      },
      "obl:arg":{
        "p":0.0090909091,
        "r":0.0014814815,
        "f":0.0025477707
      },
      "conj":{
        "p":0.0412486065,
        "r":0.010466761,
        "f":0.0166967509
      },
      "ccomp:relcl":{
        "p":0.0,
        "r":0.0,
        "f":0.0
      },
      "acl":{
        "p":0.0033489618,
        "r":0.0037257824,
        "f":0.0035273369
      },
      "dep":{
        "p":0.0001896454,
        "r":0.0588235294,
        "f":0.0003780718
      },
      "discourse":{
        "p":0.1899509804,
        "r":0.1220472441,
        "f":0.1486097795
      },
      "csubj":{
        "p":0.0,
        "r":0.0,
        "f":0.0
      },
      "advmod:emph":{
        "p":0.0,
        "r":0.0,
        "f":0.0
      },
      "flat":{
        "p":0.0,
        "r":0.0,
        "f":0.0
      },
      "dislocated:obj":{
        "p":0.0,
        "r":0.0,
        "f":0.0
      },
      "compound":{
        "p":0.0,
        "r":0.0,
        "f":0.0
      },
      "ccomp":{
        "p":0.0,
        "r":0.0,
        "f":0.0
      },
      "vocative":{
        "p":0.0,
        "r":0.0,
        "f":0.0
      },
      "advcl:cmp":{
        "p":0.0,
        "r":0.0,
        "f":0.0
      },
      "ccomp:reported":{
        "p":0.0,
        "r":0.0,
        "f":0.0
      },
      "parataxis":{
        "p":0.0,
        "r":0.0,
        "f":0.0
      },
      "aux:pass":{
        "p":0.0,
        "r":0.0,
        "f":0.0
      },
      "csubj:relcl":{
        "p":0.0,
        "r":0.0,
        "f":0.0
      },
      "advcl:abs":{
        "p":0.0,
        "r":0.0,
        "f":0.0
      },
      "aux":{
        "p":0.0,
        "r":0.0,
        "f":0.0
      },
      "conj:expl":{
        "p":0.0,
        "r":0.0,
        "f":0.0
      },
      "advcl:pred":{
        "p":0.0,
        "r":0.0,
        "f":0.0
      },
      "obl:agent":{
        "p":0.0,
        "r":0.0,
        "f":0.0
      },
      "obl:lmod":{
        "p":0.0,
        "r":0.0,
        "f":0.0
      },
      "expl:pv":{
        "p":0.0,
        "r":0.0,
        "f":0.0
      },
      "dislocated:nsubj":{
        "p":0.0,
        "r":0.0,
        "f":0.0
      },
      "flat:name":{
        "p":0.0,
        "r":0.0,
        "f":0.0
      },
      "advmod:tmod":{
        "p":0.0,
        "r":0.0,
        "f":0.0
      },
      "expl:pass":{
        "p":0.0,
        "r":0.0,
        "f":0.0
      },
      "reparandum":{
        "p":0.0,
        "r":0.0,
        "f":0.0
      },
      "advcl:relcl":{
        "p":0.0,
        "r":0.0,
        "f":0.0
      },
      "dislocated":{
        "p":0.0,
        "r":0.0,
        "f":0.0
      },
      "obl:tmod":{
        "p":0.0,
        "r":0.0,
        "f":0.0
      },
      "nsubj:outer":{
        "p":0.0,
        "r":0.0,
        "f":0.0
      },
      "obl:cmp":{
        "p":0.0,
        "r":0.0,
        "f":0.0
      },
      "cop:outer":{
        "p":0.0,
        "r":0.0,
        "f":0.0
      },
      "csubj:outer":{
        "p":0.0,
        "r":0.0,
        "f":0.0
      },
      "flat:foreign":{
        "p":0.0,
        "r":0.0,
        "f":0.0
      },
      "parataxis:reporting":{
        "p":0.0,
        "r":0.0,
        "f":0.0
      },
      "csubj:cleft":{
        "p":0.0,
        "r":0.0,
        "f":0.0
      },
      "csubj:reported":{
        "p":0.0,
        "r":0.0,
        "f":0.0
      },
      "iobj":{
        "p":0.0,
        "r":0.0,
        "f":0.0
      },
      "dislocated:csubj":{
        "p":0.0,
        "r":0.0,
        "f":0.0
      }
    }
  },
  "trainable_lemmatizer":{
    "lemma_acc":0.3784959106
  },
  "tagger":{
    "tag_acc":0.0
  },
  "speed":4261.6755187218
}