{
  "tokenizer":{
    "token_acc":1.0,
    "token_p":0.9963401882,
    "token_r":0.998777079,
    "token_f":0.9975571453
  },
  "transformer":{

  },
  "parser":{
    "sents_p":0.5579096045,
    "sents_r":0.7314814815,
    "sents_f":0.6330128205,
    "dep_uas":0.7778165939,
    "dep_las":0.7056564246,
    "dep_las_per_type":{
      "cc":{
        "p":0.788213628,
        "r":0.8199233716,
        "f":0.8037558685
      },
      "xcomp":{
        "p":0.6715686275,
        "r":0.6313364055,
        "f":0.6508313539
      },
      "root":{
        "p":0.7023977433,
        "r":0.9222222222,
        "f":0.7974379504
      },
      "nsubj":{
        "p":0.7192575406,
        "r":0.6873614191,
        "f":0.7029478458
      },
      "nsubj:pass":{
        "p":0.8333333333,
        "r":0.1923076923,
        "f":0.3125
      },
      "advmod":{
        "p":0.7256637168,
        "r":0.679558011,
        "f":0.7018544936
      },
      "acl":{
        "p":0.5789473684,
        "r":0.3367346939,
        "f":0.4258064516
      },
      "case":{
        "p":0.942800789,
        "r":0.9502982107,
        "f":0.9465346535
      },
      "obl":{
        "p":0.6690307329,
        "r":0.6431818182,
        "f":0.6558516802
      },
      "det":{
        "p":0.7788844622,
        "r":0.839055794,
        "f":0.8078512397
      },
      "amod":{
        "p":0.4905660377,
        "r":0.3170731707,
        "f":0.3851851852
      },
      "appos":{
        "p":0.4418604651,
        "r":0.4634146341,
        "f":0.4523809524
      },
      "nmod":{
        "p":0.7004608295,
        "r":0.6280991736,
        "f":0.6623093682
      },
      "obj":{
        "p":0.6988636364,
        "r":0.679558011,
        "f":0.6890756303
      },
      "conj":{
        "p":0.5487804878,
        "r":0.5278592375,
        "f":0.5381165919
      },
      "advcl":{
        "p":0.61328125,
        "r":0.5607142857,
        "f":0.5858208955
      },
      "obl:arg":{
        "p":0.6350364964,
        "r":0.5761589404,
        "f":0.6041666667
      },
      "discourse":{
        "p":0.6842105263,
        "r":0.7027027027,
        "f":0.6933333333
      },
      "dep":{
        "p":0.0,
        "r":0.0,
        "f":0.0
      },
      "mark":{
        "p":0.786407767,
        "r":0.7980295567,
        "f":0.7921760391
      },
      "ccomp":{
        "p":0.6451612903,
        "r":0.3883495146,
        "f":0.4848484848
      },
      "orphan":{
        "p":0.2222222222,
        "r":0.2,
        "f":0.2105263158
      },
      "nummod":{
        "p":0.5909090909,
        "r":0.7222222222,
        "f":0.65
      },
      "vocative":{
        "p":0.625,
        "r":0.4545454545,
        "f":0.5263157895
      },
      "dislocated":{
        "p":0.5714285714,
        "r":0.2857142857,
        "f":0.380952381
      },
      "expl:pv":{
        "p":0.7142857143,
        "r":0.9090909091,
        "f":0.8
      },
      "flat:name":{
        "p":0.8461538462,
        "r":0.8461538462,
        "f":0.8461538462
      },
      "advcl:cmp":{
        "p":0.3333333333,
        "r":0.1428571429,
        "f":0.2
      },
      "obl:agent":{
        "p":1.0,
        "r":0.1428571429,
        "f":0.25
      },
      "csubj:pass":{
        "p":0.0,
        "r":0.0,
        "f":0.0
      },
      "parataxis":{
        "p":0.25,
        "r":0.3333333333,
        "f":0.2857142857
      },
      "nsubj:outer":{
        "p":0.0,
        "r":0.0,
        "f":0.0
      }
    }
  },
  "trainable_lemmatizer":{
    "lemma_acc":0.8810541932
  },
  "tagger":{
    "tag_acc":0.8253580161
  },
  "speed":1430.3079034142
}