{
  "tokenizer":{
    "token_acc":0.9996132525,
    "token_p":0.9992265051,
    "token_r":0.9990547798,
    "token_f":0.9991406351
  },
  "transformer":{

  },
  "parser":{
    "sents_p":0.0444887118,
    "sents_r":0.1278625954,
    "sents_f":0.0660098522,
    "dep_uas":0.2849033712,
    "dep_las":0.1265652758,
    "dep_las_per_type":{
      "ccomp":{
        "p":0.04,
        "r":0.0046403712,
        "f":0.0083160083
      },
      "nsubj":{
        "p":0.0731343284,
        "r":0.0265151515,
        "f":0.0389197776
      },
      "root":{
        "p":0.1711487384,
        "r":0.491889313,
        "f":0.2539408867
      },
      "cop":{
        "p":0.0,
        "r":0.0,
        "f":0.0
      },
      "advmod":{
        "p":0.0282131661,
        "r":0.012244898,
        "f":0.0170777989
      },
      "det":{
        "p":0.0640834575,
        "r":0.0409914204,
        "f":0.05
      },
      "orphan":{
        "p":0.0020993702,
        "r":0.0277777778,
        "f":0.0039037085
      },
      "cc":{
        "p":0.5032786885,
        "r":0.1858353511,
        "f":0.2714412025
      },
      "obj":{
        "p":0.0604166667,
        "r":0.0354523227,
        "f":0.0446841294
      },
      "nmod":{
        "p":0.0457746479,
        "r":0.100110011,
        "f":0.0628236106
      },
      "case":{
        "p":0.5690574985,
        "r":0.5581395349,
        "f":0.5635456413
      },
      "obl":{
        "p":0.1615566038,
        "r":0.080635668,
        "f":0.1075775422
      },
      "discourse":{
        "p":0.2874251497,
        "r":0.1271523179,
        "f":0.1763085399
      },
      "nsubj:pass":{
        "p":0.0,
        "r":0.0,
        "f":0.0
      },
      "acl":{
        "p":0.0179856115,
        "r":0.009487666,
        "f":0.0124223602
      },
      "xcomp":{
        "p":0.0076142132,
        "r":0.0168067227,
        "f":0.0104803493
      },
      "conj":{
        "p":0.0724637681,
        "r":0.010853835,
        "f":0.0188797986
      },
      "advcl":{
        "p":0.0196078431,
        "r":0.0025619129,
        "f":0.0045317221
      },
      "nummod":{
        "p":0.0086956522,
        "r":0.0882352941,
        "f":0.0158311346
      },
      "appos":{
        "p":0.0075862069,
        "r":0.0674846626,
        "f":0.0136391816
      },
      "dep":{
        "p":0.0,
        "r":0.0,
        "f":0.0
      },
      "vocative":{
        "p":0.0108695652,
        "r":0.0147058824,
        "f":0.0125
      },
      "obl:arg":{
        "p":0.0709677419,
        "r":0.0182421227,
        "f":0.0290237467
      },
      "nsubj:outer":{
        "p":0.0,
        "r":0.0,
        "f":0.0
      },
      "mark":{
        "p":0.1378205128,
        "r":0.0547073791,
        "f":0.0783242259
      },
      "amod":{
        "p":0.0117130307,
        "r":0.024577573,
        "f":0.0158651463
      },
      "aux":{
        "p":0.0,
        "r":0.0,
        "f":0.0
      },
      "obl:agent":{
        "p":0.0,
        "r":0.0,
        "f":0.0
      },
      "parataxis":{
        "p":0.0,
        "r":0.0,
        "f":0.0
      },
      "advmod:neg":{
        "p":0.0,
        "r":0.0,
        "f":0.0
      },
      "advcl:cmp":{
        "p":0.0,
        "r":0.0,
        "f":0.0
      },
      "flat:name":{
        "p":0.0779220779,
        "r":0.1132075472,
        "f":0.0923076923
      },
      "aux:pass":{
        "p":0.0,
        "r":0.0,
        "f":0.0
      },
      "dislocated":{
        "p":0.0,
        "r":0.0,
        "f":0.0
      },
      "fixed":{
        "p":0.0,
        "r":0.0,
        "f":0.0
      },
      "csubj":{
        "p":0.0,
        "r":0.0,
        "f":0.0
      },
      "advmod:tmod":{
        "p":0.0,
        "r":0.0,
        "f":0.0
      },
      "csubj:pass":{
        "p":0.0,
        "r":0.0,
        "f":0.0
      },
      "acl:relcl":{
        "p":0.0,
        "r":0.0,
        "f":0.0
      },
      "advmod:emph":{
        "p":0.0,
        "r":0.0,
        "f":0.0
      },
      "expl:pv":{
        "p":0.0,
        "r":0.0,
        "f":0.0
      },
      "flat:foreign":{
        "p":0.0,
        "r":0.0,
        "f":0.0
      },
      "advcl:abs":{
        "p":0.0,
        "r":0.0,
        "f":0.0
      },
      "advmod:lmod":{
        "p":0.0,
        "r":0.0,
        "f":0.0
      },
      "conj:expl":{
        "p":0.0,
        "r":0.0,
        "f":0.0
      }
    }
  },
  "trainable_lemmatizer":{
    "lemma_acc":0.3282119604
  },
  "tagger":{
    "tag_acc":0.1214087715
  },
  "speed":2493.966145452
}