{
  "tokenizer":{
    "token_acc":0.9987632593,
    "token_p":0.9895828378,
    "token_r":0.9929125403,
    "token_f":0.9912448929
  },
  "transformer":{

  },
  "parser":{
    "sents_p":0.0271310888,
    "sents_r":0.0977419355,
    "sents_f":0.0424726661,
    "dep_uas":0.2420034653,
    "dep_las":0.0743561085,
    "dep_las_per_type":{
      "nsubj":{
        "p":0.0193832599,
        "r":0.007994186,
        "f":0.0113197839
      },
      "case":{
        "p":0.1918465228,
        "r":0.0893521966,
        "f":0.1219202438
      },
      "obl":{
        "p":0.057208238,
        "r":0.0092833271,
        "f":0.0159744409
      },
      "root":{
        "p":0.1216757093,
        "r":0.4412903226,
        "f":0.1907550722
      },
      "det":{
        "p":0.3627819549,
        "r":0.125216263,
        "f":0.1861736334
      },
      "flat:name":{
        "p":0.0,
        "r":0.0,
        "f":0.0
      },
      "advcl":{
        "p":0.0134408602,
        "r":0.0024509804,
        "f":0.004145937
      },
      "cop":{
        "p":0.0,
        "r":0.0,
        "f":0.0
      },
      "acl":{
        "p":0.0,
        "r":0.0,
        "f":0.0
      },
      "amod":{
        "p":0.0057395143,
        "r":0.0260521042,
        "f":0.009406657
      },
      "orphan":{
        "p":0.0012639029,
        "r":0.0454545455,
        "f":0.0024594196
      },
      "dep":{
        "p":0.0,
        "r":0.0,
        "f":0.0
      },
      "appos":{
        "p":0.001750547,
        "r":0.0163934426,
        "f":0.0031633057
      },
      "cc":{
        "p":0.219400711,
        "r":0.1708185053,
        "f":0.1920853713
      },
      "conj":{
        "p":0.0348583878,
        "r":0.030418251,
        "f":0.0324873096
      },
      "nmod":{
        "p":0.0336983993,
        "r":0.0393571663,
        "f":0.0363086233
      },
      "advmod":{
        "p":0.032183908,
        "r":0.0103780578,
        "f":0.0156950673
      },
      "obj":{
        "p":0.0243562978,
        "r":0.011153601,
        "f":0.0153005464
      },
      "xcomp":{
        "p":0.0044296788,
        "r":0.0041322314,
        "f":0.0042757883
      },
      "nummod":{
        "p":0.0,
        "r":0.0,
        "f":0.0
      },
      "mark":{
        "p":0.0070921986,
        "r":0.0029673591,
        "f":0.0041841004
      },
      "nsubj:pass":{
        "p":0.0,
        "r":0.0,
        "f":0.0
      },
      "dislocated":{
        "p":0.0,
        "r":0.0,
        "f":0.0
      },
      "csubj":{
        "p":0.0,
        "r":0.0,
        "f":0.0
      },
      "vocative":{
        "p":0.0047169811,
        "r":0.0056497175,
        "f":0.0051413882
      },
      "obl:arg":{
        "p":0.0043668122,
        "r":0.0016778523,
        "f":0.0024242424
      },
      "discourse":{
        "p":0.135021097,
        "r":0.0516962843,
        "f":0.0747663551
      },
      "ccomp":{
        "p":0.0126582278,
        "r":0.0025510204,
        "f":0.0042462845
      },
      "iobj":{
        "p":0.0,
        "r":0.0,
        "f":0.0
      },
      "obl:agent":{
        "p":0.0,
        "r":0.0,
        "f":0.0
      },
      "advcl:cmp":{
        "p":0.0,
        "r":0.0,
        "f":0.0
      },
      "parataxis":{
        "p":0.0,
        "r":0.0,
        "f":0.0
      },
      "expl:pv":{
        "p":0.0,
        "r":0.0,
        "f":0.0
      },
      "fixed":{
        "p":0.0,
        "r":0.0,
        "f":0.0
      },
      "nsubj:outer":{
        "p":0.0,
        "r":0.0,
        "f":0.0
      },
      "csubj:pass":{
        "p":0.0,
        "r":0.0,
        "f":0.0
      },
      "aux:pass":{
        "p":0.0,
        "r":0.0,
        "f":0.0
      },
      "aux":{
        "p":0.0,
        "r":0.0,
        "f":0.0
      }
    }
  },
  "trainable_lemmatizer":{
    "lemma_acc":0.1266522843
  },
  "tagger":{
    "tag_acc":0.0421027536
  },
  "morphologizer":{
    "pos_acc":0.2195351721,
    "morph_acc":0.1969789096,
    "morph_micro_p":0.3124020935,
    "morph_micro_r":0.215111126,
    "morph_micro_f":0.254784766,
    "morph_per_feat":{
      "Case":{
        "p":0.2391225085,
        "r":0.1775481659,
        "f":0.2037857013
      },
      "Gender":{
        "p":0.3183236737,
        "r":0.2270167151,
        "f":0.2650263807
      },
      "Number":{
        "p":0.5680089828,
        "r":0.4096664949,
        "f":0.4760153126
      },
      "Aspect":{
        "p":0.0231660232,
        "r":0.0019762846,
        "f":0.0036418816
      },
      "Mood":{
        "p":0.2071928708,
        "r":0.1300179748,
        "f":0.1597742054
      },
      "Person":{
        "p":0.1894409938,
        "r":0.0929736321,
        "f":0.1247316225
      },
      "Tense":{
        "p":0.192627451,
        "r":0.1506378803,
        "f":0.1690645006
      },
      "VerbForm":{
        "p":0.1819607843,
        "r":0.1422614668,
        "f":0.1596806387
      },
      "Voice":{
        "p":0.2992941176,
        "r":0.2343404569,
        "f":0.2628642281
      },
      "Definite":{
        "p":0.0,
        "r":0.0,
        "f":0.0
      },
      "PronType":{
        "p":0.0480591497,
        "r":0.0055555556,
        "f":0.0099597778
      },
      "Degree":{
        "p":0.04536862,
        "r":0.0560747664,
        "f":0.0501567398
      },
      "Strength":{
        "p":0.0,
        "r":0.0,
        "f":0.0
      },
      "Polarity":{
        "p":0.0066445183,
        "r":0.0051020408,
        "f":0.0057720058
      },
      "Poss":{
        "p":0.0666666667,
        "r":0.025,
        "f":0.0363636364
      },
      "Reflex":{
        "p":0.0,
        "r":0.0,
        "f":0.0
      }
    }
  },
  "speed":4158.9817293708
}