{
  "tokenizer":{
    "token_acc":1.0,
    "token_p":1.0,
    "token_r":1.0,
    "token_f":1.0
  },
  "transformer":{

  },
  "parser":{
    "sents_p":0.0563380282,
    "sents_r":0.14,
    "sents_f":0.0803443329,
    "dep_uas":0.2700622939,
    "dep_las":0.1029681202,
    "dep_las_per_type":{
      "obl":{
        "p":0.0,
        "r":0.0,
        "f":0.0
      },
      "vocative":{
        "p":0.0,
        "r":0.0,
        "f":0.0
      },
      "advmod":{
        "p":0.1298701299,
        "r":0.0694444444,
        "f":0.0904977376
      },
      "case":{
        "p":0.0,
        "r":0.0,
        "f":0.0
      },
      "acl":{
        "p":0.0,
        "r":0.0,
        "f":0.0
      },
      "conj":{
        "p":0.064516129,
        "r":0.0113636364,
        "f":0.0193236715
      },
      "amod":{
        "p":0.0317460317,
        "r":0.0615384615,
        "f":0.0418848168
      },
      "obj":{
        "p":0.019047619,
        "r":0.0092165899,
        "f":0.0124223602
      },
      "root":{
        "p":0.2404426559,
        "r":0.5975,
        "f":0.3428981349
      },
      "nsubj":{
        "p":0.0223214286,
        "r":0.0156739812,
        "f":0.0184162063
      },
      "nmod":{
        "p":0.0384615385,
        "r":0.0192307692,
        "f":0.0256410256
      },
      "det":{
        "p":0.0224719101,
        "r":0.0256410256,
        "f":0.0239520958
      },
      "xcomp":{
        "p":0.0170940171,
        "r":0.0384615385,
        "f":0.0236686391
      },
      "appos":{
        "p":0.0086206897,
        "r":0.0625,
        "f":0.0151515152
      },
      "nummod":{
        "p":0.014084507,
        "r":0.037037037,
        "f":0.0204081633
      },
      "orphan":{
        "p":0.0,
        "r":0.0,
        "f":0.0
      },
      "cc":{
        "p":0.0,
        "r":0.0,
        "f":0.0
      },
      "dep":{
        "p":0.0,
        "r":0.0,
        "f":0.0
      },
      "iobj":{
        "p":0.0,
        "r":0.0,
        "f":0.0
      },
      "discourse":{
        "p":0.0,
        "r":0.0,
        "f":0.0
      },
      "advcl":{
        "p":0.0,
        "r":0.0,
        "f":0.0
      },
      "ccomp":{
        "p":0.0,
        "r":0.0,
        "f":0.0
      },
      "mark":{
        "p":0.0,
        "r":0.0,
        "f":0.0
      },
      "obl:arg":{
        "p":0.0,
        "r":0.0,
        "f":0.0
      },
      "cop":{
        "p":0.0,
        "r":0.0,
        "f":0.0
      },
      "parataxis":{
        "p":0.0,
        "r":0.0,
        "f":0.0
      },
      "aux":{
        "p":0.0,
        "r":0.0,
        "f":0.0
      },
      "compound":{
        "p":0.0,
        "r":0.0,
        "f":0.0
      },
      "dislocated":{
        "p":0.0,
        "r":0.0,
        "f":0.0
      },
      "fixed":{
        "p":0.0,
        "r":0.0,
        "f":0.0
      },
      "flat:name":{
        "p":0.0,
        "r":0.0,
        "f":0.0
      },
      "expl:pv":{
        "p":0.0,
        "r":0.0,
        "f":0.0
      },
      "flat":{
        "p":0.0,
        "r":0.0,
        "f":0.0
      },
      "csubj":{
        "p":0.0,
        "r":0.0,
        "f":0.0
      },
      "nsubj:pass":{
        "p":0.0,
        "r":0.0,
        "f":0.0
      },
      "advcl:cmp":{
        "p":0.0,
        "r":0.0,
        "f":0.0
      },
      "obl:agent":{
        "p":0.0,
        "r":0.0,
        "f":0.0
      }
    }
  },
  "trainable_lemmatizer":{
    "lemma_acc":0.2176621473
  },
  "tagger":{
    "tag_acc":0.0
  },
  "speed":818.866289716
}