{
  "tokenizer":{
    "token_acc":0.9995570601,
    "token_p":0.9645015345,
    "token_r":0.9836092021,
    "token_f":0.9739616613
  },
  "transformer":{

  },
  "parser":{
    "sents_p":0.0552499402,
    "sents_r":0.149273021,
    "sents_f":0.0806493847,
    "dep_uas":0.3017247011,
    "dep_las":0.0983003985,
    "dep_las_per_type":{
      "discourse":{
        "p":0.1728723404,
        "r":0.0905292479,
        "f":0.1188299817
      },
      "vocative":{
        "p":0.0,
        "r":0.0,
        "f":0.0
      },
      "root":{
        "p":0.1850127996,
        "r":0.5137318255,
        "f":0.2720506459
      },
      "advmod":{
        "p":0.0517241379,
        "r":0.0168644597,
        "f":0.0254357042
      },
      "advcl":{
        "p":0.0,
        "r":0.0,
        "f":0.0
      },
      "expl:pv":{
        "p":0.0,
        "r":0.0,
        "f":0.0
      },
      "obl:arg":{
        "p":0.0086956522,
        "r":0.0019493177,
        "f":0.0031847134
      },
      "orphan":{
        "p":0.0030421556,
        "r":0.0289256198,
        "f":0.0055053087
      },
      "obl":{
        "p":0.0878504673,
        "r":0.01787752,
        "f":0.0297092288
      },
      "amod":{
        "p":0.0364693446,
        "r":0.0465587045,
        "f":0.0409010077
      },
      "case":{
        "p":0.2933046683,
        "r":0.2847346452,
        "f":0.2889561271
      },
      "dep":{
        "p":0.0012670257,
        "r":0.0264900662,
        "f":0.0024183797
      },
      "cc":{
        "p":0.1202312139,
        "r":0.034643571,
        "f":0.0537884665
      },
      "nummod":{
        "p":0.0017985612,
        "r":0.0108695652,
        "f":0.0030864198
      },
      "conj":{
        "p":0.0223752151,
        "r":0.00554371,
        "f":0.008885851
      },
      "nsubj":{
        "p":0.0223880597,
        "r":0.0079155673,
        "f":0.0116959064
      },
      "appos":{
        "p":0.0233870968,
        "r":0.0408450704,
        "f":0.0297435897
      },
      "obl:agent":{
        "p":0.0,
        "r":0.0,
        "f":0.0
      },
      "nmod":{
        "p":0.0103686636,
        "r":0.0285412262,
        "f":0.0152112676
      },
      "obj":{
        "p":0.0452196382,
        "r":0.0209832134,
        "f":0.0286650287
      },
      "dislocated":{
        "p":0.0,
        "r":0.0,
        "f":0.0
      },
      "det":{
        "p":0.0216172938,
        "r":0.0209953344,
        "f":0.0213017751
      },
      "mark":{
        "p":0.0066225166,
        "r":0.003125,
        "f":0.0042462845
      },
      "acl":{
        "p":0.0,
        "r":0.0,
        "f":0.0
      },
      "xcomp":{
        "p":0.0048899756,
        "r":0.0114942529,
        "f":0.0068610635
      },
      "parataxis":{
        "p":0.0,
        "r":0.0,
        "f":0.0
      },
      "expl":{
        "p":0.0,
        "r":0.0,
        "f":0.0
      },
      "cop":{
        "p":0.0,
        "r":0.0,
        "f":0.0
      },
      "nsubj:pass":{
        "p":0.0,
        "r":0.0,
        "f":0.0
      },
      "ccomp":{
        "p":0.0,
        "r":0.0,
        "f":0.0
      },
      "aux":{
        "p":0.0,
        "r":0.0,
        "f":0.0
      },
      "aux:pass":{
        "p":0.0,
        "r":0.0,
        "f":0.0
      },
      "iobj":{
        "p":0.0,
        "r":0.0,
        "f":0.0
      },
      "flat:name":{
        "p":0.0,
        "r":0.0,
        "f":0.0
      },
      "fixed":{
        "p":0.0,
        "r":0.0,
        "f":0.0
      },
      "nummod:gov":{
        "p":0.0,
        "r":0.0,
        "f":0.0
      },
      "list":{
        "p":0.0,
        "r":0.0,
        "f":0.0
      },
      "advcl:cmp":{
        "p":0.0,
        "r":0.0,
        "f":0.0
      },
      "csubj":{
        "p":0.0,
        "r":0.0,
        "f":0.0
      },
      "flat":{
        "p":0.0,
        "r":0.0,
        "f":0.0
      },
      "acl:relcl":{
        "p":0.0,
        "r":0.0,
        "f":0.0
      },
      "nsubj:outer":{
        "p":0.0,
        "r":0.0,
        "f":0.0
      },
      "compound":{
        "p":0.0,
        "r":0.0,
        "f":0.0
      },
      "csubj:pass":{
        "p":0.0,
        "r":0.0,
        "f":0.0
      },
      "reparandum":{
        "p":0.0,
        "r":0.0,
        "f":0.0
      },
      "goeswith":{
        "p":0.0,
        "r":0.0,
        "f":0.0
      }
    }
  },
  "trainable_lemmatizer":{
    "lemma_acc":0.2606944178
  },
  "tagger":{
    "tag_acc":0.0787620815
  },
  "speed":2156.6174896872
}