{
  "tokenizer":{
    "token_acc":1.0,
    "token_p":0.997476277,
    "token_r":0.9991405026,
    "token_f":0.9983076962
  },
  "transformer":{

  },
  "parser":{
    "sents_p":0.0443462359,
    "sents_r":0.1285903668,
    "sents_f":0.0659490085,
    "dep_uas":0.3147067,
    "dep_las":0.1135755065,
    "dep_las_per_type":{
      "discourse":{
        "p":0.2328358209,
        "r":0.1155555556,
        "f":0.1544554455
      },
      "case":{
        "p":0.3907563025,
        "r":0.3498432602,
        "f":0.369169699
      },
      "root":{
        "p":0.1956488666,
        "r":0.568272205,
        "f":0.2910819375
      },
      "nsubj":{
        "p":0.0489690722,
        "r":0.0133333333,
        "f":0.0209597352
      },
      "det":{
        "p":0.0301783265,
        "r":0.021611002,
        "f":0.0251860332
      },
      "orphan":{
        "p":0.0051395007,
        "r":0.0588235294,
        "f":0.0094530722
      },
      "obj":{
        "p":0.0552147239,
        "r":0.0178926441,
        "f":0.027027027
      },
      "mark":{
        "p":0.0155440415,
        "r":0.0079787234,
        "f":0.0105448155
      },
      "advcl":{
        "p":0.0166666667,
        "r":0.0020366599,
        "f":0.0036297641
      },
      "amod":{
        "p":0.0200573066,
        "r":0.027027027,
        "f":0.0230263158
      },
      "obl":{
        "p":0.1538461538,
        "r":0.0396716826,
        "f":0.0630777597
      },
      "xcomp":{
        "p":0.0107913669,
        "r":0.0189873418,
        "f":0.0137614679
      },
      "dep":{
        "p":0.0009905894,
        "r":0.0588235294,
        "f":0.0019483682
      },
      "cc":{
        "p":0.1673076923,
        "r":0.0577689243,
        "f":0.0858835143
      },
      "advmod":{
        "p":0.0798969072,
        "r":0.0237730061,
        "f":0.036643026
      },
      "conj":{
        "p":0.0407239819,
        "r":0.0082342177,
        "f":0.0136986301
      },
      "expl:pv":{
        "p":0.0,
        "r":0.0,
        "f":0.0
      },
      "obl:arg":{
        "p":0.0727272727,
        "r":0.0128205128,
        "f":0.0217983651
      },
      "acl":{
        "p":0.0,
        "r":0.0,
        "f":0.0
      },
      "nummod":{
        "p":0.0013623978,
        "r":0.0153846154,
        "f":0.0025031289
      },
      "nmod":{
        "p":0.0157421289,
        "r":0.0450643777,
        "f":0.0233333333
      },
      "appos":{
        "p":0.0030487805,
        "r":0.0101522843,
        "f":0.0046893318
      },
      "nsubj:pass":{
        "p":0.0,
        "r":0.0,
        "f":0.0
      },
      "dislocated":{
        "p":0.0,
        "r":0.0,
        "f":0.0
      },
      "cop":{
        "p":0.0,
        "r":0.0,
        "f":0.0
      },
      "vocative":{
        "p":0.0,
        "r":0.0,
        "f":0.0
      },
      "flat:name":{
        "p":0.0,
        "r":0.0,
        "f":0.0
      },
      "parataxis":{
        "p":0.0,
        "r":0.0,
        "f":0.0
      },
      "aux":{
        "p":0.0,
        "r":0.0,
        "f":0.0
      },
      "advcl:cmp":{
        "p":0.0,
        "r":0.0,
        "f":0.0
      },
      "ccomp":{
        "p":0.0,
        "r":0.0,
        "f":0.0
      },
      "obl:agent":{
        "p":0.0,
        "r":0.0,
        "f":0.0
      },
      "csubj":{
        "p":0.0,
        "r":0.0,
        "f":0.0
      },
      "nsubj:outer":{
        "p":0.0,
        "r":0.0,
        "f":0.0
      },
      "fixed":{
        "p":0.0,
        "r":0.0,
        "f":0.0
      },
      "csubj:pass":{
        "p":0.0,
        "r":0.0,
        "f":0.0
      },
      "aux:pass":{
        "p":0.0,
        "r":0.0,
        "f":0.0
      }
    }
  },
  "trainable_lemmatizer":{
    "lemma_acc":0.2015308056
  },
  "tagger":{
    "tag_acc":0.0999898949
  },
  "speed":1642.7634567267
}