{
  "tokenizer":{
    "token_acc":0.9995570601,
    "token_p":0.9645015345,
    "token_r":0.9836092021,
    "token_f":0.9739616613
  },
  "transformer":{

  },
  "parser":{
    "sents_p":0.0395747816,
    "sents_r":0.1214862682,
    "sents_f":0.0597014925,
    "dep_uas":0.271654187,
    "dep_las":0.0940747256,
    "dep_las_per_type":{
      "discourse":{
        "p":0.1428571429,
        "r":0.0459610028,
        "f":0.0695468915
      },
      "vocative":{
        "p":0.0145985401,
        "r":0.0100502513,
        "f":0.0119047619
      },
      "root":{
        "p":0.1727689954,
        "r":0.5473344103,
        "f":0.2626356589
      },
      "advmod":{
        "p":0.0293367347,
        "r":0.0143660212,
        "f":0.0192872117
      },
      "advcl":{
        "p":0.0,
        "r":0.0,
        "f":0.0
      },
      "expl:pv":{
        "p":0.3333333333,
        "r":0.001953125,
        "f":0.0038834951
      },
      "obl:arg":{
        "p":0.0087336245,
        "r":0.0038986355,
        "f":0.0053908356
      },
      "orphan":{
        "p":0.0008196721,
        "r":0.0123966942,
        "f":0.001537673
      },
      "det":{
        "p":0.0155477032,
        "r":0.0171073095,
        "f":0.0162902629
      },
      "amod":{
        "p":0.0289017341,
        "r":0.0303643725,
        "f":0.0296150049
      },
      "nmod":{
        "p":0.0126582278,
        "r":0.0306553911,
        "f":0.0179178251
      },
      "cc":{
        "p":0.2090823084,
        "r":0.0736175883,
        "f":0.1088938162
      },
      "obj":{
        "p":0.0414878398,
        "r":0.0173860911,
        "f":0.024503591
      },
      "case":{
        "p":0.3356265356,
        "r":0.2036374478,
        "f":0.2534793097
      },
      "obl":{
        "p":0.0760095012,
        "r":0.0121719285,
        "f":0.0209836066
      },
      "nummod":{
        "p":0.0,
        "r":0.0,
        "f":0.0
      },
      "conj":{
        "p":0.0324324324,
        "r":0.012793177,
        "f":0.0183486239
      },
      "nsubj":{
        "p":0.0168612192,
        "r":0.0068601583,
        "f":0.0097524381
      },
      "appos":{
        "p":0.0162454874,
        "r":0.0253521127,
        "f":0.0198019802
      },
      "obl:agent":{
        "p":0.0,
        "r":0.0,
        "f":0.0
      },
      "dep":{
        "p":0.0014089468,
        "r":0.0264900662,
        "f":0.0026755853
      },
      "dislocated":{
        "p":0.0,
        "r":0.0,
        "f":0.0
      },
      "parataxis":{
        "p":0.0,
        "r":0.0,
        "f":0.0
      },
      "mark":{
        "p":0.0,
        "r":0.0,
        "f":0.0
      },
      "expl":{
        "p":0.0,
        "r":0.0,
        "f":0.0
      },
      "cop":{
        "p":0.0,
        "r":0.0,
        "f":0.0
      },
      "nsubj:pass":{
        "p":0.0,
        "r":0.0,
        "f":0.0
      },
      "xcomp":{
        "p":0.0043572985,
        "r":0.0057471264,
        "f":0.0049566295
      },
      "ccomp":{
        "p":0.0,
        "r":0.0,
        "f":0.0
      },
      "aux":{
        "p":0.0,
        "r":0.0,
        "f":0.0
      },
      "acl":{
        "p":0.0082987552,
        "r":0.0088105727,
        "f":0.0085470085
      },
      "aux:pass":{
        "p":0.0,
        "r":0.0,
        "f":0.0
      },
      "iobj":{
        "p":0.0,
        "r":0.0,
        "f":0.0
      },
      "flat:name":{
        "p":0.0,
        "r":0.0,
        "f":0.0
      },
      "fixed":{
        "p":0.0,
        "r":0.0,
        "f":0.0
      },
      "nummod:gov":{
        "p":0.0,
        "r":0.0,
        "f":0.0
      },
      "list":{
        "p":0.0,
        "r":0.0,
        "f":0.0
      },
      "advcl:cmp":{
        "p":0.0,
        "r":0.0,
        "f":0.0
      },
      "csubj":{
        "p":0.0,
        "r":0.0,
        "f":0.0
      },
      "flat":{
        "p":0.0,
        "r":0.0,
        "f":0.0
      },
      "acl:relcl":{
        "p":0.0,
        "r":0.0,
        "f":0.0
      },
      "nsubj:outer":{
        "p":0.0,
        "r":0.0,
        "f":0.0
      },
      "compound":{
        "p":0.0,
        "r":0.0,
        "f":0.0
      },
      "csubj:pass":{
        "p":0.0,
        "r":0.0,
        "f":0.0
      },
      "reparandum":{
        "p":0.0,
        "r":0.0,
        "f":0.0
      },
      "goeswith":{
        "p":0.0,
        "r":0.0,
        "f":0.0
      }
    }
  },
  "trainable_lemmatizer":{
    "lemma_acc":0.2617688902
  },
  "tagger":{
    "tag_acc":0.0749811907
  },
  "morphologizer":{
    "pos_acc":0.2192979644,
    "morph_acc":0.243959495,
    "morph_micro_p":0.3112244898,
    "morph_micro_r":0.1872794429,
    "morph_micro_f":0.2338434875,
    "morph_per_feat":{
      "Case":{
        "p":0.2238874166,
        "r":0.1507970702,
        "f":0.1802133137
      },
      "Gender":{
        "p":0.3121666499,
        "r":0.2001806918,
        "f":0.243935045
      },
      "Number":{
        "p":0.6056882294,
        "r":0.4106581429,
        "f":0.4894607001
      },
      "Mood":{
        "p":0.1296928328,
        "r":0.0933660934,
        "f":0.1085714286
      },
      "Person":{
        "p":0.1295166588,
        "r":0.052964882,
        "f":0.0751838736
      },
      "Tense":{
        "p":0.1178499569,
        "r":0.0834011391,
        "f":0.0976771888
      },
      "VerbForm":{
        "p":0.1304597701,
        "r":0.0892471005,
        "f":0.1059880938
      },
      "Voice":{
        "p":0.2566829549,
        "r":0.1761688696,
        "f":0.2089377632
      },
      "PronType":{
        "p":0.2881355932,
        "r":0.0139975298,
        "f":0.0266980762
      },
      "Variant":{
        "p":0.0,
        "r":0.0,
        "f":0.0
      },
      "Reflex":{
        "p":0.1333333333,
        "r":0.0023228804,
        "f":0.00456621
      },
      "Aspect":{
        "p":0.0454545455,
        "r":0.0016085791,
        "f":0.0031071983
      },
      "Degree":{
        "p":0.0747663551,
        "r":0.0340103921,
        "f":0.0467532468
      },
      "Strength":{
        "p":0.0,
        "r":0.0,
        "f":0.0
      },
      "Clitic":{
        "p":0.0,
        "r":0.0,
        "f":0.0
      },
      "Polarity":{
        "p":0.7721518987,
        "r":0.2918660287,
        "f":0.4236111111
      },
      "Poss":{
        "p":0.0,
        "r":0.0,
        "f":0.0
      },
      "Analyt":{
        "p":0.0,
        "r":0.0,
        "f":0.0
      },
      "NumType":{
        "p":0.0,
        "r":0.0,
        "f":0.0
      },
      "Animacy":{
        "p":0.0,
        "r":0.0,
        "f":0.0
      },
      "NumForm":{
        "p":0.0,
        "r":0.0,
        "f":0.0
      },
      "NameType":{
        "p":0.0,
        "r":0.0,
        "f":0.0
      },
      "Abbr":{
        "p":0.0,
        "r":0.0,
        "f":0.0
      },
      "Typo":{
        "p":0.0,
        "r":0.0,
        "f":0.0
      }
    }
  },
  "speed":3274.3914371647
}