{
  "tokenizer":{
    "token_acc":0.9981644203,
    "token_p":0.9974335877,
    "token_r":0.9959947049,
    "token_f":0.996713627
  },
  "transformer":{

  },
  "parser":{
    "sents_p":0.00562249,
    "sents_r":0.0230938416,
    "sents_f":0.0090432785,
    "dep_uas":0.2204429731,
    "dep_las":0.0517405775,
    "dep_las_per_type":{
      "root":{
        "p":0.0906733435,
        "r":0.3715646757,
        "f":0.145773433
      },
      "nsubj":{
        "p":0.0930506478,
        "r":0.0264567984,
        "f":0.0411994785
      },
      "advmod":{
        "p":0.0295719844,
        "r":0.0091478093,
        "f":0.0139731568
      },
      "mark":{
        "p":0.0182481752,
        "r":0.0032020493,
        "f":0.0054481068
      },
      "acl":{
        "p":0.000464684,
        "r":0.0013003901,
        "f":0.000684697
      },
      "compound:prt":{
        "p":0.0,
        "r":0.0,
        "f":0.0
      },
      "obj":{
        "p":0.0164484726,
        "r":0.017320608,
        "f":0.0168732782
      },
      "nummod":{
        "p":0.0036324786,
        "r":0.0867346939,
        "f":0.0069729286
      },
      "nmod":{
        "p":0.000933184,
        "r":0.0561797753,
        "f":0.001835873
      },
      "cc":{
        "p":0.2231759657,
        "r":0.0444317858,
        "f":0.0741092637
      },
      "conj":{
        "p":0.0041493776,
        "r":0.0016539861,
        "f":0.0023651845
      },
      "case":{
        "p":0.3430430741,
        "r":0.2253664495,
        "f":0.2720235901
      },
      "amod":{
        "p":0.0212085507,
        "r":0.0511779041,
        "f":0.0299892895
      },
      "obl":{
        "p":0.091954023,
        "r":0.0266106443,
        "f":0.0412763069
      },
      "nmod:poss":{
        "p":0.0,
        "r":0.0,
        "f":0.0
      },
      "dep":{
        "p":0.0007651109,
        "r":0.0141509434,
        "f":0.00145173
      },
      "obl:arg":{
        "p":0.0,
        "r":0.0,
        "f":0.0
      },
      "aux":{
        "p":0.0,
        "r":0.0,
        "f":0.0
      },
      "advcl":{
        "p":0.0032102729,
        "r":0.0017271157,
        "f":0.0022459293
      },
      "iobj":{
        "p":0.0,
        "r":0.0,
        "f":0.0
      },
      "det":{
        "p":0.0061452514,
        "r":0.0086819258,
        "f":0.007196598
      },
      "acl:relcl":{
        "p":0.0,
        "r":0.0,
        "f":0.0
      },
      "xcomp":{
        "p":0.0011219147,
        "r":0.0074812968,
        "f":0.0019512195
      },
      "discourse":{
        "p":0.0,
        "r":0.0,
        "f":0.0
      },
      "parataxis":{
        "p":0.0,
        "r":0.0,
        "f":0.0
      },
      "ccomp":{
        "p":0.0,
        "r":0.0,
        "f":0.0
      },
      "cop":{
        "p":0.0,
        "r":0.0,
        "f":0.0
      },
      "appos":{
        "p":0.0059079602,
        "r":0.0297339593,
        "f":0.0098573281
      },
      "expl":{
        "p":0.0,
        "r":0.0,
        "f":0.0
      },
      "orphan":{
        "p":0.0,
        "r":0.0,
        "f":0.0
      },
      "vocative":{
        "p":0.0,
        "r":0.0,
        "f":0.0
      },
      "flat:name":{
        "p":0.0,
        "r":0.0,
        "f":0.0
      },
      "nsubj:pass":{
        "p":0.0,
        "r":0.0,
        "f":0.0
      },
      "expl:pv":{
        "p":0.0,
        "r":0.0,
        "f":0.0
      },
      "fixed":{
        "p":0.0,
        "r":0.0,
        "f":0.0
      },
      "advcl:cmp":{
        "p":0.0,
        "r":0.0,
        "f":0.0
      },
      "obl:agent":{
        "p":0.0,
        "r":0.0,
        "f":0.0
      },
      "flat:foreign":{
        "p":0.0,
        "r":0.0,
        "f":0.0
      },
      "dislocated":{
        "p":0.0,
        "r":0.0,
        "f":0.0
      }
    }
  },
  "trainable_lemmatizer":{
    "lemma_acc":0.3727635124
  },
  "tagger":{
    "tag_acc":0.0
  },
  "speed":4146.5790648116
}