{
  "tokenizer":{
    "token_acc":0.9996152111,
    "token_p":0.9922378791,
    "token_r":0.9963360691,
    "token_f":0.9942827512
  },
  "transformer":{

  },
  "parser":{
    "sents_p":0.0163912756,
    "sents_r":0.065747614,
    "sents_f":0.0262406095,
    "dep_uas":0.2772299948,
    "dep_las":0.1332884261,
    "dep_las_per_type":{
      "root":{
        "p":0.1344438615,
        "r":0.5434782609,
        "f":0.2155625657
      },
      "cc":{
        "p":0.3091684435,
        "r":0.1725676882,
        "f":0.2215008593
      },
      "mark":{
        "p":0.3274611399,
        "r":0.0903631684,
        "f":0.1416405199
      },
      "amod":{
        "p":0.0341655716,
        "r":0.0187725632,
        "f":0.0242311277
      },
      "nsubj:pass":{
        "p":0.0,
        "r":0.0,
        "f":0.0
      },
      "advmod:neg":{
        "p":0.0,
        "r":0.0,
        "f":0.0
      },
      "advcl":{
        "p":0.0267898383,
        "r":0.0227005871,
        "f":0.0245762712
      },
      "case":{
        "p":0.6148856265,
        "r":0.5790065906,
        "f":0.5964069873
      },
      "nsubj":{
        "p":0.0945730247,
        "r":0.0543204217,
        "f":0.0690056777
      },
      "obl":{
        "p":0.2133160957,
        "r":0.1336032389,
        "f":0.1643017177
      },
      "acl:relcl":{
        "p":0.0,
        "r":0.0,
        "f":0.0
      },
      "nmod":{
        "p":0.099663474,
        "r":0.1731893837,
        "f":0.1265198817
      },
      "obj":{
        "p":0.0601423488,
        "r":0.0846693387,
        "f":0.0703287557
      },
      "orphan":{
        "p":0.0027233115,
        "r":0.0342465753,
        "f":0.0050454087
      },
      "dep":{
        "p":0.0001264542,
        "r":0.0588235294,
        "f":0.0002523659
      },
      "xcomp":{
        "p":0.0194684796,
        "r":0.0555555556,
        "f":0.0288329519
      },
      "advmod":{
        "p":0.0204016576,
        "r":0.0286097452,
        "f":0.0238183848
      },
      "csubj:pass":{
        "p":0.0,
        "r":0.0,
        "f":0.0
      },
      "cop":{
        "p":0.0,
        "r":0.0,
        "f":0.0
      },
      "dislocated":{
        "p":0.0,
        "r":0.0,
        "f":0.0
      },
      "advmod:lmod":{
        "p":0.0,
        "r":0.0,
        "f":0.0
      },
      "det":{
        "p":0.1048218029,
        "r":0.072446269,
        "f":0.0856775668
      },
      "fixed":{
        "p":0.0,
        "r":0.0,
        "f":0.0
      },
      "obl:arg":{
        "p":0.0551626591,
        "r":0.0192592593,
        "f":0.0285505124
      },
      "appos":{
        "p":0.0119749777,
        "r":0.0791027155,
        "f":0.0208009935
      },
      "conj":{
        "p":0.0523809524,
        "r":0.0186704385,
        "f":0.0275286757
      },
      "ccomp:relcl":{
        "p":0.0,
        "r":0.0,
        "f":0.0
      },
      "acl":{
        "p":0.0105062082,
        "r":0.0081967213,
        "f":0.009208874
      },
      "nummod":{
        "p":0.0,
        "r":0.0,
        "f":0.0
      },
      "vocative":{
        "p":0.0,
        "r":0.0,
        "f":0.0
      },
      "discourse":{
        "p":0.1533687943,
        "r":0.1362204724,
        "f":0.1442869058
      },
      "csubj":{
        "p":0.0,
        "r":0.0,
        "f":0.0
      },
      "advmod:emph":{
        "p":0.0,
        "r":0.0,
        "f":0.0
      },
      "ccomp":{
        "p":0.0191657272,
        "r":0.0349794239,
        "f":0.0247632921
      },
      "flat":{
        "p":0.0,
        "r":0.0,
        "f":0.0
      },
      "dislocated:obj":{
        "p":0.0,
        "r":0.0,
        "f":0.0
      },
      "compound":{
        "p":0.0,
        "r":0.0,
        "f":0.0
      },
      "ccomp:reported":{
        "p":0.0,
        "r":0.0,
        "f":0.0
      },
      "flat:name":{
        "p":0.0,
        "r":0.0,
        "f":0.0
      },
      "aux:pass":{
        "p":0.0,
        "r":0.0,
        "f":0.0
      },
      "csubj:relcl":{
        "p":0.0,
        "r":0.0,
        "f":0.0
      },
      "advcl:abs":{
        "p":0.0,
        "r":0.0,
        "f":0.0
      },
      "aux":{
        "p":0.0,
        "r":0.0,
        "f":0.0
      },
      "conj:expl":{
        "p":0.0,
        "r":0.0,
        "f":0.0
      },
      "advcl:cmp":{
        "p":0.0,
        "r":0.0,
        "f":0.0
      },
      "expl:pv":{
        "p":0.0,
        "r":0.0,
        "f":0.0
      },
      "advcl:pred":{
        "p":0.0,
        "r":0.0,
        "f":0.0
      },
      "obl:agent":{
        "p":0.0,
        "r":0.0,
        "f":0.0
      },
      "obl:lmod":{
        "p":0.0,
        "r":0.0,
        "f":0.0
      },
      "dislocated:nsubj":{
        "p":0.0,
        "r":0.0,
        "f":0.0
      },
      "advmod:tmod":{
        "p":0.0,
        "r":0.0,
        "f":0.0
      },
      "parataxis":{
        "p":0.0,
        "r":0.0,
        "f":0.0
      },
      "expl:pass":{
        "p":0.0,
        "r":0.0,
        "f":0.0
      },
      "reparandum":{
        "p":0.0,
        "r":0.0,
        "f":0.0
      },
      "advcl:relcl":{
        "p":0.0,
        "r":0.0,
        "f":0.0
      },
      "obl:tmod":{
        "p":0.0,
        "r":0.0,
        "f":0.0
      },
      "nsubj:outer":{
        "p":0.0,
        "r":0.0,
        "f":0.0
      },
      "obl:cmp":{
        "p":0.0,
        "r":0.0,
        "f":0.0
      },
      "cop:outer":{
        "p":0.0,
        "r":0.0,
        "f":0.0
      },
      "csubj:outer":{
        "p":0.0,
        "r":0.0,
        "f":0.0
      },
      "flat:foreign":{
        "p":0.0,
        "r":0.0,
        "f":0.0
      },
      "parataxis:reporting":{
        "p":0.0,
        "r":0.0,
        "f":0.0
      },
      "csubj:cleft":{
        "p":0.0,
        "r":0.0,
        "f":0.0
      },
      "csubj:reported":{
        "p":0.0,
        "r":0.0,
        "f":0.0
      },
      "iobj":{
        "p":0.0,
        "r":0.0,
        "f":0.0
      },
      "dislocated:csubj":{
        "p":0.0,
        "r":0.0,
        "f":0.0
      }
    }
  },
  "trainable_lemmatizer":{
    "lemma_acc":0.3940713749
  },
  "tagger":{
    "tag_acc":0.0
  },
  "morphologizer":{
    "pos_acc":0.3521572126,
    "morph_acc":0.2368794043,
    "morph_micro_p":0.4035547319,
    "morph_micro_r":0.2716834042,
    "morph_micro_f":0.3247420946,
    "morph_per_feat":{
      "Case":{
        "p":0.2471424749,
        "r":0.1872068107,
        "f":0.213039395
      },
      "Gender":{
        "p":0.3499440737,
        "r":0.266523706,
        "f":0.3025896713
      },
      "InflClass":{
        "p":0.0,
        "r":0.0,
        "f":0.0
      },
      "Number":{
        "p":0.6968075827,
        "r":0.5632697189,
        "f":0.6229627512
      },
      "Polarity":{
        "p":0.7868421053,
        "r":0.4387380778,
        "f":0.5633537447
      },
      "Aspect":{
        "p":0.149122807,
        "r":0.0034057898,
        "f":0.0066594849
      },
      "Mood":{
        "p":0.3604890449,
        "r":0.4819550089,
        "f":0.412465374
      },
      "Person":{
        "p":0.3424986932,
        "r":0.3921944212,
        "f":0.3656658109
      },
      "Tense":{
        "p":0.1630760313,
        "r":0.273183363,
        "f":0.2042347247
      },
      "VerbForm":{
        "p":0.5573485361,
        "r":0.4539944904,
        "f":0.5003903878
      },
      "Voice":{
        "p":0.3280510194,
        "r":0.355125523,
        "f":0.3410517856
      },
      "PronType":{
        "p":0.3667953668,
        "r":0.0601809955,
        "f":0.1033973412
      },
      "Degree":{
        "p":0.0040899796,
        "r":0.0101522843,
        "f":0.0058309038
      },
      "Strength":{
        "p":0.0,
        "r":0.0,
        "f":0.0
      },
      "Reflex":{
        "p":0.0540540541,
        "r":0.0067681895,
        "f":0.0120300752
      },
      "InflClass[nominal]":{
        "p":0.0,
        "r":0.0,
        "f":0.0
      },
      "AdvType":{
        "p":0.0,
        "r":0.0,