{
  "tokenizer":{
    "token_acc":0.9995570601,
    "token_p":0.9645015345,
    "token_r":0.9836092021,
    "token_f":0.9739616613
  },
  "transformer":{

  },
  "parser":{
    "sents_p":0.0505773672,
    "sents_r":0.1415185784,
    "sents_f":0.0745214802,
    "dep_uas":0.3771757623,
    "dep_las":0.1766440242,
    "dep_las_per_type":{
      "discourse":{
        "p":0.1482889734,
        "r":0.1086350975,
        "f":0.1254019293
      },
      "vocative":{
        "p":0.0086206897,
        "r":0.0050251256,
        "f":0.0063492063
      },
      "root":{
        "p":0.2412049005,
        "r":0.6933764136,
        "f":0.3579052702
      },
      "advmod":{
        "p":0.2018121911,
        "r":0.1530293567,
        "f":0.1740674956
      },
      "advcl":{
        "p":0.0542986425,
        "r":0.0131147541,
        "f":0.0211267606
      },
      "expl:pv":{
        "p":0.7454545455,
        "r":0.080078125,
        "f":0.1446208113
      },
      "obl:arg":{
        "p":0.0186915888,
        "r":0.007797271,
        "f":0.0110041265
      },
      "cc":{
        "p":0.5557299843,
        "r":0.2358427715,
        "f":0.331150608
      },
      "acl":{
        "p":0.0136054422,
        "r":0.0176211454,
        "f":0.0153550864
      },
      "det":{
        "p":0.069870484,
        "r":0.1594090202,
        "f":0.0971563981
      },
      "dep":{
        "p":0.0049261084,
        "r":0.0794701987,
        "f":0.009277155
      },
      "xcomp":{
        "p":0.0189061445,
        "r":0.0804597701,
        "f":0.0306178239
      },
      "obj":{
        "p":0.1419400856,
        "r":0.1193045564,
        "f":0.1296416938
      },
      "case":{
        "p":0.7325361863,
        "r":0.3470483005,
        "f":0.4709690471
      },
      "obl":{
        "p":0.3584018801,
        "r":0.1160136934,
        "f":0.1752873563
      },
      "nummod":{
        "p":0.0084745763,
        "r":0.0163043478,
        "f":0.0111524164
      },
      "conj":{
        "p":0.106918239,
        "r":0.0289978678,
        "f":0.0456222744
      },
      "nsubj":{
        "p":0.0887629839,
        "r":0.0496042216,
        "f":0.0636425186
      },
      "appos":{
        "p":0.0166852058,
        "r":0.0211267606,
        "f":0.0186451212
      },
      "obl:agent":{
        "p":0.0,
        "r":0.0,
        "f":0.0
      },
      "nmod":{
        "p":0.0203877005,
        "r":0.0644820296,
        "f":0.030980193
      },
      "dislocated":{
        "p":0.0,
        "r":0.0,
        "f":0.0
      },
      "amod":{
        "p":0.0260869565,
        "r":0.0060728745,
        "f":0.0098522167
      },
      "parataxis":{
        "p":0.0,
        "r":0.0,
        "f":0.0
      },
      "expl":{
        "p":0.0,
        "r":0.0,
        "f":0.0
      },
      "cop":{
        "p":0.0,
        "r":0.0,
        "f":0.0
      },
      "nsubj:pass":{
        "p":0.0,
        "r":0.0,
        "f":0.0
      },
      "orphan":{
        "p":0.0039246468,
        "r":0.020661157,
        "f":0.0065963061
      },
      "ccomp":{
        "p":0.0,
        "r":0.0,
        "f":0.0
      },
      "aux":{
        "p":0.0,
        "r":0.0,
        "f":0.0
      },
      "mark":{
        "p":0.1470588235,
        "r":0.046875,
        "f":0.0710900474
      },
      "aux:pass":{
        "p":0.0,
        "r":0.0,
        "f":0.0
      },
      "iobj":{
        "p":0.0,
        "r":0.0,
        "f":0.0
      },
      "flat:name":{
        "p":0.0,
        "r":0.0,
        "f":0.0
      },
      "fixed":{
        "p":0.0,
        "r":0.0,
        "f":0.0
      },
      "nummod:gov":{
        "p":0.0,
        "r":0.0,
        "f":0.0
      },
      "list":{
        "p":0.0,
        "r":0.0,
        "f":0.0
      },
      "advcl:cmp":{
        "p":0.0,
        "r":0.0,
        "f":0.0
      },
      "csubj":{
        "p":0.0,
        "r":0.0,
        "f":0.0
      },
      "flat":{
        "p":0.0,
        "r":0.0,
        "f":0.0
      },
      "acl:relcl":{
        "p":0.0,
        "r":0.0,
        "f":0.0
      },
      "nsubj:outer":{
        "p":0.0,
        "r":0.0,
        "f":0.0
      },
      "compound":{
        "p":0.0,
        "r":0.0,
        "f":0.0
      },
      "csubj:pass":{
        "p":0.0,
        "r":0.0,
        "f":0.0
      },
      "reparandum":{
        "p":0.0,
        "r":0.0,
        "f":0.0
      },
      "goeswith":{
        "p":0.0,
        "r":0.0,
        "f":0.0
      }
    }
  },
  "trainable_lemmatizer":{
    "lemma_acc":0.2406166541
  },
  "tagger":{
    "tag_acc":0.1654993349
  },
  "morphologizer":{
    "pos_acc":0.4209580934,
    "morph_acc":0.2740227229,
    "morph_micro_p":0.3552658461,
    "morph_micro_r":0.3272832071,
    "morph_micro_f":0.3407009208,
    "morph_per_feat":{
      "Case":{
        "p":0.2420656267,
        "r":0.1661845264,
        "f":0.1970730995
      },
      "Gender":{
        "p":0.3189072221,
        "r":0.2282524522,
        "f":0.2660698838
      },
      "Number":{
        "p":0.591183432,
        "r":0.5235275624,
        "f":0.5553023566
      },
      "Mood":{
        "p":0.2808988764,
        "r":0.5703755704,
        "f":0.3764188094
      },
      "Person":{
        "p":0.2635145784,
        "r":0.3208597198,
        "f":0.2893734856
      },
      "Tense":{
        "p":0.2817017761,
        "r":0.416192026,
        "f":0.3359881764
      },
      "VerbForm":{
        "p":0.308815427,
        "r":0.4407312758,
        "f":0.3631651413
      },
      "Voice":{
        "p":0.4409535621,
        "r":0.6312882225,
        "f":0.5192276489
      },
      "PronType":{
        "p":0.4509151414,
        "r":0.1115685467,
        "f":0.1788778878
      },
      "Variant":{
        "p":0.0,
        "r":0.0,
        "f":0.0
      },
      "Reflex":{
        "p":0.1315789474,
        "r":0.0058072009,
        "f":0.0111234705
      },
      "Aspect":{
        "p":0.0841889117,
        "r":0.0219839142,
        "f":0.0348639456
      },
      "Degree":{
        "p":0.0857933579,
        "r":0.0439300897,
        "f":0.0581068416
      },
      "Strength":{
        "p":0.0,
        "r":0.0,
        "f":0.0
      },
      "Clitic":{
        "p":0.0,
        "r":0.0,
        "f":0.0
      },
      "Poss":{
        "p":0.2261306533,
        "r":0.0862068966,
        "f":0.1248266297
      },
      "Polarity":{
        "p":0.643115942,
        "r":0.8492822967,
        "f":0.7319587629
      },
      "Analyt":{
        "p":0.0,
        "r":0.0,
        "f":0.0
      },
      "NumType":{
        "p":0.0,
        "r":0.0,
        "f":0.0
      },
      "Animacy":{
        "p":0.0,
        "r":0.0,
        "f":0.0
      },
      "NumForm":{
        "p":0.0,
        "r":0.0,
        "f":0.0
      },
      "NameType":{
        "p":0.0,
        "r":0.0,
        "f":0.0
      },
      "Abbr":{
        "p":0.0,
        "r":0.0,
        "f":0.0
      },
      "Typo":{
        "p":0.0,
        "r":0.0,
        "f":0.0
      }
    }
  },
  "speed":3351.0109066348
}