{
  "tokenizer":{
    "token_acc":1.0,
    "token_p":1.0,
    "token_r":1.0,
    "token_f":1.0
  },
  "transformer":{

  },
  "parser":{
    "sents_p":0.1289156627,
    "sents_r":0.2675,
    "sents_f":0.1739837398,
    "dep_uas":0.2114327593,
    "dep_las":0.0846463906,
    "dep_las_per_type":{
      "obl":{
        "p":0.0,
        "r":0.0,
        "f":0.0
      },
      "vocative":{
        "p":0.0,
        "r":0.0,
        "f":0.0
      },
      "advmod":{
        "p":0.0763888889,
        "r":0.0763888889,
        "f":0.0763888889
      },
      "case":{
        "p":0.0,
        "r":0.0,
        "f":0.0
      },
      "acl":{
        "p":0.0303030303,
        "r":0.0086206897,
        "f":0.0134228188
      },
      "conj":{
        "p":0.0416666667,
        "r":0.0056818182,
        "f":0.01
      },
      "amod":{
        "p":0.0243902439,
        "r":0.0153846154,
        "f":0.0188679245
      },
      "obj":{
        "p":0.0316455696,
        "r":0.0230414747,
        "f":0.0266666667
      },
      "root":{
        "p":0.2228915663,
        "r":0.4625,
        "f":0.3008130081
      },
      "nsubj":{
        "p":0.0454545455,
        "r":0.0062695925,
        "f":0.0110192837
      },
      "nmod":{
        "p":0.0134680135,
        "r":0.0256410256,
        "f":0.0176600442
      },
      "dep":{
        "p":0.0,
        "r":0.0,
        "f":0.0
      },
      "det":{
        "p":0.0,
        "r":0.0,
        "f":0.0
      },
      "appos":{
        "p":0.0,
        "r":0.0,
        "f":0.0
      },
      "xcomp":{
        "p":0.0408163265,
        "r":0.0384615385,
        "f":0.0396039604
      },
      "orphan":{
        "p":0.0,
        "r":0.0,
        "f":0.0
      },
      "nummod":{
        "p":0.0,
        "r":0.0,
        "f":0.0
      },
      "iobj":{
        "p":0.0,
        "r":0.0,
        "f":0.0
      },
      "obl:arg":{
        "p":0.0,
        "r":0.0,
        "f":0.0
      },
      "discourse":{
        "p":0.1509433962,
        "r":0.0879120879,
        "f":0.1111111111
      },
      "cc":{
        "p":0.0,
        "r":0.0,
        "f":0.0
      },
      "ccomp":{
        "p":0.0,
        "r":0.0,
        "f":0.0
      },
      "advcl":{
        "p":0.0,
        "r":0.0,
        "f":0.0
      },
      "mark":{
        "p":0.0,
        "r":0.0,
        "f":0.0
      },
      "cop":{
        "p":0.0,
        "r":0.0,
        "f":0.0
      },
      "aux":{
        "p":0.0,
        "r":0.0,
        "f":0.0
      },
      "parataxis":{
        "p":0.0,
        "r":0.0,
        "f":0.0
      },
      "compound":{
        "p":0.0,
        "r":0.0,
        "f":0.0
      },
      "fixed":{
        "p":0.0,
        "r":0.0,
        "f":0.0
      },
      "flat":{
        "p":0.0,
        "r":0.0,
        "f":0.0
      },
      "advcl:cmp":{
        "p":0.0,
        "r":0.0,
        "f":0.0
      },
      "csubj":{
        "p":0.0,
        "r":0.0,
        "f":0.0
      },
      "nsubj:pass":{
        "p":0.0,
        "r":0.0,
        "f":0.0
      }
    }
  },
  "trainable_lemmatizer":{
    "lemma_acc":0.1931110297
  },
  "tagger":{
    "tag_acc":0.0
  },
  "morphologizer":{
    "pos_acc":0.2902161964,
    "morph_acc":0.1355807988,
    "morph_micro_p":0.2480715828,
    "morph_micro_r":0.2351564785,
    "morph_micro_f":0.2414414414,
    "morph_per_feat":{
      "Case":{
        "p":0.1502753737,
        "r":0.1168195719,
        "f":0.1314521679
      },
      "Number":{
        "p":0.5802391441,
        "r":0.4471387003,
        "f":0.5050671049
      },
      "Gender":{
        "p":0.2704654896,
        "r":0.2114178168,
        "f":0.2373239437
      },
      "Tense":{
        "p":0.1769722814,
        "r":0.152854512,
        "f":0.1640316206
      },
      "VerbForm":{
        "p":0.0149253731,
        "r":0.0510948905,
        "f":0.0231023102
      },
      "Mood":{
        "p":0.1037735849,
        "r":0.0772833724,
        "f":0.088590604
      },
      "Person":{
        "p":0.1080246914,
        "r":0.0819672131,
        "f":0.0932090546
      },
      "Degree":{
        "p":0.0,
        "r":0.0,
        "f":0.0
      },
      "Strength":{
        "p":0.0,
        "r":0.0,
        "f":0.0
      },
      "Voice":{
        "p":0.0,
        "r":0.0,
        "f":0.0
      },
      "PronType":{
        "p":0.0,
        "r":0.0,
        "f":0.0
      },
      "Aspect":{
        "p":0.0,
        "r":0.0,
        "f":0.0
      }
    }
  },
  "speed":916.3650985194
}