{
  "tokenizer":{
    "token_acc":0.9464403791,
    "token_p":0.9418117699,
    "token_r":0.8969353484,
    "token_f":0.9188259327
  },
  "transformer":{

  },
  "parser":{
    "sents_p":0.0540796964,
    "sents_r":0.146529563,
    "sents_f":0.079002079,
    "dep_uas":0.1882109617,
    "dep_las":0.0696311617,
    "dep_las_per_type":{
      "advmod":{
        "p":0.0188679245,
        "r":0.0020491803,
        "f":0.0036968577
      },
      "iobj":{
        "p":0.0,
        "r":0.0,
        "f":0.0
      },
      "root":{
        "p":0.1542288557,
        "r":0.3984575835,
        "f":0.2223816356
      },
      "obj":{
        "p":0.0723684211,
        "r":0.0300546448,
        "f":0.0424710425
      },
      "cc:nc":{
        "p":0.0,
        "r":0.0,
        "f":0.0
      },
      "expl":{
        "p":0.0,
        "r":0.0,
        "f":0.0
      },
      "nsubj":{
        "p":0.0583941606,
        "r":0.0422163588,
        "f":0.0490045942
      },
      "case":{
        "p":0.325,
        "r":0.1553784861,
        "f":0.2102425876
      },
      "obl":{
        "p":0.0980392157,
        "r":0.0174216028,
        "f":0.0295857988
      },
      "ccomp":{
        "p":0.0,
        "r":0.0,
        "f":0.0
      },
      "mark":{
        "p":0.0,
        "r":0.0,
        "f":0.0
      },
      "aux":{
        "p":0.0,
        "r":0.0,
        "f":0.0
      },
      "det":{
        "p":0.511627907,
        "r":0.130952381,
        "f":0.2085308057
      },
      "acl":{
        "p":0.0,
        "r":0.0,
        "f":0.0
      },
      "cc":{
        "p":0.1456953642,
        "r":0.1833333333,
        "f":0.1623616236
      },
      "nmod":{
        "p":0.0039138943,
        "r":0.0357142857,
        "f":0.0070546737
      },
      "appos":{
        "p":0.0020120724,
        "r":0.125,
        "f":0.003960396
      },
      "advcl":{
        "p":0.0,
        "r":0.0,
        "f":0.0
      },
      "acl:relcl":{
        "p":0.0,
        "r":0.0,
        "f":0.0
      },
      "orphan":{
        "p":0.0,
        "r":0.0,
        "f":0.0
      },
      "xcomp":{
        "p":0.0238095238,
        "r":0.0375,
        "f":0.0291262136
      },
      "conj":{
        "p":0.0072992701,
        "r":0.0074626866,
        "f":0.0073800738
      },
      "amod":{
        "p":0.0689655172,
        "r":0.0188679245,
        "f":0.0296296296
      },
      "dep":{
        "p":0.0,
        "r":0.0,
        "f":0.0
      },
      "discourse":{
        "p":0.0,
        "r":0.0,
        "f":0.0
      },
      "flat":{
        "p":0.0,
        "r":0.0,
        "f":0.0
      },
      "nummod":{
        "p":0.0093457944,
        "r":0.1111111111,
        "f":0.0172413793
      },
      "parataxis":{
        "p":0.0,
        "r":0.0,
        "f":0.0
      },
      "case:det":{
        "p":0.0,
        "r":0.0,
        "f":0.0
      },
      "cop":{
        "p":0.0,
        "r":0.0,
        "f":0.0
      },
      "obl:arg":{
        "p":0.0,
        "r":0.0,
        "f":0.0
      },
      "dislocated":{
        "p":0.0,
        "r":0.0,
        "f":0.0
      },
      "obl:advmod":{
        "p":0.0,
        "r":0.0,
        "f":0.0
      },
      "vocative":{
        "p":0.0,
        "r":0.0,
        "f":0.0
      },
      "aux:pass":{
        "p":0.0,
        "r":0.0,
        "f":0.0
      },
      "flat:name":{
        "p":0.0,
        "r":0.0,
        "f":0.0
      },
      "csubj":{
        "p":0.0,
        "r":0.0,
        "f":0.0
      },
      "advcl:cmp":{
        "p":0.0,
        "r":0.0,
        "f":0.0
      },
      "nsubj:pass":{
        "p":0.0,
        "r":0.0,
        "f":0.0
      },
      "nsubj:obj":{
        "p":0.0,
        "r":0.0,
        "f":0.0
      }
    }
  },
  "trainable_lemmatizer":{
    "lemma_acc":0.3376021197
  },
  "tagger":{
    "tag_acc":0.0
  },
  "morphologizer":{
    "pos_acc":0.2321113074,
    "morph_acc":0.2033786022,
    "morph_micro_p":0.0517754414,
    "morph_micro_r":0.0996183206,
    "morph_micro_f":0.0681373189,
    "morph_per_feat":{
      "PronType":{
        "p":0.1951219512,
        "r":0.0074211503,
        "f":0.0142984808
      },
      "VerbForm":{
        "p":0.5221238938,
        "r":0.2515991471,
        "f":0.3395683453
      },
      "Tense":{
        "p":0.0376106195,
        "r":0.1278195489,
        "f":0.0581196581
      },
      "Voice":{
        "p":0.0,
        "r":0.0,
        "f":0.0
      },
      "Polarity":{
        "p":0.0,
        "r":0.0,
        "f":0.0
      },
      "Case":{
        "p":0.0,
        "r":0.0,
        "f":0.0
      },
      "Gender":{
        "p":0.0,
        "r":0.0,
        "f":0.0
      },
      "Number":{
        "p":0.0,
        "r":0.0,
        "f":0.0
      },
      "Person":{
        "p":0.0,
        "r":0.0,
        "f":0.0
      },
      "Mood":{
        "p":0.0,
        "r":0.0,
        "f":0.0
      },
      "Strength":{
        "p":0.0,
        "r":0.0,
        "f":0.0
      },
      "Definite":{
        "p":0.0,
        "r":0.0,
        "f":0.0
      },
      "Poss":{
        "p":0.0,
        "r":0.0,
        "f":0.0
      },
      "Degree":{
        "p":0.0,
        "r":0.0,
        "f":0.0
      },
      "NumType":{
        "p":0.0,
        "r":0.0,
        "f":0.0
      },
      "Aspect":{
        "p":0.0,
        "r":0.0,
        "f":0.0
      }
    }
  },
  "speed":1487.5993292025
}