{
  "tokenizer":{
    "token_acc":1.0,
    "token_p":0.9963401882,
    "token_r":0.998777079,
    "token_f":0.9975571453
  },
  "transformer":{

  },
  "parser":{
    "sents_p":0.7872340426,
    "sents_r":0.8907407407,
    "sents_f":0.8357949609,
    "dep_uas":0.8144978166,
    "dep_las":0.7479703186,
    "dep_las_per_type":{
      "cc":{
        "p":0.8216318786,
        "r":0.8295019157,
        "f":0.8255481411
      },
      "xcomp":{
        "p":0.6525423729,
        "r":0.7096774194,
        "f":0.6799116998
      },
      "root":{
        "p":0.8303425775,
        "r":0.9425925926,
        "f":0.882914137
      },
      "nsubj":{
        "p":0.7730496454,
        "r":0.7250554324,
        "f":0.7482837529
      },
      "nsubj:pass":{
        "p":0.7692307692,
        "r":0.3846153846,
        "f":0.5128205128
      },
      "advmod":{
        "p":0.7580174927,
        "r":0.7182320442,
        "f":0.7375886525
      },
      "acl":{
        "p":0.4931506849,
        "r":0.3673469388,
        "f":0.4210526316
      },
      "case":{
        "p":0.9471624266,
        "r":0.9622266402,
        "f":0.9546351085
      },
      "obl":{
        "p":0.6985981308,
        "r":0.6795454545,
        "f":0.6889400922
      },
      "det":{
        "p":0.8400852878,
        "r":0.8454935622,
        "f":0.8427807487
      },
      "amod":{
        "p":0.6034482759,
        "r":0.4268292683,
        "f":0.5
      },
      "appos":{
        "p":0.5135135135,
        "r":0.4634146341,
        "f":0.4871794872
      },
      "orphan":{
        "p":0.2592592593,
        "r":0.175,
        "f":0.2089552239
      },
      "obj":{
        "p":0.7317073171,
        "r":0.7458563536,
        "f":0.7387140903
      },
      "conj":{
        "p":0.6096096096,
        "r":0.5953079179,
        "f":0.6023738872
      },
      "advcl":{
        "p":0.600660066,
        "r":0.65,
        "f":0.6243567753
      },
      "nmod":{
        "p":0.6846473029,
        "r":0.6818181818,
        "f":0.6832298137
      },
      "obl:arg":{
        "p":0.6794871795,
        "r":0.701986755,
        "f":0.6905537459
      },
      "discourse":{
        "p":0.7852348993,
        "r":0.7905405405,
        "f":0.7878787879
      },
      "mark":{
        "p":0.8412698413,
        "r":0.7832512315,
        "f":0.8112244898
      },
      "dep":{
        "p":0.0,
        "r":0.0,
        "f":0.0
      },
      "ccomp":{
        "p":0.6746987952,
        "r":0.5436893204,
        "f":0.6021505376
      },
      "nummod":{
        "p":0.9285714286,
        "r":0.7222222222,
        "f":0.8125
      },
      "vocative":{
        "p":0.5714285714,
        "r":0.5454545455,
        "f":0.5581395349
      },
      "dislocated":{
        "p":0.5555555556,
        "r":0.3571428571,
        "f":0.4347826087
      },
      "expl:pv":{
        "p":0.7692307692,
        "r":0.9090909091,
        "f":0.8333333333
      },
      "flat:name":{
        "p":0.9230769231,
        "r":0.9230769231,
        "f":0.9230769231
      },
      "advcl:cmp":{
        "p":0.5,
        "r":0.2142857143,
        "f":0.3
      },
      "parataxis":{
        "p":0.5,
        "r":0.6666666667,
        "f":0.5714285714
      },
      "obl:agent":{
        "p":0.5,
        "r":0.2857142857,
        "f":0.3636363636
      },
      "csubj:pass":{
        "p":0.0,
        "r":0.0,
        "f":0.0
      },
      "nsubj:outer":{
        "p":0.0,
        "r":0.0,
        "f":0.0
      }
    }
  },
  "trainable_lemmatizer":{
    "lemma_acc":0.9142159002
  },
  "tagger":{
    "tag_acc":0.8760590445
  },
  "morphologizer":{
    "pos_acc":0.9514325646,
    "morph_acc":0.8863656215,
    "morph_micro_p":0.9421115606,
    "morph_micro_r":0.9374114179,
    "morph_micro_f":0.9397556124,
    "morph_per_feat":{
      "Case":{
        "p":0.9133802817,
        "r":0.903517938,
        "f":0.9084223428
      },
      "Degree":{
        "p":0.8916256158,
        "r":0.7801724138,
        "f":0.832183908
      },
      "Gender":{
        "p":0.9075062255,
        "r":0.9001411433,
        "f":0.9038086802
      },
      "Number":{
        "p":0.9666228647,
        "r":0.9628272251,
        "f":0.9647213115
      },
      "Strength":{
        "p":0.9300225734,
        "r":0.8619246862,
        "f":0.894679696
      },
      "Mood":{
        "p":0.9460580913,
        "r":0.9610115911,
        "f":0.9534762154
      },
      "Person":{
        "p":0.9443734015,
        "r":0.9529032258,
        "f":0.9486191394
      },
      "Tense":{
        "p":0.9525993884,
        "r":0.9614197531,
        "f":0.9569892473
      },
      "VerbForm":{
        "p":0.9602446483,
        "r":0.9691358025,
        "f":0.9646697389
      },
      "Voice":{
        "p":0.9602446483,
        "r":0.9691358025,
        "f":0.9646697389
      },
      "PronType":{
        "p":0.9789983845,
        "r":0.9742765273,
        "f":0.9766317486
      },
      "Polarity":{
        "p":0.9924242424,
        "r":0.9924242424,
        "f":0.9924242424
      },
      "Poss":{
        "p":0.9925925926,
        "r":0.9503546099,
        "f":0.9710144928
      },
      "Aspect":{
        "p":0.8545454545,
        "r":0.6911764706,
        "f":0.7642276423
      },
      "Reflex":{
        "p":0.9642857143,
        "r":1.0,
        "f":0.9818181818
      }
    }
  },
  "speed":1708.854741285
}