{
  "tokenizer":{
    "token_acc":0.9996132525,
    "token_p":0.9992265051,
    "token_r":0.9990547798,
    "token_f":0.9991406351
  },
  "transformer":{

  },
  "parser":{
    "sents_p":0.1297775858,
    "sents_r":0.2867366412,
    "sents_f":0.1786829196,
    "dep_uas":0.3817055204,
    "dep_las":0.2098056633,
    "dep_las_per_type":{
      "ccomp":{
        "p":0.0746268657,
        "r":0.0696055684,
        "f":0.0720288115
      },
      "nsubj":{
        "p":0.1907090465,
        "r":0.1266233766,
        "f":0.152195122
      },
      "root":{
        "p":0.2962003454,
        "r":0.6545801527,
        "f":0.4078478002
      },
      "cop":{
        "p":0.0,
        "r":0.0,
        "f":0.0
      },
      "advmod":{
        "p":0.1137295082,
        "r":0.0755102041,
        "f":0.0907604252
      },
      "amod":{
        "p":0.0289855072,
        "r":0.0122887865,
        "f":0.0172599784
      },
      "nmod":{
        "p":0.0855085509,
        "r":0.2090209021,
        "f":0.1213669754
      },
      "dep":{
        "p":0.0,
        "r":0.0,
        "f":0.0
      },
      "obj":{
        "p":0.1848441926,
        "r":0.1595354523,
        "f":0.1712598425
      },
      "case":{
        "p":0.6653498871,
        "r":0.6854651163,
        "f":0.675257732
      },
      "obl":{
        "p":0.2992957746,
        "r":0.2001177163,
        "f":0.2398589065
      },
      "obl:arg":{
        "p":0.1108312343,
        "r":0.0729684909,
        "f":0.088
      },
      "discourse":{
        "p":0.2732240437,
        "r":0.1986754967,
        "f":0.2300613497
      },
      "nsubj:pass":{
        "p":0.0,
        "r":0.0,
        "f":0.0
      },
      "acl":{
        "p":0.0214285714,
        "r":0.0170777989,
        "f":0.0190073918
      },
      "xcomp":{
        "p":0.029342723,
        "r":0.0700280112,
        "f":0.041356493
      },
      "cc":{
        "p":0.4950657895,
        "r":0.3644067797,
        "f":0.419804742
      },
      "conj":{
        "p":0.0820895522,
        "r":0.0318379161,
        "f":0.0458811262
      },
      "advcl":{
        "p":0.0939393939,
        "r":0.0529461998,
        "f":0.067722556
      },
      "nummod":{
        "p":0.0,
        "r":0.0,
        "f":0.0
      },
      "det":{
        "p":0.1506493506,
        "r":0.0552907531,
        "f":0.0808926081
      },
      "appos":{
        "p":0.0170178282,
        "r":0.1288343558,
        "f":0.0300644238
      },
      "nsubj:outer":{
        "p":0.0,
        "r":0.0,
        "f":0.0
      },
      "mark":{
        "p":0.250728863,
        "r":0.1094147583,
        "f":0.1523472099
      },
      "vocative":{
        "p":0.0357142857,
        "r":0.0882352941,
        "f":0.0508474576
      },
      "aux":{
        "p":0.0,
        "r":0.0,
        "f":0.0
      },
      "obl:agent":{
        "p":0.0,
        "r":0.0,
        "f":0.0
      },
      "parataxis":{
        "p":0.0,
        "r":0.0,
        "f":0.0
      },
      "orphan":{
        "p":0.0017513135,
        "r":0.0092592593,
        "f":0.0029455081
      },
      "flat:name":{
        "p":0.0666666667,
        "r":0.1698113208,
        "f":0.0957446809
      },
      "advmod:neg":{
        "p":0.0,
        "r":0.0,
        "f":0.0
      },
      "aux:pass":{
        "p":0.0,
        "r":0.0,
        "f":0.0
      },
      "advcl:cmp":{
        "p":0.0,
        "r":0.0,
        "f":0.0
      },
      "dislocated":{
        "p":0.0,
        "r":0.0,
        "f":0.0
      },
      "fixed":{
        "p":0.0,
        "r":0.0,
        "f":0.0
      },
      "csubj":{
        "p":0.0,
        "r":0.0,
        "f":0.0
      },
      "advmod:tmod":{
        "p":0.0,
        "r":0.0,
        "f":0.0
      },
      "csubj:pass":{
        "p":0.0,
        "r":0.0,
        "f":0.0
      },
      "acl:relcl":{
        "p":0.0,
        "r":0.0,
        "f":0.0
      },
      "expl:pv":{
        "p":0.0,
        "r":0.0,
        "f":0.0
      },
      "advmod:emph":{
        "p":0.0,
        "r":0.0,
        "f":0.0
      },
      "flat:foreign":{
        "p":0.0,
        "r":0.0,
        "f":0.0
      },
      "advcl:abs":{
        "p":0.0,
        "r":0.0,
        "f":0.0
      },
      "advmod:lmod":{
        "p":0.0,
        "r":0.0,
        "f":0.0
      },
      "conj:expl":{
        "p":0.0,
        "r":0.0,
        "f":0.0
      }
    }
  },
  "trainable_lemmatizer":{
    "lemma_acc":0.3374089434
  },
  "tagger":{
    "tag_acc":0.1813219873
  },
  "morphologizer":{
    "pos_acc":0.4657999355,
    "morph_acc":0.2589393158,
    "morph_micro_p":0.4864923393,
    "morph_micro_r":0.377822315,
    "morph_micro_f":0.4253258023,
    "morph_per_feat":{
      "Case":{
        "p":0.2705764745,
        "r":0.2118076689,
        "f":0.2376121732
      },
      "Gender":{
        "p":0.4090603274,
        "r":0.3256270642,
        "f":0.3626062323
      },
      "Number":{
        "p":0.6225674948,
        "r":0.5248346518,
        "f":0.5695387538
      },
      "PronType":{
        "p":0.6059027778,
        "r":0.1427402863,
        "f":0.2310493214
      },
      "Person":{
        "p":0.5123042506,
        "r":0.4005597341,
        "f":0.449592618
      },
      "Mood":{
        "p":0.5267633817,
        "r":0.5316839182,
        "f":0.5292122126
      },
      "Tense":{
        "p":0.3796653797,
        "r":0.3339622642,
        "f":0.3553503313
      },
      "VerbForm":{
        "p":0.6572286572,
        "r":0.5537682993,
        "f":0.6010789603
      },
      "Voice":{
        "p":0.6518661519,
        "r":0.5640311804,
        "f":0.6047761194
      },
      "Polarity":{
        "p":0.6013986014,
        "r":0.2471264368,
        "f":0.350305499
      },
      "Degree":{
        "p":0.1005025126,
        "r":0.0297840655,
        "f":0.0459506031
      },
      "Strength":{
        "p":0.0,
        "r":0.0,
        "f":0.0
      },
      "Aspect":{
        "p":0.3232323232,
        "r":0.0134907251,
        "f":0.0259004452
      },
      "Reflex":{
        "p":0.0434782609,
        "r":0.0089686099,
        "f":0.0148698885
      },
      "Poss":{
        "p":0.0869565217,
        "r":0.0045351474,
        "f":0.0086206897
      },
      "NumType":{
        "p":0.0,
        "r":0.0,
        "f":0.0
      },
      "NumForm":{
        "p":0.0,
        "r":0.0,
        "f":0.0
      },
      "AdvType":{
        "p":0.0,
        "r":0.0,
        "f":0.0
      },
      "AdpType":{
        "p":0.0,
        "r":0.0,
        "f":0.0
      },
      "Number[psor]":{
        "p":0.0,
        "r":0.0,
        "f":0.0
      },
      "Person[psor]":{
        "p":0.0,
        "r":0.0,
        "f":0.0
      },
      "Typo":{
        "p":0.0,
        "r":0.0,
        "f":0.0
      },
      "Compound":{
        "p":0.0,
        "r":0.0,
        "f":0.0
      }
    }
  },
  "speed":3554.1882058512
}