{
  "tokenizer":{
    "token_acc":1.0,
    "token_p":0.997476277,
    "token_r":0.9991405026,
    "token_f":0.9983076962
  },
  "transformer":{

  },
  "parser":{
    "sents_p":0.0390613822,
    "sents_r":0.1206363235,
    "sents_f":0.0590142672,
    "dep_uas":0.3866939663,
    "dep_las":0.1955077187,
    "dep_las_per_type":{
      "discourse":{
        "p":0.1978021978,
        "r":0.1333333333,
        "f":0.1592920354
      },
      "case":{
        "p":0.8249733191,
        "r":0.4846394984,
        "f":0.6105845182
      },
      "root":{
        "p":0.2472472472,
        "r":0.7640300486,
        "f":0.3735955056
      },
      "nsubj":{
        "p":0.0889145497,
        "r":0.0540350877,
        "f":0.0672195548
      },
      "det":{
        "p":0.2182741117,
        "r":0.1689587426,
        "f":0.1904761905
      },
      "advmod":{
        "p":0.132423756,
        "r":0.1265337423,
        "f":0.1294117647
      },
      "obj":{
        "p":0.1872180451,
        "r":0.1650099404,
        "f":0.1754138781
      },
      "mark":{
        "p":0.0992366412,
        "r":0.0345744681,
        "f":0.0512820513
      },
      "advcl":{
        "p":0.0632911392,
        "r":0.0203665988,
        "f":0.030816641
      },
      "amod":{
        "p":0.0133333333,
        "r":0.0025740026,
        "f":0.0043149946
      },
      "obl":{
        "p":0.3402061856,
        "r":0.158002736,
        "f":0.2157870154
      },
      "vocative":{
        "p":0.0206185567,
        "r":0.012195122,
        "f":0.0153256705
      },
      "dep":{
        "p":0.0,
        "r":0.0,
        "f":0.0
      },
      "orphan":{
        "p":0.0093457944,
        "r":0.0336134454,
        "f":0.0146252285
      },
      "cc":{
        "p":0.4174573055,
        "r":0.1460823373,
        "f":0.2164289228
      },
      "conj":{
        "p":0.0955882353,
        "r":0.0237877402,
        "f":0.0380952381
      },
      "expl:pv":{
        "p":0.8,
        "r":0.0491803279,
        "f":0.0926640927
      },
      "obl:arg":{
        "p":0.0943396226,
        "r":0.016025641,
        "f":0.0273972603
      },
      "acl":{
        "p":0.0086206897,
        "r":0.0029154519,
        "f":0.0043572985
      },
      "appos":{
        "p":0.0032051282,
        "r":0.0050761421,
        "f":0.0039292731
      },
      "nmod":{
        "p":0.0384615385,
        "r":0.0815450644,
        "f":0.0522696011
      },
      "xcomp":{
        "p":0.025220681,
        "r":0.0632911392,
        "f":0.0360685302
      },
      "nsubj:pass":{
        "p":0.0,
        "r":0.0,
        "f":0.0
      },
      "dislocated":{
        "p":0.0,
        "r":0.0,
        "f":0.0
      },
      "cop":{
        "p":0.0,
        "r":0.0,
        "f":0.0
      },
      "flat:name":{
        "p":0.0,
        "r":0.0,
        "f":0.0
      },
      "nummod":{
        "p":0.0,
        "r":0.0,
        "f":0.0
      },
      "aux":{
        "p":0.0,
        "r":0.0,
        "f":0.0
      },
      "advcl:cmp":{
        "p":0.0,
        "r":0.0,
        "f":0.0
      },
      "ccomp":{
        "p":0.024691358,
        "r":0.0119760479,
        "f":0.0161290323
      },
      "parataxis":{
        "p":0.0,
        "r":0.0,
        "f":0.0
      },
      "obl:agent":{
        "p":0.0,
        "r":0.0,
        "f":0.0
      },
      "csubj":{
        "p":0.0,
        "r":0.0,
        "f":0.0
      },
      "nsubj:outer":{
        "p":0.0,
        "r":0.0,
        "f":0.0
      },
      "fixed":{
        "p":0.0,
        "r":0.0,
        "f":0.0
      },
      "csubj:pass":{
        "p":0.0,
        "r":0.0,
        "f":0.0
      },
      "aux:pass":{
        "p":0.0,
        "r":0.0,
        "f":0.0
      }
    }
  },
  "trainable_lemmatizer":{
    "lemma_acc":0.1988936321
  },
  "tagger":{
    "tag_acc":0.1703761716
  },
  "morphologizer":{
    "pos_acc":0.4408792319,
    "morph_acc":0.2441575503,
    "morph_micro_p":0.4165307232,
    "morph_micro_r":0.3187239945,
    "morph_micro_f":0.361122024,
    "morph_per_feat":{
      "Case":{
        "p":0.2618941752,
        "r":0.166040218,
        "f":0.2032319282
      },
      "Gender":{
        "p":0.3035205993,
        "r":0.2065660685,
        "f":0.245829036
      },
      "Number":{
        "p":0.628317757,
        "r":0.4924553179,
        "f":0.552151774
      },
      "Person":{
        "p":0.3337109198,
        "r":0.2724750277,
        "f":0.3
      },
      "PronType":{
        "p":0.4935064935,
        "r":0.0929853181,
        "f":0.15648593
      },
      "Mood":{
        "p":0.3716814159,
        "r":0.4867549669,
        "f":0.4215053763
      },
      "Tense":{
        "p":0.3695560254,
        "r":0.3743040685,
        "f":0.3719148936
      },
      "VerbForm":{
        "p":0.4350951374,
        "r":0.4397435897,
        "f":0.4374070138
      },
      "Voice":{
        "p":0.5797040169,
        "r":0.5871520343,
        "f":0.5834042553
      },
      "Poss":{
        "p":0.3396226415,
        "r":0.10546875,
        "f":0.1609538003
      },
      "Variant":{
        "p":0.0,
        "r":0.0,
        "f":0.0
      },
      "Degree":{
        "p":0.0998248687,
        "r":0.0439137134,
        "f":0.0609951846
      },
      "Reflex":{
        "p":0.4259259259,
        "r":0.0334302326,
        "f":0.0619946092
      },
      "Aspect":{
        "p":0.0743801653,
        "r":0.0129682997,
        "f":0.0220858896
      },
      "Strength":{
        "p":0.0,
        "r":0.0,
        "f":0.0
      },
      "Polarity":{
        "p":0.7783641161,
        "r":0.7283950617,
        "f":0.7525510204
      }
    }
  },
  "speed":2539.7601190053
}