{
  "tokenizer":{
    "token_acc":0.9996132525,
    "token_p":0.9992265051,
    "token_r":0.9990547798,
    "token_f":0.9991406351
  },
  "transformer":{

  },
  "parser":{
    "sents_p":0.0593345353,
    "sents_r":0.1727099237,
    "sents_f":0.088324997,
    "dep_uas":0.2629720302,
    "dep_las":0.1187252204,
    "dep_las_per_type":{
      "ccomp":{
        "p":0.0149253731,
        "r":0.0023201856,
        "f":0.0040160643
      },
      "nsubj":{
        "p":0.0808240887,
        "r":0.0275974026,
        "f":0.0411456232
      },
      "root":{
        "p":0.1681691526,
        "r":0.4895038168,
        "f":0.2503354886
      },
      "cop":{
        "p":0.0,
        "r":0.0,
        "f":0.0
      },
      "advmod":{
        "p":0.0291005291,
        "r":0.0149659864,
        "f":0.0197663971
      },
      "vocative":{
        "p":0.0046948357,
        "r":0.0147058824,
        "f":0.0071174377
      },
      "det":{
        "p":0.0504322767,
        "r":0.0333651096,
        "f":0.0401606426
      },
      "xcomp":{
        "p":0.0063593005,
        "r":0.0112044818,
        "f":0.0081135903
      },
      "case":{
        "p":0.6268343816,
        "r":0.5215116279,
        "f":0.5693430657
      },
      "nmod":{
        "p":0.0399429387,
        "r":0.0924092409,
        "f":0.0557768924
      },
      "obj":{
        "p":0.0656284761,
        "r":0.0360635697,
        "f":0.0465483235
      },
      "obl":{
        "p":0.1404494382,
        "r":0.0588581519,
        "f":0.0829531315
      },
      "discourse":{
        "p":0.3147208122,
        "r":0.0821192053,
        "f":0.1302521008
      },
      "nsubj:pass":{
        "p":0.0,
        "r":0.0,
        "f":0.0
      },
      "acl":{
        "p":0.0063694268,
        "r":0.0037950664,
        "f":0.0047562426
      },
      "cc":{
        "p":0.5660749507,
        "r":0.1737288136,
        "f":0.2658638258
      },
      "conj":{
        "p":0.0601265823,
        "r":0.013748191,
        "f":0.0223792697
      },
      "advcl":{
        "p":0.027027027,
        "r":0.0042698548,
        "f":0.0073746313
      },
      "orphan":{
        "p":0.0025167785,
        "r":0.0555555556,
        "f":0.0048154093
      },
      "appos":{
        "p":0.00578369,
        "r":0.0613496933,
        "f":0.0105708245
      },
      "dep":{
        "p":0.0,
        "r":0.0,
        "f":0.0
      },
      "obl:arg":{
        "p":0.0366300366,
        "r":0.0165837479,
        "f":0.0228310502
      },
      "nsubj:outer":{
        "p":0.0,
        "r":0.0,
        "f":0.0
      },
      "mark":{
        "p":0.1493775934,
        "r":0.0458015267,
        "f":0.0701071081
      },
      "amod":{
        "p":0.0147313692,
        "r":0.0261136713,
        "f":0.0188365651
      },
      "aux":{
        "p":0.0,
        "r":0.0,
        "f":0.0
      },
      "obl:agent":{
        "p":0.0,
        "r":0.0,
        "f":0.0
      },
      "parataxis":{
        "p":0.0,
        "r":0.0,
        "f":0.0
      },
      "flat:name":{
        "p":0.1052631579,
        "r":0.1132075472,
        "f":0.1090909091
      },
      "nummod":{
        "p":0.0,
        "r":0.0,
        "f":0.0
      },
      "advmod:neg":{
        "p":0.0,
        "r":0.0,
        "f":0.0
      },
      "aux:pass":{
        "p":0.0,
        "r":0.0,
        "f":0.0
      },
      "advcl:cmp":{
        "p":0.0,
        "r":0.0,
        "f":0.0
      },
      "dislocated":{
        "p":0.0,
        "r":0.0,
        "f":0.0
      },
      "fixed":{
        "p":0.0,
        "r":0.0,
        "f":0.0
      },
      "csubj":{
        "p":0.0,
        "r":0.0,
        "f":0.0
      },
      "advmod:tmod":{
        "p":0.0,
        "r":0.0,
        "f":0.0
      },
      "csubj:pass":{
        "p":0.0,
        "r":0.0,
        "f":0.0
      },
      "acl:relcl":{
        "p":0.0,
        "r":0.0,
        "f":0.0
      },
      "expl:pv":{
        "p":0.0,
        "r":0.0,
        "f":0.0
      },
      "advmod:emph":{
        "p":0.0,
        "r":0.0,
        "f":0.0
      },
      "flat:foreign":{
        "p":0.0,
        "r":0.0,
        "f":0.0
      },
      "advcl:abs":{
        "p":0.0,
        "r":0.0,
        "f":0.0
      },
      "advmod:lmod":{
        "p":0.0,
        "r":0.0,
        "f":0.0
      },
      "conj:expl":{
        "p":0.0,
        "r":0.0,
        "f":0.0
      }
    }
  },
  "trainable_lemmatizer":{
    "lemma_acc":0.3119668221
  },
  "tagger":{
    "tag_acc":0.1280271612
  },
  "morphologizer":{
    "pos_acc":0.3422800043,
    "morph_acc":0.198942754,
    "morph_micro_p":0.340529151,
    "morph_micro_r":0.2400947429,
    "morph_micro_f":0.2816255404,
    "morph_per_feat":{
      "Case":{
        "p":0.2151520806,
        "r":0.200504304,
        "f":0.2075700977
      },
      "Gender":{
        "p":0.328605426,
        "r":0.3081317504,
        "f":0.3180394325
      },
      "Number":{
        "p":0.5810942052,
        "r":0.4655686681,
        "f":0.5169558644
      },
      "PronType":{
        "p":0.5310015898,
        "r":0.136605317,
        "f":0.2173064411
      },
      "Person":{
        "p":0.2989690722,
        "r":0.1065244009,
        "f":0.1570802167
      },
      "Mood":{
        "p":0.2619047619,
        "r":0.1083059833,
        "f":0.1532416503
      },
      "Tense":{
        "p":0.2369758577,
        "r":0.140754717,
        "f":0.1766098485
      },
      "VerbForm":{
        "p":0.2398348158,
        "r":0.1364540033,
        "f":0.1739430941
      },
      "Voice":{
        "p":0.3811944091,
        "r":0.2227171492,
        "f":0.2811621368
      },
      "Polarity":{
        "p":0.0,
        "r":0.0,
        "f":0.0
      },
      "Strength":{
        "p":0.0,
        "r":0.0,
        "f":0.0
      },
      "Aspect":{
        "p":0.1968503937,
        "r":0.010539629,
        "f":0.0200080032
      },
      "Degree":{
        "p":0.0738688827,
        "r":0.059568131,
        "f":0.0659521847
      },
      "Reflex":{
        "p":0.0727272727,
        "r":0.0179372197,
        "f":0.0287769784
      },
      "Poss":{
        "p":0.3142857143,
        "r":0.0249433107,
        "f":0.0462184874
      },
      "NumType":{
        "p":0.0,
        "r":0.0,
        "f":0.0
      },
      "NumForm":{
        "p":0.0,
        "r":0.0,
        "f":0.0
      },
      "AdvType":{
        "p":0.0,
        "r":0.0,
        "f":0.0
      },
      "AdpType":{
        "p":0.0,
        "r":0.0,
        "f":0.0
      },
      "Number[psor]":{
        "p":0.0,
        "r":0.0,
        "f":0.0
      },
      "Person[psor]":{
        "p":0.0,
        "r":0.0,
        "f":0.0
      },
      "Typo":{
        "p":0.0,
        "r":0.0,
        "f":0.0
      },
      "Compound":{
        "p":0.0,
        "r":0.0,
        "f":0.0
      }
    }
  },
  "speed":3527.986106133
}