{
  "tokenizer":{
    "token_acc":0.9981644203,
    "token_p":0.9974335877,
    "token_r":0.9959947049,
    "token_f":0.996713627
  },
  "transformer":{

  },
  "parser":{
    "sents_p":0.0109325982,
    "sents_r":0.0421554252,
    "sents_f":0.0173624217,
    "dep_uas":0.3124392789,
    "dep_las":0.1236124854,
    "dep_las_per_type":{
      "root":{
        "p":0.146899114,
        "r":0.56504214,
        "f":0.2331770755
      },
      "nsubj":{
        "p":0.1104056437,
        "r":0.0524112525,
        "f":0.0710798229
      },
      "advmod":{
        "p":0.0606629143,
        "r":0.046701974,
        "f":0.0527747552
      },
      "mark":{
        "p":0.2729306488,
        "r":0.0390650016,
        "f":0.0683473389
      },
      "acl":{
        "p":0.0,
        "r":0.0,
        "f":0.0
      },
      "compound:prt":{
        "p":0.0,
        "r":0.0,
        "f":0.0
      },
      "obj":{
        "p":0.0941286114,
        "r":0.0714033227,
        "f":0.0812060302
      },
      "dep":{
        "p":0.000180538,
        "r":0.0047169811,
        "f":0.0003477656
      },
      "vocative":{
        "p":0.0,
        "r":0.0,
        "f":0.0
      },
      "case":{
        "p":0.4836301951,
        "r":0.5804153094,
        "f":0.5276209864
      },
      "obl":{
        "p":0.2693498452,
        "r":0.1523109244,
        "f":0.1945873406
      },
      "appos":{
        "p":0.0190223935,
        "r":0.1236306729,
        "f":0.0329716194
      },
      "cc":{
        "p":0.2826282628,
        "r":0.0894332099,
        "f":0.1358719169
      },
      "conj":{
        "p":0.0247933884,
        "r":0.008931525,
        "f":0.0131322957
      },
      "amod":{
        "p":0.0741885626,
        "r":0.0194963444,
        "f":0.0308780959
      },
      "nmod:poss":{
        "p":0.0,
        "r":0.0,
        "f":0.0
      },
      "nmod":{
        "p":0.000694565,
        "r":0.0449438202,
        "f":0.0013679891
      },
      "advcl":{
        "p":0.0090840273,
        "r":0.0103626943,
        "f":0.0096813231
      },
      "aux":{
        "p":0.0,
        "r":0.0,
        "f":0.0
      },
      "iobj":{
        "p":0.0,
        "r":0.0,
        "f":0.0
      },
      "det":{
        "p":0.1049868766,
        "r":0.1894238358,
        "f":0.135097101
      },
      "acl:relcl":{
        "p":0.0,
        "r":0.0,
        "f":0.0
      },
      "xcomp":{
        "p":0.0046100653,
        "r":0.029925187,
        "f":0.0079893475
      },
      "ccomp":{
        "p":0.0320512821,
        "r":0.0174581006,
        "f":0.0226039783
      },
      "obl:arg":{
        "p":0.0,
        "r":0.0,
        "f":0.0
      },
      "cop":{
        "p":0.0,
        "r":0.0,
        "f":0.0
      },
      "nummod":{
        "p":0.0095744681,
        "r":0.0459183673,
        "f":0.0158450704
      },
      "expl":{
        "p":0.0,
        "r":0.0,
        "f":0.0
      },
      "orphan":{
        "p":0.0,
        "r":0.0,
        "f":0.0
      },
      "parataxis":{
        "p":0.012195122,
        "r":0.0322580645,
        "f":0.017699115
      },
      "discourse":{
        "p":0.0029411765,
        "r":0.04,
        "f":0.0054794521
      },
      "flat:name":{
        "p":0.0322580645,
        "r":0.0048309179,
        "f":0.0084033613
      },
      "advcl:cmp":{
        "p":0.0,
        "r":0.0,
        "f":0.0
      },
      "fixed":{
        "p":0.0,
        "r":0.0,
        "f":0.0
      },
      "flat:foreign":{
        "p":0.0,
        "r":0.0,
        "f":0.0
      },
      "dislocated":{
        "p":0.0,
        "r":0.0,
        "f":0.0
      },
      "expl:pv":{
        "p":0.0,
        "r":0.0,
        "f":0.0
      },
      "obl:agent":{
        "p":0.0,
        "r":0.0,
        "f":0.0
      },
      "nsubj:pass":{
        "p":0.0,
        "r":0.0,
        "f":0.0
      }
    }
  },
  "trainable_lemmatizer":{
    "lemma_acc":0.3772853609
  },
  "tagger":{
    "tag_acc":0.0
  },
  "morphologizer":{
    "pos_acc":0.3267967189,
    "morph_acc":0.2807939139,
    "morph_micro_p":0.4479616549,
    "morph_micro_r":0.2907470233,
    "morph_micro_f":0.3526248481,
    "morph_per_feat":{
      "Mood":{
        "p":0.4806436196,
        "r":0.3830624683,
        "f":0.4263407052
      },
      "Number":{
        "p":0.6524444823,
        "r":0.4740623742,
        "f":0.5491300448
      },
      "Person":{
        "p":0.4033029118,
        "r":0.2887966805,
        "f":0.3365774043
      },
      "Tense":{
        "p":0.326408725,
        "r":0.3191975622,
        "f":0.3227628707
      },
      "VerbForm":{
        "p":0.486886523,
        "r":0.3551136364,
        "f":0.4106888621
      },
      "Voice":{
        "p":0.630745261,
        "r":0.4600378788,
        "f":0.5320337312
      },
      "Case":{
        "p":0.3424498109,
        "r":0.24100086,
        "f":0.2829054899
      },
      "Gender":{
        "p":0.3314369501,
        "r":0.2499668244,
        "f":0.284993822
      },
      "PronType":{
        "p":0.4685393258,
        "r":0.0452326717,
        "f":0.0825007419
      },
      "Definite":{
        "p":0.0,
        "r":0.0,
        "f":0.0
      },
      "Degree":{
        "p":0.1382488479,
        "r":0.0732217573,
        "f":0.095737406
      },
      "Strength":{
        "p":0.0,
        "r":0.0,
        "f":0.0
      },
      "Polarity":{
        "p":0.0,
        "r":0.0,
        "f":0.0
      },
      "Foreign":{
        "p":0.0,
        "r":0.0,
        "f":0.0
      },
      "NumType":{
        "p":0.0,
        "r":0.0,
        "f":0.0
      },
      "Poss":{
        "p":0.0,
        "r":0.0,
        "f":0.0
      },
      "Aspect":{
        "p":0.0,
        "r":0.0,
        "f":0.0
      },
      "Reflex":{
        "p":0.0,
        "r":0.0,
        "f":0.0
      }
    }
  },
  "speed":6547.2497526279
}