{
  "tokenizer":{
    "token_acc":1.0,
    "token_p":0.997476277,
    "token_r":0.9991405026,
    "token_f":0.9983076962
  },
  "transformer":{

  },
  "parser":{
    "sents_p":0.0463486931,
    "sents_r":0.1520106054,
    "sents_f":0.0710376871,
    "dep_uas":0.2713578,
    "dep_las":0.101109118,
    "dep_las_per_type":{
      "discourse":{
        "p":0.1927710843,
        "r":0.0711111111,
        "f":0.1038961039
      },
      "case":{
        "p":0.5167597765,
        "r":0.2319749216,
        "f":0.3202077023
      },
      "root":{
        "p":0.1726318622,
        "r":0.5669465312,
        "f":0.2646725116
      },
      "nsubj":{
        "p":0.0257142857,
        "r":0.0063157895,
        "f":0.0101408451
      },
      "det":{
        "p":0.0167173252,
        "r":0.010805501,
        "f":0.0131264916
      },
      "amod":{
        "p":0.0216400911,
        "r":0.0244530245,
        "f":0.0229607251
      },
      "conj":{
        "p":0.0246153846,
        "r":0.0073193047,
        "f":0.0112834979
      },
      "obj":{
        "p":0.040201005,
        "r":0.0106030484,
        "f":0.0167802832
      },
      "mark":{
        "p":0.0,
        "r":0.0,
        "f":0.0
      },
      "advcl":{
        "p":0.0208333333,
        "r":0.0030549898,
        "f":0.0053285968
      },
      "obl":{
        "p":0.1179775281,
        "r":0.0287277702,
        "f":0.0462046205
      },
      "orphan":{
        "p":0.0012004802,
        "r":0.025210084,
        "f":0.0022918258
      },
      "dep":{
        "p":0.0011204482,
        "r":0.0588235294,
        "f":0.0021990104
      },
      "acl":{
        "p":0.0,
        "r":0.0,
        "f":0.0
      },
      "nmod":{
        "p":0.0151515152,
        "r":0.0364806867,
        "f":0.0214105793
      },
      "cc":{
        "p":0.1993464052,
        "r":0.0810092961,
        "f":0.1152030217
      },
      "advmod":{
        "p":0.0471380471,
        "r":0.0214723926,
        "f":0.0295047418
      },
      "expl:pv":{
        "p":0.0,
        "r":0.0,
        "f":0.0
      },
      "obl:arg":{
        "p":0.0523255814,
        "r":0.0144230769,
        "f":0.0226130653
      },
      "nsubj:pass":{
        "p":0.0,
        "r":0.0,
        "f":0.0
      },
      "dislocated":{
        "p":0.0,
        "r":0.0,
        "f":0.0
      },
      "cop":{
        "p":0.0,
        "r":0.0,
        "f":0.0
      },
      "vocative":{
        "p":0.0,
        "r":0.0,
        "f":0.0
      },
      "flat:name":{
        "p":0.0,
        "r":0.0,
        "f":0.0
      },
      "appos":{
        "p":0.0069204152,
        "r":0.0203045685,
        "f":0.0103225806
      },
      "xcomp":{
        "p":0.0185676393,
        "r":0.0221518987,
        "f":0.0202020202
      },
      "aux":{
        "p":0.0,
        "r":0.0,
        "f":0.0
      },
      "advcl:cmp":{
        "p":0.0,
        "r":0.0,
        "f":0.0
      },
      "ccomp":{
        "p":0.0,
        "r":0.0,
        "f":0.0
      },
      "parataxis":{
        "p":0.0,
        "r":0.0,
        "f":0.0
      },
      "obl:agent":{
        "p":0.0,
        "r":0.0,
        "f":0.0
      },
      "csubj":{
        "p":0.0,
        "r":0.0,
        "f":0.0
      },
      "nsubj:outer":{
        "p":0.0,
        "r":0.0,
        "f":0.0
      },
      "nummod":{
        "p":0.0,
        "r":0.0,
        "f":0.0
      },
      "fixed":{
        "p":0.0,
        "r":0.0,
        "f":0.0
      },
      "csubj:pass":{
        "p":0.0,
        "r":0.0,
        "f":0.0
      },
      "aux:pass":{
        "p":0.0,
        "r":0.0,
        "f":0.0
      }
    }
  },
  "trainable_lemmatizer":{
    "lemma_acc":0.1994543801
  },
  "tagger":{
    "tag_acc":0.0969102898
  },
  "morphologizer":{
    "pos_acc":0.2273312953,
    "morph_acc":0.2001212856,
    "morph_micro_p":0.3180183078,
    "morph_micro_r":0.1675758977,
    "morph_micro_f":0.2194927485,
    "morph_per_feat":{
      "Case":{
        "p":0.2208706786,
        "r":0.1296748731,
        "f":0.163410302
      },
      "Gender":{
        "p":0.3033048146,
        "r":0.1843393148,
        "f":0.2293106728
      },
      "Number":{
        "p":0.6071565007,
        "r":0.3492528567,
        "f":0.4434317601
      },
      "Person":{
        "p":0.202020202,
        "r":0.0665926748,
        "f":0.1001669449
      },
      "PronType":{
        "p":0.5960591133,
        "r":0.0493474715,
        "f":0.0911487759
      },
      "Mood":{
        "p":0.2082038533,
        "r":0.1109271523,
        "f":0.1447396846
      },
      "Tense":{
        "p":0.1656946827,
        "r":0.1034261242,
        "f":0.1273566249
      },
      "VerbForm":{
        "p":0.166380789,
        "r":0.1036324786,
        "f":0.1277156024
      },
      "Voice":{
        "p":0.3273850377,
        "r":0.2042826552,
        "f":0.2515822785
      },
      "Variant":{
        "p":0.0,
        "r":0.0,
        "f":0.0
      },
      "Degree":{
        "p":0.0919931857,
        "r":0.0416024653,
        "f":0.0572944297
      },
      "Reflex":{
        "p":0.1904761905,
        "r":0.0058139535,
        "f":0.0112834979
      },
      "Strength":{
        "p":0.0,
        "r":0.0,
        "f":0.0
      },
      "Poss":{
        "p":0.25,
        "r":0.001953125,
        "f":0.003875969
      },
      "Polarity":{
        "p":0.5363636364,
        "r":0.2913580247,
        "f":0.3776
      },
      "Aspect":{
        "p":0.0789473684,
        "r":0.0021613833,
        "f":0.0042075736
      }
    }
  },
  "speed":2567.4152394434
}