{
  "tokenizer":{
    "token_acc":0.9987632593,
    "token_p":0.9895828378,
    "token_r":0.9929125403,
    "token_f":0.9912448929
  },
  "transformer":{

  },
  "parser":{
    "sents_p":0.0490544413,
    "sents_r":0.1380645161,
    "sents_f":0.0723890063,
    "dep_uas":0.3257048745,
    "dep_las":0.159310294,
    "dep_las_per_type":{
      "nsubj":{
        "p":0.0657276995,
        "r":0.0356104651,
        "f":0.0461937309
      },
      "case":{
        "p":0.2842809365,
        "r":0.2848101266,
        "f":0.2845452855
      },
      "obl":{
        "p":0.1542912247,
        "r":0.0594132937,
        "f":0.0857908847
      },
      "root":{
        "p":0.2042277532,
        "r":0.5796774194,
        "f":0.3020421884
      },
      "det":{
        "p":0.5555095278,
        "r":0.2900086505,
        "f":0.3810741688
      },
      "flat:name":{
        "p":0.125,
        "r":0.125,
        "f":0.125
      },
      "advcl":{
        "p":0.0714285714,
        "r":0.0205882353,
        "f":0.0319634703
      },
      "cop":{
        "p":0.0,
        "r":0.0,
        "f":0.0
      },
      "acl":{
        "p":0.0076408787,
        "r":0.0161290323,
        "f":0.0103694102
      },
      "xcomp":{
        "p":0.0302325581,
        "r":0.0671487603,
        "f":0.0416933932
      },
      "dep":{
        "p":0.0,
        "r":0.0,
        "f":0.0
      },
      "nmod":{
        "p":0.0702725724,
        "r":0.1082322073,
        "f":0.0852162686
      },
      "advmod":{
        "p":0.1377524599,
        "r":0.0657276995,
        "f":0.0889929742
      },
      "obj":{
        "p":0.1587071877,
        "r":0.1048438496,
        "f":0.1262713491
      },
      "cc":{
        "p":0.408434431,
        "r":0.2795571372,
        "f":0.3319248826
      },
      "conj":{
        "p":0.1372093023,
        "r":0.0841254753,
        "f":0.1043017089
      },
      "amod":{
        "p":0.0119331742,
        "r":0.0100200401,
        "f":0.0108932462
      },
      "appos":{
        "p":0.0044785669,
        "r":0.0286885246,
        "f":0.007747648
      },
      "nummod":{
        "p":0.0023148148,
        "r":0.0090909091,
        "f":0.0036900369
      },
      "mark":{
        "p":0.3063063063,
        "r":0.1008902077,
        "f":0.1517857143
      },
      "discourse":{
        "p":0.1694785276,
        "r":0.1785137318,
        "f":0.1738788356
      },
      "ccomp":{
        "p":0.0322580645,
        "r":0.0459183673,
        "f":0.0378947368
      },
      "obl:arg":{
        "p":0.1920903955,
        "r":0.1140939597,
        "f":0.1431578947
      },
      "nsubj:pass":{
        "p":0.0,
        "r":0.0,
        "f":0.0
      },
      "dislocated":{
        "p":0.0,
        "r":0.0,
        "f":0.0
      },
      "csubj":{
        "p":0.0,
        "r":0.0,
        "f":0.0
      },
      "orphan":{
        "p":0.0037902716,
        "r":0.0545454545,
        "f":0.0070880095
      },
      "iobj":{
        "p":0.0,
        "r":0.0,
        "f":0.0
      },
      "vocative":{
        "p":0.0203045685,
        "r":0.0225988701,
        "f":0.0213903743
      },
      "parataxis":{
        "p":0.0,
        "r":0.0,
        "f":0.0
      },
      "obl:agent":{
        "p":0.0,
        "r":0.0,
        "f":0.0
      },
      "expl:pv":{
        "p":0.0,
        "r":0.0,
        "f":0.0
      },
      "advcl:cmp":{
        "p":0.0,
        "r":0.0,
        "f":0.0
      },
      "fixed":{
        "p":0.0,
        "r":0.0,
        "f":0.0
      },
      "nsubj:outer":{
        "p":0.0,
        "r":0.0,
        "f":0.0
      },
      "csubj:pass":{
        "p":0.0,
        "r":0.0,
        "f":0.0
      },
      "aux:pass":{
        "p":0.0,
        "r":0.0,
        "f":0.0
      },
      "aux":{
        "p":0.0,
        "r":0.0,
        "f":0.0
      }
    }
  },
  "trainable_lemmatizer":{
    "lemma_acc":0.1374986591
  },
  "tagger":{
    "tag_acc":0.0887516836
  },
  "morphologizer":{
    "pos_acc":0.4117008976,
    "morph_acc":0.2522859766,
    "morph_micro_p":0.4322725776,
    "morph_micro_r":0.3293894343,
    "morph_micro_f":0.3738824244,
    "morph_per_feat":{
      "Case":{
        "p":0.3356024057,
        "r":0.2291206064,
        "f":0.2723226256
      },
      "Gender":{
        "p":0.3221262458,
        "r":0.2202034884,
        "f":0.2615874386
      },
      "Number":{
        "p":0.6046918602,
        "r":0.470625046,
        "f":0.5293009584
      },
      "Aspect":{
        "p":0.1820224719,
        "r":0.0266798419,
        "f":0.046538351
      },
      "Mood":{
        "p":0.4410640067,
        "r":0.5298581985,
        "f":0.4814008347
      },
      "Person":{
        "p":0.4177103286,
        "r":0.4320987654,
        "f":0.424782739
      },
      "Tense":{
        "p":0.4296100463,
        "r":0.3986751717,
        "f":0.4135649297
      },
      "VerbForm":{
        "p":0.4876404494,
        "r":0.4524159922,
        "f":0.4693682804
      },
      "Voice":{
        "p":0.4818241904,
        "r":0.447678703,
        "f":0.4641242758
      },
      "Definite":{
        "p":0.0,
        "r":0.0,
        "f":0.0
      },
      "PronType":{
        "p":0.3783783784,
        "r":0.0927350427,
        "f":0.1489617299
      },
      "Strength":{
        "p":0.0,
        "r":0.0,
        "f":0.0
      },
      "Degree":{
        "p":0.0576470588,
        "r":0.0381619938,
        "f":0.045923149
      },
      "Polarity":{
        "p":0.3781512605,
        "r":0.1147959184,
        "f":0.1761252446
      },
      "Poss":{
        "p":0.0,
        "r":0.0,
        "f":0.0
      },
      "Reflex":{
        "p":0.0344827586,
        "r":0.0120481928,
        "f":0.0178571429
      }
    }
  },
  "speed":4329.4207918193
}