{
  "tokenizer":{
    "token_acc":0.9987632593,
    "token_p":0.9895828378,
    "token_r":0.9929125403,
    "token_f":0.9912448929
  },
  "transformer":{

  },
  "parser":{
    "sents_p":0.0110374076,
    "sents_r":0.065483871,
    "sents_f":0.01889075,
    "dep_uas":0.1085387595,
    "dep_las":0.0466276669,
    "dep_las_per_type":{
      "nsubj":{
        "p":0.0067835366,
        "r":0.0323401163,
        "f":0.0112147177
      },
      "case":{
        "p":0.037037037,
        "r":0.0026061057,
        "f":0.0048695652
      },
      "obl":{
        "p":0.0588235294,
        "r":0.0003713331,
        "f":0.0007380074
      },
      "root":{
        "p":0.0945669715,
        "r":0.5670967742,
        "f":0.1621023513
      },
      "det":{
        "p":0.0,
        "r":0.0,
        "f":0.0
      },
      "flat:name":{
        "p":0.0,
        "r":0.0,
        "f":0.0
      },
      "advcl":{
        "p":0.0063694268,
        "r":0.0009803922,
        "f":0.0016992353
      },
      "cop":{
        "p":0.0,
        "r":0.0,
        "f":0.0
      },
      "acl":{
        "p":0.0024691358,
        "r":0.0040322581,
        "f":0.0030627871
      },
      "appos":{
        "p":0.0,
        "r":0.0,
        "f":0.0
      },
      "compound:smixut":{
        "p":0.0,
        "r":0.0,
        "f":0.0
      },
      "parataxis":{
        "p":0.0,
        "r":0.0,
        "f":0.0
      },
      "nmod":{
        "p":0.0,
        "r":0.0,
        "f":0.0
      },
      "advmod":{
        "p":0.012987013,
        "r":0.0004941932,
        "f":0.0009521542
      },
      "obj":{
        "p":0.0138740662,
        "r":0.0041427661,
        "f":0.0063803681
      },
      "cc":{
        "p":0.0,
        "r":0.0,
        "f":0.0
      },
      "conj":{
        "p":0.0175840979,
        "r":0.0109315589,
        "f":0.0134818288
      },
      "xcomp":{
        "p":0.0,
        "r":0.0,
        "f":0.0
      },
      "mark":{
        "p":0.0,
        "r":0.0,
        "f":0.0
      },
      "nsubj:pass":{
        "p":0.0,
        "r":0.0,
        "f":0.0
      },
      "dislocated":{
        "p":0.0,
        "r":0.0,
        "f":0.0
      },
      "csubj":{
        "p":0.0,
        "r":0.0,
        "f":0.0
      },
      "amod":{
        "p":0.0,
        "r":0.0,
        "f":0.0
      },
      "obl:arg":{
        "p":0.0,
        "r":0.0,
        "f":0.0
      },
      "ccomp":{
        "p":0.0,
        "r":0.0,
        "f":0.0
      },
      "discourse":{
        "p":0.0,
        "r":0.0,
        "f":0.0
      },
      "orphan":{
        "p":0.0,
        "r":0.0,
        "f":0.0
      },
      "dep":{
        "p":0.0,
        "r":0.0,
        "f":0.0
      },
      "iobj":{
        "p":0.0,
        "r":0.0,
        "f":0.0
      },
      "vocative":{
        "p":0.0,
        "r":0.0,
        "f":0.0
      },
      "obl:agent":{
        "p":0.0,
        "r":0.0,
        "f":0.0
      },
      "nummod":{
        "p":0.0,
        "r":0.0,
        "f":0.0
      },
      "fixed":{
        "p":0.0,
        "r":0.0,
        "f":0.0
      },
      "nsubj:outer":{
        "p":0.0,
        "r":0.0,
        "f":0.0
      },
      "advcl:cmp":{
        "p":0.0,
        "r":0.0,
        "f":0.0
      },
      "csubj:pass":{
        "p":0.0,
        "r":0.0,
        "f":0.0
      },
      "aux:pass":{
        "p":0.0,
        "r":0.0,
        "f":0.0
      },
      "aux":{
        "p":0.0,
        "r":0.0,
        "f":0.0
      }
    }
  },
  "trainable_lemmatizer":{
    "lemma_acc":0.2121598589
  },
  "tagger":{
    "tag_acc":0.0
  },
  "morphologizer":{
    "pos_acc":0.1420306107,
    "morph_acc":0.0150702244,
    "morph_micro_p":0.4249079558,
    "morph_micro_r":0.221950934,
    "morph_micro_f":0.2915897706,
    "morph_per_feat":{
      "Case":{
        "p":0.0,
        "r":0.0,
        "f":0.0
      },
      "Gender":{
        "p":0.4201905534,
        "r":0.4707485465,
        "f":0.4440350464
      },
      "Number":{
        "p":0.597018393,
        "r":0.5675476699,
        "f":0.5819101357
      },
      "Aspect":{
        "p":0.0332125604,
        "r":0.018115942,
        "f":0.0234441603
      },
      "Mood":{
        "p":0.0851267336,
        "r":0.0355502297,
        "f":0.0501549732
      },
      "Person":{
        "p":0.0770975057,
        "r":0.0259106843,
        "f":0.0387862195
      },
      "Tense":{
        "p":0.0,
        "r":0.0,
        "f":0.0
      },
      "VerbForm":{
        "p":0.1203492787,
        "r":0.038876625,
        "f":0.0587690026
      },
      "Voice":{
        "p":0.0,
        "r":0.0,
        "f":0.0
      },
      "Definite":{
        "p":0.0,
        "r":0.0,
        "f":0.0
      },
      "PronType":{
        "p":0.0659340659,
        "r":0.008974359,
        "f":0.0157983825
      },
      "HebBinyan":{
        "p":0.0,
        "r":0.0,
        "f":0.0
      },
      "Degree":{
        "p":0.0,
        "r":0.0,
        "f":0.0
      },
      "Polarity":{
        "p":0.0,
        "r":0.0,
        "f":0.0
      },
      "NumType":{
        "p":0.0,
        "r":0.0,
        "f":0.0
      },
      "Poss":{
        "p":0.0,
        "r":0.0,
        "f":0.0
      },
      "Reflex":{
        "p":0.0,
        "r":0.0,
        "f":0.0
      }
    }
  },
  "speed":4317.61885289
}