{
  "tokenizer":{
    "token_acc":0.3369041243,
    "token_p":0.3369041243,
    "token_r":0.1658755274,
    "token_f":0.2223007599
  },
  "transformer":{

  },
  "parser":{
    "sents_p":0.520361991,
    "sents_r":0.7278481013,
    "sents_f":0.6068601583,
    "dep_uas":0.0602898551,
    "dep_las":0.0483091787,
    "dep_las_per_type":{
      "cc":{
        "p":0.0,
        "r":0.0,
        "f":0.0
      },
      "root":{
        "p":0.2692307692,
        "r":0.0886075949,
        "f":0.1333333333
      },
      "nsubj":{
        "p":0.3921568627,
        "r":0.0735294118,
        "f":0.1238390093
      },
      "case":{
        "p":1.0,
        "r":0.0043763676,
        "f":0.0087145969
      },
      "obj":{
        "p":0.1818181818,
        "r":0.0109289617,
        "f":0.0206185567
      },
      "mark":{
        "p":0.8421052632,
        "r":0.1927710843,
        "f":0.3137254902
      },
      "advmod":{
        "p":0.6153846154,
        "r":0.131147541,
        "f":0.2162162162
      },
      "ccomp":{
        "p":0.125,
        "r":0.012987013,
        "f":0.0235294118
      },
      "obl":{
        "p":0.0,
        "r":0.0,
        "f":0.0
      },
      "det":{
        "p":0.0,
        "r":0.0,
        "f":0.0
      },
      "conj":{
        "p":0.5714285714,
        "r":0.0377358491,
        "f":0.0707964602
      },
      "dislocated":{
        "p":0.0,
        "r":0.0,
        "f":0.0
      },
      "nmod:poss":{
        "p":0.0,
        "r":0.0,
        "f":0.0
      },
      "discourse":{
        "p":0.5,
        "r":0.0476190476,
        "f":0.0869565217
      },
      "compound:smixut":{
        "p":0.5476190476,
        "r":0.1055045872,
        "f":0.1769230769
      },
      "parataxis":{
        "p":0.1875,
        "r":0.0555555556,
        "f":0.0857142857
      },
      "xcomp":{
        "p":0.0,
        "r":0.0,
        "f":0.0
      },
      "appos":{
        "p":0.5185185185,
        "r":0.1866666667,
        "f":0.2745098039
      },
      "nmod":{
        "p":0.0,
        "r":0.0,
        "f":0.0
      },
      "cop":{
        "p":0.5,
        "r":0.0357142857,
        "f":0.0666666667
      },
      "acl":{
        "p":0.0,
        "r":0.0,
        "f":0.0
      },
      "advcl":{
        "p":0.0,
        "r":0.0,
        "f":0.0
      },
      "nummod":{
        "p":0.875,
        "r":0.2121212121,
        "f":0.3414634146
      },
      "vocative":{
        "p":0.0,
        "r":0.0,
        "f":0.0
      },
      "amod":{
        "p":0.0,
        "r":0.0,
        "f":0.0
      },
      "csubj":{
        "p":0.0,
        "r":0.0,
        "f":0.0
      },
      "orphan":{
        "p":0.0,
        "r":0.0,
        "f":0.0
      },
      "flat":{
        "p":1.0,
        "r":0.1666666667,
        "f":0.2857142857
      },
      "flat:name":{
        "p":0.0,
        "r":0.0,
        "f":0.0
      },
      "dep":{
        "p":0.0,
        "r":0.0,
        "f":0.0
      }
    }
  },
  "trainable_lemmatizer":{
    "lemma_acc":0.1008821534
  },
  "tagger":{
    "tag_acc":0.1913594209
  },
  "speed":449.1470038989
}