{
  "tokenizer":{
    "token_acc":1.0,
    "token_p":0.9963401882,
    "token_r":0.998777079,
    "token_f":0.9975571453
  },
  "transformer":{

  },
  "parser":{
    "sents_p":0.0543554007,
    "sents_r":0.1444444444,
    "sents_f":0.0789873418,
    "dep_uas":0.2752357667,
    "dep_las":0.0680687669,
    "dep_las_per_type":{
      "cc":{
        "p":0.0,
        "r":0.0,
        "f":0.0
      },
      "xcomp":{
        "p":0.0163934426,
        "r":0.0046082949,
        "f":0.0071942446
      },
      "root":{
        "p":0.14375,
        "r":0.3833333333,
        "f":0.2090909091
      },
      "nsubj":{
        "p":0.0309278351,
        "r":0.0266075388,
        "f":0.0286054827
      },
      "nsubj:pass":{
        "p":0.0,
        "r":0.0,
        "f":0.0
      },
      "advmod":{
        "p":0.1711538462,
        "r":0.2458563536,
        "f":0.201814059
      },
      "acl":{
        "p":0.0,
        "r":0.0,
        "f":0.0
      },
      "case":{
        "p":0.0806451613,
        "r":0.0099403579,
        "f":0.017699115
      },
      "obl":{
        "p":0.0119047619,
        "r":0.0045454545,
        "f":0.0065789474
      },
      "orphan":{
        "p":0.0,
        "r":0.0,
        "f":0.0
      },
      "amod":{
        "p":0.0078740157,
        "r":0.0243902439,
        "f":0.0119047619
      },
      "conj":{
        "p":0.0491573034,
        "r":0.1026392962,
        "f":0.0664767331
      },
      "dep":{
        "p":0.0,
        "r":0.0,
        "f":0.0
      },
      "det":{
        "p":0.1229946524,
        "r":0.0493562232,
        "f":0.0704441041
      },
      "appos":{
        "p":0.0,
        "r":0.0,
        "f":0.0
      },
      "vocative":{
        "p":0.0,
        "r":0.0,
        "f":0.0
      },
      "obj":{
        "p":0.0245901639,
        "r":0.0082872928,
        "f":0.0123966942
      },
      "nmod":{
        "p":0.0057034221,
        "r":0.0123966942,
        "f":0.0078125
      },
      "advcl":{
        "p":0.0,
        "r":0.0,
        "f":0.0
      },
      "nummod":{
        "p":0.0,
        "r":0.0,
        "f":0.0
      },
      "mark":{
        "p":0.0625,
        "r":0.0098522167,
        "f":0.0170212766
      },
      "obl:arg":{
        "p":0.0,
        "r":0.0,
        "f":0.0
      },
      "discourse":{
        "p":0.0342857143,
        "r":0.0405405405,
        "f":0.0371517028
      },
      "ccomp":{
        "p":0.0,
        "r":0.0,
        "f":0.0
      },
      "flat":{
        "p":0.0,
        "r":0.0,
        "f":0.0
      },
      "cop":{
        "p":0.0,
        "r":0.0,
        "f":0.0
      },
      "iobj":{
        "p":0.0,
        "r":0.0,
        "f":0.0
      },
      "dislocated":{
        "p":0.0,
        "r":0.0,
        "f":0.0
      },
      "parataxis":{
        "p":0.0,
        "r":0.0,
        "f":0.0
      },
      "flat:name":{
        "p":0.0,
        "r":0.0,
        "f":0.0
      },
      "advcl:cmp":{
        "p":0.0,
        "r":0.0,
        "f":0.0
      },
      "expl:pv":{
        "p":0.0,
        "r":0.0,
        "f":0.0
      },
      "obl:agent":{
        "p":0.0,
        "r":0.0,
        "f":0.0
      },
      "csubj:pass":{
        "p":0.0,
        "r":0.0,
        "f":0.0
      },
      "nsubj:outer":{
        "p":0.0,
        "r":0.0,
        "f":0.0
      }
    }
  },
  "trainable_lemmatizer":{
    "lemma_acc":0.408761672
  },
  "tagger":{
    "tag_acc":0.0
  },
  "speed":1454.7087252375
}