{
  "tokenizer":{
    "token_acc":1.0,
    "token_p":0.997476277,
    "token_r":0.9991405026,
    "token_f":0.9983076962
  },
  "transformer":{

  },
  "parser":{
    "sents_p":0.1200298675,
    "sents_r":0.2841361025,
    "sents_f":0.1687664042,
    "dep_uas":0.2792672142,
    "dep_las":0.0591623301,
    "dep_las_per_type":{
      "discourse":{
        "p":0.1147540984,
        "r":0.0518518519,
        "f":0.0714285714
      },
      "case":{
        "p":0.0816326531,
        "r":0.005015674,
        "f":0.0094506793
      },
      "root":{
        "p":0.1787844892,
        "r":0.4237737517,
        "f":0.2514750229
      },
      "nsubj":{
        "p":0.0272108844,
        "r":0.0280701754,
        "f":0.0276338515
      },
      "det":{
        "p":0.0091012514,
        "r":0.0078585462,
        "f":0.0084343701
      },
      "nmod":{
        "p":0.0028571429,
        "r":0.0193133047,
        "f":0.0049778761
      },
      "obj":{
        "p":0.0248447205,
        "r":0.0079522863,
        "f":0.0120481928
      },
      "mark":{
        "p":0.0,
        "r":0.0,
        "f":0.0
      },
      "advcl":{
        "p":0.0322580645,
        "r":0.0010183299,
        "f":0.0019743337
      },
      "amod":{
        "p":0.0231111111,
        "r":0.0334620335,
        "f":0.0273396425
      },
      "obl":{
        "p":0.0204081633,
        "r":0.0041039672,
        "f":0.006833713
      },
      "conj":{
        "p":0.0193401593,
        "r":0.0466605672,
        "f":0.0273458445
      },
      "advmod":{
        "p":0.0105596621,
        "r":0.0076687117,
        "f":0.00888494
      },
      "dep":{
        "p":0.0,
        "r":0.0,
        "f":0.0
      },
      "cc":{
        "p":0.0054347826,
        "r":0.0006640106,
        "f":0.001183432
      },
      "expl:pv":{
        "p":0.0,
        "r":0.0,
        "f":0.0
      },
      "obl:arg":{
        "p":0.0,
        "r":0.0,
        "f":0.0
      },
      "acl":{
        "p":0.0057636888,
        "r":0.0116618076,
        "f":0.0077145612
      },
      "xcomp":{
        "p":0.0091743119,
        "r":0.003164557,
        "f":0.0047058824
      },
      "orphan":{
        "p":0.0,
        "r":0.0,
        "f":0.0
      },
      "nsubj:pass":{
        "p":0.0,
        "r":0.0,
        "f":0.0
      },
      "dislocated":{
        "p":0.0,
        "r":0.0,
        "f":0.0
      },
      "iobj":{
        "p":0.0,
        "r":0.0,
        "f":0.0
      },
      "cop":{
        "p":0.0,
        "r":0.0,
        "f":0.0
      },
      "vocative":{
        "p":0.0,
        "r":0.0,
        "f":0.0
      },
      "flat:name":{
        "p":0.0,
        "r":0.0,
        "f":0.0
      },
      "appos":{
        "p":0.0,
        "r":0.0,
        "f":0.0
      },
      "nummod":{
        "p":0.0,
        "r":0.0,
        "f":0.0
      },
      "aux":{
        "p":0.0,
        "r":0.0,
        "f":0.0
      },
      "advcl:cmp":{
        "p":0.0,
        "r":0.0,
        "f":0.0
      },
      "ccomp":{
        "p":0.0,
        "r":0.0,
        "f":0.0
      },
      "parataxis":{
        "p":0.0,
        "r":0.0,
        "f":0.0
      },
      "obl:agent":{
        "p":0.0,
        "r":0.0,
        "f":0.0
      },
      "csubj":{
        "p":0.0,
        "r":0.0,
        "f":0.0
      },
      "nsubj:outer":{
        "p":0.0,
        "r":0.0,
        "f":0.0
      },
      "flat":{
        "p":0.0,
        "r":0.0,
        "f":0.0
      },
      "fixed":{
        "p":0.0,
        "r":0.0,
        "f":0.0
      },
      "csubj:pass":{
        "p":0.0,
        "r":0.0,
        "f":0.0
      },
      "aux:pass":{
        "p":0.0,
        "r":0.0,
        "f":0.0
      }
    }
  },
  "trainable_lemmatizer":{
    "lemma_acc":0.2234571955
  },
  "tagger":{
    "tag_acc":0.0
  },
  "morphologizer":{
    "pos_acc":0.2043817755,
    "morph_acc":0.1461270274,
    "morph_micro_p":0.3352937699,
    "morph_micro_r":0.174834335,
    "morph_micro_f":0.2298280088,
    "morph_per_feat":{
      "Case":{
        "p":0.2001838423,
        "r":0.1841759068,
        "f":0.1918465228
      },
      "Gender":{
        "p":0.2524486572,
        "r":0.2443923328,
        "f":0.248355178
      },
      "Number":{
        "p":0.5994980946,
        "r":0.4724582479,
        "f":0.5284502888
      },
      "Person":{
        "p":0.2397119342,
        "r":0.043100259,
        "f":0.0730636563
      },
      "PronType":{
        "p":0.0,
        "r":0.0,
        "f":0.0
      },
      "Mood":{
        "p":0.1018518519,
        "r":0.032781457,
        "f":0.0495991984
      },
      "Tense":{
        "p":0.132278936,
        "r":0.0394004283,
        "f":0.0607160535
      },
      "VerbForm":{
        "p":0.0502283105,
        "r":0.0047008547,
        "f":0.0085971082
      },
      "Voice":{
        "p":0.0,
        "r":0.0,
        "f":0.0
      },
      "Variant":{
        "p":0.0,
        "r":0.0,
        "f":0.0
      },
      "Degree":{
        "p":0.0,
        "r":0.0,
        "f":0.0
      },
      "Reflex":{
        "p":0.0,
        "r":0.0,
        "f":0.0
      },
      "Poss":{
        "p":0.0,
        "r":0.0,
        "f":0.0
      },
      "Polarity":{
        "p":0.0,
        "r":0.0,
        "f":0.0
      },
      "Aspect":{
        "p":0.0,
        "r":0.0,
        "f":0.0
      }
    }
  },
  "speed":1297.9220279405
}