{
  "tokenizer":{
    "token_acc":0.9464403791,
    "token_p":0.9418117699,
    "token_r":0.8969353484,
    "token_f":0.9188259327
  },
  "transformer":{

  },
  "parser":{
    "sents_p":0.0343915344,
    "sents_r":0.1002570694,
    "sents_f":0.0512147078,
    "dep_uas":0.2238051471,
    "dep_las":0.0512349225,
    "dep_las_per_type":{
      "advmod":{
        "p":0.0490196078,
        "r":0.0204918033,
        "f":0.0289017341
      },
      "iobj":{
        "p":0.05,
        "r":0.0094339623,
        "f":0.0158730159
      },
      "root":{
        "p":0.1320072333,
        "r":0.3753213368,
        "f":0.1953177258
      },
      "nsubj":{
        "p":0.0729483283,
        "r":0.0633245383,
        "f":0.0677966102
      },
      "discourse":{
        "p":0.0,
        "r":0.0,
        "f":0.0
      },
      "cc:nc":{
        "p":0.0,
        "r":0.0,
        "f":0.0
      },
      "expl":{
        "p":0.0,
        "r":0.0,
        "f":0.0
      },
      "case":{
        "p":0.0,
        "r":0.0,
        "f":0.0
      },
      "obl":{
        "p":0.0094339623,
        "r":0.0034843206,
        "f":0.0050890585
      },
      "ccomp":{
        "p":0.0,
        "r":0.0,
        "f":0.0
      },
      "det":{
        "p":0.1032258065,
        "r":0.0476190476,
        "f":0.0651731161
      },
      "dep":{
        "p":0.0,
        "r":0.0,
        "f":0.0
      },
      "mark":{
        "p":0.0769230769,
        "r":0.0086580087,
        "f":0.0155642023
      },
      "aux":{
        "p":0.0,
        "r":0.0,
        "f":0.0
      },
      "acl":{
        "p":0.0,
        "r":0.0,
        "f":0.0
      },
      "flat":{
        "p":0.0095238095,
        "r":0.0277777778,
        "f":0.0141843972
      },
      "amod":{
        "p":0.0107142857,
        "r":0.0283018868,
        "f":0.0155440415
      },
      "conj":{
        "p":0.0193321617,
        "r":0.0820895522,
        "f":0.0312944523
      },
      "nmod":{
        "p":0.0,
        "r":0.0,
        "f":0.0
      },
      "xcomp":{
        "p":0.0,
        "r":0.0,
        "f":0.0
      },
      "advcl":{
        "p":0.0,
        "r":0.0,
        "f":0.0
      },
      "obj":{
        "p":0.062992126,
        "r":0.0218579235,
        "f":0.0324543611
      },
      "acl:relcl":{
        "p":0.0,
        "r":0.0,
        "f":0.0
      },
      "orphan":{
        "p":0.0,
        "r":0.0,
        "f":0.0
      },
      "cc":{
        "p":0.0,
        "r":0.0,
        "f":0.0
      },
      "appos":{
        "p":0.0,
        "r":0.0,
        "f":0.0
      },
      "nummod":{
        "p":0.0,
        "r":0.0,
        "f":0.0
      },
      "case:det":{
        "p":0.0,
        "r":0.0,
        "f":0.0
      },
      "cop":{
        "p":0.0,
        "r":0.0,
        "f":0.0
      },
      "dislocated":{
        "p":0.0,
        "r":0.0,
        "f":0.0
      },
      "obl:advmod":{
        "p":0.0,
        "r":0.0,
        "f":0.0
      },
      "aux:pass":{
        "p":0.0,
        "r":0.0,
        "f":0.0
      },
      "vocative":{
        "p":0.0,
        "r":0.0,
        "f":0.0
      },
      "parataxis":{
        "p":0.0,
        "r":0.0,
        "f":0.0
      },
      "csubj":{
        "p":0.0,
        "r":0.0,
        "f":0.0
      },
      "nsubj:obj":{
        "p":0.0,
        "r":0.0,
        "f":0.0
      }
    }
  },
  "trainable_lemmatizer":{
    "lemma_acc":0.3945683374
  },
  "tagger":{
    "tag_acc":0.0
  },
  "speed":1236.0437259474
}