{
  "tokenizer":{
    "token_acc":1.0,
    "token_p":0.9963401882,
    "token_r":0.998777079,
    "token_f":0.9975571453
  },
  "transformer":{

  },
  "parser":{
    "sents_p":0.0875576037,
    "sents_r":0.2111111111,
    "sents_f":0.1237785016,
    "dep_uas":0.2769821865,
    "dep_las":0.067201955,
    "dep_las_per_type":{
      "cc":{
        "p":0.0,
        "r":0.0,
        "f":0.0
      },
      "xcomp":{
        "p":0.0178571429,
        "r":0.0046082949,
        "f":0.0073260073
      },
      "root":{
        "p":0.1545524101,
        "r":0.3740740741,
        "f":0.2187330807
      },
      "nsubj":{
        "p":0.0262008734,
        "r":0.0266075388,
        "f":0.0264026403
      },
      "nsubj:pass":{
        "p":0.0,
        "r":0.0,
        "f":0.0
      },
      "advmod":{
        "p":0.1883239171,
        "r":0.2762430939,
        "f":0.2239641657
      },
      "acl":{
        "p":0.0,
        "r":0.0,
        "f":0.0
      },
      "case":{
        "p":0.2553191489,
        "r":0.0238568588,
        "f":0.0436363636
      },
      "obl":{
        "p":0.0153846154,
        "r":0.0068181818,
        "f":0.0094488189
      },
      "conj":{
        "p":0.0302648172,
        "r":0.0703812317,
        "f":0.0423280423
      },
      "dep":{
        "p":0.0,
        "r":0.0,
        "f":0.0
      },
      "det":{
        "p":0.0628571429,
        "r":0.0236051502,
        "f":0.0343213729
      },
      "amod":{
        "p":0.0063492063,
        "r":0.0243902439,
        "f":0.0100755668
      },
      "appos":{
        "p":0.0,
        "r":0.0,
        "f":0.0
      },
      "iobj":{
        "p":0.0,
        "r":0.0,
        "f":0.0
      },
      "obj":{
        "p":0.0212765957,
        "r":0.0055248619,
        "f":0.0087719298
      },
      "nmod":{
        "p":0.0152542373,
        "r":0.0371900826,
        "f":0.0216346154
      },
      "advcl":{
        "p":0.0,
        "r":0.0,
        "f":0.0
      },
      "nummod":{
        "p":0.0,
        "r":0.0,
        "f":0.0
      },
      "discourse":{
        "p":0.0560747664,
        "r":0.0405405405,
        "f":0.0470588235
      },
      "obl:arg":{
        "p":0.0,
        "r":0.0,
        "f":0.0
      },
      "mark":{
        "p":0.0526315789,
        "r":0.0049261084,
        "f":0.009009009
      },
      "orphan":{
        "p":0.0,
        "r":0.0,
        "f":0.0
      },
      "ccomp":{
        "p":0.0,
        "r":0.0,
        "f":0.0
      },
      "vocative":{
        "p":0.0,
        "r":0.0,
        "f":0.0
      },
      "dislocated":{
        "p":0.0,
        "r":0.0,
        "f":0.0
      },
      "parataxis":{
        "p":0.0,
        "r":0.0,
        "f":0.0
      },
      "cop":{
        "p":0.0,
        "r":0.0,
        "f":0.0
      },
      "flat:name":{
        "p":0.0,
        "r":0.0,
        "f":0.0
      },
      "advcl:cmp":{
        "p":0.0,
        "r":0.0,
        "f":0.0
      },
      "flat":{
        "p":0.0,
        "r":0.0,
        "f":0.0
      },
      "expl:pv":{
        "p":0.0,
        "r":0.0,
        "f":0.0
      },
      "csubj":{
        "p":0.0,
        "r":0.0,
        "f":0.0
      },
      "obl:agent":{
        "p":0.0,
        "r":0.0,
        "f":0.0
      },
      "csubj:pass":{
        "p":0.0,
        "r":0.0,
        "f":0.0
      },
      "nsubj:outer":{
        "p":0.0,
        "r":0.0,
        "f":0.0
      }
    }
  },
  "trainable_lemmatizer":{
    "lemma_acc":0.4089362073
  },
  "tagger":{
    "tag_acc":0.0
  },
  "morphologizer":{
    "pos_acc":0.2124279979,
    "morph_acc":0.1439664951,
    "morph_micro_p":0.3342888848,
    "morph_micro_r":0.2049435909,
    "morph_micro_f":0.254103258,
    "morph_per_feat":{
      "Case":{
        "p":0.1822748475,
        "r":0.1769418321,
        "f":0.1795687522
      },
      "Degree":{
        "p":0.0,
        "r":0.0,
        "f":0.0
      },
      "Gender":{
        "p":0.2830593281,
        "r":0.2794636556,
        "f":0.28125
      },
      "Number":{
        "p":0.6092837381,
        "r":0.5188481675,
        "f":0.5604411141
      },
      "Strength":{
        "p":0.0,
        "r":0.0,
        "f":0.0
      },
      "Mood":{
        "p":0.1330472103,
        "r":0.0653319283,
        "f":0.0876325088
      },
      "Person":{
        "p":0.2360515021,
        "r":0.0709677419,
        "f":0.1091269841
      },
      "Tense":{
        "p":0.192,
        "r":0.1111111111,
        "f":0.1407624633
      },
      "VerbForm":{
        "p":0.0582191781,
        "r":0.013117284,
        "f":0.0214105793
      },
      "Voice":{
        "p":0.0,
        "r":0.0,
        "f":0.0
      },
      "PronType":{
        "p":0.0,
        "r":0.0,
        "f":0.0
      },
      "Polarity":{
        "p":0.0,
        "r":0.0,
        "f":0.0
      },
      "Poss":{
        "p":0.0,
        "r":0.0,
        "f":0.0
      },
      "Aspect":{
        "p":0.0,
        "r":0.0,
        "f":0.0
      },
      "Reflex":{
        "p":0.0,
        "r":0.0,
        "f":0.0
      }
    }
  },
  "speed":1728.1489685084
}