{
  "tokenizer":{
    "token_acc":0.9996152111,
    "token_p":0.9922378791,
    "token_r":0.9963360691,
    "token_f":0.9942827512
  },
  "transformer":{

  },
  "parser":{
    "sents_p":0.0148690467,
    "sents_r":0.0522269353,
    "sents_f":0.0231478762,
    "dep_uas":0.1899840163,
    "dep_las":0.0270914965,
    "dep_las_per_type":{
      "root":{
        "p":0.0820274425,
        "r":0.2900318134,
        "f":0.127885908
      },
      "cc":{
        "p":0.0122699387,
        "r":0.001190122,
        "f":0.0021697857
      },
      "mark":{
        "p":0.0,
        "r":0.0,
        "f":0.0
      },
      "amod":{
        "p":0.0200054069,
        "r":0.0534296029,
        "f":0.0291109363
      },
      "nsubj:pass":{
        "p":0.0,
        "r":0.0,
        "f":0.0
      },
      "advmod:neg":{
        "p":0.0,
        "r":0.0,
        "f":0.0
      },
      "advcl":{
        "p":0.0,
        "r":0.0,
        "f":0.0
      },
      "case":{
        "p":0.1165919283,
        "r":0.0083587848,
        "f":0.01559922
      },
      "nsubj":{
        "p":0.0141696187,
        "r":0.0155856062,
        "f":0.0148439205
      },
      "obl":{
        "p":0.0102411629,
        "r":0.0062753036,
        "f":0.0077821012
      },
      "acl:relcl":{
        "p":0.0,
        "r":0.0,
        "f":0.0
      },
      "nmod":{
        "p":0.0154107168,
        "r":0.0245164193,
        "f":0.0189252539
      },
      "obj":{
        "p":0.0105785124,
        "r":0.0160320641,
        "f":0.0127464648
      },
      "advmod":{
        "p":0.013868824,
        "r":0.0214573089,
        "f":0.0168480168
      },
      "nummod":{
        "p":0.0,
        "r":0.0,
        "f":0.0
      },
      "acl":{
        "p":0.0079582193,
        "r":0.0238450075,
        "f":0.0119336192
      },
      "conj":{
        "p":0.0114751504,
        "r":0.0410183876,
        "f":0.0179333375
      },
      "vocative":{
        "p":0.0,
        "r":0.0,
        "f":0.0
      },
      "det":{
        "p":0.0232150679,
        "r":0.0127988409,
        "f":0.0165006227
      },
      "csubj:pass":{
        "p":0.0,
        "r":0.0,
        "f":0.0
      },
      "cop":{
        "p":0.0031347962,
        "r":0.0006035003,
        "f":0.0010121457
      },
      "dep":{
        "p":0.0,
        "r":0.0,
        "f":0.0
      },
      "advmod:lmod":{
        "p":0.0,
        "r":0.0,
        "f":0.0
      },
      "fixed":{
        "p":0.0,
        "r":0.0,
        "f":0.0
      },
      "obl:arg":{
        "p":0.0,
        "r":0.0,
        "f":0.0
      },
      "appos":{
        "p":0.0587628866,
        "r":0.06729634,
        "f":0.0627407815
      },
      "xcomp":{
        "p":0.0028409091,
        "r":0.0017636684,
        "f":0.0021762786
      },
      "ccomp:relcl":{
        "p":0.0,
        "r":0.0,
        "f":0.0
      },
      "orphan":{
        "p":0.0008992806,
        "r":0.0068493151,
        "f":0.0015898251
      },
      "discourse":{
        "p":0.0092081031,
        "r":0.0078740157,
        "f":0.0084889643
      },
      "csubj":{
        "p":0.0,
        "r":0.0,
        "f":0.0
      },
      "advmod:emph":{
        "p":0.0,
        "r":0.0,
        "f":0.0
      },
      "flat":{
        "p":0.003407155,
        "r":0.0133333333,
        "f":0.0054274084
      },
      "dislocated:obj":{
        "p":0.0,
        "r":0.0,
        "f":0.0
      },
      "compound":{
        "p":0.0,
        "r":0.0,
        "f":0.0
      },
      "ccomp:reported":{
        "p":0.0,
        "r":0.0,
        "f":0.0
      },
      "ccomp":{
        "p":0.0,
        "r":0.0,
        "f":0.0
      },
      "parataxis":{
        "p":0.0,
        "r":0.0,
        "f":0.0
      },
      "aux:pass":{
        "p":0.0,
        "r":0.0,
        "f":0.0
      },
      "csubj:relcl":{
        "p":0.0,
        "r":0.0,
        "f":0.0
      },
      "advcl:abs":{
        "p":0.0,
        "r":0.0,
        "f":0.0
      },
      "aux":{
        "p":0.0,
        "r":0.0,
        "f":0.0
      },
      "conj:expl":{
        "p":0.0,
        "r":0.0,
        "f":0.0
      },
      "advcl:cmp":{
        "p":0.0,
        "r":0.0,
        "f":0.0
      },
      "iobj":{
        "p":0.0,
        "r":0.0,
        "f":0.0
      },
      "advcl:pred":{
        "p":0.0,
        "r":0.0,
        "f":0.0
      },
      "obl:agent":{
        "p":0.0,
        "r":0.0,
        "f":0.0
      },
      "obl:lmod":{
        "p":0.0,
        "r":0.0,
        "f":0.0
      },
      "dislocated:nsubj":{
        "p":0.0,
        "r":0.0,
        "f":0.0
      },
      "advmod:tmod":{
        "p":0.0,
        "r":0.0,
        "f":0.0
      },
      "expl:pass":{
        "p":0.0,
        "r":0.0,
        "f":0.0
      },
      "reparandum":{
        "p":0.0,
        "r":0.0,
        "f":0.0
      },
      "advcl:relcl":{
        "p":0.0,
        "r":0.0,
        "f":0.0
      },
      "obl:tmod":{
        "p":0.0,
        "r":0.0,
        "f":0.0
      },
      "nsubj:outer":{
        "p":0.0,
        "r":0.0,
        "f":0.0
      },
      "flat:name":{
        "p":0.0,
        "r":0.0,
        "f":0.0
      },
      "obl:cmp":{
        "p":0.0,
        "r":0.0,
        "f":0.0
      },
      "cop:outer":{
        "p":0.0,
        "r":0.0,
        "f":0.0
      },
      "csubj:outer":{
        "p":0.0,
        "r":0.0,
        "f":0.0
      },
      "flat:foreign":{
        "p":0.0,
        "r":0.0,
        "f":0.0
      },
      "parataxis:reporting":{
        "p":0.0,
        "r":0.0,
        "f":0.0
      },
      "dislocated":{
        "p":0.0,
        "r":0.0,
        "f":0.0
      },
      "csubj:cleft":{
        "p":0.0,
        "r":0.0,
        "f":0.0
      },
      "csubj:reported":{
        "p":0.0,
        "r":0.0,
        "f":0.0
      },
      "dislocated:csubj":{
        "p":0.0,
        "r":0.0,
        "f":0.0
      }
    }
  },
  "trainable_lemmatizer":{
    "lemma_acc":0.4795696494
  },
  "tagger":{
    "tag_acc":0.0
  },
  "morphologizer":{
    "pos_acc":0.1770117697,
    "morph_acc":0.0897565518,
    "morph_micro_p":0.3169712366,
    "morph_micro_r":0.1814318481,
    "morph_micro_f":0.2307717549,
    "morph_per_feat":{
      "Case":{
        "p":0.1685306595,
        "r":0.1771587421,
        "f":0.1727370264
      },
      "Gender":{
        "p":0.2498235518,
        "r":0.2703425181,
        "f":0.2596783296
      },
      "InflClass":{
        "p":0.0,
        "r":0.0,
        "f":0.0
      },
      "Number":{
        "p":0.5826863054,
        "r":0.5309062706,
        "f":0.5555924491
      },
      "Polarity":{
        "p":0.0,
        "r":0.0,
        "f":0.0
      },
      "Aspect":{
        "p":0.0,
        "r":0.0,
        "f":0.0
      },
      "Mood":{
        "p":0.0841384863,
        "r":0.0338242434,
        "f":0.0482511832
      },
      "Person":{
        "p":0.1119162641,
        "r":0.0332814558,
        "f":0.0513057119
      },
      "Tense":{
        "p":0.0592034446,
        "r":0.0356044667,
        "f":0.0444669025
      },
      "VerbForm":{
        "p":0.0433566434,
        "r":0.0048799685,
        "f":0.0087725504
      },
      "Voice":{
        "p":0.1111111111,
        "r":0.0001046025,
        "f":0.0002090083
      },
      "PronType":{
        "p":0.0,
        "r":0.0,
        "f":0.0
      },
      "Reflex":{
        "p":0.0,
        "r":0.0,
        "f":0.0
      },
      "InflClass[nominal]":{
        "p":0.0,
        "r":0.0,
        "f":0.0
      },
      "AdvType":{
        "p":0.0,
        "r":0.0,
        "f":0.0
      },
      "Number[psor]":{
        "p":0.0,
        "r":0.0,
        "f":0.0
      },
      "Person[psor]":{
        "p":0.0,
        "r":0.0,
        "f":0.0
      },
      "Poss":{
        "p":0.0,
        "r":0.0,
        "f":0.0
      },
      "NumType":{
        "p":0.0,
        "r":0.0,
        "f":0.0
      },
      "Compound":{
        "p":0.0,
        "r":0.0,
        "f":0.0
      },
      "Degree":{
        "p":0.0,