{
  "tokenizer":{
    "token_acc":1.0,
    "token_p":1.0,
    "token_r":1.0,
    "token_f":1.0
  },
  "transformer":{

  },
  "parser":{
    "sents_p":0.5018115942,
    "sents_r":0.6925,
    "sents_f":0.5819327731,
    "dep_uas":0.641260535,
    "dep_las":0.5342616343,
    "dep_las_per_type":{
      "obl":{
        "p":0.5603448276,
        "r":0.3571428571,
        "f":0.4362416107
      },
      "vocative":{
        "p":0.4285714286,
        "r":0.3157894737,
        "f":0.3636363636
      },
      "advmod":{
        "p":0.6355140187,
        "r":0.7083333333,
        "f":0.6699507389
      },
      "case":{
        "p":0.5,
        "r":0.2926829268,
        "f":0.3692307692
      },
      "acl":{
        "p":0.2716049383,
        "r":0.1896551724,
        "f":0.2233502538
      },
      "conj":{
        "p":0.3185185185,
        "r":0.2443181818,
        "f":0.2765273312
      },
      "amod":{
        "p":0.40625,
        "r":0.4,
        "f":0.4031007752
      },
      "obj":{
        "p":0.6108108108,
        "r":0.5207373272,
        "f":0.5621890547
      },
      "root":{
        "p":0.6105072464,
        "r":0.8425,
        "f":0.7079831933
      },
      "nsubj":{
        "p":0.4561403509,
        "r":0.5705329154,
        "f":0.5069637883
      },
      "nmod":{
        "p":0.4904458599,
        "r":0.4935897436,
        "f":0.4920127796
      },
      "orphan":{
        "p":0.7142857143,
        "r":0.2083333333,
        "f":0.3225806452
      },
      "dep":{
        "p":0.0,
        "r":0.0,
        "f":0.0
      },
      "iobj":{
        "p":0.5849056604,
        "r":0.4366197183,
        "f":0.5
      },
      "xcomp":{
        "p":0.6666666667,
        "r":0.5384615385,
        "f":0.5957446809
      },
      "discourse":{
        "p":0.5,
        "r":0.4615384615,
        "f":0.48
      },
      "det":{
        "p":0.4782608696,
        "r":0.4230769231,
        "f":0.4489795918
      },
      "cc":{
        "p":0.8307692308,
        "r":0.84375,
        "f":0.8372093023
      },
      "advcl":{
        "p":0.4492753623,
        "r":0.3780487805,
        "f":0.4105960265
      },
      "appos":{
        "p":0.7142857143,
        "r":0.625,
        "f":0.6666666667
      },
      "ccomp":{
        "p":0.5384615385,
        "r":0.358974359,
        "f":0.4307692308
      },
      "mark":{
        "p":0.6923076923,
        "r":0.65625,
        "f":0.6737967914
      },
      "cop":{
        "p":0.6875,
        "r":0.6666666667,
        "f":0.6769230769
      },
      "aux":{
        "p":0.0,
        "r":0.0,
        "f":0.0
      },
      "parataxis":{
        "p":0.5714285714,
        "r":0.2105263158,
        "f":0.3076923077
      },
      "nummod":{
        "p":0.6551724138,
        "r":0.7037037037,
        "f":0.6785714286
      },
      "flat":{
        "p":0.5833333333,
        "r":0.3333333333,
        "f":0.4242424242
      },
      "compound":{
        "p":0.0,
        "r":0.0,
        "f":0.0
      },
      "fixed":{
        "p":0.0,
        "r":0.0,
        "f":0.0
      },
      "csubj":{
        "p":0.3333333333,
        "r":0.2857142857,
        "f":0.3076923077
      }
    }
  },
  "trainable_lemmatizer":{
    "lemma_acc":0.7577867351
  },
  "tagger":{
    "tag_acc":0.7152803225
  },
  "morphologizer":{
    "pos_acc":0.8380359106,
    "morph_acc":0.7325027483,
    "morph_micro_p":0.8069120962,
    "morph_micro_r":0.7853173443,
    "morph_micro_f":0.7959682798,
    "morph_per_feat":{
      "Case":{
        "p":0.7427184466,
        "r":0.7486238532,
        "f":0.7456594578
      },
      "Number":{
        "p":0.8820638821,
        "r":0.870514064,
        "f":0.8762509153
      },
      "Gender":{
        "p":0.7811131957,
        "r":0.7835633626,
        "f":0.7823363608
      },
      "Tense":{
        "p":0.8033472803,
        "r":0.7071823204,
        "f":0.7522037218
      },
      "VerbForm":{
        "p":0.6574074074,
        "r":0.5182481752,
        "f":0.5795918367
      },
      "Mood":{
        "p":0.8294573643,
        "r":0.7517564403,
        "f":0.7886977887
      },
      "Person":{
        "p":0.819121447,
        "r":0.7423887588,
        "f":0.7788697789
      },
      "Voice":{
        "p":0.6923076923,
        "r":0.6923076923,
        "f":0.6923076923
      }
    }
  },
  "speed":977.8152593186
}