{
  "tokenizer":{
    "token_acc":0.9981644203,
    "token_p":0.9974335877,
    "token_r":0.9959947049,
    "token_f":0.996713627
  },
  "transformer":{

  },
  "parser":{
    "sents_p":0.0077382454,
    "sents_r":0.0337243402,
    "sents_f":0.0125880824,
    "dep_uas":0.1637430057,
    "dep_las":0.0162630878,
    "dep_las_per_type":{
      "root":{
        "p":0.0473945618,
        "r":0.206302675,
        "f":0.0770810515
      },
      "nsubj":{
        "p":0.0073349633,
        "r":0.0075351641,
        "f":0.007433716
      },
      "advmod":{
        "p":0.0109689214,
        "r":0.0057775638,
        "f":0.0075685904
      },
      "mark":{
        "p":0.0136986301,
        "r":0.0003202049,
        "f":0.0006257822
      },
      "acl":{
        "p":0.0003841721,
        "r":0.0013003901,
        "f":0.0005931198
      },
      "compound:prt":{
        "p":0.0,
        "r":0.0,
        "f":0.0
      },
      "obj":{
        "p":0.0020818876,
        "r":0.0010604454,
        "f":0.0014051522
      },
      "ccomp":{
        "p":0.0,
        "r":0.0,
        "f":0.0
      },
      "discourse":{
        "p":0.0,
        "r":0.0,
        "f":0.0
      },
      "cc":{
        "p":0.0026595745,
        "r":0.0002848191,
        "f":0.0005145356
      },
      "conj":{
        "p":0.0072017354,
        "r":0.0274561694,
        "f":0.0114105032
      },
      "case":{
        "p":0.1543942993,
        "r":0.013232899,
        "f":0.0243765235
      },
      "amod":{
        "p":0.01906503,
        "r":0.0296506905,
        "f":0.0232077571
      },
      "obl":{
        "p":0.0067895247,
        "r":0.0012254902,
        "f":0.0020762272
      },
      "nmod:poss":{
        "p":0.0,
        "r":0.0,
        "f":0.0
      },
      "det":{
        "p":0.0137231504,
        "r":0.0181531176,
        "f":0.0156303092
      },
      "nmod":{
        "p":0.0005434783,
        "r":0.0337078652,
        "f":0.0010697094
      },
      "xcomp":{
        "p":0.0014347202,
        "r":0.0024937656,
        "f":0.0018214936
      },
      "dep":{
        "p":0.0010441138,
        "r":0.0188679245,
        "f":0.0019787287
      },
      "aux":{
        "p":0.0,
        "r":0.0,
        "f":0.0
      },
      "advcl":{
        "p":0.0,
        "r":0.0,
        "f":0.0
      },
      "iobj":{
        "p":0.0,
        "r":0.0,
        "f":0.0
      },
      "acl:relcl":{
        "p":0.0,
        "r":0.0,
        "f":0.0
      },
      "nummod":{
        "p":0.0016542597,
        "r":0.0102040816,
        "f":0.0028469751
      },
      "vocative":{
        "p":0.0016447368,
        "r":0.0081967213,
        "f":0.002739726
      },
      "cop":{
        "p":0.0128205128,
        "r":0.0006031363,
        "f":0.0011520737
      },
      "orphan":{
        "p":0.0,
        "r":0.0,
        "f":0.0
      },
      "expl":{
        "p":0.0,
        "r":0.0,
        "f":0.0
      },
      "appos":{
        "p":0.0038022814,
        "r":0.0046948357,
        "f":0.0042016807
      },
      "flat":{
        "p":0.0,
        "r":0.0,
        "f":0.0
      },
      "parataxis":{
        "p":0.0,
        "r":0.0,
        "f":0.0
      },
      "flat:name":{
        "p":0.0,
        "r":0.0,
        "f":0.0
      },
      "fixed":{
        "p":0.0,
        "r":0.0,
        "f":0.0
      },
      "csubj":{
        "p":0.0,
        "r":0.0,
        "f":0.0
      },
      "flat:foreign":{
        "p":0.0,
        "r":0.0,
        "f":0.0
      },
      "dislocated":{
        "p":0.0,
        "r":0.0,
        "f":0.0
      }
    }
  },
  "trainable_lemmatizer":{
    "lemma_acc":0.5156097271
  },
  "tagger":{
    "tag_acc":0.0079048024
  },
  "speed":4090.694148462
}