{
  "tokenizer":{
    "token_acc":0.9996132525,
    "token_p":0.9992265051,
    "token_r":0.9990547798,
    "token_f":0.9991406351
  },
  "transformer":{

  },
  "parser":{
    "sents_p":0.0984652183,
    "sents_r":0.2356870229,
    "sents_f":0.1389006045,
    "dep_uas":0.2469344426,
    "dep_las":0.0518220027,
    "dep_las_per_type":{
      "ccomp":{
        "p":0.0,
        "r":0.0,
        "f":0.0
      },
      "nsubj":{
        "p":0.0465507572,
        "r":0.0449134199,
        "f":0.0457174332
      },
      "root":{
        "p":0.1750049831,
        "r":0.4188931298,
        "f":0.2468719246
      },
      "cop":{
        "p":0.0357142857,
        "r":0.0039138943,
        "f":0.0070546737
      },
      "advmod":{
        "p":0.0173501577,
        "r":0.0149659864,
        "f":0.0160701242
      },
      "vocative":{
        "p":0.0,
        "r":0.0,
        "f":0.0
      },
      "nmod":{
        "p":0.0060549604,
        "r":0.0143014301,
        "f":0.0085078534
      },
      "orphan":{
        "p":0.0,
        "r":0.0,
        "f":0.0
      },
      "conj":{
        "p":0.0207373272,
        "r":0.0455861071,
        "f":0.0285067873
      },
      "obj":{
        "p":0.0327380952,
        "r":0.0201711491,
        "f":0.0249621785
      },
      "xcomp":{
        "p":0.0055865922,
        "r":0.0028011204,
        "f":0.0037313433
      },
      "case":{
        "p":0.0930232558,
        "r":0.0046511628,
        "f":0.0088593577
      },
      "obl":{
        "p":0.0219665272,
        "r":0.0123602119,
        "f":0.015819209
      },
      "discourse":{
        "p":0.0629213483,
        "r":0.0370860927,
        "f":0.0466666667
      },
      "nsubj:pass":{
        "p":0.0,
        "r":0.0,
        "f":0.0
      },
      "acl":{
        "p":0.0029097963,
        "r":0.0056925996,
        "f":0.0038510911
      },
      "cc":{
        "p":0.0128205128,
        "r":0.0006053269,
        "f":0.0011560694
      },
      "advcl":{
        "p":0.0108695652,
        "r":0.000853971,
        "f":0.0015835313
      },
      "amod":{
        "p":0.0144206862,
        "r":0.044546851,
        "f":0.0217881292
      },
      "det":{
        "p":0.0118577075,
        "r":0.0085795996,
        "f":0.0099557522
      },
      "dep":{
        "p":0.0,
        "r":0.0,
        "f":0.0
      },
      "nsubj:outer":{
        "p":0.0,
        "r":0.0,
        "f":0.0
      },
      "mark":{
        "p":0.0,
        "r":0.0,
        "f":0.0
      },
      "aux":{
        "p":0.0,
        "r":0.0,
        "f":0.0
      },
      "obl:agent":{
        "p":0.0,
        "r":0.0,
        "f":0.0
      },
      "parataxis":{
        "p":0.0,
        "r":0.0,
        "f":0.0
      },
      "flat":{
        "p":0.0,
        "r":0.0,
        "f":0.0
      },
      "obl:arg":{
        "p":0.0,
        "r":0.0,
        "f":0.0
      },
      "advmod:neg":{
        "p":0.0,
        "r":0.0,
        "f":0.0
      },
      "nummod":{
        "p":0.0069444444,
        "r":0.0098039216,
        "f":0.0081300813
      },
      "appos":{
        "p":0.0,
        "r":0.0,
        "f":0.0
      },
      "aux:pass":{
        "p":0.0,
        "r":0.0,
        "f":0.0
      },
      "advcl:cmp":{
        "p":0.0,
        "r":0.0,
        "f":0.0
      },
      "dislocated":{
        "p":0.0,
        "r":0.0,
        "f":0.0
      },
      "fixed":{
        "p":0.0,
        "r":0.0,
        "f":0.0
      },
      "csubj":{
        "p":0.0,
        "r":0.0,
        "f":0.0
      },
      "advmod:tmod":{
        "p":0.0,
        "r":0.0,
        "f":0.0
      },
      "csubj:pass":{
        "p":0.0,
        "r":0.0,
        "f":0.0
      },
      "acl:relcl":{
        "p":0.0,
        "r":0.0,
        "f":0.0
      },
      "flat:name":{
        "p":0.0,
        "r":0.0,
        "f":0.0
      },
      "iobj":{
        "p":0.0,
        "r":0.0,
        "f":0.0
      },
      "advmod:emph":{
        "p":0.0,
        "r":0.0,
        "f":0.0
      },
      "flat:foreign":{
        "p":0.0,
        "r":0.0,
        "f":0.0
      },
      "advcl:abs":{
        "p":0.0,
        "r":0.0,
        "f":0.0
      },
      "advmod:lmod":{
        "p":0.0,
        "r":0.0,
        "f":0.0
      },
      "conj:expl":{
        "p":0.0,
        "r":0.0,
        "f":0.0
      }
    }
  },
  "trainable_lemmatizer":{
    "lemma_acc":0.3705008918
  },
  "tagger":{
    "tag_acc":0.0
  },
  "morphologizer":{
    "pos_acc":0.2090944256,
    "morph_acc":0.0844059566,
    "morph_micro_p":0.3111827709,
    "morph_micro_r":0.1893456294,
    "morph_micro_f":0.235435582,
    "morph_per_feat":{
      "Case":{
        "p":0.1647977407,
        "r":0.1725067385,
        "f":0.1685641461
      },
      "Gender":{
        "p":0.2408139242,
        "r":0.2556458092,
        "f":0.2480083131
      },
      "Number":{
        "p":0.5661542987,
        "r":0.4991570484,
        "f":0.5305489507
      },
      "PronType":{
        "p":0.0,
        "r":0.0,
        "f":0.0
      },
      "Person":{
        "p":0.2240051348,
        "r":0.0610460031,
        "f":0.0959450172
      },
      "Mood":{
        "p":0.1399229782,
        "r":0.0550366069,
        "f":0.0789998188
      },
      "Tense":{
        "p":0.1644028103,
        "r":0.0662264151,
        "f":0.0944182919
      },
      "VerbForm":{
        "p":0.0722311396,
        "r":0.0081330201,
        "f":0.014619883
      },
      "Voice":{
        "p":0.0833333333,
        "r":0.0001855976,
        "f":0.0003703704
      },
      "Polarity":{
        "p":0.0,
        "r":0.0,
        "f":0.0
      },
      "Aspect":{
        "p":0.0,
        "r":0.0,
        "f":0.0
      },
      "Degree":{
        "p":0.0,
        "r":0.0,
        "f":0.0
      },
      "Reflex":{
        "p":0.0,
        "r":0.0,
        "f":0.0
      },
      "Poss":{
        "p":0.0,
        "r":0.0,
        "f":0.0
      },
      "NumType":{
        "p":0.0,
        "r":0.0,
        "f":0.0
      },
      "NumForm":{
        "p":0.0,
        "r":0.0,
        "f":0.0
      },
      "AdvType":{
        "p":0.0,
        "r":0.0,
        "f":0.0
      },
      "AdpType":{
        "p":0.0,
        "r":0.0,
        "f":0.0
      },
      "Number[psor]":{
        "p":0.0,
        "r":0.0,
        "f":0.0
      },
      "Person[psor]":{
        "p":0.0,
        "r":0.0,
        "f":0.0
      },
      "Typo":{
        "p":0.0,
        "r":0.0,
        "f":0.0
      },
      "Compound":{
        "p":0.0,
        "r":0.0,
        "f":0.0
      }
    }
  },
  "speed":3550.2186174234
}