{
  "tokenizer":{
    "token_acc":0.9996132525,
    "token_p":0.9992265051,
    "token_r":0.9990547798,
    "token_f":0.9991406351
  },
  "transformer":{

  },
  "parser":{
    "sents_p":0.0513853904,
    "sents_r":0.1459923664,
    "sents_f":0.0760154018,
    "dep_uas":0.2517061334,
    "dep_las":0.0561561627,
    "dep_las_per_type":{
      "ccomp":{
        "p":0.0,
        "r":0.0,
        "f":0.0
      },
      "nsubj":{
        "p":0.040253019,
        "r":0.0378787879,
        "f":0.0390298299
      },
      "root":{
        "p":0.1671982542,
        "r":0.4751908397,
        "f":0.2473612318
      },
      "cop":{
        "p":0.037037037,
        "r":0.0039138943,
        "f":0.007079646
      },
      "advmod":{
        "p":0.0134770889,
        "r":0.0102040816,
        "f":0.0116144019
      },
      "vocative":{
        "p":0.0,
        "r":0.0,
        "f":0.0
      },
      "nmod":{
        "p":0.0142789148,
        "r":0.0330033003,
        "f":0.0199335548
      },
      "orphan":{
        "p":0.0,
        "r":0.0,
        "f":0.0
      },
      "conj":{
        "p":0.0161734343,
        "r":0.0340086831,
        "f":0.0219216418
      },
      "obj":{
        "p":0.0379609544,
        "r":0.021393643,
        "f":0.027365129
      },
      "xcomp":{
        "p":0.0033557047,
        "r":0.0028011204,
        "f":0.0030534351
      },
      "case":{
        "p":0.0650406504,
        "r":0.0046511628,
        "f":0.0086814976
      },
      "obl":{
        "p":0.0328407225,
        "r":0.0117716304,
        "f":0.0173310225
      },
      "discourse":{
        "p":0.0417391304,
        "r":0.0317880795,
        "f":0.0360902256
      },
      "nsubj:pass":{
        "p":0.0,
        "r":0.0,
        "f":0.0
      },
      "acl":{
        "p":0.0054406964,
        "r":0.009487666,
        "f":0.0069156293
      },
      "cc":{
        "p":0.0,
        "r":0.0,
        "f":0.0
      },
      "advcl":{
        "p":0.0227272727,
        "r":0.0025619129,
        "f":0.0046047583
      },
      "det":{
        "p":0.0137111517,
        "r":0.0142993327,
        "f":0.0139990667
      },
      "dep":{
        "p":0.0,
        "r":0.0,
        "f":0.0
      },
      "nummod":{
        "p":0.0109489051,
        "r":0.0294117647,
        "f":0.0159574468
      },
      "nsubj:outer":{
        "p":0.0,
        "r":0.0,
        "f":0.0
      },
      "mark":{
        "p":0.0,
        "r":0.0,
        "f":0.0
      },
      "amod":{
        "p":0.0143509459,
        "r":0.0337941628,
        "f":0.0201465201
      },
      "aux":{
        "p":0.0,
        "r":0.0,
        "f":0.0
      },
      "obl:agent":{
        "p":0.0,
        "r":0.0,
        "f":0.0
      },
      "parataxis":{
        "p":0.0,
        "r":0.0,
        "f":0.0
      },
      "flat":{
        "p":0.0,
        "r":0.0,
        "f":0.0
      },
      "obl:arg":{
        "p":0.0,
        "r":0.0,
        "f":0.0
      },
      "advmod:neg":{
        "p":0.0,
        "r":0.0,
        "f":0.0
      },
      "appos":{
        "p":0.0,
        "r":0.0,
        "f":0.0
      },
      "iobj":{
        "p":0.0,
        "r":0.0,
        "f":0.0
      },
      "aux:pass":{
        "p":0.0,
        "r":0.0,
        "f":0.0
      },
      "advcl:cmp":{
        "p":0.0,
        "r":0.0,
        "f":0.0
      },
      "dislocated":{
        "p":0.0,
        "r":0.0,
        "f":0.0
      },
      "fixed":{
        "p":0.0,
        "r":0.0,
        "f":0.0
      },
      "csubj":{
        "p":0.0,
        "r":0.0,
        "f":0.0
      },
      "advmod:tmod":{
        "p":0.0,
        "r":0.0,
        "f":0.0
      },
      "csubj:pass":{
        "p":0.0,
        "r":0.0,
        "f":0.0
      },
      "acl:relcl":{
        "p":0.0,
        "r":0.0,
        "f":0.0
      },
      "flat:name":{
        "p":0.0,
        "r":0.0,
        "f":0.0
      },
      "advmod:emph":{
        "p":0.0,
        "r":0.0,
        "f":0.0
      },
      "flat:foreign":{
        "p":0.0,
        "r":0.0,
        "f":0.0
      },
      "advcl:abs":{
        "p":0.0,
        "r":0.0,
        "f":0.0
      },
      "advmod:lmod":{
        "p":0.0,
        "r":0.0,
        "f":0.0
      },
      "conj:expl":{
        "p":0.0,
        "r":0.0,
        "f":0.0
      }
    }
  },
  "trainable_lemmatizer":{
    "lemma_acc":0.3764316565
  },
  "tagger":{
    "tag_acc":0.0
  },
  "speed":2479.9604320101
}