{
  "tokenizer":{
    "token_acc":1.0,
    "token_p":1.0,
    "token_r":1.0,
    "token_f":1.0
  },
  "transformer":{

  },
  "parser":{
    "sents_p":0.4972972973,
    "sents_r":0.69,
    "sents_f":0.5780104712,
    "dep_uas":0.6361304507,
    "dep_las":0.5269329425,
    "dep_las_per_type":{
      "obl":{
        "p":0.593220339,
        "r":0.3846153846,
        "f":0.4666666667
      },
      "vocative":{
        "p":0.6666666667,
        "r":0.3684210526,
        "f":0.4745762712
      },
      "advmod":{
        "p":0.6105919003,
        "r":0.6805555556,
        "f":0.6436781609
      },
      "case":{
        "p":0.5263157895,
        "r":0.243902439,
        "f":0.3333333333
      },
      "acl":{
        "p":0.35,
        "r":0.2413793103,
        "f":0.2857142857
      },
      "conj":{
        "p":0.2824427481,
        "r":0.2102272727,
        "f":0.2410423453
      },
      "amod":{
        "p":0.4509803922,
        "r":0.3538461538,
        "f":0.3965517241
      },
      "obj":{
        "p":0.5609756098,
        "r":0.5299539171,
        "f":0.5450236967
      },
      "root":{
        "p":0.5981981982,
        "r":0.83,
        "f":0.6952879581
      },
      "nsubj":{
        "p":0.479338843,
        "r":0.5454545455,
        "f":0.5102639296
      },
      "nmod":{
        "p":0.4967741935,
        "r":0.4935897436,
        "f":0.4951768489
      },
      "orphan":{
        "p":0.5833333333,
        "r":0.2916666667,
        "f":0.3888888889
      },
      "dep":{
        "p":0.0,
        "r":0.0,
        "f":0.0
      },
      "iobj":{
        "p":0.6170212766,
        "r":0.4084507042,
        "f":0.4915254237
      },
      "xcomp":{
        "p":0.5625,
        "r":0.5192307692,
        "f":0.54
      },
      "discourse":{
        "p":0.4111111111,
        "r":0.4065934066,
        "f":0.408839779
      },
      "det":{
        "p":0.4358974359,
        "r":0.4358974359,
        "f":0.4358974359
      },
      "cc":{
        "p":0.828125,
        "r":0.828125,
        "f":0.828125
      },
      "appos":{
        "p":0.7142857143,
        "r":0.625,
        "f":0.6666666667
      },
      "advcl":{
        "p":0.5172413793,
        "r":0.3658536585,
        "f":0.4285714286
      },
      "ccomp":{
        "p":0.6428571429,
        "r":0.4615384615,
        "f":0.5373134328
      },
      "mark":{
        "p":0.6739130435,
        "r":0.6458333333,
        "f":0.6595744681
      },
      "nummod":{
        "p":0.6,
        "r":0.6666666667,
        "f":0.6315789474
      },
      "cop":{
        "p":0.5625,
        "r":0.5454545455,
        "f":0.5538461538
      },
      "aux":{
        "p":0.0,
        "r":0.0,
        "f":0.0
      },
      "parataxis":{
        "p":0.4285714286,
        "r":0.3157894737,
        "f":0.3636363636
      },
      "flat":{
        "p":0.55,
        "r":0.5238095238,
        "f":0.5365853659
      },
      "compound":{
        "p":0.0,
        "r":0.0,
        "f":0.0
      },
      "fixed":{
        "p":0.0,
        "r":0.0,
        "f":0.0
      },
      "csubj":{
        "p":0.5,
        "r":0.2857142857,
        "f":0.3636363636
      }
    }
  },
  "trainable_lemmatizer":{
    "lemma_acc":0.7577867351
  },
  "tagger":{
    "tag_acc":0.719311103
  },
  "speed":822.4859578886
}