{
  "tokenizer":{
    "token_acc":0.9987632593,
    "token_p":0.9895828378,
    "token_r":0.9929125403,
    "token_f":0.9912448929
  },
  "transformer":{

  },
  "parser":{
    "sents_p":0.0540449438,
    "sents_r":0.1551612903,
    "sents_f":0.0801666667,
    "dep_uas":0.2307210185,
    "dep_las":0.046601894,
    "dep_las_per_type":{
      "nsubj":{
        "p":0.0162124871,
        "r":0.0170784884,
        "f":0.016634224
      },
      "case":{
        "p":0.0134770889,
        "r":0.0018615041,
        "f":0.0032711809
      },
      "obl":{
        "p":0.0090909091,
        "r":0.0025993316,
        "f":0.0040427375
      },
      "root":{
        "p":0.1247628613,
        "r":0.3606451613,
        "f":0.1853909294
      },
      "det":{
        "p":0.2212160414,
        "r":0.0739619377,
        "f":0.1108589951
      },
      "flat:name":{
        "p":0.0,
        "r":0.0,
        "f":0.0
      },
      "advcl":{
        "p":0.0,
        "r":0.0,
        "f":0.0
      },
      "cop":{
        "p":0.0,
        "r":0.0,
        "f":0.0
      },
      "acl":{
        "p":0.0016906171,
        "r":0.0080645161,
        "f":0.0027952481
      },
      "dep":{
        "p":0.0,
        "r":0.0,
        "f":0.0
      },
      "obj":{
        "p":0.0178817056,
        "r":0.0041427661,
        "f":0.0067270375
      },
      "conj":{
        "p":0.023456646,
        "r":0.0955323194,
        "f":0.0376651363
      },
      "advmod":{
        "p":0.0223300971,
        "r":0.0113664443,
        "f":0.0150646799
      },
      "nmod":{
        "p":0.0121369744,
        "r":0.0183666776,
        "f":0.0146156858
      },
      "cc":{
        "p":0.0,
        "r":0.0,
        "f":0.0
      },
      "xcomp":{
        "p":0.0038167939,
        "r":0.0010330579,
        "f":0.0016260163
      },
      "discourse":{
        "p":0.0427010924,
        "r":0.034733441,
        "f":0.0383073497
      },
      "amod":{
        "p":0.0056639396,
        "r":0.0180360721,
        "f":0.0086206897
      },
      "nummod":{
        "p":0.0,
        "r":0.0,
        "f":0.0
      },
      "mark":{
        "p":0.0294117647,
        "r":0.0074183976,
        "f":0.0118483412
      },
      "flat":{
        "p":0.0,
        "r":0.0,
        "f":0.0
      },
      "appos":{
        "p":0.0,
        "r":0.0,
        "f":0.0
      },
      "nsubj:pass":{
        "p":0.0,
        "r":0.0,
        "f":0.0
      },
      "dislocated":{
        "p":0.0,
        "r":0.0,
        "f":0.0
      },
      "csubj":{
        "p":0.0,
        "r":0.0,
        "f":0.0
      },
      "vocative":{
        "p":0.0,
        "r":0.0,
        "f":0.0
      },
      "iobj":{
        "p":0.0,
        "r":0.0,
        "f":0.0
      },
      "obl:arg":{
        "p":0.0,
        "r":0.0,
        "f":0.0
      },
      "ccomp":{
        "p":0.0,
        "r":0.0,
        "f":0.0
      },
      "orphan":{
        "p":0.0,
        "r":0.0,
        "f":0.0
      },
      "obl:agent":{
        "p":0.0,
        "r":0.0,
        "f":0.0
      },
      "parataxis":{
        "p":0.0,
        "r":0.0,
        "f":0.0
      },
      "fixed":{
        "p":0.0,
        "r":0.0,
        "f":0.0
      },
      "nsubj:outer":{
        "p":0.0,
        "r":0.0,
        "f":0.0
      },
      "advcl:cmp":{
        "p":0.0,
        "r":0.0,
        "f":0.0
      },
      "csubj:pass":{
        "p":0.0,
        "r":0.0,
        "f":0.0
      },
      "aux:pass":{
        "p":0.0,
        "r":0.0,
        "f":0.0
      },
      "aux":{
        "p":0.0,
        "r":0.0,
        "f":0.0
      }
    }
  },
  "trainable_lemmatizer":{
    "lemma_acc":0.209871393
  },
  "tagger":{
    "tag_acc":0.0
  },
  "speed":2750.0215132478
}