{
  "tokenizer":{
    "token_acc":1.0,
    "token_p":0.997476277,
    "token_r":0.9991405026,
    "token_f":0.9983076962
  },
  "transformer":{

  },
  "parser":{
    "sents_p":0.0841391009,
    "sents_r":0.2191780822,
    "sents_f":0.121598431,
    "dep_uas":0.2871367197,
    "dep_las":0.0614327574,
    "dep_las_per_type":{
      "discourse":{
        "p":0.0581196581,
        "r":0.0503703704,
        "f":0.053968254
      },
      "case":{
        "p":0.0465116279,
        "r":0.0037617555,
        "f":0.0069605568
      },
      "root":{
        "p":0.1731909846,
        "r":0.4516129032,
        "f":0.2503674669
      },
      "nsubj":{
        "p":0.0266343826,
        "r":0.030877193,
        "f":0.028599285
      },
      "det":{
        "p":0.0083507307,
        "r":0.0078585462,
        "f":0.008097166
      },
      "nmod":{
        "p":0.0045566071,
        "r":0.0278969957,
        "f":0.0078336848
      },
      "xcomp":{
        "p":0.0068493151,
        "r":0.003164557,
        "f":0.0043290043
      },
      "obj":{
        "p":0.015503876,
        "r":0.0053015242,
        "f":0.0079012346
      },
      "mark":{
        "p":0.0208333333,
        "r":0.0026595745,
        "f":0.0047169811
      },
      "advcl":{
        "p":0.0,
        "r":0.0,
        "f":0.0
      },
      "amod":{
        "p":0.0274135876,
        "r":0.0296010296,
        "f":0.0284653465
      },
      "obl":{
        "p":0.0242718447,
        "r":0.0034199726,
        "f":0.0059952038
      },
      "advmod":{
        "p":0.0094043887,
        "r":0.0069018405,
        "f":0.0079610792
      },
      "dep":{
        "p":0.0,
        "r":0.0,
        "f":0.0
      },
      "cc":{
        "p":0.0,
        "r":0.0,
        "f":0.0
      },
      "conj":{
        "p":0.0164141414,
        "r":0.0356816102,
        "f":0.022484866
      },
      "expl:pv":{
        "p":0.0,
        "r":0.0,
        "f":0.0
      },
      "obl:arg":{
        "p":0.0,
        "r":0.0,
        "f":0.0
      },
      "acl":{
        "p":0.0029806259,
        "r":0.0058309038,
        "f":0.0039447732
      },
      "nsubj:pass":{
        "p":0.0,
        "r":0.0,
        "f":0.0
      },
      "dislocated":{
        "p":0.0,
        "r":0.0,
        "f":0.0
      },
      "cop":{
        "p":0.0,
        "r":0.0,
        "f":0.0
      },
      "vocative":{
        "p":0.023255814,
        "r":0.006097561,
        "f":0.0096618357
      },
      "flat:name":{
        "p":0.0,
        "r":0.0,
        "f":0.0
      },
      "iobj":{
        "p":0.0,
        "r":0.0,
        "f":0.0
      },
      "appos":{
        "p":0.0,
        "r":0.0,
        "f":0.0
      },
      "csubj":{
        "p":0.0,
        "r":0.0,
        "f":0.0
      },
      "orphan":{
        "p":0.0,
        "r":0.0,
        "f":0.0
      },
      "aux":{
        "p":0.0,
        "r":0.0,
        "f":0.0
      },
      "flat":{
        "p":0.0,
        "r":0.0,
        "f":0.0
      },
      "advcl:cmp":{
        "p":0.0,
        "r":0.0,
        "f":0.0
      },
      "ccomp":{
        "p":0.0,
        "r":0.0,
        "f":0.0
      },
      "parataxis":{
        "p":0.0,
        "r":0.0,
        "f":0.0
      },
      "obl:agent":{
        "p":0.0,
        "r":0.0,
        "f":0.0
      },
      "nsubj:outer":{
        "p":0.0,
        "r":0.0,
        "f":0.0
      },
      "nummod":{
        "p":0.0,
        "r":0.0,
        "f":0.0
      },
      "fixed":{
        "p":0.0,
        "r":0.0,
        "f":0.0
      },
      "csubj:pass":{
        "p":0.0,
        "r":0.0,
        "f":0.0
      },
      "aux:pass":{
        "p":0.0,
        "r":0.0,
        "f":0.0
      }
    }
  },
  "trainable_lemmatizer":{
    "lemma_acc":0.223810847
  },
  "tagger":{
    "tag_acc":0.0
  },
  "speed":1010.0919270459
}