{
  "tokenizer":{
    "token_acc":0.9995570601,
    "token_p":0.9645015345,
    "token_r":0.9836092021,
    "token_f":0.9739616613
  },
  "transformer":{

  },
  "parser":{
    "sents_p":0.0692800789,
    "sents_r":0.1815831987,
    "sents_f":0.1002944588,
    "dep_uas":0.2664011361,
    "dep_las":0.0573481363,
    "dep_las_per_type":{
      "discourse":{
        "p":0.0384153661,
        "r":0.0445682451,
        "f":0.0412637008
      },
      "vocative":{
        "p":0.0,
        "r":0.0,
        "f":0.0
      },
      "root":{
        "p":0.1660841268,
        "r":0.4452342488,
        "f":0.2419241573
      },
      "advmod":{
        "p":0.0082720588,
        "r":0.0112429731,
        "f":0.0095313741
      },
      "advcl":{
        "p":0.0,
        "r":0.0,
        "f":0.0
      },
      "expl:pv":{
        "p":0.0,
        "r":0.0,
        "f":0.0
      },
      "obl:arg":{
        "p":0.0,
        "r":0.0,
        "f":0.0
      },
      "det":{
        "p":0.0072661217,
        "r":0.0062208398,
        "f":0.0067029744
      },
      "dep":{
        "p":0.0014684288,
        "r":0.0132450331,
        "f":0.0026437541
      },
      "nsubj":{
        "p":0.0253884047,
        "r":0.0353562005,
        "f":0.0295544773
      },
      "acl":{
        "p":0.0025974026,
        "r":0.0176211454,
        "f":0.0045274477
      },
      "obj":{
        "p":0.0174418605,
        "r":0.0071942446,
        "f":0.0101867572
      },
      "xcomp":{
        "p":0.0087336245,
        "r":0.0057471264,
        "f":0.006932409
      },
      "case":{
        "p":0.2356687898,
        "r":0.0110316041,
        "f":0.0210766163
      },
      "obl":{
        "p":0.0243055556,
        "r":0.0026626094,
        "f":0.0047994515
      },
      "nummod":{
        "p":0.0027322404,
        "r":0.0054347826,
        "f":0.0036363636
      },
      "conj":{
        "p":0.0294808802,
        "r":0.0588486141,
        "f":0.0392826644
      },
      "appos":{
        "p":0.0,
        "r":0.0,
        "f":0.0
      },
      "obl:agent":{
        "p":0.0,
        "r":0.0,
        "f":0.0
      },
      "nmod":{
        "p":0.0051369863,
        "r":0.0221987315,
        "f":0.0083432658
      },
      "orphan":{
        "p":0.0,
        "r":0.0,
        "f":0.0
      },
      "cc":{
        "p":0.0,
        "r":0.0,
        "f":0.0
      },
      "dislocated":{
        "p":0.0,
        "r":0.0,
        "f":0.0
      },
      "amod":{
        "p":0.0282574568,
        "r":0.024291498,
        "f":0.0261248186
      },
      "flat":{
        "p":0.0,
        "r":0.0,
        "f":0.0
      },
      "iobj":{
        "p":0.014084507,
        "r":0.0078125,
        "f":0.0100502513
      },
      "parataxis":{
        "p":0.0,
        "r":0.0,
        "f":0.0
      },
      "expl":{
        "p":0.0,
        "r":0.0,
        "f":0.0
      },
      "cop":{
        "p":0.0,
        "r":0.0,
        "f":0.0
      },
      "nsubj:pass":{
        "p":0.0,
        "r":0.0,
        "f":0.0
      },
      "ccomp":{
        "p":0.0,
        "r":0.0,
        "f":0.0
      },
      "aux":{
        "p":0.0,
        "r":0.0,
        "f":0.0
      },
      "mark":{
        "p":0.0,
        "r":0.0,
        "f":0.0
      },
      "aux:pass":{
        "p":0.0,
        "r":0.0,
        "f":0.0
      },
      "flat:name":{
        "p":0.0,
        "r":0.0,
        "f":0.0
      },
      "fixed":{
        "p":0.0,
        "r":0.0,
        "f":0.0
      },
      "nummod:gov":{
        "p":0.0,
        "r":0.0,
        "f":0.0
      },
      "list":{
        "p":0.0,
        "r":0.0,
        "f":0.0
      },
      "advcl:cmp":{
        "p":0.0,
        "r":0.0,
        "f":0.0
      },
      "csubj":{
        "p":0.0,
        "r":0.0,
        "f":0.0
      },
      "acl:relcl":{
        "p":0.0,
        "r":0.0,
        "f":0.0
      },
      "nsubj:outer":{
        "p":0.0,
        "r":0.0,
        "f":0.0
      },
      "compound":{
        "p":0.0,
        "r":0.0,
        "f":0.0
      },
      "csubj:pass":{
        "p":0.0,
        "r":0.0,
        "f":0.0
      },
      "reparandum":{
        "p":0.0,
        "r":0.0,
        "f":0.0
      },
      "goeswith":{
        "p":0.0,
        "r":0.0,
        "f":0.0
      }
    }
  },
  "trainable_lemmatizer":{
    "lemma_acc":0.2981241304
  },
  "tagger":{
    "tag_acc":0.0012804712
  },
  "speed":2172.8209787185
}