{
  "tokenizer":{
    "token_acc":1.0,
    "token_p":0.9963401882,
    "token_r":0.998777079,
    "token_f":0.9975571453
  },
  "transformer":{

  },
  "parser":{
    "sents_p":0.9251336898,
    "sents_r":0.9611111111,
    "sents_f":0.9427792916,
    "dep_uas":0.3751332149,
    "dep_las":0.1633812822,
    "dep_las_per_type":{
      "cc":{
        "p":0.496835443,
        "r":0.3007662835,
        "f":0.3747016706
      },
      "xcomp":{
        "p":0.0634920635,
        "r":0.0184331797,
        "f":0.0285714286
      },
      "root":{
        "p":0.3814616756,
        "r":0.3962962963,
        "f":0.3887375114
      },
      "nsubj":{
        "p":0.175,
        "r":0.0465631929,
        "f":0.0735551664
      },
      "nsubj:pass":{
        "p":0.0119760479,
        "r":0.0769230769,
        "f":0.0207253886
      },
      "advmod":{
        "p":0.1015625,
        "r":0.0359116022,
        "f":0.0530612245
      },
      "acl":{
        "p":0.0071090047,
        "r":0.0306122449,
        "f":0.0115384615
      },
      "case":{
        "p":0.7115987461,
        "r":0.4512922465,
        "f":0.5523114355
      },
      "obl":{
        "p":0.1990740741,
        "r":0.1954545455,
        "f":0.1972477064
      },
      "dep":{
        "p":0.0,
        "r":0.0,
        "f":0.0
      },
      "det":{
        "p":0.2178217822,
        "r":0.1416309013,
        "f":0.1716514954
      },
      "nmod":{
        "p":0.0739795918,
        "r":0.1198347107,
        "f":0.0914826498
      },
      "advmod:neg":{
        "p":0.0,
        "r":0.0,
        "f":0.0
      },
      "amod":{
        "p":0.0146341463,
        "r":0.0731707317,
        "f":0.0243902439
      },
      "appos":{
        "p":0.0,
        "r":0.0,
        "f":0.0
      },
      "conj":{
        "p":0.1047835991,
        "r":0.1348973607,
        "f":0.1179487179
      },
      "obj":{
        "p":0.0649350649,
        "r":0.0276243094,
        "f":0.0387596899
      },
      "obl:arg":{
        "p":0.0701754386,
        "r":0.0794701987,
        "f":0.0745341615
      },
      "orphan":{
        "p":0.0109289617,
        "r":0.05,
        "f":0.0179372197
      },
      "advcl":{
        "p":0.0097087379,
        "r":0.0035714286,
        "f":0.0052219321
      },
      "discourse":{
        "p":0.34375,
        "r":0.0743243243,
        "f":0.1222222222
      },
      "mark":{
        "p":0.0833333333,
        "r":0.0344827586,
        "f":0.0487804878
      },
      "obl:agent":{
        "p":0.0,
        "r":0.0,
        "f":0.0
      },
      "flat":{
        "p":0.0,
        "r":0.0,
        "f":0.0
      },
      "ccomp":{
        "p":0.0327868852,
        "r":0.0194174757,
        "f":0.0243902439
      },
      "nummod":{
        "p":0.0285714286,
        "r":0.0555555556,
        "f":0.0377358491
      },
      "vocative":{
        "p":0.0,
        "r":0.0,
        "f":0.0
      },
      "advmod:emph":{
        "p":0.0,
        "r":0.0,
        "f":0.0
      },
      "fixed":{
        "p":0.0,
        "r":0.0,
        "f":0.0
      },
      "advmod:lmod":{
        "p":0.0,
        "r":0.0,
        "f":0.0
      },
      "advcl:cmp":{
        "p":0.0,
        "r":0.0,
        "f":0.0
      },
      "dislocated":{
        "p":0.0,
        "r":0.0,
        "f":0.0
      },
      "conj:expl":{
        "p":0.0,
        "r":0.0,
        "f":0.0
      },
      "acl:relcl":{
        "p":0.0,
        "r":0.0,
        "f":0.0
      },
      "flat:name":{
        "p":0.0,
        "r":0.0,
        "f":0.0
      },
      "advmod:tmod":{
        "p":0.0,
        "r":0.0,
        "f":0.0
      },
      "advcl:pred":{
        "p":0.0,
        "r":0.0,
        "f":0.0
      },
      "advcl:abs":{
        "p":0.0,
        "r":0.0,
        "f":0.0
      },
      "expl:pv":{
        "p":0.0,
        "r":0.0,
        "f":0.0
      },
      "csubj":{
        "p":0.0,
        "r":0.0,
        "f":0.0
      },
      "cop":{
        "p":0.0,
        "r":0.0,
        "f":0.0
      },
      "flat:foreign":{
        "p":0.0,
        "r":0.0,
        "f":0.0
      },
      "csubj:pass":{
        "p":0.0,
        "r":0.0,
        "f":0.0
      },
      "aux:pass":{
        "p":0.0,
        "r":0.0,
        "f":0.0
      },
      "obl:lmod":{
        "p":0.0,
        "r":0.0,
        "f":0.0
      },
      "parataxis":{
        "p":0.0,
        "r":0.0,
        "f":0.0
      },
      "advcl:relcl":{
        "p":0.0,
        "r":0.0,
        "f":0.0
      },
      "aux":{
        "p":0.0,
        "r":0.0,
        "f":0.0
      },
      "nsubj:outer":{
        "p":0.0,
        "r":0.0,
        "f":0.0
      },
      "dislocated:obj":{
        "p":0.0,
        "r":0.0,
        "f":0.0
      },
      "reparandum":{
        "p":0.0,
        "r":0.0,
        "f":0.0
      }
    }
  },
  "trainable_lemmatizer":{
    "lemma_acc":0.3909590715
  },
  "tagger":{
    "tag_acc":0.0
  },
  "morphologizer":{
    "pos_acc":0.3861057776,
    "morph_acc":0.1794379473,
    "morph_micro_p":0.2632327023,
    "morph_micro_r":0.2624865355,
    "morph_micro_f":0.2628590894,
    "morph_per_feat":{
      "Case":{
        "p":0.2115448782,
        "r":0.2208289794,
        "f":0.2160872529
      },
      "Degree":{
        "p":0.0,
        "r":0.0,
        "f":0.0
      },
      "Gender":{
        "p":0.3010752688,
        "r":0.3161609033,
        "f":0.3084337349
      },
      "Number":{
        "p":0.5799818567,
        "r":0.5020942408,
        "f":0.5382348814
      },
      "Strength":{
        "p":0.0,
        "r":0.0,
        "f":0.0
      },
      "Mood":{
        "p":0.5,
        "r":0.1601685985,
        "f":0.2426177175
      },
      "Person":{
        "p":0.5134408602,
        "r":0.1232258065,
        "f":0.1987513007
      },
      "Tense":{
        "p":0.3059210526,
        "r":0.0717592593,
        "f":0.11625
      },
      "VerbForm":{
        "p":0.3413654618,
        "r":0.262345679,
        "f":0.2966841187
      },
      "Voice":{
        "p":0.2283884739,
        "r":0.1651234568,
        "f":0.1916703986
      },
      "PronType":{
        "p":0.2829457364,
        "r":0.1173633441,
        "f":0.1659090909
      },
      "Polarity":{
        "p":0.8412698413,
        "r":0.803030303,
        "f":0.8217054264
      },
      "Aspect":{
        "p":0.0138004246,
        "r":0.1911764706,
        "f":0.0257425743
      },
      "InflClass":{
        "p":0.0,
        "r":0.0,
        "f":0.0
      },
      "Number[psor]":{
        "p":0.0,
        "r":0.0,
        "f":0.0
      },
      "Person[psor]":{
        "p":0.0,
        "r":0.0,
        "f":0.0
      },
      "Poss":{
        "p":0.0,
        "r":0.0,
        "f":0.0
      },
      "InflClass[nominal]":{
        "p":0.0,
        "r":0.0,
        "f":0.0
      },
      "AdvType":{
        "p":0.0,
        "r":0.0,
        "f":0.0
      },
      "NumType":{
        "p":0.0,
        "r":0.0,
        "f":0.0
      },
      "NameType":{
        "p":0.0,
        "r":0.0,
        "f":0.0
      },
      "Form":{
        "p":0.0,
        "r":0.0,
        "f":0.0
      },
      "NumForm":{
        "p":0.0,
        "r":0.0,
        "f":0.0
      },
      "Foreign":{
        "p":0.0,
        "r":0.0,
        "f":0.0
      },
      "Reflex":{
        "p":0.0,
        "r":0.0,
        "f":0.0
      },
      "Compound":{
        "p":0.0,
        "r":0.0,
        "f":0.0
      },
      "Variant":{
        "p":0.0,
        "r":0.0,
        "f":0.0
      },
      "Abbr":{
        "p":0.0,
        "r":0.0,
        "f":0.0
      },
      "PartType":{
        "p":0.0,
        "r":0.0,
        "f":0.0
      },
      "Proper":{
        "p":0.0,
        "r":0.0,
        "f":0.0
      },
      "NumValue":{
        "p":0.0,
        "r":0.0,
        "f":0.0
      }
    }
  },
  "speed":1326.9564035972
}