{
  "tokenizer":{
    "token_acc":0.9995570601,
    "token_p":0.9645015345,
    "token_r":0.9836092021,
    "token_f":0.9739616613
  },
  "transformer":{

  },
  "parser":{
    "sents_p":0.8840799031,
    "sents_r":0.9437802908,
    "sents_f":0.9129551492,
    "dep_uas":0.3235376045,
    "dep_las":0.1342762323,
    "dep_las_per_type":{
      "discourse":{
        "p":0.2145214521,
        "r":0.0905292479,
        "f":0.1273261508
      },
      "vocative":{
        "p":0.0,
        "r":0.0,
        "f":0.0
      },
      "root":{
        "p":0.3289156627,
        "r":0.3528271405,
        "f":0.3404520655
      },
      "advmod":{
        "p":0.0911330049,
        "r":0.0231105559,
        "f":0.0368709517
      },
      "advcl":{
        "p":0.0048292515,
        "r":0.0153005464,
        "f":0.0073413739
      },
      "expl:pv":{
        "p":0.0,
        "r":0.0,
        "f":0.0
      },
      "obl:arg":{
        "p":0.0090909091,
        "r":0.0019493177,
        "f":0.0032102729
      },
      "nsubj":{
        "p":0.0612244898,
        "r":0.0094986807,
        "f":0.0164458657
      },
      "conj":{
        "p":0.06,
        "r":0.1049040512,
        "f":0.0763382467
      },
      "nmod":{
        "p":0.0137062937,
        "r":0.0517970402,
        "f":0.0216766202
      },
      "case":{
        "p":0.7483039349,
        "r":0.3288610614,
        "f":0.4569179785
      },
      "obl":{
        "p":0.1401162791,
        "r":0.0916698364,
        "f":0.1108300759
      },
      "nummod":{
        "p":0.0075471698,
        "r":0.0108695652,
        "f":0.008908686
      },
      "appos":{
        "p":0.0273972603,
        "r":0.0028169014,
        "f":0.0051085568
      },
      "obl:agent":{
        "p":0.0,
        "r":0.0,
        "f":0.0
      },
      "det":{
        "p":0.0374414977,
        "r":0.0186625194,
        "f":0.0249091853
      },
      "cc":{
        "p":0.5166284404,
        "r":0.3001332445,
        "f":0.3796881584
      },
      "dep":{
        "p":0.0020112631,
        "r":0.0331125828,
        "f":0.0037921881
      },
      "obj":{
        "p":0.052173913,
        "r":0.0035971223,
        "f":0.0067302299
      },
      "dislocated":{
        "p":0.0,
        "r":0.0,
        "f":0.0
      },
      "acl":{
        "p":0.0063897764,
        "r":0.0176211454,
        "f":0.0093786635
      },
      "amod":{
        "p":0.0486039297,
        "r":0.0317139001,
        "f":0.0383830135
      },
      "mark":{
        "p":0.0,
        "r":0.0,
        "f":0.0
      },
      "parataxis":{
        "p":0.0,
        "r":0.0,
        "f":0.0
      },
      "expl":{
        "p":0.0,
        "r":0.0,
        "f":0.0
      },
      "ccomp:relcl":{
        "p":0.0,
        "r":0.0,
        "f":0.0
      },
      "cop":{
        "p":0.0,
        "r":0.0,
        "f":0.0
      },
      "nsubj:pass":{
        "p":0.0,
        "r":0.0,
        "f":0.0
      },
      "xcomp":{
        "p":0.0140350877,
        "r":0.0114942529,
        "f":0.0126382306
      },
      "ccomp":{
        "p":0.0,
        "r":0.0,
        "f":0.0
      },
      "advmod:neg":{
        "p":0.0,
        "r":0.0,
        "f":0.0
      },
      "aux":{
        "p":0.0,
        "r":0.0,
        "f":0.0
      },
      "acl:relcl":{
        "p":0.0,
        "r":0.0,
        "f":0.0
      },
      "aux:pass":{
        "p":0.0,
        "r":0.0,
        "f":0.0
      },
      "iobj":{
        "p":0.0,
        "r":0.0,
        "f":0.0
      },
      "flat:name":{
        "p":0.0,
        "r":0.0,
        "f":0.0
      },
      "reparandum":{
        "p":0.0,
        "r":0.0,
        "f":0.0
      },
      "orphan":{
        "p":0.0050632911,
        "r":0.0082644628,
        "f":0.0062794349
      },
      "fixed":{
        "p":0.0,
        "r":0.0,
        "f":0.0
      },
      "nummod:gov":{
        "p":0.0,
        "r":0.0,
        "f":0.0
      },
      "list":{
        "p":0.0,
        "r":0.0,
        "f":0.0
      },
      "flat":{
        "p":0.0,
        "r":0.0,
        "f":0.0
      },
      "advcl:pred":{
        "p":0.0,
        "r":0.0,
        "f":0.0
      },
      "advcl:cmp":{
        "p":0.0222222222,
        "r":0.025,
        "f":0.0235294118
      },
      "conj:expl":{
        "p":0.0,
        "r":0.0,
        "f":0.0
      },
      "csubj":{
        "p":0.0,
        "r":0.0,
        "f":0.0
      },
      "advmod:emph":{
        "p":0.0,
        "r":0.0,
        "f":0.0
      },
      "dislocated:obj":{
        "p":0.0,
        "r":0.0,
        "f":0.0
      },
      "nsubj:outer":{
        "p":0.0,
        "r":0.0,
        "f":0.0
      },
      "advmod:lmod":{
        "p":0.0,
        "r":0.0,
        "f":0.0
      },
      "advcl:abs":{
        "p":0.0,
        "r":0.0,
        "f":0.0
      },
      "compound":{
        "p":0.0,
        "r":0.0,
        "f":0.0
      },
      "advmod:tmod":{
        "p":0.0,
        "r":0.0,
        "f":0.0
      },
      "advcl:relcl":{
        "p":0.0,
        "r":0.0,
        "f":0.0
      },
      "csubj:pass":{
        "p":0.0,
        "r":0.0,
        "f":0.0
      },
      "flat:foreign":{
        "p":0.0,
        "r":0.0,
        "f":0.0
      },
      "csubj:relcl":{
        "p":0.0,
        "r":0.0,
        "f":0.0
      },
      "goeswith":{
        "p":0.0,
        "r":0.0,
        "f":0.0
      }
    }
  },
  "trainable_lemmatizer":{
    "lemma_acc":0.2983847753
  },
  "tagger":{
    "tag_acc":0.0002562624
  },
  "morphologizer":{
    "pos_acc":0.3590877767,
    "morph_acc":0.2654688377,
    "morph_micro_p":0.2466805289,
    "morph_micro_r":0.2135110337,
    "morph_micro_f":0.2289003928,
    "morph_per_feat":{
      "Case":{
        "p":0.1619444255,
        "r":0.1459961839,
        "f":0.153557325
      },
      "Gender":{
        "p":0.2921830645,
        "r":0.2723283428,
        "f":0.2819065433
      },
      "Number":{
        "p":0.6158765017,
        "r":0.4996332006,
        "f":0.5516982005
      },
      "Mood":{
        "p":0.2610921502,
        "r":0.0537030537,
        "f":0.0890829694
      },
      "Person":{
        "p":0.220735786,
        "r":0.0253310305,
        "f":0.0454467206
      },
      "Tense":{
        "p":0.1911262799,
        "r":0.0227827502,
        "f":0.0407124682
      },
      "VerbForm":{
        "p":0.1561098655,
        "r":0.1094947906,
        "f":0.1287117273
      },
      "Voice":{
        "p":0.146085296,
        "r":0.0905504044,
        "f":0.1118012422
      },
      "PronType":{
        "p":0.0831509847,
        "r":0.0156442981,
        "f":0.0263340263
      },
      "Variant":{
        "p":0.0,
        "r":0.0,
        "f":0.0
      },
      "Reflex":{
        "p":0.2,
        "r":0.0011614402,
        "f":0.0023094688
      },
      "Aspect":{
        "p":0.0857959962,
        "r":0.144772118,
        "f":0.1077414206
      },
      "InflClass":{
        "p":0.0,
        "r":0.0,
        "f":0.0
      },
      "InflClass[nominal]":{
        "p":0.0,
        "r":0.0,
        "f":0.0
      },
      "Compound":{
        "p":0.0,
        "r":0.0,
        "f":0.0
      },
      "NameType":{
        "p":0.036809816,
        "r":0.0181268882,
        "f":0.024291498
      },
      "Degree":{
        "p":0.0053475936,
        "r":0.0009447331,
        "f":0.0016057808
      },
      "Clitic":{
        "p":0.0,
        "r":0.0,
        "f":0.0
      },
      "NumType":{
        "p":0.0052910053,
        "r":0.0044247788,
        "f":0.0048192771
      },
      "Polarity":{
        "p":0.8181818182,
        "r":0.6674641148,
        "f":0.7351778656
      },
      "Poss":{
        "p":1.0,
        "r":0.0019157088,
        "f":0.0038240918
      },
      "NumValue":{
        "p":0.0,
        "r":0.0,
        "f":0.0
      },
      "Analyt":{
        "p":0.0,
        "r":0.0,
        "f":0.0
      },
      "NumForm":{
        "p":0.0,
        "r":0.0,
        "f":0.0
      },
      "Number[psor]":{
        "p":0.0,
        "r":0.0,