{
  "tokenizer":{
    "token_acc":0.9981644203,
    "token_p":0.9974335877,
    "token_r":0.9959947049,
    "token_f":0.996713627
  },
  "transformer":{

  },
  "parser":{
    "sents_p":0.6334113517,
    "sents_r":0.7936217009,
    "sents_f":0.7045232672,
    "dep_uas":0.3614815678,
    "dep_las":0.1365206926,
    "dep_las_per_type":{
      "root":{
        "p":0.3258196721,
        "r":0.4078417003,
        "f":0.3622457282
      },
      "nsubj":{
        "p":0.2108317215,
        "r":0.0547555258,
        "f":0.0869334042
      },
      "advmod":{
        "p":0.0948275862,
        "r":0.0291285508,
        "f":0.0445672192
      },
      "mark":{
        "p":0.338762215,
        "r":0.1332052514,
        "f":0.1912204091
      },
      "acl":{
        "p":0.0054200542,
        "r":0.0078023407,
        "f":0.0063965885
      },
      "compound:prt":{
        "p":0.0,
        "r":0.0,
        "f":0.0
      },
      "obj":{
        "p":0.1497835498,
        "r":0.0611523507,
        "f":0.0868473896
      },
      "dep":{
        "p":0.0003118179,
        "r":0.0047169811,
        "f":0.0005849664
      },
      "advmod:emph":{
        "p":0.0,
        "r":0.0,
        "f":0.0
      },
      "case":{
        "p":0.6410505837,
        "r":0.4024837134,
        "f":0.4944972486
      },
      "advcl":{
        "p":0.0151624549,
        "r":0.018134715,
        "f":0.0165159261
      },
      "nmod":{
        "p":0.0019572025,
        "r":0.1685393258,
        "f":0.0038694699
      },
      "cc":{
        "p":0.4232319531,
        "r":0.3289661065,
        "f":0.3701923077
      },
      "conj":{
        "p":0.0890667575,
        "r":0.1730069467,
        "f":0.117594154
      },
      "amod":{
        "p":0.0542103361,
        "r":0.0609260764,
        "f":0.0573723465
      },
      "obl":{
        "p":0.2081528662,
        "r":0.1430322129,
        "f":0.1695548407
      },
      "nmod:poss":{
        "p":0.0,
        "r":0.0,
        "f":0.0
      },
      "det":{
        "p":0.0856031128,
        "r":0.1215469613,
        "f":0.100456621
      },
      "discourse":{
        "p":0.0,
        "r":0.0,
        "f":0.0
      },
      "aux":{
        "p":0.0588235294,
        "r":0.0016,
        "f":0.0031152648
      },
      "iobj":{
        "p":0.0,
        "r":0.0,
        "f":0.0
      },
      "acl:relcl":{
        "p":0.0256410256,
        "r":0.0067491564,
        "f":0.0106856634
      },
      "xcomp":{
        "p":0.0045045045,
        "r":0.0149625935,
        "f":0.0069244085
      },
      "advcl:abs":{
        "p":0.0,
        "r":0.0,
        "f":0.0
      },
      "csubj:relcl":{
        "p":0.0,
        "r":0.0,
        "f":0.0
      },
      "obl:arg":{
        "p":0.0,
        "r":0.0,
        "f":0.0
      },
      "appos":{
        "p":0.0142857143,
        "r":0.0062597809,
        "f":0.0087051143
      },
      "ccomp":{
        "p":0.0607287449,
        "r":0.0104748603,
        "f":0.0178677784
      },
      "cop":{
        "p":0.0285714286,
        "r":0.0012062726,
        "f":0.0023148148
      },
      "csubj":{
        "p":0.0,
        "r":0.0,
        "f":0.0
      },
      "expl":{
        "p":0.0,
        "r":0.0,
        "f":0.0
      },
      "reparandum":{
        "p":0.0,
        "r":0.0,
        "f":0.0
      },
      "nsubj:pass":{
        "p":0.0,
        "r":0.0,
        "f":0.0
      },
      "advcl:pred":{
        "p":0.0,
        "r":0.0,
        "f":0.0
      },
      "vocative":{
        "p":0.0909090909,
        "r":0.0163934426,
        "f":0.0277777778
      },
      "flat":{
        "p":0.0,
        "r":0.0,
        "f":0.0
      },
      "advmod:neg":{
        "p":0.0,
        "r":0.0,
        "f":0.0
      },
      "conj:expl":{
        "p":0.0,
        "r":0.0,
        "f":0.0
      },
      "nummod":{
        "p":0.0744186047,
        "r":0.0816326531,
        "f":0.0778588808
      },
      "fixed":{
        "p":0.0159883721,
        "r":0.171875,
        "f":0.0292553191
      },
      "obl:agent":{
        "p":0.0,
        "r":0.0,
        "f":0.0
      },
      "orphan":{
        "p":0.0,
        "r":0.0,
        "f":0.0
      },
      "ccomp:relcl":{
        "p":0.0,
        "r":0.0,
        "f":0.0
      },
      "parataxis":{
        "p":0.0,
        "r":0.0,
        "f":0.0
      },
      "advcl:relcl":{
        "p":0.0,
        "r":0.0,
        "f":0.0
      },
      "advcl:cmp":{
        "p":0.0,
        "r":0.0,
        "f":0.0
      },
      "ccomp:reported":{
        "p":0.0,
        "r":0.0,
        "f":0.0
      },
      "flat:name":{
        "p":0.0,
        "r":0.0,
        "f":0.0
      },
      "advmod:lmod":{
        "p":0.0,
        "r":0.0,
        "f":0.0
      },
      "aux:pass":{
        "p":0.0,
        "r":0.0,
        "f":0.0
      },
      "flat:foreign":{
        "p":0.0,
        "r":0.0,
        "f":0.0
      },
      "csubj:pass":{
        "p":0.0,
        "r":0.0,
        "f":0.0
      },
      "advmod:tmod":{
        "p":0.0,
        "r":0.0,
        "f":0.0
      },
      "obl:lmod":{
        "p":0.0,
        "r":0.0,
        "f":0.0
      },
      "dislocated:obj":{
        "p":0.0,
        "r":0.0,
        "f":0.0
      },
      "compound":{
        "p":0.0,
        "r":0.0,
        "f":0.0
      },
      "expl:pass":{
        "p":0.0,
        "r":0.0,
        "f":0.0
      },
      "dislocated":{
        "p":0.0,
        "r":0.0,
        "f":0.0
      }
    }
  },
  "trainable_lemmatizer":{
    "lemma_acc":0.5088099549
  },
  "tagger":{
    "tag_acc":0.0
  },
  "morphologizer":{
    "pos_acc":0.4218077963,
    "morph_acc":0.310535353,
    "morph_micro_p":0.2862204783,
    "morph_micro_r":0.2512935043,
    "morph_micro_f":0.2676222362,
    "morph_per_feat":{
      "Mood":{
        "p":0.5775058275,
        "r":0.2516505841,
        "f":0.3505482844
      },
      "Number":{
        "p":0.6158550063,
        "r":0.5177614668,
        "f":0.5625641457
      },
      "Person":{
        "p":0.4884038199,
        "r":0.1856846473,
        "f":0.2690717775
      },
      "Tense":{
        "p":0.2380536131,
        "r":0.1037328593,
        "f":0.1444994694
      },
      "VerbForm":{
        "p":0.3743421053,
        "r":0.2694128788,
        "f":0.3133259912
      },
      "Voice":{
        "p":0.2374409618,
        "r":0.1571022727,
        "f":0.1890921525
      },
      "Case":{
        "p":0.2258037117,
        "r":0.2177402842,
        "f":0.2216987032
      },
      "Gender":{
        "p":0.2970521542,
        "r":0.3071172646,
        "f":0.3020008699
      },
      "PronType":{
        "p":0.1632526381,
        "r":0.0285280399,
        "f":0.0485687904
      },
      "Definite":{
        "p":0.0,
        "r":0.0,
        "f":0.0
      },
      "InflClass":{
        "p":0.0,
        "r":0.0,
        "f":0.0
      },
      "Degree":{
        "p":0.0104166667,
        "r":0.0017433752,
        "f":0.0029868578
      },
      "Aspect":{
        "p":0.0,
        "r":0.0,
        "f":0.0
      },
      "InflClass[nominal]":{
        "p":0.0,
        "r":0.0,
        "f":0.0
      },
      "NumType":{
        "p":0.0538461538,
        "r":0.0614035088,
        "f":0.0573770492
      },
      "Reflex":{
        "p":0.0,
        "r":0.0,
        "f":0.0
      },
      "Polarity":{
        "p":0.0,
        "r":0.0,
        "f":0.0
      },
      "Form":{
        "p":0.0,
        "r":0.0,
        "f":0.0
      },
      "NumValue":{
        "p":0.0,
        "r":0.0,
        "f":0.0
      },
      "Foreign":{
        "p":0.0342205323,
        "r":0.0326086957,
        "f":0.0333951763
      },
      "AdvType":{
        "p":0.0,
        "r":0.0,
        "f":0.0
      },
      "NameType":{
        "p":0.0,
        "r":0.0,
        "f":0.0
      },
      "Abbr":{
        "p":0.0,
        "r":0.0,
        "f":0.0
      },
      "Proper":{
        "p":0.0,
        "r":0.0,
        "f":0.0
      },
      "Compound":{
        "p":0.0,
        "r":0.0,