{
  "tokenizer":{
    "token_acc":0.9996132525,
    "token_p":0.9992265051,
    "token_r":0.9990547798,
    "token_f":0.9991406351
  },
  "transformer":{

  },
  "parser":{
    "sents_p":0.9923954373,
    "sents_r":0.9961832061,
    "sents_f":0.9942857143,
    "dep_uas":0.6364252454,
    "dep_las":0.473810773,
    "dep_las_per_type":{
      "ccomp":{
        "p":0.1394849785,
        "r":0.150812065,
        "f":0.1449275362
      },
      "nsubj":{
        "p":0.4885731933,
        "r":0.428030303,
        "f":0.4563022786
      },
      "root":{
        "p":0.7271863118,
        "r":0.7299618321,
        "f":0.7285714286
      },
      "cop":{
        "p":0.4674698795,
        "r":0.3796477495,
        "f":0.4190064795
      },
      "advmod":{
        "p":0.4809160305,
        "r":0.2142857143,
        "f":0.2964705882
      },
      "obj":{
        "p":0.5546875,
        "r":0.5641809291,
        "f":0.5593939394
      },
      "dep":{
        "p":0.0,
        "r":0.0,
        "f":0.0
      },
      "advmod:neg":{
        "p":0.0625,
        "r":0.7037037037,
        "f":0.1148036254
      },
      "case":{
        "p":0.8855780691,
        "r":0.8639534884,
        "f":0.8746321366
      },
      "obl":{
        "p":0.4457746479,
        "r":0.3725721012,
        "f":0.4058993267
      },
      "discourse":{
        "p":0.6337522442,
        "r":0.4675496689,
        "f":0.5381097561
      },
      "nmod":{
        "p":0.3748946925,
        "r":0.4895489549,
        "f":0.4246183206
      },
      "nsubj:pass":{
        "p":0.3704600484,
        "r":0.3722627737,
        "f":0.3713592233
      },
      "acl":{
        "p":0.1012658228,
        "r":0.0607210626,
        "f":0.0759193357
      },
      "xcomp":{
        "p":0.3355263158,
        "r":0.4285714286,
        "f":0.3763837638
      },
      "cc":{
        "p":0.6832694764,
        "r":0.6476997579,
        "f":0.6650093226
      },
      "conj":{
        "p":0.3708609272,
        "r":0.3241678726,
        "f":0.3459459459
      },
      "advcl":{
        "p":0.3226703755,
        "r":0.1981212639,
        "f":0.2455026455
      },
      "acl:relcl":{
        "p":0.012371134,
        "r":0.2068965517,
        "f":0.0233463035
      },
      "obl:arg":{
        "p":0.3145400593,
        "r":0.5273631841,
        "f":0.3940520446
      },
      "det":{
        "p":0.5574762316,
        "r":0.614871306,
        "f":0.5847688123
      },
      "advmod:lmod":{
        "p":0.0,
        "r":0.0,
        "f":0.0
      },
      "advcl:relcl":{
        "p":0.0,
        "r":0.0,
        "f":0.0
      },
      "nsubj:outer":{
        "p":0.0,
        "r":0.0,
        "f":0.0
      },
      "mark":{
        "p":0.497382199,
        "r":0.7251908397,
        "f":0.5900621118
      },
      "amod":{
        "p":0.3523956723,
        "r":0.3502304147,
        "f":0.3513097072
      },
      "aux":{
        "p":0.0,
        "r":0.0,
        "f":0.0
      },
      "obl:agent":{
        "p":0.1935483871,
        "r":0.0967741935,
        "f":0.1290322581
      },
      "parataxis":{
        "p":0.0,
        "r":0.0,
        "f":0.0
      },
      "flat":{
        "p":0.0,
        "r":0.0,
        "f":0.0
      },
      "aux:pass":{
        "p":0.5354330709,
        "r":0.7351351351,
        "f":0.6195899772
      },
      "advmod:emph":{
        "p":0.0058823529,
        "r":0.1666666667,
        "f":0.0113636364
      },
      "orphan":{
        "p":0.0909090909,
        "r":0.037037037,
        "f":0.0526315789
      },
      "reparandum":{
        "p":0.0,
        "r":0.0,
        "f":0.0
      },
      "nummod":{
        "p":0.6470588235,
        "r":0.431372549,
        "f":0.5176470588
      },
      "advmod:tmod":{
        "p":0.1111111111,
        "r":0.3448275862,
        "f":0.1680672269
      },
      "advcl:abs":{
        "p":0.08,
        "r":0.1538461538,
        "f":0.1052631579
      },
      "vocative":{
        "p":0.1666666667,
        "r":0.0147058824,
        "f":0.027027027
      },
      "appos":{
        "p":0.1785714286,
        "r":0.0306748466,
        "f":0.0523560209
      },
      "csubj:pass":{
        "p":0.0576923077,
        "r":0.1666666667,
        "f":0.0857142857
      },
      "advcl:cmp":{
        "p":0.0512820513,
        "r":0.0555555556,
        "f":0.0533333333
      },
      "fixed":{
        "p":0.0,
        "r":0.0,
        "f":0.0
      },
      "csubj:relcl":{
        "p":0.0,
        "r":0.0,
        "f":0.0
      },
      "csubj":{
        "p":0.1007194245,
        "r":0.3783783784,
        "f":0.1590909091
      },
      "ccomp:relcl":{
        "p":0.0,
        "r":0.0,
        "f":0.0
      },
      "dislocated":{
        "p":0.0,
        "r":0.0,
        "f":0.0
      },
      "advcl:pred":{
        "p":0.0,
        "r":0.0,
        "f":0.0
      },
      "flat:name":{
        "p":0.0,
        "r":0.0,
        "f":0.0
      },
      "expl:pass":{
        "p":0.0,
        "r":0.0,
        "f":0.0
      },
      "flat:foreign":{
        "p":0.0,
        "r":0.0,
        "f":0.0
      },
      "conj:expl":{
        "p":0.0,
        "r":0.0,
        "f":0.0
      },
      "ccomp:reported":{
        "p":0.0,
        "r":0.0,
        "f":0.0
      },
      "obl:lmod":{
        "p":0.0,
        "r":0.0,
        "f":0.0
      }
    }
  },
  "trainable_lemmatizer":{
    "lemma_acc":0.7679051078
  },
  "tagger":{
    "tag_acc":0.0
  },
  "morphologizer":{
    "pos_acc":0.7971033179,
    "morph_acc":0.2570857597,
    "morph_micro_p":0.6483913483,
    "morph_micro_r":0.772224636,
    "morph_micro_f":0.7049107971,
    "morph_per_feat":{
      "Case":{
        "p":0.8160364944,
        "r":0.8087992348,
        "f":0.8124017467
      },
      "Gender":{
        "p":0.7877741484,
        "r":0.7534588949,
        "f":0.7702345104
      },
      "Number":{
        "p":0.9319392648,
        "r":0.9074050058,
        "f":0.9195085091
      },
      "PronType":{
        "p":0.5537990821,
        "r":0.8883435583,
        "f":0.6822679441
      },
      "Person":{
        "p":0.9347989008,
        "r":0.6545390939,
        "f":0.7699588477
      },
      "Mood":{
        "p":0.9034724435,
        "r":0.7159808129,
        "f":0.7988732394
      },
      "Tense":{
        "p":0.8190506531,
        "r":0.4850943396,
        "f":0.6093138998
      },
      "VerbForm":{
        "p":0.8781058696,
        "r":0.8814386409,
        "f":0.8797690989
      },
      "Voice":{
        "p":0.8612297182,
        "r":0.7487008166,
        "f":0.8010325655
      },
      "Polarity":{
        "p":0.7662037037,
        "r":0.9511494253,
        "f":0.8487179487
      },
      "InflClass":{
        "p":0.0,
        "r":0.0,
        "f":0.0
      },
      "Aspect":{
        "p":0.3851957586,
        "r":0.7963743676,
        "f":0.5192413414
      },
      "InflClass[nominal]":{
        "p":0.0,
        "r":0.0,
        "f":0.0
      },
      "Degree":{
        "p":0.5129151292,
        "r":0.1034996277,
        "f":0.1722428748
      },
      "AdvType":{
        "p":0.3275862069,
        "r":0.59375,
        "f":0.4222222222
      },
      "Reflex":{
        "p":0.9324894515,
        "r":0.9910313901,
        "f":0.9608695652
      },
      "NumType":{
        "p":0.0693877551,
        "r":0.7727272727,
        "f":0.127340824
      },
      "Form":{
        "p":0.0,
        "r":0.0,
        "f":0.0
      },
      "Compound":{
        "p":0.0172413793,
        "r":1.0,
        "f":0.0338983051
      },
      "NameType":{
        "p":0.0,
        "r":0.0,
        "f":0.0
      },
      "Poss":{
        "p":0.9775280899,
        "r":0.9863945578,
        "f":0.9819413093
      },
      "Number[psor]":{
        "p":0.0971786834,
        "r":0.96875,
        "f":0.1766381766
      },
      "Person[psor]":{
        "p":0.1056179775,
        "r":0.9791666667,
        "f":0.1906693712
      },
      "NumForm":{
        "p":0.0,
        "r":0.0,
        "f":0.0
      },