{
  "tokenizer":{
    "token_acc":1.0,
    "token_p":1.0,
    "token_r":1.0,
    "token_f":1.0
  },
  "transformer":{

  },
  "parser":{
    "sents_p":0.975308642,
    "sents_r":0.9875,
    "sents_f":0.9813664596,
    "dep_uas":0.190440904,
    "dep_las":0.0429788811,
    "dep_las_per_type":{
      "obl":{
        "p":0.0333333333,
        "r":0.021978022,
        "f":0.0264900662
      },
      "vocative":{
        "p":0.0,
        "r":0.0,
        "f":0.0
      },
      "advmod":{
        "p":0.0416666667,
        "r":0.0138888889,
        "f":0.0208333333
      },
      "case":{
        "p":0.0,
        "r":0.0,
        "f":0.0
      },
      "acl":{
        "p":0.0064935065,
        "r":0.0086206897,
        "f":0.0074074074
      },
      "conj":{
        "p":0.0244648318,
        "r":0.0454545455,
        "f":0.0318091451
      },
      "amod":{
        "p":0.0176211454,
        "r":0.0615384615,
        "f":0.0273972603
      },
      "obj":{
        "p":0.033557047,
        "r":0.0230414747,
        "f":0.0273224044
      },
      "root":{
        "p":0.187654321,
        "r":0.19,
        "f":0.1888198758
      },
      "nsubj":{
        "p":0.0847457627,
        "r":0.0156739812,
        "f":0.0264550265
      },
      "nmod":{
        "p":0.0255102041,
        "r":0.0320512821,
        "f":0.0284090909
      },
      "advcl:abs":{
        "p":0.0,
        "r":0.0,
        "f":0.0
      },
      "dep":{
        "p":0.0,
        "r":0.0,
        "f":0.0
      },
      "advcl:pred":{
        "p":0.0,
        "r":0.0,
        "f":0.0
      },
      "orphan":{
        "p":0.0,
        "r":0.0,
        "f":0.0
      },
      "det":{
        "p":0.037037037,
        "r":0.0256410256,
        "f":0.0303030303
      },
      "iobj":{
        "p":0.0,
        "r":0.0,
        "f":0.0
      },
      "xcomp":{
        "p":0.0,
        "r":0.0,
        "f":0.0
      },
      "discourse":{
        "p":0.0333333333,
        "r":0.010989011,
        "f":0.0165289256
      },
      "advcl":{
        "p":0.0,
        "r":0.0,
        "f":0.0
      },
      "cc":{
        "p":0.0,
        "r":0.0,
        "f":0.0
      },
      "obl:arg":{
        "p":0.0,
        "r":0.0,
        "f":0.0
      },
      "appos":{
        "p":0.0,
        "r":0.0,
        "f":0.0
      },
      "ccomp":{
        "p":0.0,
        "r":0.0,
        "f":0.0
      },
      "advcl:cmp":{
        "p":0.0,
        "r":0.0,
        "f":0.0
      },
      "advmod:neg":{
        "p":0.0,
        "r":0.0,
        "f":0.0
      },
      "mark":{
        "p":0.0,
        "r":0.0,
        "f":0.0
      },
      "nummod":{
        "p":0.0238095238,
        "r":0.037037037,
        "f":0.0289855072
      },
      "flat":{
        "p":0.0,
        "r":0.0,
        "f":0.0
      },
      "cop":{
        "p":0.0,
        "r":0.0,
        "f":0.0
      },
      "fixed":{
        "p":0.0,
        "r":0.0,
        "f":0.0
      },
      "aux":{
        "p":0.0,
        "r":0.0,
        "f":0.0
      },
      "flat:foreign":{
        "p":0.0,
        "r":0.0,
        "f":0.0
      },
      "parataxis":{
        "p":0.0,
        "r":0.0,
        "f":0.0
      },
      "acl:relcl":{
        "p":0.0,
        "r":0.0,
        "f":0.0
      },
      "compound":{
        "p":0.0,
        "r":0.0,
        "f":0.0
      },
      "advmod:emph":{
        "p":0.0,
        "r":0.0,
        "f":0.0
      },
      "reparandum":{
        "p":0.0,
        "r":0.0,
        "f":0.0
      },
      "csubj":{
        "p":0.0,
        "r":0.0,
        "f":0.0
      },
      "advcl:relcl":{
        "p":0.0,
        "r":0.0,
        "f":0.0
      },
      "advmod:lmod":{
        "p":0.0,
        "r":0.0,
        "f":0.0
      },
      "dislocated:obj":{
        "p":0.0,
        "r":0.0,
        "f":0.0
      },
      "nsubj:pass":{
        "p":0.0,
        "r":0.0,
        "f":0.0
      },
      "aux:pass":{
        "p":0.0,
        "r":0.0,
        "f":0.0
      },
      "obl:agent":{
        "p":0.0,
        "r":0.0,
        "f":0.0
      }
    }
  },
  "trainable_lemmatizer":{
    "lemma_acc":0.2392817882
  },
  "tagger":{
    "tag_acc":0.0
  },
  "morphologizer":{
    "pos_acc":0.2293880542,
    "morph_acc":0.0813484793,
    "morph_micro_p":0.2000751221,
    "morph_micro_r":0.2336940626,
    "morph_micro_f":0.2155817875,
    "morph_per_feat":{
      "Case":{
        "p":0.2081254455,
        "r":0.1785932722,
        "f":0.1922317314
      },
      "Number":{
        "p":0.5569540592,
        "r":0.4291949564,
        "f":0.4847986853
      },
      "Gender":{
        "p":0.2536549708,
        "r":0.2176913425,
        "f":0.2343011479
      },
      "Tense":{
        "p":0.1,
        "r":0.0349907919,
        "f":0.0518417462
      },
      "VerbForm":{
        "p":0.0481400438,
        "r":0.1605839416,
        "f":0.0740740741
      },
      "Mood":{
        "p":0.0526315789,
        "r":0.0234192037,
        "f":0.0324149109
      },
      "Person":{
        "p":0.1042654028,
        "r":0.0515222482,
        "f":0.0689655172
      },
      "InflClass":{
        "p":0.0,
        "r":0.0,
        "f":0.0
      },
      "Aspect":{
        "p":0.0,
        "r":0.0,
        "f":0.0
      },
      "Voice":{
        "p":0.0023980815,
        "r":0.0769230769,
        "f":0.0046511628
      },
      "InflClass[nominal]":{
        "p":0.0,
        "r":0.0,
        "f":0.0
      },
      "Foreign":{
        "p":0.0,
        "r":0.0,
        "f":0.0
      },
      "PronType":{
        "p":0.0,
        "r":0.0,
        "f":0.0
      },
      "Abbr":{
        "p":0.0,
        "r":0.0,
        "f":0.0
      },
      "Degree":{
        "p":0.0,
        "r":0.0,
        "f":0.0
      },
      "AdvType":{
        "p":0.0,
        "r":0.0,
        "f":0.0
      },
      "NumType":{
        "p":0.0,
        "r":0.0,
        "f":0.0
      },
      "Polarity":{
        "p":0.0,
        "r":0.0,
        "f":0.0
      },
      "NameType":{
        "p":0.0,
        "r":0.0,
        "f":0.0
      },
      "PartType":{
        "p":0.0,
        "r":0.0,
        "f":0.0
      },
      "Proper":{
        "p":0.0,
        "r":0.0,
        "f":0.0
      },
      "Form":{
        "p":0.0,
        "r":0.0,
        "f":0.0
      },
      "Compound":{
        "p":0.0,
        "r":0.0,
        "f":0.0
      },
      "NumValue":{
        "p":0.0,
        "r":0.0,
        "f":0.0
      },
      "NumForm":{
        "p":0.0,
        "r":0.0,
        "f":0.0
      }
    }
  },
  "speed":729.6951387572
}