{
  "tokenizer":{
    "token_acc":0.9996152111,
    "token_p":0.9922378791,
    "token_r":0.9963360691,
    "token_f":0.9942827512
  },
  "transformer":{

  },
  "parser":{
    "sents_p":0.9870984729,
    "sents_r":0.993902439,
    "sents_f":0.9904887715,
    "dep_uas":0.8785744274,
    "dep_las":0.8399409204,
    "dep_las_per_type":{
      "root":{
        "p":0.9228338162,
        "r":0.9289501591,
        "f":0.9258818866
      },
      "cc":{
        "p":0.8743762841,
        "r":0.8863433502,
        "f":0.8803191489
      },
      "mark":{
        "p":0.868043603,
        "r":0.8653131255,
        "f":0.8666762137
      },
      "amod":{
        "p":0.8874052689,
        "r":0.8877256318,
        "f":0.8875654214
      },
      "nsubj:pass":{
        "p":0.834760274,
        "r":0.8545135846,
        "f":0.8445214379
      },
      "advmod:neg":{
        "p":0.8875351453,
        "r":0.8688073394,
        "f":0.8780713955
      },
      "advcl":{
        "p":0.7140612726,
        "r":0.7115459883,
        "f":0.7128014115
      },
      "case":{
        "p":0.971792392,
        "r":0.9691367947,
        "f":0.9704627767
      },
      "nsubj":{
        "p":0.8564749883,
        "r":0.8397891359,
        "f":0.8480499942
      },
      "obl":{
        "p":0.8100672509,
        "r":0.8046558704,
        "f":0.8073524931
      },
      "acl:relcl":{
        "p":0.6666666667,
        "r":0.6969459671,
        "f":0.6814701378
      },
      "nmod":{
        "p":0.838659565,
        "r":0.8499775079,
        "f":0.8442806077
      },
      "obj":{
        "p":0.8213058419,
        "r":0.8381763527,
        "f":0.8296553434
      },
      "det":{
        "p":0.9256336681,
        "r":0.9347983579,
        "f":0.9301934399
      },
      "advmod":{
        "p":0.8416554206,
        "r":0.8363880197,
        "f":0.8390134529
      },
      "csubj:pass":{
        "p":0.6745283019,
        "r":0.7647058824,
        "f":0.7167919799
      },
      "cop":{
        "p":0.8336314848,
        "r":0.8436934218,
        "f":0.8386322735
      },
      "advmod:lmod":{
        "p":0.9150943396,
        "r":0.9023255814,
        "f":0.9086651054
      },
      "fixed":{
        "p":0.9453125,
        "r":0.9404145078,
        "f":0.9428571429
      },
      "obl:arg":{
        "p":0.818627451,
        "r":0.824691358,
        "f":0.8216482165
      },
      "appos":{
        "p":0.955967555,
        "r":0.974025974,
        "f":0.9649122807
      },
      "conj":{
        "p":0.7030456853,
        "r":0.7052333805,
        "f":0.7041378336
      },
      "xcomp":{
        "p":0.8301369863,
        "r":0.8015873016,
        "f":0.8156123822
      },
      "ccomp:relcl":{
        "p":0.4444444444,
        "r":0.3448275862,
        "f":0.3883495146
      },
      "acl":{
        "p":0.787388844,
        "r":0.7257824143,
        "f":0.7553315238
      },
      "discourse":{
        "p":0.8632750397,
        "r":0.8551181102,
        "f":0.8591772152
      },
      "orphan":{
        "p":0.3540372671,
        "r":0.3904109589,
        "f":0.3713355049
      },
      "csubj":{
        "p":0.7370184255,
        "r":0.7236842105,
        "f":0.7302904564
      },
      "advmod:emph":{
        "p":0.7012779553,
        "r":0.6681887367,
        "f":0.6843335931
      },
      "flat":{
        "p":0.9133333333,
        "r":0.9133333333,
        "f":0.9133333333
      },
      "dislocated:obj":{
        "p":0.7857142857,
        "r":0.6875,
        "f":0.7333333333
      },
      "nummod":{
        "p":0.8761061947,
        "r":0.7826086957,
        "f":0.8267223382
      },
      "compound":{
        "p":0.75,
        "r":0.6,
        "f":0.6666666667
      },
      "ccomp:reported":{
        "p":0.5625,
        "r":0.5,
        "f":0.5294117647
      },
      "parataxis":{
        "p":0.3928571429,
        "r":0.2894736842,
        "f":0.3333333333
      },
      "dep":{
        "p":0.0127388535,
        "r":0.2352941176,
        "f":0.0241691843
      },
      "ccomp":{
        "p":0.6436285097,
        "r":0.6131687243,
        "f":0.6280295047
      },
      "aux:pass":{
        "p":0.9174107143,
        "r":0.9298642534,
        "f":0.9235955056
      },
      "csubj:relcl":{
        "p":0.5819672131,
        "r":0.5220588235,
        "f":0.5503875969
      },
      "advcl:abs":{
        "p":0.3333333333,
        "r":0.2142857143,
        "f":0.2608695652
      },
      "aux":{
        "p":0.0,
        "r":0.0,
        "f":0.0
      },
      "conj:expl":{
        "p":0.4210526316,
        "r":0.2696629213,
        "f":0.3287671233
      },
      "advcl:cmp":{
        "p":0.3529411765,
        "r":0.2589928058,
        "f":0.2987551867
      },
      "advcl:pred":{
        "p":0.2794117647,
        "r":0.2345679012,
        "f":0.255033557
      },
      "obl:agent":{
        "p":0.3333333333,
        "r":0.1538461538,
        "f":0.2105263158
      },
      "obl:lmod":{
        "p":0.0,
        "r":0.0,
        "f":0.0
      },
      "dislocated:nsubj":{
        "p":0.8333333333,
        "r":0.5555555556,
        "f":0.6666666667
      },
      "advmod:tmod":{
        "p":0.8018018018,
        "r":0.7672413793,
        "f":0.7841409692
      },
      "expl:pass":{
        "p":0.8518518519,
        "r":0.6764705882,
        "f":0.7540983607
      },
      "reparandum":{
        "p":0.3333333333,
        "r":0.2666666667,
        "f":0.2962962963
      },
      "advcl:relcl":{
        "p":0.2777777778,
        "r":0.0746268657,
        "f":0.1176470588
      },
      "obl:tmod":{
        "p":0.0,
        "r":0.0,
        "f":0.0
      },
      "nsubj:outer":{
        "p":0.0,
        "r":0.0,
        "f":0.0
      },
      "flat:name":{
        "p":0.0,
        "r":0.0,
        "f":0.0
      },
      "obl:cmp":{
        "p":0.0,
        "r":0.0,
        "f":0.0
      },
      "vocative":{
        "p":0.5555555556,
        "r":0.3571428571,
        "f":0.4347826087
      },
      "cop:outer":{
        "p":0.0,
        "r":0.0,
        "f":0.0
      },
      "csubj:outer":{
        "p":0.0,
        "r":0.0,
        "f":0.0
      },
      "flat:foreign":{
        "p":0.0,
        "r":0.0,
        "f":0.0
      },
      "parataxis:reporting":{
        "p":0.0,
        "r":0.0,
        "f":0.0
      },
      "dislocated":{
        "p":0.0,
        "r":0.0,
        "f":0.0
      },
      "csubj:cleft":{
        "p":0.0,
        "r":0.0,
        "f":0.0
      },
      "csubj:reported":{
        "p":0.0,
        "r":0.0,
        "f":0.0
      },
      "iobj":{
        "p":0.0,
        "r":0.0,
        "f":0.0
      },
      "dislocated:csubj":{
        "p":0.0,
        "r":0.0,
        "f":0.0
      }
    }
  },
  "trainable_lemmatizer":{
    "lemma_acc":0.9681426168
  },
  "tagger":{
    "tag_acc":0.9423445996
  },
  "morphologizer":{
    "pos_acc":0.9844398686,
    "morph_acc":0.9507213541,
    "morph_micro_p":0.9756780542,
    "morph_micro_r":0.9724287383,
    "morph_micro_f":0.9740506864,
    "morph_per_feat":{
      "Case":{
        "p":0.953999652,
        "r":0.9524526554,
        "f":0.953225526
      },
      "Gender":{
        "p":0.9617705053,
        "r":0.9599905998,
        "f":0.9608797283
      },
      "InflClass":{
        "p":0.9750360231,
        "r":0.9728282356,
        "f":0.9739308781
      },
      "Number":{
        "p":0.9876583918,
        "r":0.9855692394,
        "f":0.9866127097
      },
      "Polarity":{
        "p":0.998492841,
        "r":0.9721203228,
        "f":0.9851301115
      },
      "Aspect":{
        "p":0.9802585429,
        "r":0.9798657718,
        "f":0.980062118
      },
      "Mood":{
        "p":0.9881126852,
        "r":0.9820359281,
        "f":0.9850649351
      },
      "Person":{
        "p":0.9920558498,
        "r":0.9867113612,
        "f":0.989376388
      },
      "Tense":{
        "p":0.9853444064,
        "r":0.9792846739,
        "f":0.9823051948
      },
      "VerbForm":{
        "p":0.9864907568,