{
  "tokenizer":{
    "token_acc":1.0,
    "token_p":0.997476277,
    "token_r":0.9991405026,
    "token_f":0.9983076962
  },
  "transformer":{

  },
  "parser":{
    "sents_p":0.941730934,
    "sents_r":0.9712770658,
    "sents_f":0.9562758321,
    "dep_uas":0.2986685468,
    "dep_las":0.1248813817,
    "dep_las_per_type":{
      "discourse":{
        "p":0.2379182156,
        "r":0.0948148148,
        "f":0.1355932203
      },
      "case":{
        "p":0.803030303,
        "r":0.4319749216,
        "f":0.5617611088
      },
      "root":{
        "p":0.3788527397,
        "r":0.3910737958,
        "f":0.3848662753
      },
      "nsubj":{
        "p":0.1388888889,
        "r":0.0245614035,
        "f":0.0417412045
      },
      "det":{
        "p":0.0582524272,
        "r":0.0294695481,
        "f":0.0391389432
      },
      "obl":{
        "p":0.2109777015,
        "r":0.0841313269,
        "f":0.1202933985
      },
      "acl":{
        "p":0.0053191489,
        "r":0.0058309038,
        "f":0.0055632823
      },
      "obj":{
        "p":0.1060606061,
        "r":0.0046388337,
        "f":0.0088888889
      },
      "mark":{
        "p":0.0044843049,
        "r":0.0053191489,
        "f":0.00486618
      },
      "advcl":{
        "p":0.0133422282,
        "r":0.0203665988,
        "f":0.0161225312
      },
      "amod":{
        "p":0.043697479,
        "r":0.0334620335,
        "f":0.0379008746
      },
      "dep":{
        "p":0.0004807692,
        "r":0.0294117647,
        "f":0.0009460738
      },
      "cc":{
        "p":0.4688995215,
        "r":0.1301460823,
        "f":0.2037422037
      },
      "conj":{
        "p":0.0395933654,
        "r":0.1354071363,
        "f":0.0612709584
      },
      "advmod":{
        "p":0.1607142857,
        "r":0.0207055215,
        "f":0.0366847826
      },
      "expl:pv":{
        "p":0.0,
        "r":0.0,
        "f":0.0
      },
      "obl:arg":{
        "p":0.2293577982,
        "r":0.0400641026,
        "f":0.068212824
      },
      "parataxis":{
        "p":0.0,
        "r":0.0,
        "f":0.0
      },
      "nsubj:pass":{
        "p":0.0,
        "r":0.0,
        "f":0.0
      },
      "dislocated":{
        "p":0.0,
        "r":0.0,
        "f":0.0
      },
      "advcl:pred":{
        "p":0.0,
        "r":0.0,
        "f":0.0
      },
      "advmod:neg":{
        "p":0.0,
        "r":0.0,
        "f":0.0
      },
      "cop":{
        "p":0.0,
        "r":0.0,
        "f":0.0
      },
      "vocative":{
        "p":0.0,
        "r":0.0,
        "f":0.0
      },
      "flat:name":{
        "p":0.0,
        "r":0.0,
        "f":0.0
      },
      "xcomp":{
        "p":0.013986014,
        "r":0.0063291139,
        "f":0.0087145969
      },
      "appos":{
        "p":0.0263157895,
        "r":0.0050761421,
        "f":0.0085106383
      },
      "flat":{
        "p":0.0,
        "r":0.0,
        "f":0.0
      },
      "nmod":{
        "p":0.012195122,
        "r":0.0386266094,
        "f":0.0185375901
      },
      "nummod":{
        "p":0.0192307692,
        "r":0.0153846154,
        "f":0.0170940171
      },
      "orphan":{
        "p":0.0043859649,
        "r":0.0084033613,
        "f":0.0057636888
      },
      "aux":{
        "p":0.0,
        "r":0.0,
        "f":0.0
      },
      "advcl:cmp":{
        "p":0.0,
        "r":0.0,
        "f":0.0
      },
      "ccomp":{
        "p":0.0,
        "r":0.0,
        "f":0.0
      },
      "obl:agent":{
        "p":0.0,
        "r":0.0,
        "f":0.0
      },
      "csubj":{
        "p":0.0,
        "r":0.0,
        "f":0.0
      },
      "nsubj:outer":{
        "p":0.0,
        "r":0.0,
        "f":0.0
      },
      "fixed":{
        "p":0.0,
        "r":0.0,
        "f":0.0
      },
      "acl:relcl":{
        "p":0.0,
        "r":0.0,
        "f":0.0
      },
      "reparandum":{
        "p":0.0,
        "r":0.0,
        "f":0.0
      },
      "advcl:relcl":{
        "p":0.0,
        "r":0.0,
        "f":0.0
      },
      "advmod:emph":{
        "p":0.0,
        "r":0.0,
        "f":0.0
      },
      "flat:foreign":{
        "p":0.0,
        "r":0.0,
        "f":0.0
      },
      "csubj:pass":{
        "p":0.0,
        "r":0.0,
        "f":0.0
      },
      "advmod:lmod":{
        "p":0.0,
        "r":0.0,
        "f":0.0
      },
      "dislocated:obj":{
        "p":0.0,
        "r":0.0,
        "f":0.0
      },
      "ccomp:relcl":{
        "p":0.0,
        "r":0.0,
        "f":0.0
      },
      "csubj:relcl":{
        "p":0.0,
        "r":0.0,
        "f":0.0
      },
      "advcl:abs":{
        "p":0.0,
        "r":0.0,
        "f":0.0
      },
      "aux:pass":{
        "p":0.0,
        "r":0.0,
        "f":0.0
      }
    }
  },
  "trainable_lemmatizer":{
    "lemma_acc":0.2245181499
  },
  "tagger":{
    "tag_acc":0.0
  },
  "morphologizer":{
    "pos_acc":0.2878006873,
    "morph_acc":0.2285902004,
    "morph_micro_p":0.272166855,
    "morph_micro_r":0.1632917245,
    "morph_micro_f":0.2041185876,
    "morph_per_feat":{
      "Case":{
        "p":0.1730266597,
        "r":0.1244127044,
        "f":0.1447469116
      },
      "Gender":{
        "p":0.2685428722,
        "r":0.2081973899,
        "f":0.2345508844
      },
      "Number":{
        "p":0.6122906346,
        "r":0.3802373279,
        "f":0.4691369182
      },
      "Person":{
        "p":0.3492586491,
        "r":0.0392156863,
        "f":0.0705138866
      },
      "PronType":{
        "p":0.0679245283,
        "r":0.0073409462,
        "f":0.013249908
      },
      "Aspect":{
        "p":0.0949214027,
        "r":0.1131123919,
        "f":0.1032215648
      },
      "InflClass":{
        "p":0.0,
        "r":0.0,
        "f":0.0
      },
      "InflClass[nominal]":{
        "p":0.0,
        "r":0.0,
        "f":0.0
      },
      "VerbForm":{
        "p":0.2690302398,
        "r":0.1102564103,
        "f":0.1564110336
      },
      "Voice":{
        "p":0.2766343826,
        "r":0.0978586724,
        "f":0.1445745017
      },
      "Mood":{
        "p":0.4507512521,
        "r":0.0894039735,
        "f":0.1492124896
      },
      "Tense":{
        "p":0.2604340568,
        "r":0.0334047109,
        "f":0.0592142722
      },
      "Variant":{
        "p":0.0,
        "r":0.0,
        "f":0.0
      },
      "Degree":{
        "p":0.004587156,
        "r":0.000770416,
        "f":0.0013192612
      },
      "Reflex":{
        "p":0.125,
        "r":0.0014534884,
        "f":0.0028735632
      },
      "Poss":{
        "p":1.0,
        "r":0.001953125,
        "f":0.0038986355
      },
      "Polarity":{
        "p":0.8865248227,
        "r":0.6172839506,
        "f":0.7278020378
      },
      "Number[psor]":{
        "p":0.0,
        "r":0.0,
        "f":0.0
      },
      "Person[psor]":{
        "p":0.0,
        "r":0.0,
        "f":0.0
      },
      "NumType":{
        "p":0.0,
        "r":0.0,
        "f":0.0
      },
      "NumValue":{
        "p":0.0,
        "r":0.0,
        "f":0.0
      },
      "Abbr":{
        "p":0.0,
        "r":0.0,
        "f":0.0
      },
      "Foreign":{
        "p":0.0,
        "r":0.0,
        "f":0.0
      },
      "NameType":{
        "p":0.0,
        "r":0.0,
        "f":0.0
      },
      "Proper":{
        "p":0.0,
        "r":0.0,
        "f":0.0
      },
      "AdvType":{
        "p":0.0,
        "r":0.0,
        "f":0.0
      },
      "NumForm":{
        "p":0.0,
        "r":0.0,
        "f":0.0
      },
      "Compound":{
        "p":0.0,
        "r":0.0,
        "f":0.0
      },
      "Form":{
        "p":0.0,
        "r":0.0,
        "f":0.0
      },
      "PartType":{
        "p":0.0,
        "r":0.0,
        "f":0.0
      }
    }
  },
  "speed":1497.0923224234
}