{
  "tokenizer":{
    "token_acc":0.9987632593,
    "token_p":0.9895828378,
    "token_r":0.9929125403,
    "token_f":0.9912448929
  },
  "transformer":{

  },
  "parser":{
    "sents_p":0.9285492389,
    "sents_r":0.9641935484,
    "sents_f":0.9460357652,
    "dep_uas":0.3299045858,
    "dep_las":0.1508983573,
    "dep_las_per_type":{
      "nsubj":{
        "p":0.1132653061,
        "r":0.0403343023,
        "f":0.0594855305
      },
      "case":{
        "p":0.3806818182,
        "r":0.2494415488,
        "f":0.3013945119
      },
      "obl":{
        "p":0.0889801506,
        "r":0.0965466023,
        "f":0.0926090828
      },
      "root":{
        "p":0.3216174184,
        "r":0.3335483871,
        "f":0.3274742676
      },
      "det":{
        "p":0.5350935829,
        "r":0.3462370242,
        "f":0.4204306723
      },
      "flat:name":{
        "p":0.0,
        "r":0.0,
        "f":0.0
      },
      "advcl":{
        "p":0.0159616919,
        "r":0.0098039216,
        "f":0.0121469784
      },
      "cop":{
        "p":0.0,
        "r":0.0,
        "f":0.0
      },
      "acl":{
        "p":0.0052656774,
        "r":0.0221774194,
        "f":0.0085106383
      },
      "obj":{
        "p":0.1397000789,
        "r":0.0564053537,
        "f":0.0803632236
      },
      "obl:arg":{
        "p":0.0544918999,
        "r":0.0620805369,
        "f":0.0580392157
      },
      "nmod":{
        "p":0.0592846644,
        "r":0.0793702853,
        "f":0.0678726686
      },
      "amod":{
        "p":0.0209973753,
        "r":0.0961923848,
        "f":0.034470377
      },
      "conj":{
        "p":0.0809708342,
        "r":0.1886882129,
        "f":0.1133152562
      },
      "advmod":{
        "p":0.3119266055,
        "r":0.0672102792,
        "f":0.1105915837
      },
      "cc":{
        "p":0.4016938899,
        "r":0.2625543693,
        "f":0.3175514108
      },
      "xcomp":{
        "p":0.0288624788,
        "r":0.0175619835,
        "f":0.0218368658
      },
      "appos":{
        "p":0.0,
        "r":0.0,
        "f":0.0
      },
      "dep":{
        "p":0.0,
        "r":0.0,
        "f":0.0
      },
      "mark":{
        "p":0.1514143095,
        "r":0.1350148368,
        "f":0.142745098
      },
      "acl:relcl":{
        "p":0.0,
        "r":0.0,
        "f":0.0
      },
      "nsubj:pass":{
        "p":0.0051282051,
        "r":0.0054347826,
        "f":0.0052770449
      },
      "dislocated":{
        "p":0.0,
        "r":0.0,
        "f":0.0
      },
      "csubj":{
        "p":0.0,
        "r":0.0,
        "f":0.0
      },
      "advmod:emph":{
        "p":0.0,
        "r":0.0,
        "f":0.0
      },
      "advcl:pred":{
        "p":0.0,
        "r":0.0,
        "f":0.0
      },
      "flat":{
        "p":0.0,
        "r":0.0,
        "f":0.0
      },
      "orphan":{
        "p":0.003003003,
        "r":0.0090909091,
        "f":0.0045146727
      },
      "ccomp":{
        "p":0.0208333333,
        "r":0.0331632653,
        "f":0.0255905512
      },
      "discourse":{
        "p":0.2896174863,
        "r":0.1712439418,
        "f":0.2152284264
      },
      "obl:agent":{
        "p":0.0,
        "r":0.0,
        "f":0.0
      },
      "ccomp:relcl":{
        "p":0.0,
        "r":0.0,
        "f":0.0
      },
      "csubj:pass":{
        "p":0.0,
        "r":0.0,
        "f":0.0
      },
      "iobj":{
        "p":0.0,
        "r":0.0,
        "f":0.0
      },
      "vocative":{
        "p":0.0,
        "r":0.0,
        "f":0.0
      },
      "advmod:neg":{
        "p":0.0,
        "r":0.0,
        "f":0.0
      },
      "parataxis":{
        "p":0.0,
        "r":0.0,
        "f":0.0
      },
      "csubj:relcl":{
        "p":0.0,
        "r":0.0,
        "f":0.0
      },
      "advmod:tmod":{
        "p":0.0,
        "r":0.0,
        "f":0.0
      },
      "conj:expl":{
        "p":0.0,
        "r":0.0,
        "f":0.0
      },
      "nummod":{
        "p":0.0,
        "r":0.0,
        "f":0.0
      },
      "aux":{
        "p":0.0,
        "r":0.0,
        "f":0.0
      },
      "reparandum":{
        "p":0.0,
        "r":0.0,
        "f":0.0
      },
      "fixed":{
        "p":0.0,
        "r":0.0,
        "f":0.0
      },
      "advcl:cmp":{
        "p":0.0,
        "r":0.0,
        "f":0.0
      },
      "advmod:lmod":{
        "p":0.0,
        "r":0.0,
        "f":0.0
      },
      "advcl:abs":{
        "p":0.0,
        "r":0.0,
        "f":0.0
      },
      "aux:pass":{
        "p":0.0,
        "r":0.0,
        "f":0.0
      },
      "nsubj:outer":{
        "p":0.0,
        "r":0.0,
        "f":0.0
      },
      "advcl:relcl":{
        "p":0.0,
        "r":0.0,
        "f":0.0
      },
      "dislocated:obj":{
        "p":0.0,
        "r":0.0,
        "f":0.0
      },
      "compound":{
        "p":0.0,
        "r":0.0,
        "f":0.0
      },
      "obl:lmod":{
        "p":0.0,
        "r":0.0,
        "f":0.0
      },
      "expl:pass":{
        "p":0.0,
        "r":0.0,
        "f":0.0
      },
      "flat:foreign":{
        "p":0.0,
        "r":0.0,
        "f":0.0
      }
    }
  },
  "trainable_lemmatizer":{
    "lemma_acc":0.2114208751
  },
  "tagger":{
    "tag_acc":0.0
  },
  "morphologizer":{
    "pos_acc":0.4079418078,
    "morph_acc":0.2343567356,
    "morph_micro_p":0.2740857426,
    "morph_micro_r":0.2633326087,
    "morph_micro_f":0.2686015966,
    "morph_per_feat":{
      "Case":{
        "p":0.2007129147,
        "r":0.198168118,
        "f":0.1994323987
      },
      "Gender":{
        "p":0.3026170799,
        "r":0.2993731831,
        "f":0.3009863915
      },
      "Number":{
        "p":0.6450904393,
        "r":0.5513877641,
        "f":0.5945699202
      },
      "Aspect":{
        "p":0.1441410301,
        "r":0.2747035573,
        "f":0.1890727726
      },
      "Mood":{
        "p":0.4489023467,
        "r":0.1184341921,
        "f":0.1874209861
      },
      "Person":{
        "p":0.2842712843,
        "r":0.0600518214,
        "f":0.0991569146
      },
      "Tense":{
        "p":0.3573050719,
        "r":0.0578999019,
        "f":0.0996516415
      },
      "VerbForm":{
        "p":0.2647009828,
        "r":0.1948736816,
        "f":0.2244825881
      },
      "Voice":{
        "p":0.1997576597,
        "r":0.1417342176,
        "f":0.1658165098
      },
      "Definite":{
        "p":0.0,
        "r":0.0,
        "f":0.0
      },
      "PronType":{
        "p":0.2076806468,
        "r":0.0878205128,
        "f":0.1234419583
      },
      "InflClass":{
        "p":0.0,
        "r":0.0,
        "f":0.0
      },
      "InflClass[nominal]":{
        "p":0.0,
        "r":0.0,
        "f":0.0
      },
      "NameType":{
        "p":0.0,
        "r":0.0,
        "f":0.0
      },
      "Compound":{
        "p":0.0,
        "r":0.0,
        "f":0.0
      },
      "Degree":{
        "p":0.0044843049,
        "r":0.003894081,
        "f":0.0041684035
      },
      "AdvType":{
        "p":0.0,
        "r":0.0,
        "f":0.0
      },
      "NumType":{
        "p":0.0,
        "r":0.0,
        "f":0.0
      },
      "NumValue":{
        "p":0.0,
        "r":0.0,
        "f":0.0
      },
      "Polarity":{
        "p":0.4566473988,
        "r":0.2015306122,
        "f":0.2796460177
      },
      "Form":{
        "p":0.0,
        "r":0.0,
        "f":0.0
      },
      "Poss":{
        "p":0.0,
        "r":0.0,
        "f":0.0
      },
      "Proper":{
        "p":0.0,
        "r":0.0,
        "f":0.0
      },
      "Reflex":{
        "p":0.0,
        "r":0.0,
        "f":0.0
      },
      "Abbr":{
        "p":0.0,
        "r":0.0,
        "f":0.0
      },
      "Foreign":{
        "p":0.0,
        "r":0.0,
        "f":0.0
      },
      "NumForm":{
        "p":0.0,
        "r":0.0,
        "f":0.0
      },
      "Number[psor]":{
        "p":0.0,
        "r":0.0,
        "f":0.0
      },
      "Person[psor]":{
        "p":0.0,
        "r":0.0,
        "f":0.0
      },