{
  "tokenizer":{
    "token_acc":0.9995570601,
    "token_p":0.9645015345,
    "token_r":0.9836092021,
    "token_f":0.9739616613
  },
  "transformer":{

  },
  "parser":{
    "sents_p":0.8690799397,
    "sents_r":0.9308562197,
    "sents_f":0.8989079563,
    "dep_uas":0.7693946151,
    "dep_las":0.6984506551,
    "dep_las_per_type":{
      "discourse":{
        "p":0.6712141883,
        "r":0.6852367688,
        "f":0.6781529979
      },
      "vocative":{
        "p":0.5294117647,
        "r":0.3618090452,
        "f":0.4298507463
      },
      "root":{
        "p":0.7880336741,
        "r":0.8468497577,
        "f":0.8163837409
      },
      "advmod":{
        "p":0.7052896725,
        "r":0.6995627733,
        "f":0.70241455
      },
      "advcl":{
        "p":0.5266393443,
        "r":0.5617486339,
        "f":0.5436277102
      },
      "expl:pv":{
        "p":0.9683794466,
        "r":0.95703125,
        "f":0.9626719057
      },
      "obl:arg":{
        "p":0.5477582846,
        "r":0.5477582846,
        "f":0.5477582846
      },
      "case":{
        "p":0.9293802145,
        "r":0.9299344067,
        "f":0.929657228
      },
      "obl":{
        "p":0.7158469945,
        "r":0.6976036516,
        "f":0.7066075901
      },
      "nummod":{
        "p":0.5089605735,
        "r":0.7717391304,
        "f":0.6133909287
      },
      "conj":{
        "p":0.5115582192,
        "r":0.5095948827,
        "f":0.5105746635
      },
      "nsubj":{
        "p":0.6300424628,
        "r":0.6263852243,
        "f":0.6282085208
      },
      "appos":{
        "p":0.4803921569,
        "r":0.4830985915,
        "f":0.481741573
      },
      "obl:agent":{
        "p":0.4523809524,
        "r":0.3653846154,
        "f":0.4042553191
      },
      "cc":{
        "p":0.8184504268,
        "r":0.8304463691,
        "f":0.8244047619
      },
      "obj":{
        "p":0.6668711656,
        "r":0.6516786571,
        "f":0.6591873863
      },
      "nmod":{
        "p":0.4921348315,
        "r":0.4630021142,
        "f":0.477124183
      },
      "dislocated":{
        "p":0.3186813187,
        "r":0.2929292929,
        "f":0.3052631579
      },
      "det":{
        "p":0.8098256735,
        "r":0.7947122862,
        "f":0.8021978022
      },
      "amod":{
        "p":0.7522004062,
        "r":0.7496626181,
        "f":0.750929368
      },
      "xcomp":{
        "p":0.6430678466,
        "r":0.6264367816,
        "f":0.634643377
      },
      "parataxis":{
        "p":0.3291139241,
        "r":0.2826086957,
        "f":0.3040935673
      },
      "expl":{
        "p":0.3333333333,
        "r":0.125,
        "f":0.1818181818
      },
      "cop":{
        "p":0.6191950464,
        "r":0.6211180124,
        "f":0.6201550388
      },
      "nsubj:pass":{
        "p":0.5904761905,
        "r":0.5688073394,
        "f":0.5794392523
      },
      "ccomp":{
        "p":0.4193548387,
        "r":0.2626262626,
        "f":0.3229813665
      },
      "dep":{
        "p":0.1210653753,
        "r":0.3311258278,
        "f":0.1773049645
      },
      "aux":{
        "p":0.6787878788,
        "r":0.7516778523,
        "f":0.7133757962
      },
      "acl":{
        "p":0.2447916667,
        "r":0.2070484581,
        "f":0.2243436754
      },
      "mark":{
        "p":0.6025236593,
        "r":0.596875,
        "f":0.5996860283
      },
      "aux:pass":{
        "p":0.0,
        "r":0.0,
        "f":0.0
      },
      "iobj":{
        "p":0.4651162791,
        "r":0.46875,
        "f":0.46692607
      },
      "fixed":{
        "p":0.5,
        "r":0.3783783784,
        "f":0.4307692308
      },
      "flat:name":{
        "p":0.7238095238,
        "r":0.7378640777,
        "f":0.7307692308
      },
      "advcl:cmp":{
        "p":0.28125,
        "r":0.225,
        "f":0.25
      },
      "orphan":{
        "p":0.3378995434,
        "r":0.305785124,
        "f":0.3210412148
      },
      "nummod:gov":{
        "p":0.8080808081,
        "r":0.8121827411,
        "f":0.8101265823
      },
      "flat":{
        "p":0.0,
        "r":0.0,
        "f":0.0
      },
      "list":{
        "p":0.0,
        "r":0.0,
        "f":0.0
      },
      "csubj":{
        "p":0.7142857143,
        "r":0.25,
        "f":0.3703703704
      },
      "acl:relcl":{
        "p":0.0,
        "r":0.0,
        "f":0.0
      },
      "nsubj:outer":{
        "p":0.0,
        "r":0.0,
        "f":0.0
      },
      "compound":{
        "p":0.0,
        "r":0.0,
        "f":0.0
      },
      "csubj:pass":{
        "p":0.0,
        "r":0.0,
        "f":0.0
      },
      "reparandum":{
        "p":0.0,
        "r":0.0,
        "f":0.0
      },
      "goeswith":{
        "p":0.0,
        "r":0.0,
        "f":0.0
      }
    }
  },
  "trainable_lemmatizer":{
    "lemma_acc":0.78231249
  },
  "tagger":{
    "tag_acc":0.8248314914
  },
  "speed":2161.2393004749
}