{
  "tokenizer":{
    "token_acc":0.9996152111,
    "token_p":0.9922378791,
    "token_r":0.9963360691,
    "token_f":0.9942827512
  },
  "transformer":{

  },
  "parser":{
    "sents_p":0.6555147852,
    "sents_r":0.8051431601,
    "sents_f":0.7226650803,
    "dep_uas":0.3053991081,
    "dep_las":0.1088077709,
    "dep_las_per_type":{
      "root":{
        "p":0.2330180567,
        "r":0.2873806999,
        "f":0.257359924
      },
      "cc":{
        "p":0.1754913295,
        "r":0.2258256471,
        "f":0.1975019516
      },
      "mark":{
        "p":0.0425531915,
        "r":0.0085787818,
        "f":0.0142789148
      },
      "amod":{
        "p":0.060875513,
        "r":0.0642599278,
        "f":0.0625219529
      },
      "nsubj:pass":{
        "p":0.0070422535,
        "r":0.0008764242,
        "f":0.0015588465
      },
      "advmod:neg":{
        "p":0.0,
        "r":0.0,
        "f":0.0
      },
      "advcl":{
        "p":0.0299625468,
        "r":0.0031311155,
        "f":0.0056697378
      },
      "case":{
        "p":0.5073443008,
        "r":0.5552162032,
        "f":0.5302018574
      },
      "nsubj":{
        "p":0.0330409953,
        "r":0.0371304149,
        "f":0.0349665444
      },
      "obl":{
        "p":0.1135473767,
        "r":0.0293522267,
        "f":0.0466462924
      },
      "acl:relcl":{
        "p":0.0,
        "r":0.0,
        "f":0.0
      },
      "nmod":{
        "p":0.0530668504,
        "r":0.0692757535,
        "f":0.060097561
      },
      "obj":{
        "p":0.0442386831,
        "r":0.0215430862,
        "f":0.0289757412
      },
      "advmod":{
        "p":0.0293423272,
        "r":0.0388913724,
        "f":0.0334486736
      },
      "dep":{
        "p":0.0,
        "r":0.0,
        "f":0.0
      },
      "appos":{
        "p":0.0027234464,
        "r":0.012987013,
        "f":0.0045026607
      },
      "conj":{
        "p":0.0387596899,
        "r":0.0933521924,
        "f":0.05477633
      },
      "csubj:pass":{
        "p":0.0,
        "r":0.0,
        "f":0.0
      },
      "cop":{
        "p":0.0417754569,
        "r":0.0096560048,
        "f":0.0156862745
      },
      "orphan":{
        "p":0.0020876827,
        "r":0.0136986301,
        "f":0.0036231884
      },
      "advmod:lmod":{
        "p":0.0,
        "r":0.0,
        "f":0.0
      },
      "det":{
        "p":0.223706177,
        "r":0.0970780005,
        "f":0.1353991243
      },
      "fixed":{
        "p":0.0019973369,
        "r":0.0077720207,
        "f":0.0031779661
      },
      "obl:arg":{
        "p":0.0,
        "r":0.0,
        "f":0.0
      },
      "xcomp":{
        "p":0.0206185567,
        "r":0.0052910053,
        "f":0.0084210526
      },
      "ccomp:relcl":{
        "p":0.0,
        "r":0.0,
        "f":0.0
      },
      "acl":{
        "p":0.0058675608,
        "r":0.0052160954,
        "f":0.0055226824
      },
      "iobj":{
        "p":0.0,
        "r":0.0,
        "f":0.0
      },
      "nummod":{
        "p":0.0,
        "r":0.0,
        "f":0.0
      },
      "discourse":{
        "p":0.1801801802,
        "r":0.0157480315,
        "f":0.0289645185
      },
      "csubj":{
        "p":0.0,
        "r":0.0,
        "f":0.0
      },
      "advmod:emph":{
        "p":0.0,
        "r":0.0,
        "f":0.0
      },
      "parataxis":{
        "p":0.0,
        "r":0.0,
        "f":0.0
      },
      "flat":{
        "p":0.0,
        "r":0.0,
        "f":0.0
      },
      "dislocated:obj":{
        "p":0.0,
        "r":0.0,
        "f":0.0
      },
      "compound":{
        "p":0.0,
        "r":0.0,
        "f":0.0
      },
      "nummod:gov":{
        "p":0.0,
        "r":0.0,
        "f":0.0
      },
      "aux":{
        "p":0.0,
        "r":0.0,
        "f":0.0
      },
      "ccomp:reported":{
        "p":0.0,
        "r":0.0,
        "f":0.0
      },
      "ccomp":{
        "p":0.0,
        "r":0.0,
        "f":0.0
      },
      "dislocated":{
        "p":0.0,
        "r":0.0,
        "f":0.0
      },
      "advcl:cmp":{
        "p":0.0,
        "r":0.0,
        "f":0.0
      },
      "flat:name":{
        "p":0.0,
        "r":0.0,
        "f":0.0
      },
      "aux:pass":{
        "p":0.0,
        "r":0.0,
        "f":0.0
      },
      "csubj:relcl":{
        "p":0.0,
        "r":0.0,
        "f":0.0
      },
      "advcl:abs":{
        "p":0.0,
        "r":0.0,
        "f":0.0
      },
      "conj:expl":{
        "p":0.0,
        "r":0.0,
        "f":0.0
      },
      "vocative":{
        "p":0.0075757576,
        "r":0.0714285714,
        "f":0.0136986301
      },
      "advcl:pred":{
        "p":0.0,
        "r":0.0,
        "f":0.0
      },
      "obl:agent":{
        "p":0.0,
        "r":0.0,
        "f":0.0
      },
      "obl:lmod":{
        "p":0.0,
        "r":0.0,
        "f":0.0
      },
      "dislocated:nsubj":{
        "p":0.0,
        "r":0.0,
        "f":0.0
      },
      "advmod:tmod":{
        "p":0.0,
        "r":0.0,
        "f":0.0
      },
      "expl:pass":{
        "p":0.0,
        "r":0.0,
        "f":0.0
      },
      "reparandum":{
        "p":0.0,
        "r":0.0,
        "f":0.0
      },
      "advcl:relcl":{
        "p":0.0,
        "r":0.0,
        "f":0.0
      },
      "obl:tmod":{
        "p":0.0,
        "r":0.0,
        "f":0.0
      },
      "nsubj:outer":{
        "p":0.0,
        "r":0.0,
        "f":0.0
      },
      "obl:cmp":{
        "p":0.0,
        "r":0.0,
        "f":0.0
      },
      "cop:outer":{
        "p":0.0,
        "r":0.0,
        "f":0.0
      },
      "expl":{
        "p":0.0,
        "r":0.0,
        "f":0.0
      },
      "csubj:outer":{
        "p":0.0,
        "r":0.0,
        "f":0.0
      },
      "flat:foreign":{
        "p":0.0,
        "r":0.0,
        "f":0.0
      },
      "parataxis:reporting":{
        "p":0.0,
        "r":0.0,
        "f":0.0
      },
      "csubj:cleft":{
        "p":0.0,
        "r":0.0,
        "f":0.0
      },
      "csubj:reported":{
        "p":0.0,
        "r":0.0,
        "f":0.0
      },
      "dislocated:csubj":{
        "p":0.0,
        "r":0.0,
        "f":0.0
      }
    }
  },
  "trainable_lemmatizer":{
    "lemma_acc":0.462716936
  },
  "tagger":{
    "tag_acc":0.006054759
  },
  "speed":4191.5219445095
}