{
  "tokenizer":{
    "token_acc":0.9987632593,
    "token_p":0.9895828378,
    "token_r":0.9929125403,
    "token_f":0.9912448929
  },
  "transformer":{

  },
  "parser":{
    "sents_p":0.4515763212,
    "sents_r":0.6422580645,
    "sents_f":0.530296977,
    "dep_uas":0.2899438103,
    "dep_las":0.0863979849,
    "dep_las_per_type":{
      "nsubj":{
        "p":0.0483484921,
        "r":0.0367005814,
        "f":0.0417269159
      },
      "case":{
        "p":0.1801663074,
        "r":0.2177959792,
        "f":0.19720209
      },
      "obl":{
        "p":0.0517799353,
        "r":0.0178239881,
        "f":0.026519337
      },
      "root":{
        "p":0.2299977205,
        "r":0.325483871,
        "f":0.2695338587
      },
      "det":{
        "p":0.2697841727,
        "r":0.0324394464,
        "f":0.0579150579
      },
      "flat:name":{
        "p":0.0,
        "r":0.0,
        "f":0.0
      },
      "advcl":{
        "p":0.0236966825,
        "r":0.0049019608,
        "f":0.0081234768
      },
      "cop":{
        "p":0.0197802198,
        "r":0.0177514793,
        "f":0.0187110187
      },
      "acl":{
        "p":0.0044247788,
        "r":0.0080645161,
        "f":0.0057142857
      },
      "amod":{
        "p":0.009569378,
        "r":0.0280561122,
        "f":0.0142711519
      },
      "appos":{
        "p":0.0059980007,
        "r":0.0737704918,
        "f":0.0110939908
      },
      "dep":{
        "p":0.0,
        "r":0.0,
        "f":0.0
      },
      "conj":{
        "p":0.0597269625,
        "r":0.1330798479,
        "f":0.0824499411
      },
      "nmod":{
        "p":0.0511527378,
        "r":0.0465726468,
        "f":0.0487553648
      },
      "advmod":{
        "p":0.0924755887,
        "r":0.039782555,
        "f":0.0556323428
      },
      "obj":{
        "p":0.0453400504,
        "r":0.0057361377,
        "f":0.0101838755
      },
      "cc":{
        "p":0.2935614588,
        "r":0.2578094108,
        "f":0.2745263158
      },
      "xcomp":{
        "p":0.0072727273,
        "r":0.0020661157,
        "f":0.0032180209
      },
      "fixed":{
        "p":0.001048218,
        "r":0.04,
        "f":0.0020429009
      },
      "nummod:gov":{
        "p":0.0,
        "r":0.0,
        "f":0.0
      },
      "iobj":{
        "p":0.0106382979,
        "r":0.015625,
        "f":0.0126582278
      },
      "mark":{
        "p":0.0541666667,
        "r":0.0192878338,
        "f":0.0284463895
      },
      "orphan":{
        "p":0.0007380074,
        "r":0.0181818182,
        "f":0.0014184397
      },
      "nsubj:pass":{
        "p":0.0,
        "r":0.0,
        "f":0.0
      },
      "dislocated":{
        "p":0.0016638935,
        "r":0.0208333333,
        "f":0.0030816641
      },
      "csubj":{
        "p":0.0,
        "r":0.0,
        "f":0.0
      },
      "discourse":{
        "p":0.2233223322,
        "r":0.1639741519,
        "f":0.1891010713
      },
      "obl:arg":{
        "p":0.007751938,
        "r":0.0016778523,
        "f":0.0027586207
      },
      "ccomp":{
        "p":0.0289855072,
        "r":0.0051020408,
        "f":0.0086767896
      },
      "nummod":{
        "p":0.00625,
        "r":0.0090909091,
        "f":0.0074074074
      },
      "vocative":{
        "p":0.0073529412,
        "r":0.0056497175,
        "f":0.0063897764
      },
      "advcl:cmp":{
        "p":0.0,
        "r":0.0,
        "f":0.0
      },
      "obl:agent":{
        "p":0.0,
        "r":0.0,
        "f":0.0
      },
      "parataxis":{
        "p":0.0,
        "r":0.0,
        "f":0.0
      },
      "compound":{
        "p":0.0,
        "r":0.0,
        "f":0.0
      },
      "aux":{
        "p":0.0,
        "r":0.0,
        "f":0.0
      },
      "acl:relcl":{
        "p":0.0,
        "r":0.0,
        "f":0.0
      },
      "nsubj:outer":{
        "p":0.0,
        "r":0.0,
        "f":0.0
      },
      "csubj:pass":{
        "p":0.0,
        "r":0.0,
        "f":0.0
      },
      "expl:pv":{
        "p":0.0,
        "r":0.0,
        "f":0.0
      },
      "expl":{
        "p":0.0,
        "r":0.0,
        "f":0.0
      },
      "flat":{
        "p":0.0,
        "r":0.0,
        "f":0.0
      },
      "aux:pass":{
        "p":0.0,
        "r":0.0,
        "f":0.0
      }
    }
  },
  "trainable_lemmatizer":{
    "lemma_acc":0.2000500602
  },
  "tagger":{
    "tag_acc":0.0717454563
  },
  "speed":2689.9881319561
}