{
  "tokenizer":{
    "token_acc":1.0,
    "token_p":0.9963401882,
    "token_r":0.998777079,
    "token_f":0.9975571453
  },
  "transformer":{

  },
  "parser":{
    "sents_p":0.1550239234,
    "sents_r":0.3,
    "sents_f":0.2044164038,
    "dep_uas":0.2928621414,
    "dep_las":0.0893590977,
    "dep_las_per_type":{
      "cc":{
        "p":0.1503267974,
        "r":0.0440613027,
        "f":0.0681481481
      },
      "xcomp":{
        "p":0.03125,
        "r":0.0046082949,
        "f":0.0080321285
      },
      "root":{
        "p":0.2072588348,
        "r":0.4018518519,
        "f":0.2734719597
      },
      "nsubj":{
        "p":0.0463576159,
        "r":0.0310421286,
        "f":0.037184595
      },
      "nsubj:pass":{
        "p":0.0,
        "r":0.0,
        "f":0.0
      },
      "advmod":{
        "p":0.025,
        "r":0.0082872928,
        "f":0.0124481328
      },
      "acl":{
        "p":0.0,
        "r":0.0,
        "f":0.0
      },
      "case":{
        "p":0.2476446837,
        "r":0.365805169,
        "f":0.2953451043
      },
      "obl":{
        "p":0.027173913,
        "r":0.0113636364,
        "f":0.016025641
      },
      "discourse":{
        "p":0.1186440678,
        "r":0.0472972973,
        "f":0.0676328502
      },
      "det":{
        "p":0.1086956522,
        "r":0.0429184549,
        "f":0.0615384615
      },
      "nmod":{
        "p":0.0314465409,
        "r":0.0619834711,
        "f":0.0417246175
      },
      "amod":{
        "p":0.0111111111,
        "r":0.012195122,
        "f":0.011627907
      },
      "appos":{
        "p":0.0137931034,
        "r":0.0975609756,
        "f":0.0241691843
      },
      "advcl":{
        "p":0.0142857143,
        "r":0.0035714286,
        "f":0.0057142857
      },
      "obj":{
        "p":0.0315789474,
        "r":0.0082872928,
        "f":0.0131291028
      },
      "conj":{
        "p":0.0294985251,
        "r":0.0293255132,
        "f":0.0294117647
      },
      "nummod":{
        "p":0.0,
        "r":0.0,
        "f":0.0
      },
      "parataxis":{
        "p":0.0,
        "r":0.0,
        "f":0.0
      },
      "ccomp":{
        "p":0.0169491525,
        "r":0.0097087379,
        "f":0.012345679
      },
      "obl:arg":{
        "p":0.0196078431,
        "r":0.0066225166,
        "f":0.0099009901
      },
      "dep":{
        "p":0.0,
        "r":0.0,
        "f":0.0
      },
      "mark":{
        "p":0.0,
        "r":0.0,
        "f":0.0
      },
      "cop":{
        "p":0.0,
        "r":0.0,
        "f":0.0
      },
      "fixed":{
        "p":0.0,
        "r":0.0,
        "f":0.0
      },
      "obl:agent":{
        "p":0.0,
        "r":0.0,
        "f":0.0
      },
      "vocative":{
        "p":0.0,
        "r":0.0,
        "f":0.0
      },
      "dislocated":{
        "p":0.0066666667,
        "r":0.0714285714,
        "f":0.012195122
      },
      "orphan":{
        "p":0.0,
        "r":0.0,
        "f":0.0
      },
      "expl:pv":{
        "p":0.0,
        "r":0.0,
        "f":0.0
      },
      "csubj":{
        "p":0.0,
        "r":0.0,
        "f":0.0
      },
      "iobj":{
        "p":0.0,
        "r":0.0,
        "f":0.0
      },
      "flat:name":{
        "p":0.0,
        "r":0.0,
        "f":0.0
      },
      "advcl:cmp":{
        "p":0.0,
        "r":0.0,
        "f":0.0
      },
      "expl":{
        "p":0.0,
        "r":0.0,
        "f":0.0
      },
      "nummod:gov":{
        "p":0.0,
        "r":0.0,
        "f":0.0
      },
      "aux":{
        "p":0.0,
        "r":0.0,
        "f":0.0
      },
      "flat":{
        "p":0.0,
        "r":0.0,
        "f":0.0
      },
      "csubj:pass":{
        "p":0.0,
        "r":0.0,
        "f":0.0
      },
      "nsubj:outer":{
        "p":0.0,
        "r":0.0,
        "f":0.0
      },
      "acl:relcl":{
        "p":0.0,
        "r":0.0,
        "f":0.0
      }
    }
  },
  "trainable_lemmatizer":{
    "lemma_acc":0.395322454
  },
  "tagger":{
    "tag_acc":0.0787222901
  },
  "morphologizer":{
    "pos_acc":0.2360747337,
    "morph_acc":0.2193120307,
    "morph_micro_p":0.3427778712,
    "morph_micro_r":0.2311355519,
    "morph_micro_f":0.2760979244,
    "morph_per_feat":{
      "Case":{
        "p":0.2360296991,
        "r":0.2103796587,
        "f":0.2224677716
      },
      "Degree":{
        "p":0.0892857143,
        "r":0.1293103448,
        "f":0.1056338028
      },
      "Gender":{
        "p":0.3470681458,
        "r":0.3091037403,
        "f":0.326987682
      },
      "Number":{
        "p":0.5902919212,
        "r":0.4552356021,
        "f":0.5140407922
      },
      "Strength":{
        "p":0.0,
        "r":0.0,
        "f":0.0
      },
      "Mood":{
        "p":0.2219251337,
        "r":0.0874604847,
        "f":0.1254724112
      },
      "Person":{
        "p":0.2368972746,
        "r":0.0729032258,
        "f":0.1114948199
      },
      "Tense":{
        "p":0.2727272727,
        "r":0.1226851852,
        "f":0.1692389569
      },
      "VerbForm":{
        "p":0.2931596091,
        "r":0.1388888889,
        "f":0.1884816754
      },
      "Voice":{
        "p":0.4408427877,
        "r":0.2098765432,
        "f":0.2843700993
      },
      "PronType":{
        "p":0.1185185185,
        "r":0.0257234727,
        "f":0.0422721268
      },
      "Polarity":{
        "p":0.0,
        "r":0.0,
        "f":0.0
      },
      "Aspect":{
        "p":0.0211267606,
        "r":0.0441176471,
        "f":0.0285714286
      },
      "Variant":{
        "p":0.0,
        "r":0.0,
        "f":0.0
      },
      "Reflex":{
        "p":0.0,
        "r":0.0,
        "f":0.0
      },
      "Poss":{
        "p":0.0952380952,
        "r":0.0141843972,
        "f":0.024691358
      },
      "NameType":{
        "p":0.0,
        "r":0.0,
        "f":0.0
      },
      "Analyt":{
        "p":0.0,
        "r":0.0,
        "f":0.0
      },
      "NumForm":{
        "p":0.0,
        "r":0.0,
        "f":0.0
      },
      "NumType":{
        "p":0.0,
        "r":0.0,
        "f":0.0
      }
    }
  },
  "speed":1740.1857916552
}