{
  "tokenizer":{
    "token_acc":0.9995570601,
    "token_p":0.9645015345,
    "token_r":0.9836092021,
    "token_f":0.9739616613
  },
  "transformer":{

  },
  "parser":{
    "sents_p":0.8690009055,
    "sents_r":0.9302100162,
    "sents_f":0.8985642946,
    "dep_uas":0.7731926157,
    "dep_las":0.7051552558,
    "dep_las_per_type":{
      "discourse":{
        "p":0.6319895969,
        "r":0.6768802228,
        "f":0.6536650975
      },
      "vocative":{
        "p":0.5820895522,
        "r":0.391959799,
        "f":0.4684684685
      },
      "root":{
        "p":0.7956665664,
        "r":0.8542810985,
        "f":0.8239326893
      },
      "advmod":{
        "p":0.7249022164,
        "r":0.6945658963,
        "f":0.7094098884
      },
      "advcl":{
        "p":0.5731573157,
        "r":0.5693989071,
        "f":0.5712719298
      },
      "expl:pv":{
        "p":0.9663366337,
        "r":0.953125,
        "f":0.9596853491
      },
      "obl:arg":{
        "p":0.5634615385,
        "r":0.5711500975,
        "f":0.5672797677
      },
      "case":{
        "p":0.9345487149,
        "r":0.9323196184,
        "f":0.9334328358
      },
      "obl":{
        "p":0.7200306396,
        "r":0.7151007988,
        "f":0.7175572519
      },
      "nummod":{
        "p":0.5035971223,
        "r":0.7608695652,
        "f":0.6060606061
      },
      "conj":{
        "p":0.5173025732,
        "r":0.497228145,
        "f":0.5070667536
      },
      "nsubj":{
        "p":0.6469344609,
        "r":0.6459102902,
        "f":0.6464219699
      },
      "appos":{
        "p":0.4945652174,
        "r":0.5126760563,
        "f":0.5034578147
      },
      "obl:agent":{
        "p":0.5,
        "r":0.3846153846,
        "f":0.4347826087
      },
      "cc":{
        "p":0.8172605427,
        "r":0.8327781479,
        "f":0.8249463785
      },
      "obj":{
        "p":0.6744186047,
        "r":0.6606714628,
        "f":0.667474258
      },
      "nmod":{
        "p":0.4798694233,
        "r":0.4661733615,
        "f":0.472922252
      },
      "dislocated":{
        "p":0.297029703,
        "r":0.303030303,
        "f":0.3
      },
      "det":{
        "p":0.8127458694,
        "r":0.8032659409,
        "f":0.8079780993
      },
      "amod":{
        "p":0.7599734043,
        "r":0.7712550607,
        "f":0.7655726725
      },
      "xcomp":{
        "p":0.6618075802,
        "r":0.6522988506,
        "f":0.6570188133
      },
      "parataxis":{
        "p":0.3472222222,
        "r":0.2717391304,
        "f":0.3048780488
      },
      "expl":{
        "p":1.0,
        "r":0.375,
        "f":0.5454545455
      },
      "cop":{
        "p":0.641337386,
        "r":0.6552795031,
        "f":0.6482334869
      },
      "nsubj:pass":{
        "p":0.6129032258,
        "r":0.5229357798,
        "f":0.5643564356
      },
      "ccomp":{
        "p":0.3139534884,
        "r":0.2727272727,
        "f":0.2918918919
      },
      "dep":{
        "p":0.1053864169,
        "r":0.298013245,
        "f":0.1557093426
      },
      "aux":{
        "p":0.7385620915,
        "r":0.7583892617,
        "f":0.7483443709
      },
      "acl":{
        "p":0.2307692308,
        "r":0.1850220264,
        "f":0.2053789731
      },
      "mark":{
        "p":0.6086956522,
        "r":0.6125,
        "f":0.6105919003
      },
      "aux:pass":{
        "p":0.0,
        "r":0.0,
        "f":0.0
      },
      "iobj":{
        "p":0.487394958,
        "r":0.453125,
        "f":0.4696356275
      },
      "orphan":{
        "p":0.3762886598,
        "r":0.3016528926,
        "f":0.3348623853
      },
      "flat:name":{
        "p":0.6828193833,
        "r":0.7524271845,
        "f":0.7159353349
      },
      "fixed":{
        "p":0.511627907,
        "r":0.2972972973,
        "f":0.3760683761
      },
      "nummod:gov":{
        "p":0.802955665,
        "r":0.8274111675,
        "f":0.815
      },
      "list":{
        "p":0.0,
        "r":0.0,
        "f":0.0
      },
      "advcl:cmp":{
        "p":0.3043478261,
        "r":0.175,
        "f":0.2222222222
      },
      "csubj":{
        "p":0.5555555556,
        "r":0.25,
        "f":0.3448275862
      },
      "flat":{
        "p":0.3333333333,
        "r":0.1428571429,
        "f":0.2
      },
      "acl:relcl":{
        "p":0.0,
        "r":0.0,
        "f":0.0
      },
      "nsubj:outer":{
        "p":0.0,
        "r":0.0,
        "f":0.0
      },
      "compound":{
        "p":0.0,
        "r":0.0,
        "f":0.0
      },
      "csubj:pass":{
        "p":0.0,
        "r":0.0,
        "f":0.0
      },
      "reparandum":{
        "p":0.0,
        "r":0.0,
        "f":0.0
      },
      "goeswith":{
        "p":0.0,
        "r":0.0,
        "f":0.0
      }
    }
  },
  "trainable_lemmatizer":{
    "lemma_acc":0.7818966896
  },
  "tagger":{
    "tag_acc":0.8331671224
  },
  "morphologizer":{
    "pos_acc":0.9281460258,
    "morph_acc":0.8533084449,
    "morph_micro_p":0.9163396213,
    "morph_micro_r":0.9091069496,
    "morph_micro_f":0.912708957,
    "morph_per_feat":{
      "Case":{
        "p":0.8725837529,
        "r":0.8640979873,
        "f":0.8683201385
      },
      "Gender":{
        "p":0.8981385056,
        "r":0.8904878678,
        "f":0.8942968244
      },
      "Number":{
        "p":0.9432376724,
        "r":0.9351813037,
        "f":0.9391922116
      },
      "Mood":{
        "p":0.9258608573,
        "r":0.9248859249,
        "f":0.9253731343
      },
      "Person":{
        "p":0.9466308313,
        "r":0.946267511,
        "f":0.9464491363
      },
      "Tense":{
        "p":0.9353658537,
        "r":0.9361269325,
        "f":0.9357462383
      },
      "VerbForm":{
        "p":0.9383736956,
        "r":0.9368979752,
        "f":0.9376352548
      },
      "Voice":{
        "p":0.9527761312,
        "r":0.9512724403,
        "f":0.952023692
      },
      "PronType":{
        "p":0.950917627,
        "r":0.9172498971,
        "f":0.9337803856
      },
      "Variant":{
        "p":0.8726012793,
        "r":0.8521603332,
        "f":0.8622596787
      },
      "Reflex":{
        "p":0.976825029,
        "r":0.9790940767,
        "f":0.9779582367
      },
      "Aspect":{
        "p":0.9192513369,
        "r":0.9217158177,
        "f":0.9204819277
      },
      "Degree":{
        "p":0.8771676301,
        "r":0.8601794993,
        "f":0.868590508
      },
      "Clitic":{
        "p":0.652173913,
        "r":0.6818181818,
        "f":0.6666666667
      },
      "Polarity":{
        "p":0.9852216749,
        "r":0.956937799,
        "f":0.9708737864
      },
      "Poss":{
        "p":0.9532163743,
        "r":0.9367816092,
        "f":0.9449275362
      },
      "Analyt":{
        "p":0.6744186047,
        "r":0.5576923077,
        "f":0.6105263158
      },
      "NumType":{
        "p":0.8805309735,
        "r":0.8805309735,
        "f":0.8805309735
      },
      "Animacy":{
        "p":0.5254237288,
        "r":0.6078431373,
        "f":0.5636363636
      },
      "NumForm":{
        "p":0.9154929577,
        "r":0.9027777778,
        "f":0.9090909091
      },
      "NameType":{
        "p":0.6913580247,
        "r":0.6767371601,
        "f":0.6839694656
      },
      "Abbr":{
        "p":0.8235294118,
        "r":0.9333333333,
        "f":0.875
      },
      "Typo":{
        "p":0.0,
        "r":0.0,
        "f":0.0
      }
    }
  },
  "speed":3268.9492803187
}