{
  "tokenizer":{
    "token_acc":0.9996132525,
    "token_p":0.9992265051,
    "token_r":0.9990547798,
    "token_f":0.9991406351
  },
  "transformer":{

  },
  "parser":{
    "sents_p":0.3758346582,
    "sents_r":0.5639312977,
    "sents_f":0.4510589582,
    "dep_uas":0.319589654,
    "dep_las":0.1361533089,
    "dep_las_per_type":{
      "ccomp":{
        "p":0.0208333333,
        "r":0.0023201856,
        "f":0.0041753653
      },
      "nsubj":{
        "p":0.0524017467,
        "r":0.0454545455,
        "f":0.0486815416
      },
      "root":{
        "p":0.2726406101,
        "r":0.409351145,
        "f":0.3272935342
      },
      "cop":{
        "p":0.0135135135,
        "r":0.0058708415,
        "f":0.0081855389
      },
      "advmod":{
        "p":0.0937155458,
        "r":0.0578231293,
        "f":0.0715187211
      },
      "orphan":{
        "p":0.001332445,
        "r":0.0185185185,
        "f":0.0024860162
      },
      "nummod":{
        "p":0.0,
        "r":0.0,
        "f":0.0
      },
      "det":{
        "p":0.0931232092,
        "r":0.061963775,
        "f":0.0744132799
      },
      "obj":{
        "p":0.1054313099,
        "r":0.0201711491,
        "f":0.0338635198
      },
      "case":{
        "p":0.4815992731,
        "r":0.6162790698,
        "f":0.5406783984
      },
      "obl":{
        "p":0.1395705521,
        "r":0.0535609182,
        "f":0.0774138664
      },
      "discourse":{
        "p":0.2960199005,
        "r":0.157615894,
        "f":0.205704408
      },
      "nmod":{
        "p":0.0445601852,
        "r":0.0847084708,
        "f":0.0583996966
      },
      "nsubj:pass":{
        "p":0.0169491525,
        "r":0.00243309,
        "f":0.0042553191
      },
      "acl":{
        "p":0.0099009901,
        "r":0.0075901328,
        "f":0.0085929108
      },
      "xcomp":{
        "p":0.0396039604,
        "r":0.0112044818,
        "f":0.0174672489
      },
      "cc":{
        "p":0.2874289324,
        "r":0.2754237288,
        "f":0.2812982998
      },
      "conj":{
        "p":0.0640478224,
        "r":0.1085383502,
        "f":0.0805585392
      },
      "advcl":{
        "p":0.0068027211,
        "r":0.0017079419,
        "f":0.0027303754
      },
      "appos":{
        "p":0.0050454087,
        "r":0.0306748466,
        "f":0.0086655113
      },
      "fixed":{
        "p":0.0,
        "r":0.0,
        "f":0.0
      },
      "dep":{
        "p":0.0,
        "r":0.0,
        "f":0.0
      },
      "amod":{
        "p":0.0212234707,
        "r":0.0261136713,
        "f":0.023415978
      },
      "nsubj:outer":{
        "p":0.0,
        "r":0.0,
        "f":0.0
      },
      "mark":{
        "p":0.0,
        "r":0.0,
        "f":0.0
      },
      "aux":{
        "p":0.0,
        "r":0.0,
        "f":0.0
      },
      "obl:agent":{
        "p":0.0,
        "r":0.0,
        "f":0.0
      },
      "parataxis":{
        "p":0.0,
        "r":0.0,
        "f":0.0
      },
      "vocative":{
        "p":0.0,
        "r":0.0,
        "f":0.0
      },
      "obl:arg":{
        "p":0.0535714286,
        "r":0.0049751244,
        "f":0.0091047041
      },
      "dislocated":{
        "p":0.0,
        "r":0.0,
        "f":0.0
      },
      "advmod:neg":{
        "p":0.0,
        "r":0.0,
        "f":0.0
      },
      "aux:pass":{
        "p":0.0,
        "r":0.0,
        "f":0.0
      },
      "advcl:cmp":{
        "p":0.0,
        "r":0.0,
        "f":0.0
      },
      "csubj":{
        "p":0.0,
        "r":0.0,
        "f":0.0
      },
      "advmod:tmod":{
        "p":0.0,
        "r":0.0,
        "f":0.0
      },
      "csubj:pass":{
        "p":0.0,
        "r":0.0,
        "f":0.0
      },
      "acl:relcl":{
        "p":0.0,
        "r":0.0,
        "f":0.0
      },
      "flat:name":{
        "p":0.0,
        "r":0.0,
        "f":0.0
      },
      "nummod:gov":{
        "p":0.0,
        "r":0.0,
        "f":0.0
      },
      "iobj":{
        "p":0.0,
        "r":0.0,
        "f":0.0
      },
      "advmod:emph":{
        "p":0.0,
        "r":0.0,
        "f":0.0
      },
      "compound":{
        "p":0.0,
        "r":0.0,
        "f":0.0
      },
      "flat:foreign":{
        "p":0.0,
        "r":0.0,
        "f":0.0
      },
      "advcl:abs":{
        "p":0.0,
        "r":0.0,
        "f":0.0
      },
      "expl:pv":{
        "p":0.0,
        "r":0.0,
        "f":0.0
      },
      "advmod:lmod":{
        "p":0.0,
        "r":0.0,
        "f":0.0
      },
      "flat":{
        "p":0.0,
        "r":0.0,
        "f":0.0
      },
      "conj:expl":{
        "p":0.0,
        "r":0.0,
        "f":0.0
      }
    }
  },
  "trainable_lemmatizer":{
    "lemma_acc":0.3735952038
  },
  "tagger":{
    "tag_acc":0.1412639405
  },
  "speed":2464.3418186814
}