{
  "tokenizer":{
    "token_acc":1.0,
    "token_p":1.0,
    "token_r":1.0,
    "token_f":1.0
  },
  "transformer":{

  },
  "parser":{
    "sents_p":0.15374677,
    "sents_r":0.2975,
    "sents_f":0.202725724,
    "dep_uas":0.2121490182,
    "dep_las":0.0847861993,
    "dep_las_per_type":{
      "obl":{
        "p":0.0,
        "r":0.0,
        "f":0.0
      },
      "vocative":{
        "p":0.0,
        "r":0.0,
        "f":0.0
      },
      "advmod":{
        "p":0.0833333333,
        "r":0.0104166667,
        "f":0.0185185185
      },
      "case":{
        "p":0.0173913043,
        "r":0.0975609756,
        "f":0.0295202952
      },
      "acl":{
        "p":0.0,
        "r":0.0,
        "f":0.0
      },
      "conj":{
        "p":0.0163934426,
        "r":0.0170454545,
        "f":0.0167130919
      },
      "amod":{
        "p":0.0,
        "r":0.0,
        "f":0.0
      },
      "obj":{
        "p":0.0,
        "r":0.0,
        "f":0.0
      },
      "root":{
        "p":0.2609819121,
        "r":0.505,
        "f":0.3441226576
      },
      "nsubj":{
        "p":0.0491803279,
        "r":0.0282131661,
        "f":0.0358565737
      },
      "nmod":{
        "p":0.0183486239,
        "r":0.0128205128,
        "f":0.0150943396
      },
      "fixed":{
        "p":0.0,
        "r":0.0,
        "f":0.0
      },
      "orphan":{
        "p":0.0044843049,
        "r":0.0416666667,
        "f":0.008097166
      },
      "dep":{
        "p":0.0,
        "r":0.0,
        "f":0.0
      },
      "nummod":{
        "p":0.0263157895,
        "r":0.037037037,
        "f":0.0307692308
      },
      "parataxis":{
        "p":0.0,
        "r":0.0,
        "f":0.0
      },
      "discourse":{
        "p":0.0555555556,
        "r":0.021978022,
        "f":0.031496063
      },
      "nummod:gov":{
        "p":0.0,
        "r":0.0,
        "f":0.0
      },
      "iobj":{
        "p":0.0,
        "r":0.0,
        "f":0.0
      },
      "appos":{
        "p":0.0,
        "r":0.0,
        "f":0.0
      },
      "xcomp":{
        "p":0.0344827586,
        "r":0.0192307692,
        "f":0.024691358
      },
      "det":{
        "p":0.0882352941,
        "r":0.0384615385,
        "f":0.0535714286
      },
      "advcl":{
        "p":0.0,
        "r":0.0,
        "f":0.0
      },
      "cc":{
        "p":0.0,
        "r":0.0,
        "f":0.0
      },
      "dislocated":{
        "p":0.0,
        "r":0.0,
        "f":0.0
      },
      "mark":{
        "p":0.0,
        "r":0.0,
        "f":0.0
      },
      "ccomp":{
        "p":0.0,
        "r":0.0,
        "f":0.0
      },
      "cop":{
        "p":0.0,
        "r":0.0,
        "f":0.0
      },
      "aux":{
        "p":0.0,
        "r":0.0,
        "f":0.0
      },
      "compound":{
        "p":0.0,
        "r":0.0,
        "f":0.0
      },
      "nsubj:pass":{
        "p":0.0,
        "r":0.0,
        "f":0.0
      },
      "flat":{
        "p":0.0,
        "r":0.0,
        "f":0.0
      },
      "csubj":{
        "p":0.0,
        "r":0.0,
        "f":0.0
      },
      "obl:arg":{
        "p":0.0,
        "r":0.0,
        "f":0.0
      },
      "expl:pv":{
        "p":0.0,
        "r":0.0,
        "f":0.0
      }
    }
  },
  "trainable_lemmatizer":{
    "lemma_acc":0.2150971052
  },
  "tagger":{
    "tag_acc":0.0
  },
  "speed":820.9899840785
}