{
  "tokenizer":{
    "token_acc":0.9981644203,
    "token_p":0.9974335877,
    "token_r":0.9959947049,
    "token_f":0.996713627
  },
  "transformer":{

  },
  "parser":{
    "sents_p":0.5660325338,
    "sents_r":0.7525659824,
    "sents_f":0.6461054288,
    "dep_uas":0.2963367123,
    "dep_las":0.0808614501,
    "dep_las_per_type":{
      "root":{
        "p":0.2125897294,
        "r":0.2821546354,
        "f":0.242481499
      },
      "nsubj":{
        "p":0.0950950951,
        "r":0.047722706,
        "f":0.0635522355
      },
      "advmod":{
        "p":0.0745526839,
        "r":0.0541646606,
        "f":0.0627440045
      },
      "mark":{
        "p":0.1354415274,
        "r":0.0726865194,
        "f":0.0946030423
      },
      "acl":{
        "p":0.0024570025,
        "r":0.0026007802,
        "f":0.0025268478
      },
      "compound:prt":{
        "p":0.0,
        "r":0.0,
        "f":0.0
      },
      "obj":{
        "p":0.0592105263,
        "r":0.0095440085,
        "f":0.0164383562
      },
      "parataxis":{
        "p":0.0004759638,
        "r":0.0080645161,
        "f":0.0008988764
      },
      "dep":{
        "p":0.0012053033,
        "r":0.0283018868,
        "f":0.0023121387
      },
      "dislocated":{
        "p":0.0,
        "r":0.0,
        "f":0.0
      },
      "appos":{
        "p":0.0149471382,
        "r":0.0641627543,
        "f":0.0242460083
      },
      "cc":{
        "p":0.3394950406,
        "r":0.2144688123,
        "f":0.2628731018
      },
      "conj":{
        "p":0.0418676775,
        "r":0.0803837248,
        "f":0.0550583437
      },
      "case":{
        "p":0.396797153,
        "r":0.2723941368,
        "f":0.3230323515
      },
      "amod":{
        "p":0.0301573427,
        "r":0.0280259951,
        "f":0.0290526316
      },
      "obl":{
        "p":0.0999479438,
        "r":0.0336134454,
        "f":0.0503078737
      },
      "nmod:poss":{
        "p":0.0,
        "r":0.0,
        "f":0.0
      },
      "xcomp":{
        "p":0.0,
        "r":0.0,
        "f":0.0
      },
      "nmod":{
        "p":0.0012131716,
        "r":0.0786516854,
        "f":0.0023894863
      },
      "aux":{
        "p":0.0294117647,
        "r":0.0008,
        "f":0.0015576324
      },
      "advcl":{
        "p":0.0130208333,
        "r":0.0043177893,
        "f":0.0064850843
      },
      "iobj":{
        "p":0.0142653352,
        "r":0.0209643606,
        "f":0.0169779287
      },
      "det":{
        "p":0.0053285968,
        "r":0.0023677979,
        "f":0.0032786885
      },
      "acl:relcl":{
        "p":0.0262172285,
        "r":0.0078740157,
        "f":0.0121107266
      },
      "fixed":{
        "p":0.0,
        "r":0.0,
        "f":0.0
      },
      "ccomp":{
        "p":0.0188679245,
        "r":0.000698324,
        "f":0.0013468013
      },
      "cop":{
        "p":0.0377358491,
        "r":0.0024125452,
        "f":0.0045351474
      },
      "expl":{
        "p":0.0,
        "r":0.0,
        "f":0.0
      },
      "compound":{
        "p":0.0,
        "r":0.0,
        "f":0.0
      },
      "vocative":{
        "p":0.0043572985,
        "r":0.0163934426,
        "f":0.0068846816
      },
      "nummod:gov":{
        "p":0.0,
        "r":0.0,
        "f":0.0
      },
      "obl:agent":{
        "p":0.0,
        "r":0.0,
        "f":0.0
      },
      "nsubj:pass":{
        "p":0.0,
        "r":0.0,
        "f":0.0
      },
      "orphan":{
        "p":0.0,
        "r":0.0,
        "f":0.0
      },
      "flat":{
        "p":0.0,
        "r":0.0,
        "f":0.0
      },
      "flat:name":{
        "p":0.0,
        "r":0.0,
        "f":0.0
      },
      "nummod":{
        "p":0.0151975684,
        "r":0.0255102041,
        "f":0.019047619
      },
      "discourse":{
        "p":0.0,
        "r":0.0,
        "f":0.0
      },
      "obl:arg":{
        "p":0.0,
        "r":0.0,
        "f":0.0
      },
      "flat:foreign":{
        "p":0.0,
        "r":0.0,
        "f":0.0
      },
      "advcl:cmp":{
        "p":0.0,
        "r":0.0,
        "f":0.0
      },
      "csubj":{
        "p":0.0,
        "r":0.0,
        "f":0.0
      }
    }
  },
  "trainable_lemmatizer":{
    "lemma_acc":0.4922525095
  },
  "tagger":{
    "tag_acc":0.0001020009
  },
  "morphologizer":{
    "pos_acc":0.3376457788,
    "morph_acc":0.26399762,
    "morph_micro_p":0.307329352,
    "morph_micro_r":0.2039086753,
    "morph_micro_f":0.245158293,
    "morph_per_feat":{
      "Mood":{
        "p":0.0741784038,
        "r":0.0200609446,
        "f":0.0315810514
      },
      "Number":{
        "p":0.5475197209,
        "r":0.4471182136,
        "f":0.4922515642
      },
      "Person":{
        "p":0.1142208775,
        "r":0.0313278008,
        "f":0.0491696516
      },
      "Tense":{
        "p":0.1629502573,
        "r":0.0241239208,
        "f":0.0420261004
      },
      "VerbForm":{
        "p":0.3255963894,
        "r":0.0956439394,
        "f":0.1478553652
      },
      "Voice":{
        "p":0.4303265438,
        "r":0.1260416667,
        "f":0.1949754633
      },
      "Case":{
        "p":0.2422142541,
        "r":0.2462017282,
        "f":0.2441917141
      },
      "Gender":{
        "p":0.3002576775,
        "r":0.3144158889,
        "f":0.3071737252
      },
      "PronType":{
        "p":0.1041223969,
        "r":0.0265755505,
        "f":0.042343588
      },
      "Definite":{
        "p":0.0,
        "r":0.0,
        "f":0.0
      },
      "Aspect":{
        "p":0.0,
        "r":0.0,
        "f":0.0
      },
      "Degree":{
        "p":0.0576721426,
        "r":0.1150627615,
        "f":0.0768335274
      },
      "Animacy":{
        "p":0.0,
        "r":0.0,
        "f":0.0
      },
      "Variant":{
        "p":0.0,
        "r":0.0,
        "f":0.0
      },
      "Foreign":{
        "p":0.0,
        "r":0.0,
        "f":0.0
      },
      "NumType":{
        "p":0.0873015873,
        "r":0.0321637427,
        "f":0.047008547
      },
      "Abbr":{
        "p":0.0,
        "r":0.0,
        "f":0.0
      },
      "NumForm":{
        "p":0.0,
        "r":0.0,
        "f":0.0
      },
      "Reflex":{
        "p":0.0,
        "r":0.0,
        "f":0.0
      },
      "Analyt":{
        "p":0.0,
        "r":0.0,
        "f":0.0
      },
      "Poss":{
        "p":0.0,
        "r":0.0,
        "f":0.0
      },
      "NameType":{
        "p":0.0,
        "r":0.0,
        "f":0.0
      },
      "Polarity":{
        "p":0.0,
        "r":0.0,
        "f":0.0
      },
      "Typo":{
        "p":0.0,
        "r":0.0,
        "f":0.0
      },
      "Clitic":{
        "p":0.0,
        "r":0.0,
        "f":0.0
      }
    }
  },
  "speed":6219.3680722535
}