{
  "tokenizer":{
    "token_acc":0.9996132525,
    "token_p":0.9992265051,
    "token_r":0.9990547798,
    "token_f":0.9991406351
  },
  "transformer":{

  },
  "parser":{
    "sents_p":0.3465559656,
    "sents_r":0.5376908397,
    "sents_f":0.4214659686,
    "dep_uas":0.3314562598,
    "dep_las":0.1456664557,
    "dep_las_per_type":{
      "ccomp":{
        "p":0.027027027,
        "r":0.0046403712,
        "f":0.0079207921
      },
      "nsubj":{
        "p":0.0810313076,
        "r":0.0714285714,
        "f":0.0759275237
      },
      "root":{
        "p":0.2690651907,
        "r":0.4174618321,
        "f":0.3272251309
      },
      "cop":{
        "p":0.0125786164,
        "r":0.0039138943,
        "f":0.0059701493
      },
      "advmod":{
        "p":0.0868372943,
        "r":0.0646258503,
        "f":0.0741029641
      },
      "case":{
        "p":0.5043021033,
        "r":0.613372093,
        "f":0.5535152151
      },
      "nummod":{
        "p":0.0,
        "r":0.0,
        "f":0.0
      },
      "det":{
        "p":0.1279069767,
        "r":0.0524308866,
        "f":0.0743745774
      },
      "appos":{
        "p":0.0064794816,
        "r":0.036809816,
        "f":0.0110192837
      },
      "obj":{
        "p":0.0860655738,
        "r":0.0128361858,
        "f":0.0223404255
      },
      "obl":{
        "p":0.1438356164,
        "r":0.0618010594,
        "f":0.0864553314
      },
      "dep":{
        "p":0.0,
        "r":0.0,
        "f":0.0
      },
      "discourse":{
        "p":0.2604166667,
        "r":0.1655629139,
        "f":0.2024291498
      },
      "nmod":{
        "p":0.0333333333,
        "r":0.0660066007,
        "f":0.0442967885
      },
      "nsubj:pass":{
        "p":0.0338983051,
        "r":0.00486618,
        "f":0.0085106383
      },
      "acl":{
        "p":0.012012012,
        "r":0.0075901328,
        "f":0.0093023256
      },
      "xcomp":{
        "p":0.0298507463,
        "r":0.0112044818,
        "f":0.016293279
      },
      "cc":{
        "p":0.3042813456,
        "r":0.3613801453,
        "f":0.3303818484
      },
      "conj":{
        "p":0.0828729282,
        "r":0.1193921852,
        "f":0.0978357545
      },
      "advcl":{
        "p":0.0193050193,
        "r":0.0042698548,
        "f":0.006993007
      },
      "obl:arg":{
        "p":0.0151515152,
        "r":0.0016583748,
        "f":0.0029895366
      },
      "orphan":{
        "p":0.0020920502,
        "r":0.0092592593,
        "f":0.0034129693
      },
      "amod":{
        "p":0.0278128951,
        "r":0.0337941628,
        "f":0.0305131761
      },
      "nsubj:outer":{
        "p":0.0,
        "r":0.0,
        "f":0.0
      },
      "mark":{
        "p":0.025,
        "r":0.0025445293,
        "f":0.0046189376
      },
      "aux":{
        "p":0.0,
        "r":0.0,
        "f":0.0
      },
      "obl:agent":{
        "p":0.0,
        "r":0.0,
        "f":0.0
      },
      "parataxis":{
        "p":0.0,
        "r":0.0,
        "f":0.0
      },
      "dislocated":{
        "p":0.0,
        "r":0.0,
        "f":0.0
      },
      "fixed":{
        "p":0.0023866348,
        "r":0.0136986301,
        "f":0.0040650407
      },
      "vocative":{
        "p":0.0,
        "r":0.0,
        "f":0.0
      },
      "nummod:gov":{
        "p":0.0,
        "r":0.0,
        "f":0.0
      },
      "advmod:neg":{
        "p":0.0,
        "r":0.0,
        "f":0.0
      },
      "aux:pass":{
        "p":0.0,
        "r":0.0,
        "f":0.0
      },
      "advcl:cmp":{
        "p":0.0,
        "r":0.0,
        "f":0.0
      },
      "csubj":{
        "p":0.0,
        "r":0.0,
        "f":0.0
      },
      "advmod:tmod":{
        "p":0.0,
        "r":0.0,
        "f":0.0
      },
      "csubj:pass":{
        "p":0.0,
        "r":0.0,
        "f":0.0
      },
      "iobj":{
        "p":0.0,
        "r":0.0,
        "f":0.0
      },
      "acl:relcl":{
        "p":0.0,
        "r":0.0,
        "f":0.0
      },
      "flat:name":{
        "p":0.0,
        "r":0.0,
        "f":0.0
      },
      "compound":{
        "p":0.0,
        "r":0.0,
        "f":0.0
      },
      "advmod:emph":{
        "p":0.0,
        "r":0.0,
        "f":0.0
      },
      "flat:foreign":{
        "p":0.0,
        "r":0.0,
        "f":0.0
      },
      "advcl:abs":{
        "p":0.0,
        "r":0.0,
        "f":0.0
      },
      "advmod:lmod":{
        "p":0.0,
        "r":0.0,
        "f":0.0
      },
      "flat":{
        "p":0.0,
        "r":0.0,
        "f":0.0
      },
      "conj:expl":{
        "p":0.0,
        "r":0.0,
        "f":0.0
      },
      "expl:pv":{
        "p":0.0,
        "r":0.0,
        "f":0.0
      },
      "expl":{
        "p":0.0,
        "r":0.0,
        "f":0.0
      }
    }
  },
  "trainable_lemmatizer":{
    "lemma_acc":0.3743258053
  },
  "tagger":{
    "tag_acc":0.1456905258
  },
  "morphologizer":{
    "pos_acc":0.320691063,
    "morph_acc":0.2431183789,
    "morph_micro_p":0.312225589,
    "morph_micro_r":0.2122885454,
    "morph_micro_f":0.2527364346,
    "morph_per_feat":{
      "Case":{
        "p":0.2034118302,
        "r":0.1907660203,
        "f":0.1968860771
      },
      "Gender":{
        "p":0.2685436348,
        "r":0.2562706418,
        "f":0.2622636339
      },
      "Number":{
        "p":0.5585,
        "r":0.4345739852,
        "f":0.4888046094
      },
      "PronType":{
        "p":0.1945606695,
        "r":0.0380368098,
        "f":0.0636332535
      },
      "Person":{
        "p":0.2771317829,
        "r":0.0750393563,
        "f":0.1181004818
      },
      "Mood":{
        "p":0.3014354067,
        "r":0.0954304469,
        "f":0.144966443
      },
      "Tense":{
        "p":0.2346570397,
        "r":0.0981132075,
        "f":0.1383714742
      },
      "VerbForm":{
        "p":0.298021978,
        "r":0.1225375023,
        "f":0.1736680328
      },
      "Voice":{
        "p":0.427753304,
        "r":0.1802152932,
        "f":0.2535910159
      },
      "Polarity":{
        "p":0.0526315789,
        "r":0.0028735632,
        "f":0.0054495913
      },
      "Aspect":{
        "p":0.1885441527,
        "r":0.0666104553,
        "f":0.0984423676
      },
      "Poss":{
        "p":0.125,
        "r":0.0181405896,
        "f":0.0316831683
      },
      "Degree":{
        "p":0.075280299,
        "r":0.104988831,
        "f":0.0876865672
      },
      "Variant":{
        "p":0.0,
        "r":0.0,
        "f":0.0
      },
      "Reflex":{
        "p":0.0666666667,
        "r":0.0134529148,
        "f":0.0223880597
      },
      "NumType":{
        "p":0.0,
        "r":0.0,
        "f":0.0
      },
      "NumForm":{
        "p":0.0,
        "r":0.0,
        "f":0.0
      },
      "Animacy":{
        "p":0.0,
        "r":0.0,
        "f":0.0
      },
      "NameType":{
        "p":0.0,
        "r":0.0,
        "f":0.0
      },
      "AdvType":{
        "p":0.0,
        "r":0.0,
        "f":0.0
      },
      "AdpType":{
        "p":0.0,
        "r":0.0,
        "f":0.0
      },
      "Abbr":{
        "p":0.0,
        "r":0.0,
        "f":0.0
      },
      "Analyt":{
        "p":0.0,
        "r":0.0,
        "f":0.0
      },
      "Number[psor]":{
        "p":0.0,
        "r":0.0,
        "f":0.0
      },
      "Person[psor]":{
        "p":0.0,
        "r":0.0,
        "f":0.0
      },
      "Typo":{
        "p":0.0,
        "r":0.0,
        "f":0.0
      },
      "Compound":{
        "p":0.0,
        "r":0.0,
        "f":0.0
      }
    }
  },
  "speed":3423.1823657623
}