{
  "tokenizer":{
    "token_acc":1.0,
    "token_p":0.997476277,
    "token_r":0.9991405026,
    "token_f":0.9983076962
  },
  "transformer":{

  },
  "parser":{
    "sents_p":0.5947643979,
    "sents_r":0.7529827662,
    "sents_f":0.6645865835,
    "dep_uas":0.5636450936,
    "dep_las":0.4266801415,
    "dep_las_per_type":{
      "discourse":{
        "p":0.4881516588,
        "r":0.4577777778,
        "f":0.4724770642
      },
      "case":{
        "p":0.803793329,
        "r":0.7705329154,
        "f":0.7868117798
      },
      "root":{
        "p":0.5353781806,
        "r":0.6787450287,
        "f":0.5985970382
      },
      "nsubj":{
        "p":0.3710094909,
        "r":0.301754386,
        "f":0.3328173375
      },
      "det":{
        "p":0.6030267753,
        "r":0.5088408644,
        "f":0.5519445924
      },
      "orphan":{
        "p":0.0144927536,
        "r":0.0756302521,
        "f":0.0243243243
      },
      "obj":{
        "p":0.4265010352,
        "r":0.2730284957,
        "f":0.3329292929
      },
      "mark":{
        "p":0.3461538462,
        "r":0.2632978723,
        "f":0.2990936556
      },
      "advcl":{
        "p":0.3047473201,
        "r":0.2026476578,
        "f":0.2434250765
      },
      "amod":{
        "p":0.4188626907,
        "r":0.3886743887,
        "f":0.4032042724
      },
      "obl":{
        "p":0.4500780031,
        "r":0.3946648427,
        "f":0.4205539359
      },
      "cc":{
        "p":0.5772083614,
        "r":0.5683930943,
        "f":0.5727668116
      },
      "conj":{
        "p":0.2241610738,
        "r":0.3055809698,
        "f":0.2586140147
      },
      "advmod":{
        "p":0.4712260217,
        "r":0.4332822086,
        "f":0.4514582501
      },
      "expl:pv":{
        "p":0.9298245614,
        "r":0.7602459016,
        "f":0.8365276212
      },
      "obl:arg":{
        "p":0.5205479452,
        "r":0.4262820513,
        "f":0.468722467
      },
      "acl":{
        "p":0.0735294118,
        "r":0.0583090379,
        "f":0.0650406504
      },
      "nmod":{
        "p":0.1442687747,
        "r":0.1566523605,
        "f":0.1502057613
      },
      "dep":{
        "p":0.0051194539,
        "r":0.0882352941,
        "f":0.0096774194
      },
      "fixed":{
        "p":0.0,
        "r":0.0,
        "f":0.0
      },
      "nummod":{
        "p":0.3246753247,
        "r":0.3846153846,
        "f":0.3521126761
      },
      "nsubj:pass":{
        "p":0.1666666667,
        "r":0.0943396226,
        "f":0.1204819277
      },
      "dislocated":{
        "p":0.0197368421,
        "r":0.0526315789,
        "f":0.028708134
      },
      "cop":{
        "p":0.4258373206,
        "r":0.2270408163,
        "f":0.2961730449
      },
      "vocative":{
        "p":0.2671232877,
        "r":0.237804878,
        "f":0.2516129032
      },
      "flat:name":{
        "p":0.3076923077,
        "r":0.1739130435,
        "f":0.2222222222
      },
      "iobj":{
        "p":0.0,
        "r":0.0,
        "f":0.0
      },
      "xcomp":{
        "p":0.3418803419,
        "r":0.253164557,
        "f":0.2909090909
      },
      "appos":{
        "p":0.0760456274,
        "r":0.2030456853,
        "f":0.1106500692
      },
      "aux":{
        "p":0.5818181818,
        "r":0.3855421687,
        "f":0.4637681159
      },
      "advcl:cmp":{
        "p":0.1363636364,
        "r":0.0967741935,
        "f":0.1132075472
      },
      "ccomp":{
        "p":0.1967213115,
        "r":0.0718562874,
        "f":0.1052631579
      },
      "parataxis":{
        "p":0.0169491525,
        "r":0.0217391304,
        "f":0.019047619
      },
      "obl:agent":{
        "p":0.0,
        "r":0.0,
        "f":0.0
      },
      "csubj":{
        "p":1.0,
        "r":0.25,
        "f":0.4
      },
      "nsubj:outer":{
        "p":0.0,
        "r":0.0,
        "f":0.0
      },
      "nummod:gov":{
        "p":0.0,
        "r":0.0,
        "f":0.0
      },
      "flat":{
        "p":0.0,
        "r":0.0,
        "f":0.0
      },
      "csubj:pass":{
        "p":0.0,
        "r":0.0,
        "f":0.0
      },
      "compound":{
        "p":0.0,
        "r":0.0,
        "f":0.0
      },
      "aux:pass":{
        "p":0.0,
        "r":0.0,
        "f":0.0
      }
    }
  },
  "trainable_lemmatizer":{
    "lemma_acc":0.35021598
  },
  "tagger":{
    "tag_acc":0.5150971524
  },
  "speed":1621.5584598928
}