{
  "tokenizer":{
    "token_acc":0.9987632593,
    "token_p":0.9895828378,
    "token_r":0.9929125403,
    "token_f":0.9912448929
  },
  "transformer":{

  },
  "parser":{
    "sents_p":0.3645330535,
    "sents_r":0.5603225806,
    "sents_f":0.4417037508,
    "dep_uas":0.3012768749,
    "dep_las":0.0923398996,
    "dep_las_per_type":{
      "nsubj":{
        "p":0.0450097847,
        "r":0.0334302326,
        "f":0.0383653044
      },
      "case":{
        "p":0.2063238582,
        "r":0.2405063291,
        "f":0.2221076156
      },
      "obl":{
        "p":0.0436075322,
        "r":0.0163386558,
        "f":0.0237709346
      },
      "root":{
        "p":0.2308178752,
        "r":0.3532258065,
        "f":0.2791942886
      },
      "det":{
        "p":0.3196347032,
        "r":0.0302768166,
        "f":0.0553141051
      },
      "flat:name":{
        "p":0.0,
        "r":0.0,
        "f":0.0
      },
      "advcl":{
        "p":0.0091240876,
        "r":0.0024509804,
        "f":0.0038639876
      },
      "cop":{
        "p":0.0167597765,
        "r":0.0118343195,
        "f":0.0138728324
      },
      "acl":{
        "p":0.0057537399,
        "r":0.0100806452,
        "f":0.0073260073
      },
      "xcomp":{
        "p":0.006993007,
        "r":0.0020661157,
        "f":0.0031897927
      },
      "nummod":{
        "p":0.0039215686,
        "r":0.0090909091,
        "f":0.0054794521
      },
      "ccomp":{
        "p":0.0,
        "r":0.0,
        "f":0.0
      },
      "conj":{
        "p":0.0728312205,
        "r":0.1392585551,
        "f":0.0956422393
      },
      "nmod":{
        "p":0.0582329317,
        "r":0.0570678911,
        "f":0.0576445254
      },
      "advmod":{
        "p":0.0904007456,
        "r":0.0479367433,
        "f":0.0626513806
      },
      "obj":{
        "p":0.0680272109,
        "r":0.0063734863,
        "f":0.0116550117
      },
      "cc":{
        "p":0.2915959253,
        "r":0.2716488731,
        "f":0.2812691914
      },
      "appos":{
        "p":0.005349637,
        "r":0.0573770492,
        "f":0.0097867878
      },
      "fixed":{
        "p":0.00110011,
        "r":0.04,
        "f":0.0021413276
      },
      "dep":{
        "p":0.0,
        "r":0.0,
        "f":0.0
      },
      "nummod:gov":{
        "p":0.0,
        "r":0.0,
        "f":0.0
      },
      "amod":{
        "p":0.0091863517,
        "r":0.0280561122,
        "f":0.0138408304
      },
      "mark":{
        "p":0.0314465409,
        "r":0.0074183976,
        "f":0.0120048019
      },
      "parataxis":{
        "p":0.0,
        "r":0.0,
        "f":0.0
      },
      "iobj":{
        "p":0.0,
        "r":0.0,
        "f":0.0
      },
      "nsubj:pass":{
        "p":0.0087719298,
        "r":0.0054347826,
        "f":0.0067114094
      },
      "obl:arg":{
        "p":0.0074626866,
        "r":0.0016778523,
        "f":0.002739726
      },
      "dislocated":{
        "p":0.0,
        "r":0.0,
        "f":0.0
      },
      "csubj":{
        "p":0.0,
        "r":0.0,
        "f":0.0
      },
      "discourse":{
        "p":0.2340425532,
        "r":0.1777059774,
        "f":0.202020202
      },
      "orphan":{
        "p":0.0008012821,
        "r":0.0090909091,
        "f":0.0014727541
      },
      "compound":{
        "p":0.0,
        "r":0.0,
        "f":0.0
      },
      "vocative":{
        "p":0.0,
        "r":0.0,
        "f":0.0
      },
      "obl:agent":{
        "p":0.0,
        "r":0.0,
        "f":0.0
      },
      "advcl:cmp":{
        "p":0.0,
        "r":0.0,
        "f":0.0
      },
      "acl:relcl":{
        "p":0.0,
        "r":0.0,
        "f":0.0
      },
      "expl:pv":{
        "p":0.0,
        "r":0.0,
        "f":0.0
      },
      "expl":{
        "p":0.0,
        "r":0.0,
        "f":0.0
      },
      "aux":{
        "p":0.0,
        "r":0.0,
        "f":0.0
      },
      "nsubj:outer":{
        "p":0.0,
        "r":0.0,
        "f":0.0
      },
      "flat":{
        "p":0.0,
        "r":0.0,
        "f":0.0
      },
      "csubj:pass":{
        "p":0.0,
        "r":0.0,
        "f":0.0
      },
      "aux:pass":{
        "p":0.0,
        "r":0.0,
        "f":0.0
      }
    }
  },
  "trainable_lemmatizer":{
    "lemma_acc":0.201432675
  },
  "tagger":{
    "tag_acc":0.0752281539
  },
  "morphologizer":{
    "pos_acc":0.3070976977,
    "morph_acc":0.2325326078,
    "morph_micro_p":0.2994267174,
    "morph_micro_r":0.1821161597,
    "morph_micro_f":0.2264821949,
    "morph_per_feat":{
      "Case":{
        "p":0.2236999147,
        "r":0.1775932861,
        "f":0.1979978872
      },
      "Gender":{
        "p":0.3136111921,
        "r":0.2443677326,
        "f":0.2746930127
      },
      "Number":{
        "p":0.5208603545,
        "r":0.3547817124,
        "f":0.4220713817
      },
      "Aspect":{
        "p":0.0966429298,
        "r":0.0312911726,
        "f":0.0472754417
      },
      "Mood":{
        "p":0.261707989,
        "r":0.0569203116,
        "f":0.093503937
      },
      "Person":{
        "p":0.2385714286,
        "r":0.050906874,
        "f":0.0839090567
      },
      "Tense":{
        "p":0.2182932579,
        "r":0.0567958783,
        "f":0.0901391998
      },
      "VerbForm":{
        "p":0.2296849088,
        "r":0.0679421143,
        "f":0.1048646602
      },
      "Voice":{
        "p":0.3102159468,
        "r":0.0917464996,
        "f":0.1416113744
      },
      "Definite":{
        "p":0.0,
        "r":0.0,
        "f":0.0
      },
      "PronType":{
        "p":0.1745049505,
        "r":0.0301282051,
        "f":0.0513848397
      },
      "Degree":{
        "p":0.0474326502,
        "r":0.1604361371,
        "f":0.0732184112
      },
      "Variant":{
        "p":0.0,
        "r":0.0,
        "f":0.0
      },
      "Animacy":{
        "p":0.0,
        "r":0.0,
        "f":0.0
      },
      "NameType":{
        "p":0.0,
        "r":0.0,
        "f":0.0
      },
      "Polarity":{
        "p":0.0126582278,
        "r":0.0025510204,
        "f":0.0042462845
      },
      "Poss":{
        "p":0.0,
        "r":0.0,
        "f":0.0
      },
      "Reflex":{
        "p":0.0,
        "r":0.0,
        "f":0.0
      },
      "NumForm":{
        "p":0.0,
        "r":0.0,
        "f":0.0
      },
      "NumType":{
        "p":0.0,
        "r":0.0,
        "f":0.0
      },
      "Analyt":{
        "p":0.0,
        "r":0.0,
        "f":0.0
      },
      "Abbr":{
        "p":0.0,
        "r":0.0,
        "f":0.0
      }
    }
  },
  "speed":4169.9424114283
}