{
  "tokenizer":{
    "token_acc":0.9981644203,
    "token_p":0.9974335877,
    "token_r":0.9959947049,
    "token_f":0.996713627
  },
  "transformer":{

  },
  "parser":{
    "sents_p":0.5916993831,
    "sents_r":0.7734604106,
    "sents_f":0.6704798221,
    "dep_uas":0.2854629594,
    "dep_las":0.080444385,
    "dep_las_per_type":{
      "root":{
        "p":0.2090014065,
        "r":0.2722609014,
        "f":0.2364735837
      },
      "nsubj":{
        "p":0.097026134,
        "r":0.0540857334,
        "f":0.0694548973
      },
      "advmod":{
        "p":0.0515139599,
        "r":0.031535869,
        "f":0.0391219949
      },
      "mark":{
        "p":0.1125943122,
        "r":0.0621197566,
        "f":0.0800660338
      },
      "acl":{
        "p":0.0080515298,
        "r":0.0130039012,
        "f":0.0099453008
      },
      "compound:prt":{
        "p":0.0,
        "r":0.0,
        "f":0.0
      },
      "obj":{
        "p":0.0461373391,
        "r":0.0151997172,
        "f":0.022866259
      },
      "conj":{
        "p":0.0424192666,
        "r":0.1025471386,
        "f":0.0600135514
      },
      "parataxis":{
        "p":0.0009784736,
        "r":0.0080645161,
        "f":0.0017452007
      },
      "appos":{
        "p":0.0129244805,
        "r":0.0798122066,
        "f":0.0222464558
      },
      "cc":{
        "p":0.3374732334,
        "r":0.2244374822,
        "f":0.2695860417
      },
      "case":{
        "p":0.3745298227,
        "r":0.2837947883,
        "f":0.3229094278
      },
      "amod":{
        "p":0.0283911672,
        "r":0.0219333875,
        "f":0.0247479377
      },
      "obl":{
        "p":0.1208677686,
        "r":0.0204831933,
        "f":0.0350299401
      },
      "nmod:poss":{
        "p":0.0,
        "r":0.0,
        "f":0.0
      },
      "nmod":{
        "p":0.0020862309,
        "r":0.1011235955,
        "f":0.0040881217
      },
      "aux":{
        "p":0.1538461538,
        "r":0.0016,
        "f":0.0031670625
      },
      "advcl":{
        "p":0.0056022409,
        "r":0.0017271157,
        "f":0.002640264
      },
      "iobj":{
        "p":0.0125,
        "r":0.0188679245,
        "f":0.015037594
      },
      "det":{
        "p":0.0164424514,
        "r":0.0086819258,
        "f":0.0113636364
      },
      "acl:relcl":{
        "p":0.016,
        "r":0.0022497188,
        "f":0.0039447732
      },
      "xcomp":{
        "p":0.0,
        "r":0.0,
        "f":0.0
      },
      "vocative":{
        "p":0.0087719298,
        "r":0.0163934426,
        "f":0.0114285714
      },
      "dep":{
        "p":0.0005626407,
        "r":0.0141509434,
        "f":0.0010822511
      },
      "fixed":{
        "p":0.0,
        "r":0.0,
        "f":0.0
      },
      "ccomp":{
        "p":0.0,
        "r":0.0,
        "f":0.0
      },
      "cop":{
        "p":0.0434782609,
        "r":0.0018094089,
        "f":0.0034742328
      },
      "expl":{
        "p":0.0,
        "r":0.0,
        "f":0.0
      },
      "nummod":{
        "p":0.0223463687,
        "r":0.0204081633,
        "f":0.0213333333
      },
      "csubj":{
        "p":0.0,
        "r":0.0,
        "f":0.0
      },
      "compound":{
        "p":0.0,
        "r":0.0,
        "f":0.0
      },
      "dislocated":{
        "p":0.0,
        "r":0.0,
        "f":0.0
      },
      "orphan":{
        "p":0.0,
        "r":0.0,
        "f":0.0
      },
      "nummod:gov":{
        "p":0.0,
        "r":0.0,
        "f":0.0
      },
      "flat:name":{
        "p":0.0333333333,
        "r":0.0048309179,
        "f":0.0084388186
      },
      "obl:agent":{
        "p":0.0,
        "r":0.0,
        "f":0.0
      },
      "obl:arg":{
        "p":0.0,
        "r":0.0,
        "f":0.0
      },
      "nsubj:pass":{
        "p":0.0,
        "r":0.0,
        "f":0.0
      },
      "discourse":{
        "p":0.0,
        "r":0.0,
        "f":0.0
      },
      "flat:foreign":{
        "p":0.0,
        "r":0.0,
        "f":0.0
      },
      "advcl:cmp":{
        "p":0.0,
        "r":0.0,
        "f":0.0
      },
      "flat":{
        "p":0.0,
        "r":0.0,
        "f":0.0
      }
    }
  },
  "trainable_lemmatizer":{
    "lemma_acc":0.4753550756
  },
  "tagger":{
    "tag_acc":0.0001360035
  },
  "speed":4017.4441548001
}