{
  "tokenizer":{
    "token_acc":0.9464403791,
    "token_p":0.9418117699,
    "token_r":0.8969353484,
    "token_f":0.9188259327
  },
  "transformer":{

  },
  "parser":{
    "sents_p":0.4509803922,
    "sents_r":0.6503856041,
    "sents_f":0.5326315789,
    "dep_uas":0.299313052,
    "dep_las":0.0716388616,
    "dep_las_per_type":{
      "advmod":{
        "p":0.1308900524,
        "r":0.0512295082,
        "f":0.0736377025
      },
      "iobj":{
        "p":0.0,
        "r":0.0,
        "f":0.0
      },
      "root":{
        "p":0.2657743786,
        "r":0.3573264781,
        "f":0.3048245614
      },
      "nsubj":{
        "p":0.0663507109,
        "r":0.036939314,
        "f":0.0474576271
      },
      "dep":{
        "p":0.0,
        "r":0.0,
        "f":0.0
      },
      "cc:nc":{
        "p":0.0,
        "r":0.0,
        "f":0.0
      },
      "expl":{
        "p":0.0,
        "r":0.0,
        "f":0.0
      },
      "case":{
        "p":0.1165501166,
        "r":0.1992031873,
        "f":0.1470588235
      },
      "obl":{
        "p":0.0672268908,
        "r":0.0278745645,
        "f":0.039408867
      },
      "ccomp":{
        "p":0.0,
        "r":0.0,
        "f":0.0
      },
      "cc":{
        "p":0.1244239631,
        "r":0.225,
        "f":0.1602373887
      },
      "conj":{
        "p":0.0342857143,
        "r":0.0895522388,
        "f":0.0495867769
      },
      "mark":{
        "p":0.1,
        "r":0.012987013,
        "f":0.0229885057
      },
      "aux":{
        "p":0.0,
        "r":0.0,
        "f":0.0
      },
      "det":{
        "p":0.1212121212,
        "r":0.0119047619,
        "f":0.0216802168
      },
      "acl":{
        "p":0.0,
        "r":0.0,
        "f":0.0
      },
      "advcl":{
        "p":0.0,
        "r":0.0,
        "f":0.0
      },
      "obj":{
        "p":0.0306122449,
        "r":0.0081967213,
        "f":0.0129310345
      },
      "acl:relcl":{
        "p":0.0,
        "r":0.0,
        "f":0.0
      },
      "orphan":{
        "p":0.0,
        "r":0.0,
        "f":0.0
      },
      "parataxis":{
        "p":0.0153846154,
        "r":0.1,
        "f":0.0266666667
      },
      "fixed":{
        "p":0.0,
        "r":0.0,
        "f":0.0
      },
      "amod":{
        "p":0.0,
        "r":0.0,
        "f":0.0
      },
      "xcomp":{
        "p":0.0,
        "r":0.0,
        "f":0.0
      },
      "appos":{
        "p":0.0,
        "r":0.0,
        "f":0.0
      },
      "nummod":{
        "p":0.0,
        "r":0.0,
        "f":0.0
      },
      "nmod":{
        "p":0.0352112676,
        "r":0.0892857143,
        "f":0.0505050505
      },
      "flat":{
        "p":0.0,
        "r":0.0,
        "f":0.0
      },
      "discourse":{
        "p":0.0,
        "r":0.0,
        "f":0.0
      },
      "cop":{
        "p":0.0344827586,
        "r":0.0333333333,
        "f":0.0338983051
      },
      "vocative":{
        "p":0.0,
        "r":0.0,
        "f":0.0
      },
      "dislocated":{
        "p":0.0,
        "r":0.0,
        "f":0.0
      },
      "case:det":{
        "p":0.0,
        "r":0.0,
        "f":0.0
      },
      "obl:advmod":{
        "p":0.0,
        "r":0.0,
        "f":0.0
      },
      "nummod:gov":{
        "p":0.0,
        "r":0.0,
        "f":0.0
      },
      "aux:pass":{
        "p":0.0,
        "r":0.0,
        "f":0.0
      },
      "obl:arg":{
        "p":0.0,
        "r":0.0,
        "f":0.0
      },
      "compound":{
        "p":0.0,
        "r":0.0,
        "f":0.0
      },
      "nsubj:pass":{
        "p":0.0,
        "r":0.0,
        "f":0.0
      },
      "csubj":{
        "p":0.0,
        "r":0.0,
        "f":0.0
      },
      "expl:pv":{
        "p":0.0,
        "r":0.0,
        "f":0.0
      },
      "nsubj:obj":{
        "p":0.0,
        "r":0.0,
        "f":0.0
      }
    }
  },
  "trainable_lemmatizer":{
    "lemma_acc":0.4162066681
  },
  "tagger":{
    "tag_acc":0.0
  },
  "speed":1235.5185916351
}