{
  "tokenizer":{
    "token_acc":1.0,
    "token_p":0.9963401882,
    "token_r":0.998777079,
    "token_f":0.9975571453
  },
  "transformer":{

  },
  "parser":{
    "sents_p":0.2097107438,
    "sents_r":0.3759259259,
    "sents_f":0.2692307692,
    "dep_uas":0.2923925414,
    "dep_las":0.0873293665,
    "dep_las_per_type":{
      "cc":{
        "p":0.1544117647,
        "r":0.0402298851,
        "f":0.0638297872
      },
      "xcomp":{
        "p":0.0454545455,
        "r":0.0046082949,
        "f":0.0083682008
      },
      "root":{
        "p":0.2012383901,
        "r":0.3611111111,
        "f":0.2584493042
      },
      "nsubj":{
        "p":0.04048583,
        "r":0.022172949,
        "f":0.0286532951
      },
      "nsubj:pass":{
        "p":0.0,
        "r":0.0,
        "f":0.0
      },
      "advmod":{
        "p":0.05,
        "r":0.0082872928,
        "f":0.0142180095
      },
      "acl":{
        "p":0.0,
        "r":0.0,
        "f":0.0
      },
      "case":{
        "p":0.2379182156,
        "r":0.3817097416,
        "f":0.293129771
      },
      "obl":{
        "p":0.0632183908,
        "r":0.025,
        "f":0.0358306189
      },
      "dep":{
        "p":0.0,
        "r":0.0,
        "f":0.0
      },
      "nmod":{
        "p":0.0462184874,
        "r":0.0909090909,
        "f":0.061281337
      },
      "det":{
        "p":0.1134020619,
        "r":0.0472103004,
        "f":0.0666666667
      },
      "amod":{
        "p":0.0149253731,
        "r":0.012195122,
        "f":0.0134228188
      },
      "appos":{
        "p":0.01171875,
        "r":0.0731707317,
        "f":0.0202020202
      },
      "parataxis":{
        "p":0.0,
        "r":0.0,
        "f":0.0
      },
      "orphan":{
        "p":0.0,
        "r":0.0,
        "f":0.0
      },
      "obj":{
        "p":0.0086206897,
        "r":0.0027624309,
        "f":0.0041841004
      },
      "conj":{
        "p":0.027833002,
        "r":0.0410557185,
        "f":0.0331753555
      },
      "nummod":{
        "p":0.0,
        "r":0.0,
        "f":0.0
      },
      "advcl":{
        "p":0.0135135135,
        "r":0.0035714286,
        "f":0.0056497175
      },
      "cop":{
        "p":0.0,
        "r":0.0,
        "f":0.0
      },
      "obl:arg":{
        "p":0.0,
        "r":0.0,
        "f":0.0
      },
      "discourse":{
        "p":0.0689655172,
        "r":0.0135135135,
        "f":0.0225988701
      },
      "mark":{
        "p":0.0,
        "r":0.0,
        "f":0.0
      },
      "fixed":{
        "p":0.0,
        "r":0.0,
        "f":0.0
      },
      "ccomp":{
        "p":0.0,
        "r":0.0,
        "f":0.0
      },
      "vocative":{
        "p":0.0,
        "r":0.0,
        "f":0.0
      },
      "dislocated":{
        "p":0.0,
        "r":0.0,
        "f":0.0
      },
      "advcl:cmp":{
        "p":0.0,
        "r":0.0,
        "f":0.0
      },
      "flat:name":{
        "p":0.0,
        "r":0.0,
        "f":0.0
      },
      "aux":{
        "p":0.0,
        "r":0.0,
        "f":0.0
      },
      "expl:pv":{
        "p":0.0,
        "r":0.0,
        "f":0.0
      },
      "nummod:gov":{
        "p":0.0,
        "r":0.0,
        "f":0.0
      },
      "flat":{
        "p":0.0,
        "r":0.0,
        "f":0.0
      },
      "obl:agent":{
        "p":0.0,
        "r":0.0,
        "f":0.0
      },
      "csubj:pass":{
        "p":0.0,
        "r":0.0,
        "f":0.0
      },
      "iobj":{
        "p":0.0,
        "r":0.0,
        "f":0.0
      },
      "acl:relcl":{
        "p":0.0,
        "r":0.0,
        "f":0.0
      },
      "nsubj:outer":{
        "p":0.0,
        "r":0.0,
        "f":0.0
      },
      "csubj":{
        "p":0.0,
        "r":0.0,
        "f":0.0
      }
    }
  },
  "trainable_lemmatizer":{
    "lemma_acc":0.4052709661
  },
  "tagger":{
    "tag_acc":0.081173082
  },
  "speed":1407.0910414337
}