{
  "tokenizer":{
    "token_acc":0.9987632593,
    "token_p":0.9895828378,
    "token_r":0.9929125403,
    "token_f":0.9912448929
  },
  "transformer":{

  },
  "parser":{
    "sents_p":0.4938016529,
    "sents_r":0.6938709677,
    "sents_f":0.5769849785,
    "dep_uas":0.3296918577,
    "dep_las":0.1064845674,
    "dep_las_per_type":{
      "nsubj":{
        "p":0.091796875,
        "r":0.0512354651,
        "f":0.0657649254
      },
      "case":{
        "p":0.2034364261,
        "r":0.1102010424,
        "f":0.1429606375
      },
      "obl":{
        "p":0.0996466431,
        "r":0.0523579651,
        "f":0.0686465433
      },
      "root":{
        "p":0.3007072781,
        "r":0.4251612903,
        "f":0.3522651343
      },
      "det":{
        "p":0.3341815098,
        "r":0.0852076125,
        "f":0.1357918318
      },
      "flat:name":{
        "p":0.0,
        "r":0.0,
        "f":0.0
      },
      "advcl":{
        "p":0.0540166205,
        "r":0.0191176471,
        "f":0.0282404055
      },
      "cop":{
        "p":0.0266666667,
        "r":0.0078895464,
        "f":0.0121765601
      },
      "acl":{
        "p":0.0029917726,
        "r":0.0080645161,
        "f":0.0043644299
      },
      "advmod":{
        "p":0.1099169516,
        "r":0.166790215,
        "f":0.1325088339
      },
      "obj":{
        "p":0.1022383545,
        "r":0.0538559592,
        "f":0.0705489459
      },
      "dep":{
        "p":0.0,
        "r":0.0,
        "f":0.0
      },
      "nmod":{
        "p":0.1054852321,
        "r":0.0245982289,
        "f":0.039893617
      },
      "cc":{
        "p":0.3086956522,
        "r":0.1684460261,
        "f":0.2179585572
      },
      "conj":{
        "p":0.0930079156,
        "r":0.0670152091,
        "f":0.0779005525
      },
      "xcomp":{
        "p":0.03678606,
        "r":0.0392561983,
        "f":0.0379810095
      },
      "amod":{
        "p":0.0117537891,
        "r":0.0761523046,
        "f":0.0203644159
      },
      "mark":{
        "p":0.0122199593,
        "r":0.0089020772,
        "f":0.0103004292
      },
      "aux:pass":{
        "p":0.0,
        "r":0.0,
        "f":0.0
      },
      "nsubj:pass":{
        "p":0.0,
        "r":0.0,
        "f":0.0
      },
      "cc:nc":{
        "p":0.0,
        "r":0.0,
        "f":0.0
      },
      "dislocated":{
        "p":0.0,
        "r":0.0,
        "f":0.0
      },
      "appos":{
        "p":0.0,
        "r":0.0,
        "f":0.0
      },
      "csubj":{
        "p":0.0,
        "r":0.0,
        "f":0.0
      },
      "acl:relcl":{
        "p":0.0,
        "r":0.0,
        "f":0.0
      },
      "obl:arg":{
        "p":0.0,
        "r":0.0,
        "f":0.0
      },
      "discourse":{
        "p":0.0,
        "r":0.0,
        "f":0.0
      },
      "ccomp":{
        "p":0.1290322581,
        "r":0.0102040816,
        "f":0.0189125296
      },
      "parataxis":{
        "p":0.0119047619,
        "r":0.0196078431,
        "f":0.0148148148
      },
      "orphan":{
        "p":0.0,
        "r":0.0,
        "f":0.0
      },
      "iobj":{
        "p":0.0,
        "r":0.0,
        "f":0.0
      },
      "aux":{
        "p":0.0,
        "r":0.0,
        "f":0.0
      },
      "vocative":{
        "p":0.0291970803,
        "r":0.0225988701,
        "f":0.025477707
      },
      "case:det":{
        "p":0.0,
        "r":0.0,
        "f":0.0
      },
      "obl:agent":{
        "p":0.0,
        "r":0.0,
        "f":0.0
      },
      "flat":{
        "p":0.0,
        "r":0.0,
        "f":0.0
      },
      "nummod":{
        "p":0.0,
        "r":0.0,
        "f":0.0
      },
      "obl:advmod":{
        "p":0.0,
        "r":0.0,
        "f":0.0
      },
      "expl":{
        "p":0.0,
        "r":0.0,
        "f":0.0
      },
      "fixed":{
        "p":0.0,
        "r":0.0,
        "f":0.0
      },
      "nsubj:outer":{
        "p":0.0,
        "r":0.0,
        "f":0.0
      },
      "advcl:cmp":{
        "p":0.0,
        "r":0.0,
        "f":0.0
      },
      "csubj:pass":{
        "p":0.0,
        "r":0.0,
        "f":0.0
      }
    }
  },
  "trainable_lemmatizer":{
    "lemma_acc":0.2117307715
  },
  "tagger":{
    "tag_acc":0.0
  },
  "morphologizer":{
    "pos_acc":0.399866417,
    "morph_acc":0.2599112638,
    "morph_micro_p":0.3298621746,
    "morph_micro_r":0.036021874,
    "morph_micro_f":0.064950925,
    "morph_per_feat":{
      "Case":{
        "p":0.0,
        "r":0.0,
        "f":0.0
      },
      "Gender":{
        "p":0.0,
        "r":0.0,
        "f":0.0
      },
      "Number":{
        "p":0.0,
        "r":0.0,
        "f":0.0
      },
      "Aspect":{
        "p":0.0,
        "r":0.0,
        "f":0.0
      },
      "Mood":{
        "p":0.0,
        "r":0.0,
        "f":0.0
      },
      "Person":{
        "p":0.0,
        "r":0.0,
        "f":0.0
      },
      "Tense":{
        "p":0.2482168331,
        "r":0.0426889107,
        "f":0.0728490685
      },
      "VerbForm":{
        "p":0.3757257093,
        "r":0.4206524405,
        "f":0.3969218307
      },
      "Voice":{
        "p":0.0,
        "r":0.0,
        "f":0.0
      },
      "Definite":{
        "p":0.5418719212,
        "r":0.1214128035,
        "f":0.1983769161
      },
      "PronType":{
        "p":0.1261034048,
        "r":0.0427350427,
        "f":0.0638365784
      },
      "Poss":{
        "p":0.0,
        "r":0.0,
        "f":0.0
      },
      "Degree":{
        "p":0.0,
        "r":0.0,
        "f":0.0
      },
      "Polarity":{
        "p":0.0,
        "r":0.0,
        "f":0.0
      },
      "NumType":{
        "p":0.0,
        "r":0.0,
        "f":0.0
      },
      "Reflex":{
        "p":0.0,
        "r":0.0,
        "f":0.0
      }
    }
  },
  "speed":4300.2823311365
}