{
  "tokenizer":{
    "token_acc":0.9995570601,
    "token_p":0.9645015345,
    "token_r":0.9836092021,
    "token_f":0.9739616613
  },
  "transformer":{

  },
  "parser":{
    "sents_p":0.5234915335,
    "sents_r":0.7092084006,
    "sents_f":0.6023600439,
    "dep_uas":0.2904196145,
    "dep_las":0.0552736043,
    "dep_las_per_type":{
      "discourse":{
        "p":0.0,
        "r":0.0,
        "f":0.0
      },
      "vocative":{
        "p":0.0097087379,
        "r":0.0050251256,
        "f":0.0066225166
      },
      "root":{
        "p":0.2154644036,
        "r":0.2953150242,
        "f":0.2491481532
      },
      "advmod":{
        "p":0.0270924045,
        "r":0.0349781387,
        "f":0.0305343511
      },
      "advcl":{
        "p":0.0049751244,
        "r":0.0032786885,
        "f":0.0039525692
      },
      "expl:pv":{
        "p":0.0,
        "r":0.0,
        "f":0.0
      },
      "obl:arg":{
        "p":0.0,
        "r":0.0,
        "f":0.0
      },
      "flat":{
        "p":0.0,
        "r":0.0,
        "f":0.0
      },
      "case":{
        "p":0.2551413882,
        "r":0.11836613,
        "f":0.1617107943
      },
      "conj":{
        "p":0.0290556901,
        "r":0.0153518124,
        "f":0.0200892857
      },
      "obj":{
        "p":0.0254403131,
        "r":0.01558753,
        "f":0.019330855
      },
      "obl":{
        "p":0.0793237971,
        "r":0.0232027387,
        "f":0.0359034726
      },
      "nummod":{
        "p":0.006779661,
        "r":0.0108695652,
        "f":0.0083507307
      },
      "nsubj":{
        "p":0.0272727273,
        "r":0.0063324538,
        "f":0.0102783726
      },
      "appos":{
        "p":0.0105263158,
        "r":0.0028169014,
        "f":0.0044444444
      },
      "obl:agent":{
        "p":0.0,
        "r":0.0,
        "f":0.0
      },
      "mark":{
        "p":0.0006702413,
        "r":0.003125,
        "f":0.0011037528
      },
      "dep":{
        "p":0.0017047392,
        "r":0.0331125828,
        "f":0.0032425422
      },
      "det":{
        "p":0.0088348978,
        "r":0.0124416796,
        "f":0.0103325799
      },
      "cc":{
        "p":0.1416666667,
        "r":0.0056628914,
        "f":0.0108904548
      },
      "nmod":{
        "p":0.017699115,
        "r":0.0253699789,
        "f":0.0208514335
      },
      "dislocated":{
        "p":0.0,
        "r":0.0,
        "f":0.0
      },
      "amod":{
        "p":0.0442367601,
        "r":0.0479082321,
        "f":0.0459993521
      },
      "acl":{
        "p":0.0032679739,
        "r":0.0044052863,
        "f":0.0037523452
      },
      "cc:nc":{
        "p":0.0,
        "r":0.0,
        "f":0.0
      },
      "xcomp":{
        "p":0.0043541364,
        "r":0.0086206897,
        "f":0.0057859209
      },
      "case:det":{
        "p":0.0,
        "r":0.0,
        "f":0.0
      },
      "parataxis":{
        "p":0.0,
        "r":0.0,
        "f":0.0
      },
      "expl":{
        "p":0.0,
        "r":0.0,
        "f":0.0
      },
      "cop":{
        "p":0.0099009901,
        "r":0.0062111801,
        "f":0.0076335878
      },
      "nsubj:pass":{
        "p":0.0,
        "r":0.0,
        "f":0.0
      },
      "ccomp":{
        "p":0.0,
        "r":0.0,
        "f":0.0
      },
      "aux":{
        "p":0.0,
        "r":0.0,
        "f":0.0
      },
      "aux:pass":{
        "p":0.0,
        "r":0.0,
        "f":0.0
      },
      "iobj":{
        "p":0.0,
        "r":0.0,
        "f":0.0
      },
      "flat:name":{
        "p":0.0,
        "r":0.0,
        "f":0.0
      },
      "acl:relcl":{
        "p":0.0,
        "r":0.0,
        "f":0.0
      },
      "fixed":{
        "p":0.0,
        "r":0.0,
        "f":0.0
      },
      "nummod:gov":{
        "p":0.0,
        "r":0.0,
        "f":0.0
      },
      "obl:advmod":{
        "p":0.0,
        "r":0.0,
        "f":0.0
      },
      "orphan":{
        "p":0.0,
        "r":0.0,
        "f":0.0
      },
      "csubj":{
        "p":0.0,
        "r":0.0,
        "f":0.0
      },
      "list":{
        "p":0.0,
        "r":0.0,
        "f":0.0
      },
      "advcl:cmp":{
        "p":0.0,
        "r":0.0,
        "f":0.0
      },
      "nsubj:outer":{
        "p":0.0,
        "r":0.0,
        "f":0.0
      },
      "compound":{
        "p":0.0,
        "r":0.0,
        "f":0.0
      },
      "csubj:pass":{
        "p":0.0,
        "r":0.0,
        "f":0.0
      },
      "reparandum":{
        "p":0.0,
        "r":0.0,
        "f":0.0
      },
      "goeswith":{
        "p":0.0,
        "r":0.0,
        "f":0.0
      }
    }
  },
  "trainable_lemmatizer":{
    "lemma_acc":0.2970094355
  },
  "tagger":{
    "tag_acc":0.0
  },
  "morphologizer":{
    "pos_acc":0.2892314588,
    "morph_acc":0.238053922,
    "morph_micro_p":0.1402439024,
    "morph_micro_r":0.0091987014,
    "morph_micro_f":0.0172649799,
    "morph_per_feat":{
      "Case":{
        "p":0.0,
        "r":0.0,
        "f":0.0
      },
      "Gender":{
        "p":0.0,
        "r":0.0,
        "f":0.0
      },
      "Number":{
        "p":0.0,
        "r":0.0,
        "f":0.0
      },
      "Mood":{
        "p":0.0,
        "r":0.0,
        "f":0.0
      },
      "Person":{
        "p":0.0,
        "r":0.0,
        "f":0.0
      },
      "Tense":{
        "p":0.0895522388,
        "r":0.0036615134,
        "f":0.0070353723
      },
      "VerbForm":{
        "p":0.1695974086,
        "r":0.1440927855,
        "f":0.1558082687
      },
      "Voice":{
        "p":0.0,
        "r":0.0,
        "f":0.0
      },
      "PronType":{
        "p":0.0284023669,
        "r":0.0098806093,
        "f":0.0146609652
      },
      "Variant":{
        "p":0.0,
        "r":0.0,
        "f":0.0
      },
      "Reflex":{
        "p":0.0,
        "r":0.0,
        "f":0.0
      },
      "Aspect":{
        "p":0.0,
        "r":0.0,
        "f":0.0
      },
      "Degree":{
        "p":0.0,
        "r":0.0,
        "f":0.0
      },
      "Clitic":{
        "p":0.0,
        "r":0.0,
        "f":0.0
      },
      "Polarity":{
        "p":0.0,
        "r":0.0,
        "f":0.0
      },
      "Definite":{
        "p":0.0,
        "r":0.0,
        "f":0.0
      },
      "Poss":{
        "p":0.0303030303,
        "r":0.0019157088,
        "f":0.0036036036
      },
      "Analyt":{
        "p":0.0,
        "r":0.0,
        "f":0.0
      },
      "NumType":{
        "p":0.0740740741,
        "r":0.0265486726,
        "f":0.0390879479
      },
      "Animacy":{
        "p":0.0,
        "r":0.0,
        "f":0.0
      },
      "NumForm":{
        "p":0.0,
        "r":0.0,
        "f":0.0
      },
      "NameType":{
        "p":0.0,
        "r":0.0,
        "f":0.0
      },
      "Abbr":{
        "p":0.0,
        "r":0.0,
        "f":0.0
      },
      "Typo":{
        "p":0.0,
        "r":0.0,
        "f":0.0
      }
    }
  },
  "speed":3218.6376096428
}