{
  "tokenizer":{
    "token_acc":0.9996152111,
    "token_p":0.9922378791,
    "token_r":0.9963360691,
    "token_f":0.9942827512
  },
  "transformer":{

  },
  "parser":{
    "sents_p":0.4391748942,
    "sents_r":0.6603923648,
    "sents_f":0.5275307073,
    "dep_uas":0.3369862143,
    "dep_las":0.1383925382,
    "dep_las_per_type":{
      "root":{
        "p":0.2203567681,
        "r":0.3340402969,
        "f":0.2655426765
      },
      "cc":{
        "p":0.4475223146,
        "r":0.4326093425,
        "f":0.4399394856
      },
      "mark":{
        "p":0.0890804598,
        "r":0.0354589648,
        "f":0.0507261199
      },
      "amod":{
        "p":0.0551128818,
        "r":0.0599277978,
        "f":0.057419578
      },
      "nsubj:pass":{
        "p":0.0,
        "r":0.0,
        "f":0.0
      },
      "advmod:neg":{
        "p":0.0,
        "r":0.0,
        "f":0.0
      },
      "advcl":{
        "p":0.0403632694,
        "r":0.0156555773,
        "f":0.0225606317
      },
      "case":{
        "p":0.5363202545,
        "r":0.3251888764,
        "f":0.4048834184
      },
      "nsubj":{
        "p":0.1290219815,
        "r":0.0928260371,
        "f":0.1079712077
      },
      "obl":{
        "p":0.1482988166,
        "r":0.0811740891,
        "f":0.1049188906
      },
      "acl:relcl":{
        "p":0.0976430976,
        "r":0.068128426,
        "f":0.0802583026
      },
      "nmod":{
        "p":0.0777723258,
        "r":0.071300045,
        "f":0.0743956818
      },
      "obj":{
        "p":0.0464811784,
        "r":0.0711422846,
        "f":0.0562264898
      },
      "cc:nc":{
        "p":0.0,
        "r":0.0,
        "f":0.0
      },
      "xcomp":{
        "p":0.02707137,
        "r":0.0291005291,
        "f":0.0280492988
      },
      "dep":{
        "p":0.0007011394,
        "r":0.2352941176,
        "f":0.0013981125
      },
      "advmod":{
        "p":0.0295246922,
        "r":0.0996870809,
        "f":0.0455566905
      },
      "conj":{
        "p":0.1914139425,
        "r":0.2749646393,
        "f":0.2257053292
      },
      "csubj:pass":{
        "p":0.0,
        "r":0.0,
        "f":0.0
      },
      "cop":{
        "p":0.2053175775,
        "r":0.3355461678,
        "f":0.2547537228
      },
      "obl:advmod":{
        "p":0.0,
        "r":0.0,
        "f":0.0
      },
      "advmod:lmod":{
        "p":0.0,
        "r":0.0,
        "f":0.0
      },
      "det":{
        "p":0.1914217633,
        "r":0.1163970056,
        "f":0.1447664815
      },
      "fixed":{
        "p":0.0,
        "r":0.0,
        "f":0.0
      },
      "obl:arg":{
        "p":0.0,
        "r":0.0,
        "f":0.0
      },
      "appos":{
        "p":0.0097560976,
        "r":0.0023612751,
        "f":0.0038022814
      },
      "ccomp:relcl":{
        "p":0.0,
        "r":0.0,
        "f":0.0
      },
      "acl":{
        "p":0.0094736842,
        "r":0.0067064083,
        "f":0.0078534031
      },
      "expl":{
        "p":0.0,
        "r":0.0,
        "f":0.0
      },
      "iobj":{
        "p":0.0,
        "r":0.0,
        "f":0.0
      },
      "case:det":{
        "p":0.0,
        "r":0.0,
        "f":0.0
      },
      "discourse":{
        "p":0.0,
        "r":0.0,
        "f":0.0
      },
      "orphan":{
        "p":0.0,
        "r":0.0,
        "f":0.0
      },
      "csubj":{
        "p":0.0327868852,
        "r":0.0032894737,
        "f":0.0059790732
      },
      "advmod:emph":{
        "p":0.0,
        "r":0.0,
        "f":0.0
      },
      "nummod":{
        "p":0.006932409,
        "r":0.0158102767,
        "f":0.0096385542
      },
      "flat":{
        "p":0.0,
        "r":0.0,
        "f":0.0
      },
      "dislocated:obj":{
        "p":0.0,
        "r":0.0,
        "f":0.0
      },
      "compound":{
        "p":0.0,
        "r":0.0,
        "f":0.0
      },
      "parataxis":{
        "p":0.0,
        "r":0.0,
        "f":0.0
      },
      "ccomp:reported":{
        "p":0.0,
        "r":0.0,
        "f":0.0
      },
      "ccomp":{
        "p":0.0266666667,
        "r":0.0082304527,
        "f":0.0125786164
      },
      "aux:pass":{
        "p":0.0394736842,
        "r":0.0135746606,
        "f":0.0202020202
      },
      "aux":{
        "p":0.0,
        "r":0.0,
        "f":0.0
      },
      "csubj:relcl":{
        "p":0.0,
        "r":0.0,
        "f":0.0
      },
      "advcl:abs":{
        "p":0.0,
        "r":0.0,
        "f":0.0
      },
      "conj:expl":{
        "p":0.0,
        "r":0.0,
        "f":0.0
      },
      "advcl:cmp":{
        "p":0.0,
        "r":0.0,
        "f":0.0
      },
      "advcl:pred":{
        "p":0.0,
        "r":0.0,
        "f":0.0
      },
      "obl:agent":{
        "p":0.0,
        "r":0.0,
        "f":0.0
      },
      "obl:lmod":{
        "p":0.0,
        "r":0.0,
        "f":0.0
      },
      "vocative":{
        "p":0.0038167939,
        "r":0.0714285714,
        "f":0.0072463768
      },
      "dislocated:nsubj":{
        "p":0.0,
        "r":0.0,
        "f":0.0
      },
      "advmod:tmod":{
        "p":0.0,
        "r":0.0,
        "f":0.0
      },
      "expl:pass":{
        "p":0.0,
        "r":0.0,
        "f":0.0
      },
      "reparandum":{
        "p":0.0,
        "r":0.0,
        "f":0.0
      },
      "advcl:relcl":{
        "p":0.0,
        "r":0.0,
        "f":0.0
      },
      "obl:tmod":{
        "p":0.0,
        "r":0.0,
        "f":0.0
      },
      "nsubj:outer":{
        "p":0.0,
        "r":0.0,
        "f":0.0
      },
      "flat:name":{
        "p":0.0,
        "r":0.0,
        "f":0.0
      },
      "obl:cmp":{
        "p":0.0,
        "r":0.0,
        "f":0.0
      },
      "cop:outer":{
        "p":0.0,
        "r":0.0,
        "f":0.0
      },
      "csubj:outer":{
        "p":0.0,
        "r":0.0,
        "f":0.0
      },
      "flat:foreign":{
        "p":0.0,
        "r":0.0,
        "f":0.0
      },
      "parataxis:reporting":{
        "p":0.0,
        "r":0.0,
        "f":0.0
      },
      "dislocated":{
        "p":0.0,
        "r":0.0,
        "f":0.0
      },
      "csubj:cleft":{
        "p":0.0,
        "r":0.0,
        "f":0.0
      },
      "csubj:reported":{
        "p":0.0,
        "r":0.0,
        "f":0.0
      },
      "dislocated:csubj":{
        "p":0.0,
        "r":0.0,
        "f":0.0
      }
    }
  },
  "trainable_lemmatizer":{
    "lemma_acc":0.4750480421
  },
  "tagger":{
    "tag_acc":0.0
  },
  "morphologizer":{
    "pos_acc":0.4811000679,
    "morph_acc":0.3333488648,
    "morph_micro_p":0.4276087885,
    "morph_micro_r":0.0422668662,
    "morph_micro_f":0.0769296441,
    "morph_per_feat":{
      "Case":{
        "p":0.0,
        "r":0.0,
        "f":0.0
      },
      "Gender":{
        "p":0.0,
        "r":0.0,
        "f":0.0
      },
      "InflClass":{
        "p":0.0,
        "r":0.0,
        "f":0.0
      },
      "Number":{
        "p":0.0,
        "r":0.0,
        "f":0.0
      },
      "Polarity":{
        "p":0.9878493317,
        "r":0.5964783566,
        "f":0.7438243367
      },
      "Aspect":{
        "p":0.0,
        "r":0.0,
        "f":0.0
      },
      "Mood":{
        "p":0.0,
        "r":0.0,
        "f":0.0
      },
      "Person":{
        "p":0.0,
        "r":0.0,
        "f":0.0
      },
      "Tense":{
        "p":0.0883864337,
        "r":0.0139181097,
        "f":0.024049217
      },
      "VerbForm":{
        "p":0.5137060554,
        "r":0.5221566312,
        "f":0.5178968734
      },
      "Voice":{
        "p":0.0,
        "r":0.0,
        "f":0.0
      },
      "PronType":{
        "p":0.2874755382,
        "r":0.1329411765,
        "f":0.1818069307
      },
      "Reflex":{
        "p":0.0,
        "r":0.0,
        "f":0.0
      },
      "InflClass[nominal]":{
        "p":0.0,
        "r":0.0,
        "f":0.0
      },
      "AdvType":{
        "p":0.0,
        "r":0.0,
        "f":0.0
      },
      "Number[psor]":{
        "p":0.0,
        "r":0.0,