{
  "tokenizer":{
    "token_acc":1.0,
    "token_p":0.997476277,
    "token_r":0.9991405026,
    "token_f":0.9983076962
  },
  "transformer":{

  },
  "parser":{
    "sents_p":0.4843945069,
    "sents_r":0.6858152894,
    "sents_f":0.5677702579,
    "dep_uas":0.3503394868,
    "dep_las":0.1271096327,
    "dep_las_per_type":{
      "discourse":{
        "p":0.0,
        "r":0.0,
        "f":0.0
      },
      "case":{
        "p":0.4679144385,
        "r":0.2194357367,
        "f":0.2987622706
      },
      "root":{
        "p":0.3414330218,
        "r":0.484312859,
        "f":0.4005116024
      },
      "nsubj":{
        "p":0.0487804878,
        "r":0.0084210526,
        "f":0.0143626571
      },
      "det":{
        "p":0.0125184094,
        "r":0.0166994106,
        "f":0.0143097643
      },
      "acl":{
        "p":0.0054545455,
        "r":0.0087463557,
        "f":0.006718925
      },
      "obj":{
        "p":0.0632022472,
        "r":0.0298210736,
        "f":0.0405222873
      },
      "mark":{
        "p":0.004494382,
        "r":0.0053191489,
        "f":0.0048721072
      },
      "advcl":{
        "p":0.0468085106,
        "r":0.0112016293,
        "f":0.0180772391
      },
      "amod":{
        "p":0.0448548813,
        "r":0.0437580438,
        "f":0.0442996743
      },
      "obl":{
        "p":0.2333825702,
        "r":0.1080711354,
        "f":0.1477325853
      },
      "advmod":{
        "p":0.1661644425,
        "r":0.2960122699,
        "f":0.2128480838
      },
      "cc":{
        "p":0.3697270471,
        "r":0.098937583,
        "f":0.1561026716
      },
      "dep":{
        "p":0.0009861933,
        "r":0.0882352941,
        "f":0.0019505852
      },
      "conj":{
        "p":0.0460829493,
        "r":0.0457456542,
        "f":0.0459136823
      },
      "expl:pv":{
        "p":0.0,
        "r":0.0,
        "f":0.0
      },
      "obl:arg":{
        "p":0.0,
        "r":0.0,
        "f":0.0
      },
      "nsubj:pass":{
        "p":0.0,
        "r":0.0,
        "f":0.0
      },
      "dislocated":{
        "p":0.0,
        "r":0.0,
        "f":0.0
      },
      "cop":{
        "p":0.0350877193,
        "r":0.0051020408,
        "f":0.008908686
      },
      "vocative":{
        "p":0.1052631579,
        "r":0.012195122,
        "f":0.0218579235
      },
      "flat:name":{
        "p":0.0,
        "r":0.0,
        "f":0.0
      },
      "xcomp":{
        "p":0.0231788079,
        "r":0.0221518987,
        "f":0.0226537217
      },
      "nmod":{
        "p":0.012345679,
        "r":0.008583691,
        "f":0.0101265823
      },
      "appos":{
        "p":0.0,
        "r":0.0,
        "f":0.0
      },
      "case:det":{
        "p":0.0,
        "r":0.0,
        "f":0.0
      },
      "aux":{
        "p":0.0,
        "r":0.0,
        "f":0.0
      },
      "orphan":{
        "p":0.0,
        "r":0.0,
        "f":0.0
      },
      "advcl:cmp":{
        "p":0.0,
        "r":0.0,
        "f":0.0
      },
      "ccomp":{
        "p":0.0,
        "r":0.0,
        "f":0.0
      },
      "parataxis":{
        "p":0.0,
        "r":0.0,
        "f":0.0
      },
      "cc:nc":{
        "p":0.0,
        "r":0.0,
        "f":0.0
      },
      "obl:agent":{
        "p":0.0,
        "r":0.0,
        "f":0.0
      },
      "csubj":{
        "p":0.0,
        "r":0.0,
        "f":0.0
      },
      "nsubj:outer":{
        "p":0.0,
        "r":0.0,
        "f":0.0
      },
      "nummod":{
        "p":0.0,
        "r":0.0,
        "f":0.0
      },
      "fixed":{
        "p":0.0,
        "r":0.0,
        "f":0.0
      },
      "iobj":{
        "p":0.0,
        "r":0.0,
        "f":0.0
      },
      "flat":{
        "p":0.0,
        "r":0.0,
        "f":0.0
      },
      "aux:pass":{
        "p":0.0,
        "r":0.0,
        "f":0.0
      },
      "acl:relcl":{
        "p":0.0,
        "r":0.0,
        "f":0.0
      },
      "obl:advmod":{
        "p":0.0,
        "r":0.0,
        "f":0.0
      },
      "csubj:pass":{
        "p":0.0,
        "r":0.0,
        "f":0.0
      },
      "expl":{
        "p":0.0,
        "r":0.0,
        "f":0.0
      }
    }
  },
  "trainable_lemmatizer":{
    "lemma_acc":0.2244676283
  },
  "tagger":{
    "tag_acc":0.0
  },
  "morphologizer":{
    "pos_acc":0.3338722716,
    "morph_acc":0.1981854482,
    "morph_micro_p":0.3271088216,
    "morph_micro_r":0.0313145323,
    "morph_micro_f":0.0571573233,
    "morph_per_feat":{
      "Case":{
        "p":0.0,
        "r":0.0,
        "f":0.0
      },
      "Gender":{
        "p":0.0,
        "r":0.0,
        "f":0.0
      },
      "Number":{
        "p":0.0,
        "r":0.0,
        "f":0.0
      },
      "Person":{
        "p":0.0,
        "r":0.0,
        "f":0.0
      },
      "PronType":{
        "p":0.2236842105,
        "r":0.0415986949,
        "f":0.0701513067
      },
      "VerbForm":{
        "p":0.3390457644,
        "r":0.372008547,
        "f":0.3547631177
      },
      "Mood":{
        "p":0.0,
        "r":0.0,
        "f":0.0
      },
      "Tense":{
        "p":0.1917475728,
        "r":0.0169164882,
        "f":0.031090122
      },
      "Voice":{
        "p":0.0,
        "r":0.0,
        "f":0.0
      },
      "Variant":{
        "p":0.0,
        "r":0.0,
        "f":0.0
      },
      "Degree":{
        "p":0.0,
        "r":0.0,
        "f":0.0
      },
      "Reflex":{
        "p":0.0,
        "r":0.0,
        "f":0.0
      },
      "Poss":{
        "p":0.02,
        "r":0.001953125,
        "f":0.0035587189
      },
      "Polarity":{
        "p":0.9561403509,
        "r":0.2691358025,
        "f":0.4200385356
      },
      "Aspect":{
        "p":0.0,
        "r":0.0,
        "f":0.0
      },
      "NumType":{
        "p":0.0,
        "r":0.0,
        "f":0.0
      },
      "Definite":{
        "p":0.0,
        "r":0.0,
        "f":0.0
      }
    }
  },
  "speed":2554.4357761387
}