{
  "tokenizer":{
    "token_acc":1.0,
    "token_p":0.997476277,
    "token_r":0.9991405026,
    "token_f":0.9983076962
  },
  "transformer":{

  },
  "parser":{
    "sents_p":0.5417629581,
    "sents_r":0.7251436147,
    "sents_f":0.6201814059,
    "dep_uas":0.2809708237,
    "dep_las":0.0554522924,
    "dep_las_per_type":{
      "discourse":{
        "p":0.0,
        "r":0.0,
        "f":0.0
      },
      "case":{
        "p":0.128975265,
        "r":0.0915360502,
        "f":0.1070773744
      },
      "root":{
        "p":0.2325965028,
        "r":0.3115333628,
        "f":0.266339252
      },
      "nsubj":{
        "p":0.0493421053,
        "r":0.0105263158,
        "f":0.01735107
      },
      "det":{
        "p":0.0079275198,
        "r":0.0068762279,
        "f":0.007364545
      },
      "mark":{
        "p":0.0022573363,
        "r":0.0026595745,
        "f":0.0024420024
      },
      "obj":{
        "p":0.0281862745,
        "r":0.015241882,
        "f":0.0197849462
      },
      "advcl":{
        "p":0.0,
        "r":0.0,
        "f":0.0
      },
      "amod":{
        "p":0.0322164948,
        "r":0.0321750322,
        "f":0.0321957502
      },
      "obl":{
        "p":0.0760626398,
        "r":0.023255814,
        "f":0.0356207438
      },
      "flat":{
        "p":0.0,
        "r":0.0,
        "f":0.0
      },
      "conj":{
        "p":0.0256136606,
        "r":0.021957914,
        "f":0.0236453202
      },
      "nmod":{
        "p":0.0305927342,
        "r":0.0343347639,
        "f":0.0323559151
      },
      "dep":{
        "p":0.0004545455,
        "r":0.0294117647,
        "f":0.0008952551
      },
      "cc":{
        "p":0.2,
        "r":0.0119521912,
        "f":0.022556391
      },
      "advmod":{
        "p":0.0327070285,
        "r":0.0360429448,
        "f":0.0342940533
      },
      "expl:pv":{
        "p":0.0,
        "r":0.0,
        "f":0.0
      },
      "obl:arg":{
        "p":0.0,
        "r":0.0,
        "f":0.0
      },
      "acl":{
        "p":0.0,
        "r":0.0,
        "f":0.0
      },
      "expl":{
        "p":0.0,
        "r":0.0,
        "f":0.0
      },
      "aux":{
        "p":0.0149253731,
        "r":0.0120481928,
        "f":0.0133333333
      },
      "cc:nc":{
        "p":0.0,
        "r":0.0,
        "f":0.0
      },
      "cop":{
        "p":0.0240963855,
        "r":0.0102040816,
        "f":0.0143369176
      },
      "xcomp":{
        "p":0.0192837466,
        "r":0.0221518987,
        "f":0.0206185567
      },
      "nsubj:pass":{
        "p":0.0,
        "r":0.0,
        "f":0.0
      },
      "dislocated":{
        "p":0.0,
        "r":0.0,
        "f":0.0
      },
      "vocative":{
        "p":0.0,
        "r":0.0,
        "f":0.0
      },
      "flat:name":{
        "p":0.0,
        "r":0.0,
        "f":0.0
      },
      "nummod":{
        "p":0.0,
        "r":0.0,
        "f":0.0
      },
      "appos":{
        "p":0.0,
        "r":0.0,
        "f":0.0
      },
      "case:det":{
        "p":0.0,
        "r":0.0,
        "f":0.0
      },
      "orphan":{
        "p":0.0,
        "r":0.0,
        "f":0.0
      },
      "advcl:cmp":{
        "p":0.0,
        "r":0.0,
        "f":0.0
      },
      "ccomp":{
        "p":0.0,
        "r":0.0,
        "f":0.0
      },
      "parataxis":{
        "p":0.0,
        "r":0.0,
        "f":0.0
      },
      "obl:agent":{
        "p":0.0,
        "r":0.0,
        "f":0.0
      },
      "csubj":{
        "p":0.0,
        "r":0.0,
        "f":0.0
      },
      "nsubj:outer":{
        "p":0.0,
        "r":0.0,
        "f":0.0
      },
      "fixed":{
        "p":0.0,
        "r":0.0,
        "f":0.0
      },
      "obl:advmod":{
        "p":0.0,
        "r":0.0,
        "f":0.0
      },
      "iobj":{
        "p":0.0,
        "r":0.0,
        "f":0.0
      },
      "aux:pass":{
        "p":0.0,
        "r":0.0,
        "f":0.0
      },
      "acl:relcl":{
        "p":0.0,
        "r":0.0,
        "f":0.0
      },
      "csubj:pass":{
        "p":0.0,
        "r":0.0,
        "f":0.0
      }
    }
  },
  "trainable_lemmatizer":{
    "lemma_acc":0.220476419
  },
  "tagger":{
    "tag_acc":0.0
  },
  "morphologizer":{
    "pos_acc":0.2431162532,
    "morph_acc":0.1401708538,
    "morph_micro_p":0.1834196891,
    "morph_micro_r":0.0136384651,
    "morph_micro_f":0.0253890841,
    "morph_per_feat":{
      "Case":{
        "p":0.0,
        "r":0.0,
        "f":0.0
      },
      "Gender":{
        "p":0.0,
        "r":0.0,
        "f":0.0
      },
      "Number":{
        "p":0.0,
        "r":0.0,
        "f":0.0
      },
      "Person":{
        "p":0.0,
        "r":0.0,
        "f":0.0
      },
      "PronType":{
        "p":0.1143984221,
        "r":0.0709624796,
        "f":0.0875912409
      },
      "VerbForm":{
        "p":0.2225105417,
        "r":0.1465811966,
        "f":0.176735798
      },
      "Mood":{
        "p":0.0,
        "r":0.0,
        "f":0.0
      },
      "Tense":{
        "p":0.1736111111,
        "r":0.0053533191,
        "f":0.0103863731
      },
      "Voice":{
        "p":0.0,
        "r":0.0,
        "f":0.0
      },
      "Variant":{
        "p":0.0,
        "r":0.0,
        "f":0.0
      },
      "Degree":{
        "p":0.0,
        "r":0.0,
        "f":0.0
      },
      "Reflex":{
        "p":0.0,
        "r":0.0,
        "f":0.0
      },
      "Poss":{
        "p":0.0,
        "r":0.0,
        "f":0.0
      },
      "Polarity":{
        "p":0.0,
        "r":0.0,
        "f":0.0
      },
      "Aspect":{
        "p":0.0,
        "r":0.0,
        "f":0.0
      },
      "NumType":{
        "p":0.0,
        "r":0.0,
        "f":0.0
      },
      "Definite":{
        "p":0.0,
        "r":0.0,
        "f":0.0
      }
    }
  },
  "speed":1278.738516218
}