{
  "tokenizer":{
    "token_acc":0.9996132525,
    "token_p":0.9992265051,
    "token_r":0.9990547798,
    "token_f":0.9991406351
  },
  "transformer":{

  },
  "parser":{
    "sents_p":0.5740335522,
    "sents_r":0.7509541985,
    "sents_f":0.6506821,
    "dep_uas":0.3715805808,
    "dep_las":0.1580137442,
    "dep_las_per_type":{
      "ccomp":{
        "p":0.0625,
        "r":0.0139211137,
        "f":0.0227703985
      },
      "nsubj":{
        "p":0.1787671233,
        "r":0.1412337662,
        "f":0.1577992745
      },
      "root":{
        "p":0.3745441284,
        "r":0.489980916,
        "f":0.4245556015
      },
      "cop":{
        "p":0.1611374408,
        "r":0.133072407,
        "f":0.1457663451
      },
      "advmod":{
        "p":0.0906073681,
        "r":0.1857142857,
        "f":0.1217934419
      },
      "obj":{
        "p":0.1124417831,
        "r":0.1033007335,
        "f":0.1076776043
      },
      "dep":{
        "p":0.0,
        "r":0.0,
        "f":0.0
      },
      "xcomp":{
        "p":0.022913257,
        "r":0.0392156863,
        "f":0.0289256198
      },
      "case":{
        "p":0.6818181818,
        "r":0.3401162791,
        "f":0.4538401862
      },
      "obl":{
        "p":0.1550802139,
        "r":0.0853443202,
        "f":0.1100987092
      },
      "cc:nc":{
        "p":0.0,
        "r":0.0,
        "f":0.0
      },
      "discourse":{
        "p":0.0,
        "r":0.0,
        "f":0.0
      },
      "nmod":{
        "p":0.0407079646,
        "r":0.0253025303,
        "f":0.0312075984
      },
      "nsubj:pass":{
        "p":0.0,
        "r":0.0,
        "f":0.0
      },
      "acl":{
        "p":0.0147679325,
        "r":0.0132827324,
        "f":0.013986014
      },
      "cc":{
        "p":0.4720647773,
        "r":0.352905569,
        "f":0.4038794596
      },
      "conj":{
        "p":0.1885073581,
        "r":0.1946454414,
        "f":0.1915272339
      },
      "advcl":{
        "p":0.0704225352,
        "r":0.0128095645,
        "f":0.0216763006
      },
      "acl:relcl":{
        "p":0.0049140049,
        "r":0.0689655172,
        "f":0.0091743119
      },
      "det":{
        "p":0.0848861284,
        "r":0.0390848427,
        "f":0.0535248042
      },
      "amod":{
        "p":0.0439834025,
        "r":0.0814132104,
        "f":0.057112069
      },
      "csubj":{
        "p":0.0147058824,
        "r":0.027027027,
        "f":0.019047619
      },
      "nsubj:outer":{
        "p":0.0,
        "r":0.0,
        "f":0.0
      },
      "mark":{
        "p":0.0199637024,
        "r":0.0139949109,
        "f":0.0164547494
      },
      "aux":{
        "p":0.0235849057,
        "r":0.0735294118,
        "f":0.0357142857
      },
      "obl:agent":{
        "p":0.0,
        "r":0.0,
        "f":0.0
      },
      "parataxis":{
        "p":0.0,
        "r":0.0,
        "f":0.0
      },
      "obl:arg":{
        "p":0.0,
        "r":0.0,
        "f":0.0
      },
      "orphan":{
        "p":0.0,
        "r":0.0,
        "f":0.0
      },
      "iobj":{
        "p":0.0,
        "r":0.0,
        "f":0.0
      },
      "advmod:neg":{
        "p":0.0,
        "r":0.0,
        "f":0.0
      },
      "nummod":{
        "p":0.0079365079,
        "r":0.0098039216,
        "f":0.0087719298
      },
      "vocative":{
        "p":0.0,
        "r":0.0,
        "f":0.0
      },
      "appos":{
        "p":0.0,
        "r":0.0,
        "f":0.0
      },
      "aux:pass":{
        "p":0.0641025641,
        "r":0.027027027,
        "f":0.0380228137
      },
      "advcl:cmp":{
        "p":0.0,
        "r":0.0,
        "f":0.0
      },
      "dislocated":{
        "p":0.0,
        "r":0.0,
        "f":0.0
      },
      "flat":{
        "p":0.0,
        "r":0.0,
        "f":0.0
      },
      "fixed":{
        "p":0.0,
        "r":0.0,
        "f":0.0
      },
      "advmod:tmod":{
        "p":0.0,
        "r":0.0,
        "f":0.0
      },
      "case:det":{
        "p":0.0,
        "r":0.0,
        "f":0.0
      },
      "expl":{
        "p":0.0,
        "r":0.0,
        "f":0.0
      },
      "csubj:pass":{
        "p":0.0,
        "r":0.0,
        "f":0.0
      },
      "flat:name":{
        "p":0.0,
        "r":0.0,
        "f":0.0
      },
      "obl:advmod":{
        "p":0.0,
        "r":0.0,
        "f":0.0
      },
      "advmod:emph":{
        "p":0.0,
        "r":0.0,
        "f":0.0
      },
      "flat:foreign":{
        "p":0.0,
        "r":0.0,
        "f":0.0
      },
      "advcl:abs":{
        "p":0.0,
        "r":0.0,
        "f":0.0
      },
      "advmod:lmod":{
        "p":0.0,
        "r":0.0,
        "f":0.0
      },
      "conj:expl":{
        "p":0.0,
        "r":0.0,
        "f":0.0
      }
    }
  },
  "trainable_lemmatizer":{
    "lemma_acc":0.3870038894
  },
  "tagger":{
    "tag_acc":0.0
  },
  "morphologizer":{
    "pos_acc":0.470722221,
    "morph_acc":0.2408028193,
    "morph_micro_p":0.4895039287,
    "morph_micro_r":0.0584995305,
    "morph_micro_f":0.1045093768,
    "morph_per_feat":{
      "Case":{
        "p":0.0,
        "r":0.0,
        "f":0.0
      },
      "Gender":{
        "p":0.0,
        "r":0.0,
        "f":0.0
      },
      "Number":{
        "p":0.0,
        "r":0.0,
        "f":0.0
      },
      "PronType":{
        "p":0.4389972145,
        "r":0.3222903885,
        "f":0.3716981132
      },
      "Person":{
        "p":0.0,
        "r":0.0,
        "f":0.0
      },
      "Mood":{
        "p":0.0,
        "r":0.0,
        "f":0.0
      },
      "Tense":{
        "p":0.239488117,
        "r":0.0247169811,
        "f":0.0448093039
      },
      "VerbForm":{
        "p":0.5206808511,
        "r":0.5528646304,
        "f":0.5362903226
      },
      "Voice":{
        "p":0.0,
        "r":0.0,
        "f":0.0
      },
      "Polarity":{
        "p":0.8333333333,
        "r":0.5603448276,
        "f":0.6701030928
      },
      "Aspect":{
        "p":0.0,
        "r":0.0,
        "f":0.0
      },
      "Degree":{
        "p":0.0,
        "r":0.0,
        "f":0.0
      },
      "Reflex":{
        "p":0.0,
        "r":0.0,
        "f":0.0
      },
      "Poss":{
        "p":0.0,
        "r":0.0,
        "f":0.0
      },
      "NumType":{
        "p":0.037037037,
        "r":0.0454545455,
        "f":0.0408163265
      },
      "NumForm":{
        "p":0.0,
        "r":0.0,
        "f":0.0
      },
      "Definite":{
        "p":0.0,
        "r":0.0,
        "f":0.0
      },
      "AdvType":{
        "p":0.0,
        "r":0.0,
        "f":0.0
      },
      "AdpType":{
        "p":0.0,
        "r":0.0,
        "f":0.0
      },
      "Number[psor]":{
        "p":0.0,
        "r":0.0,
        "f":0.0
      },
      "Person[psor]":{
        "p":0.0,
        "r":0.0,
        "f":0.0
      },
      "Typo":{
        "p":0.0,
        "r":0.0,
        "f":0.0
      },
      "Compound":{
        "p":0.0,
        "r":0.0,
        "f":0.0
      }
    }
  },
  "speed":3482.3213833123
}