{
  "tokenizer":{
    "token_acc":0.9464403791,
    "token_p":0.9418117699,
    "token_r":0.8969353484,
    "token_f":0.9188259327
  },
  "transformer":{

  },
  "parser":{
    "sents_p":0.8740920097,
    "sents_r":0.9280205656,
    "sents_f":0.9002493766,
    "dep_uas":0.7518266566,
    "dep_las":0.6812799194,
    "dep_las_per_type":{
      "advmod":{
        "p":0.7576470588,
        "r":0.6598360656,
        "f":0.7053669222
      },
      "iobj":{
        "p":0.8505747126,
        "r":0.6981132075,
        "f":0.7668393782
      },
      "root":{
        "p":0.8489583333,
        "r":0.8380462725,
        "f":0.8434670116
      },
      "mark":{
        "p":0.7237569061,
        "r":0.5670995671,
        "f":0.6359223301
      },
      "cc:nc":{
        "p":0.872611465,
        "r":0.7653631285,
        "f":0.8154761905
      },
      "expl":{
        "p":0.6153846154,
        "r":0.1818181818,
        "f":0.2807017544
      },
      "nsubj":{
        "p":0.8078175896,
        "r":0.654353562,
        "f":0.72303207
      },
      "case":{
        "p":0.9107981221,
        "r":0.7729083665,
        "f":0.8362068966
      },
      "obl":{
        "p":0.6315789474,
        "r":0.543554007,
        "f":0.5842696629
      },
      "ccomp":{
        "p":0.5227272727,
        "r":0.4791666667,
        "f":0.5
      },
      "aux":{
        "p":0.7884615385,
        "r":0.6074074074,
        "f":0.6861924686
      },
      "det":{
        "p":0.9396825397,
        "r":0.880952381,
        "f":0.9093701997
      },
      "acl":{
        "p":0.28,
        "r":0.137254902,
        "f":0.1842105263
      },
      "amod":{
        "p":0.7173913043,
        "r":0.6226415094,
        "f":0.6666666667
      },
      "advcl":{
        "p":0.4818181818,
        "r":0.452991453,
        "f":0.4669603524
      },
      "obj":{
        "p":0.6791044776,
        "r":0.4972677596,
        "f":0.5741324921
      },
      "acl:relcl":{
        "p":0.62,
        "r":0.5438596491,
        "f":0.5794392523
      },
      "xcomp":{
        "p":0.6375,
        "r":0.6375,
        "f":0.6375
      },
      "cc":{
        "p":0.8333333333,
        "r":0.8333333333,
        "f":0.8333333333
      },
      "conj":{
        "p":0.4748201439,
        "r":0.4925373134,
        "f":0.4835164835
      },
      "flat":{
        "p":0.9411764706,
        "r":0.8888888889,
        "f":0.9142857143
      },
      "appos":{
        "p":0.0,
        "r":0.0,
        "f":0.0
      },
      "nmod":{
        "p":0.5882352941,
        "r":0.3571428571,
        "f":0.4444444444
      },
      "dep":{
        "p":0.0,
        "r":0.0,
        "f":0.0
      },
      "case:det":{
        "p":0.9791666667,
        "r":0.94,
        "f":0.9591836735
      },
      "cop":{
        "p":0.5925925926,
        "r":0.5333333333,
        "f":0.5614035088
      },
      "dislocated":{
        "p":0.0,
        "r":0.0,
        "f":0.0
      },
      "obl:advmod":{
        "p":0.6153846154,
        "r":0.32,
        "f":0.4210526316
      },
      "aux:pass":{
        "p":0.6428571429,
        "r":0.4736842105,
        "f":0.5454545455
      },
      "nummod":{
        "p":0.8571428571,
        "r":0.6666666667,
        "f":0.75
      },
      "discourse":{
        "p":0.0,
        "r":0.0,
        "f":0.0
      },
      "vocative":{
        "p":0.6,
        "r":0.6666666667,
        "f":0.6315789474
      },
      "parataxis":{
        "p":0.6666666667,
        "r":0.6,
        "f":0.6315789474
      },
      "csubj":{
        "p":0.5,
        "r":0.25,
        "f":0.3333333333
      },
      "nsubj:obj":{
        "p":0.0,
        "r":0.0,
        "f":0.0
      }
    }
  },
  "trainable_lemmatizer":{
    "lemma_acc":0.8443364981
  },
  "tagger":{
    "tag_acc":0.8910235177
  },
  "morphologizer":{
    "pos_acc":0.890459364,
    "morph_acc":0.9118816254,
    "morph_micro_p":0.9784897025,
    "morph_micro_r":0.8160305344,
    "morph_micro_f":0.8899063476,
    "morph_per_feat":{
      "PronType":{
        "p":0.9759615385,
        "r":0.7532467532,
        "f":0.8502617801
      },
      "VerbForm":{
        "p":0.9806763285,
        "r":0.8656716418,
        "f":0.919592299
      },
      "Polarity":{
        "p":0.9873417722,
        "r":0.7155963303,
        "f":0.829787234
      },
      "Tense":{
        "p":0.9649122807,
        "r":0.8270676692,
        "f":0.8906882591
      },
      "Definite":{
        "p":0.9788135593,
        "r":0.8988326848,
        "f":0.9371196755
      },
      "Poss":{
        "p":1.0,
        "r":0.9230769231,
        "f":0.96
      },
      "NumType":{
        "p":0.9166666667,
        "r":0.7857142857,
        "f":0.8461538462
      }
    }
  },
  "speed":1504.5686103148
}