{
  "tokenizer":{
    "token_acc":0.9995570601,
    "token_p":0.9645015345,
    "token_r":0.9836092021,
    "token_f":0.9739616613
  },
  "transformer":{

  },
  "parser":{
    "sents_p":0.5692763645,
    "sents_r":0.7447495961,
    "sents_f":0.6452967525,
    "dep_uas":0.3564692503,
    "dep_las":0.1336011177,
    "dep_las_per_type":{
      "discourse":{
        "p":0.0,
        "r":0.0,
        "f":0.0
      },
      "vocative":{
        "p":0.0222222222,
        "r":0.0050251256,
        "f":0.0081967213
      },
      "root":{
        "p":0.3251339503,
        "r":0.4313408724,
        "f":0.3707818359
      },
      "advmod":{
        "p":0.118392729,
        "r":0.3091817614,
        "f":0.1712210308
      },
      "advcl":{
        "p":0.0134529148,
        "r":0.0032786885,
        "f":0.0052724077
      },
      "expl:pv":{
        "p":0.0,
        "r":0.0,
        "f":0.0
      },
      "obl:arg":{
        "p":0.0,
        "r":0.0,
        "f":0.0
      },
      "dep":{
        "p":0.0021936697,
        "r":0.0463576159,
        "f":0.0041891083
      },
      "amod":{
        "p":0.0643072939,
        "r":0.1005398111,
        "f":0.0784416952
      },
      "conj":{
        "p":0.0924731183,
        "r":0.073347548,
        "f":0.0818073722
      },
      "case":{
        "p":0.5725108225,
        "r":0.1577221228,
        "f":0.247311828
      },
      "obl":{
        "p":0.2319749216,
        "r":0.0844427539,
        "f":0.1238148355
      },
      "nummod":{
        "p":0.0285714286,
        "r":0.0108695652,
        "f":0.0157480315
      },
      "nsubj":{
        "p":0.0215827338,
        "r":0.0031662269,
        "f":0.0055223194
      },
      "appos":{
        "p":0.0294117647,
        "r":0.0042253521,
        "f":0.0073891626
      },
      "obl:agent":{
        "p":0.0,
        "r":0.0,
        "f":0.0
      },
      "det":{
        "p":0.0087383943,
        "r":0.0124416796,
        "f":0.0102662817
      },
      "cc":{
        "p":0.4793912492,
        "r":0.2518321119,
        "f":0.3302031011
      },
      "obj":{
        "p":0.0802568218,
        "r":0.0599520384,
        "f":0.0686341798
      },
      "acl":{
        "p":0.0030557678,
        "r":0.0176211454,
        "f":0.0052083333
      },
      "nmod":{
        "p":0.0209267564,
        "r":0.0147991543,
        "f":0.0173374613
      },
      "dislocated":{
        "p":0.0,
        "r":0.0,
        "f":0.0
      },
      "parataxis":{
        "p":0.0204081633,
        "r":0.0108695652,
        "f":0.0141843972
      },
      "cc:nc":{
        "p":0.0,
        "r":0.0,
        "f":0.0
      },
      "expl":{
        "p":0.0,
        "r":0.0,
        "f":0.0
      },
      "cop":{
        "p":0.0,
        "r":0.0,
        "f":0.0
      },
      "nsubj:pass":{
        "p":0.0,
        "r":0.0,
        "f":0.0
      },
      "xcomp":{
        "p":0.0152173913,
        "r":0.0201149425,
        "f":0.0173267327
      },
      "mark":{
        "p":0.0076530612,
        "r":0.009375,
        "f":0.0084269663
      },
      "ccomp":{
        "p":0.0,
        "r":0.0,
        "f":0.0
      },
      "aux":{
        "p":0.0,
        "r":0.0,
        "f":0.0
      },
      "flat":{
        "p":0.0,
        "r":0.0,
        "f":0.0
      },
      "aux:pass":{
        "p":0.0,
        "r":0.0,
        "f":0.0
      },
      "iobj":{
        "p":0.0,
        "r":0.0,
        "f":0.0
      },
      "flat:name":{
        "p":0.0,
        "r":0.0,
        "f":0.0
      },
      "csubj":{
        "p":0.0,
        "r":0.0,
        "f":0.0
      },
      "case:det":{
        "p":0.0,
        "r":0.0,
        "f":0.0
      },
      "fixed":{
        "p":0.0,
        "r":0.0,
        "f":0.0
      },
      "nummod:gov":{
        "p":0.0,
        "r":0.0,
        "f":0.0
      },
      "orphan":{
        "p":0.0,
        "r":0.0,
        "f":0.0
      },
      "list":{
        "p":0.0,
        "r":0.0,
        "f":0.0
      },
      "advcl:cmp":{
        "p":0.0,
        "r":0.0,
        "f":0.0
      },
      "acl:relcl":{
        "p":0.0,
        "r":0.0,
        "f":0.0
      },
      "nsubj:outer":{
        "p":0.0,
        "r":0.0,
        "f":0.0
      },
      "compound":{
        "p":0.0,
        "r":0.0,
        "f":0.0
      },
      "csubj:pass":{
        "p":0.0,
        "r":0.0,
        "f":0.0
      },
      "reparandum":{
        "p":0.0,
        "r":0.0,
        "f":0.0
      },
      "obl:advmod":{
        "p":0.0,
        "r":0.0,
        "f":0.0
      },
      "goeswith":{
        "p":0.0,
        "r":0.0,
        "f":0.0
      }
    }
  },
  "trainable_lemmatizer":{
    "lemma_acc":0.298864545
  },
  "tagger":{
    "tag_acc":0.0
  },
  "morphologizer":{
    "pos_acc":0.4054452274,
    "morph_acc":0.2727988558,
    "morph_micro_p":0.2607956959,
    "morph_micro_r":0.0216675293,
    "morph_micro_f":0.0400108607,
    "morph_per_feat":{
      "Case":{
        "p":0.0,
        "r":0.0,
        "f":0.0
      },
      "Gender":{
        "p":0.0,
        "r":0.0,
        "f":0.0
      },
      "Number":{
        "p":0.0,
        "r":0.0,
        "f":0.0
      },
      "Mood":{
        "p":0.0,
        "r":0.0,
        "f":0.0
      },
      "Person":{
        "p":0.0,
        "r":0.0,
        "f":0.0
      },
      "Tense":{
        "p":0.1801242236,
        "r":0.0235964199,
        "f":0.0417266187
      },
      "VerbForm":{
        "p":0.2634700102,
        "r":0.305681148,
        "f":0.283010283
      },
      "Voice":{
        "p":0.0,
        "r":0.0,
        "f":0.0
      },
      "PronType":{
        "p":0.1731448763,
        "r":0.0201729107,
        "f":0.0361356932
      },
      "Variant":{
        "p":0.0,
        "r":0.0,
        "f":0.0
      },
      "Reflex":{
        "p":0.0,
        "r":0.0,
        "f":0.0
      },
      "Aspect":{
        "p":0.0,
        "r":0.0,
        "f":0.0
      },
      "Degree":{
        "p":0.0,
        "r":0.0,
        "f":0.0
      },
      "Clitic":{
        "p":0.0,
        "r":0.0,
        "f":0.0
      },
      "Polarity":{
        "p":0.9363636364,
        "r":0.2464114833,
        "f":0.3901515152
      },
      "Poss":{
        "p":0.0588235294,
        "r":0.0038314176,
        "f":0.0071942446
      },
      "Analyt":{
        "p":0.0,
        "r":0.0,
        "f":0.0
      },
      "NumType":{
        "p":0.2615384615,
        "r":0.0752212389,
        "f":0.116838488
      },
      "Definite":{
        "p":0.0,
        "r":0.0,
        "f":0.0
      },
      "Animacy":{
        "p":0.0,
        "r":0.0,
        "f":0.0
      },
      "NumForm":{
        "p":0.0,
        "r":0.0,
        "f":0.0
      },
      "NameType":{
        "p":0.0,
        "r":0.0,
        "f":0.0
      },
      "Abbr":{
        "p":0.0,
        "r":0.0,
        "f":0.0
      },
      "Typo":{
        "p":0.0,
        "r":0.0,
        "f":0.0
      }
    }
  },
  "speed":3330.5294810353
}