{
  "tokenizer":{
    "token_acc":1.0,
    "token_p":0.9963401882,
    "token_r":0.998777079,
    "token_f":0.9975571453
  },
  "transformer":{

  },
  "parser":{
    "sents_p":0.2991169978,
    "sents_r":0.5018518519,
    "sents_f":0.3748271093,
    "dep_uas":0.3419605014,
    "dep_las":0.1166711748,
    "dep_las_per_type":{
      "cc":{
        "p":0.4232804233,
        "r":0.153256705,
        "f":0.2250351617
      },
      "xcomp":{
        "p":0.004,
        "r":0.0046082949,
        "f":0.0042826552
      },
      "root":{
        "p":0.2681318681,
        "r":0.4518518519,
        "f":0.3365517241
      },
      "nsubj":{
        "p":0.0121212121,
        "r":0.0044345898,
        "f":0.0064935065
      },
      "nsubj:pass":{
        "p":0.0,
        "r":0.0,
        "f":0.0
      },
      "advmod":{
        "p":0.0759259259,
        "r":0.1132596685,
        "f":0.0909090909
      },
      "acl":{
        "p":0.0036363636,
        "r":0.0102040816,
        "f":0.0053619303
      },
      "case":{
        "p":0.6580310881,
        "r":0.2524850895,
        "f":0.3649425287
      },
      "obl":{
        "p":0.1862745098,
        "r":0.0863636364,
        "f":0.1180124224
      },
      "det":{
        "p":0.1778975741,
        "r":0.1416309013,
        "f":0.1577060932
      },
      "amod":{
        "p":0.01011378,
        "r":0.0975609756,
        "f":0.018327606
      },
      "appos":{
        "p":0.037037037,
        "r":0.0243902439,
        "f":0.0294117647
      },
      "dep":{
        "p":0.0,
        "r":0.0,
        "f":0.0
      },
      "advcl":{
        "p":0.0212765957,
        "r":0.0035714286,
        "f":0.006116208
      },
      "obj":{
        "p":0.074906367,
        "r":0.0552486188,
        "f":0.0635930048
      },
      "conj":{
        "p":0.0869565217,
        "r":0.0293255132,
        "f":0.0438596491
      },
      "nmod":{
        "p":0.0384615385,
        "r":0.0165289256,
        "f":0.0231213873
      },
      "obl:arg":{
        "p":0.0,
        "r":0.0,
        "f":0.0
      },
      "discourse":{
        "p":0.0,
        "r":0.0,
        "f":0.0
      },
      "mark":{
        "p":0.0428571429,
        "r":0.0147783251,
        "f":0.021978022
      },
      "cop":{
        "p":0.0,
        "r":0.0,
        "f":0.0
      },
      "aux:pass":{
        "p":0.0,
        "r":0.0,
        "f":0.0
      },
      "ccomp":{
        "p":0.0,
        "r":0.0,
        "f":0.0
      },
      "orphan":{
        "p":0.0,
        "r":0.0,
        "f":0.0
      },
      "nummod":{
        "p":0.0,
        "r":0.0,
        "f":0.0
      },
      "case:det":{
        "p":0.0,
        "r":0.0,
        "f":0.0
      },
      "aux":{
        "p":0.0,
        "r":0.0,
        "f":0.0
      },
      "vocative":{
        "p":0.0,
        "r":0.0,
        "f":0.0
      },
      "cc:nc":{
        "p":0.0,
        "r":0.0,
        "f":0.0
      },
      "flat":{
        "p":0.0,
        "r":0.0,
        "f":0.0
      },
      "dislocated":{
        "p":0.0,
        "r":0.0,
        "f":0.0
      },
      "flat:name":{
        "p":0.0,
        "r":0.0,
        "f":0.0
      },
      "advcl:cmp":{
        "p":0.0,
        "r":0.0,
        "f":0.0
      },
      "expl:pv":{
        "p":0.0,
        "r":0.0,
        "f":0.0
      },
      "parataxis":{
        "p":0.0,
        "r":0.0,
        "f":0.0
      },
      "acl:relcl":{
        "p":0.0,
        "r":0.0,
        "f":0.0
      },
      "obl:agent":{
        "p":0.0,
        "r":0.0,
        "f":0.0
      },
      "csubj:pass":{
        "p":0.0,
        "r":0.0,
        "f":0.0
      },
      "csubj":{
        "p":0.0,
        "r":0.0,
        "f":0.0
      },
      "obl:advmod":{
        "p":0.0,
        "r":0.0,
        "f":0.0
      },
      "nsubj:outer":{
        "p":0.0,
        "r":0.0,
        "f":0.0
      },
      "expl":{
        "p":0.0,
        "r":0.0,
        "f":0.0
      }
    }
  },
  "trainable_lemmatizer":{
    "lemma_acc":0.4110306309
  },
  "tagger":{
    "tag_acc":0.0
  },
  "morphologizer":{
    "pos_acc":0.3531669866,
    "morph_acc":0.2207089226,
    "morph_micro_p":0.341991342,
    "morph_micro_r":0.0313509836,
    "morph_micro_f":0.0574366431,
    "morph_per_feat":{
      "Case":{
        "p":0.0,
        "r":0.0,
        "f":0.0
      },
      "Degree":{
        "p":0.0,
        "r":0.0,
        "f":0.0
      },
      "Gender":{
        "p":0.0,
        "r":0.0,
        "f":0.0
      },
      "Number":{
        "p":0.0,
        "r":0.0,
        "f":0.0
      },
      "Strength":{
        "p":0.0,
        "r":0.0,
        "f":0.0
      },
      "Mood":{
        "p":0.0,
        "r":0.0,
        "f":0.0
      },
      "Person":{
        "p":0.0,
        "r":0.0,
        "f":0.0
      },
      "Tense":{
        "p":0.1581395349,
        "r":0.0262345679,
        "f":0.0450033091
      },
      "VerbForm":{
        "p":0.4041841004,
        "r":0.3726851852,
        "f":0.3877960658
      },
      "Voice":{
        "p":0.0,
        "r":0.0,
        "f":0.0
      },
      "PronType":{
        "p":0.3185840708,
        "r":0.0578778135,
        "f":0.0979591837
      },
      "Polarity":{
        "p":0.0,
        "r":0.0,
        "f":0.0
      },
      "Poss":{
        "p":0.0,
        "r":0.0,
        "f":0.0
      },
      "Aspect":{
        "p":0.0,
        "r":0.0,
        "f":0.0
      },
      "Reflex":{
        "p":0.0,
        "r":0.0,
        "f":0.0
      },
      "NumType":{
        "p":0.0,
        "r":0.0,
        "f":0.0
      },
      "Definite":{
        "p":0.0,
        "r":0.0,
        "f":0.0
      }
    }
  },
  "speed":1693.6097336763
}