{
  "tokenizer":{
    "token_acc":1.0,
    "token_p":1.0,
    "token_r":1.0,
    "token_f":1.0
  },
  "transformer":{

  },
  "parser":{
    "sents_p":0.6126482213,
    "sents_r":0.775,
    "sents_f":0.6843267108,
    "dep_uas":0.2415311005,
    "dep_las":0.0673684211,
    "dep_las_per_type":{
      "obl":{
        "p":0.0086956522,
        "r":0.0054945055,
        "f":0.0067340067
      },
      "vocative":{
        "p":0.0,
        "r":0.0,
        "f":0.0
      },
      "advmod":{
        "p":0.061302682,
        "r":0.0555555556,
        "f":0.058287796
      },
      "case":{
        "p":0.0298507463,
        "r":0.0487804878,
        "f":0.037037037
      },
      "acl":{
        "p":0.0062893082,
        "r":0.0086206897,
        "f":0.0072727273
      },
      "conj":{
        "p":0.0,
        "r":0.0,
        "f":0.0
      },
      "amod":{
        "p":0.0110132159,
        "r":0.0769230769,
        "f":0.0192678227
      },
      "obj":{
        "p":0.0434782609,
        "r":0.0460829493,
        "f":0.0447427293
      },
      "root":{
        "p":0.2529644269,
        "r":0.32,
        "f":0.2825607064
      },
      "nsubj":{
        "p":0.0808080808,
        "r":0.0250783699,
        "f":0.038277512
      },
      "nmod":{
        "p":0.0,
        "r":0.0,
        "f":0.0
      },
      "nummod":{
        "p":0.0,
        "r":0.0,
        "f":0.0
      },
      "det":{
        "p":0.04,
        "r":0.0256410256,
        "f":0.03125
      },
      "dep":{
        "p":0.0,
        "r":0.0,
        "f":0.0
      },
      "orphan":{
        "p":0.0,
        "r":0.0,
        "f":0.0
      },
      "advcl":{
        "p":0.0,
        "r":0.0,
        "f":0.0
      },
      "iobj":{
        "p":0.0,
        "r":0.0,
        "f":0.0
      },
      "xcomp":{
        "p":0.0108695652,
        "r":0.0192307692,
        "f":0.0138888889
      },
      "discourse":{
        "p":0.0,
        "r":0.0,
        "f":0.0
      },
      "cc":{
        "p":0.0,
        "r":0.0,
        "f":0.0
      },
      "appos":{
        "p":0.0454545455,
        "r":0.0625,
        "f":0.0526315789
      },
      "ccomp":{
        "p":0.0,
        "r":0.0,
        "f":0.0
      },
      "mark":{
        "p":0.0,
        "r":0.0,
        "f":0.0
      },
      "flat":{
        "p":0.0625,
        "r":0.0476190476,
        "f":0.0540540541
      },
      "cop":{
        "p":0.0,
        "r":0.0,
        "f":0.0
      },
      "case:det":{
        "p":0.0,
        "r":0.0,
        "f":0.0
      },
      "aux":{
        "p":0.0,
        "r":0.0,
        "f":0.0
      },
      "obl:advmod":{
        "p":0.0,
        "r":0.0,
        "f":0.0
      },
      "parataxis":{
        "p":0.0,
        "r":0.0,
        "f":0.0
      },
      "acl:relcl":{
        "p":0.0,
        "r":0.0,
        "f":0.0
      },
      "cc:nc":{
        "p":0.0,
        "r":0.0,
        "f":0.0
      },
      "compound":{
        "p":0.0,
        "r":0.0,
        "f":0.0
      },
      "fixed":{
        "p":0.0,
        "r":0.0,
        "f":0.0
      },
      "csubj":{
        "p":0.0,
        "r":0.0,
        "f":0.0
      },
      "expl":{
        "p":0.0,
        "r":0.0,
        "f":0.0
      }
    }
  },
  "trainable_lemmatizer":{
    "lemma_acc":0.2499083914
  },
  "tagger":{
    "tag_acc":0.0
  },
  "morphologizer":{
    "pos_acc":0.2685965555,
    "morph_acc":0.1707585196,
    "morph_micro_p":0.0290697674,
    "morph_micro_r":0.0029248318,
    "morph_micro_f":0.0053149083,
    "morph_per_feat":{
      "Case":{
        "p":0.0,
        "r":0.0,
        "f":0.0
      },
      "Number":{
        "p":0.0,
        "r":0.0,
        "f":0.0
      },
      "Gender":{
        "p":0.0,
        "r":0.0,
        "f":0.0
      },
      "Tense":{
        "p":0.2121212121,
        "r":0.0257826888,
        "f":0.0459770115
      },
      "VerbForm":{
        "p":0.010619469,
        "r":0.0437956204,
        "f":0.0170940171
      },
      "Mood":{
        "p":0.0,
        "r":0.0,
        "f":0.0
      },
      "Person":{
        "p":0.0,
        "r":0.0,
        "f":0.0
      },
      "Voice":{
        "p":0.0,
        "r":0.0,
        "f":0.0
      },
      "PronType":{
        "p":0.0,
        "r":0.0,
        "f":0.0
      },
      "Poss":{
        "p":0.0,
        "r":0.0,
        "f":0.0
      },
      "Definite":{
        "p":0.0,
        "r":0.0,
        "f":0.0
      },
      "Polarity":{
        "p":0.0,
        "r":0.0,
        "f":0.0
      }
    }
  },
  "speed":901.0079005522
}