{
  "tokenizer":{
    "token_acc":0.9987632593,
    "token_p":0.9895828378,
    "token_r":0.9929125403,
    "token_f":0.9912448929
  },
  "transformer":{

  },
  "parser":{
    "sents_p":0.4582397845,
    "sents_r":0.6583870968,
    "sents_f":0.5403759598,
    "dep_uas":0.2560489573,
    "dep_las":0.0633174868,
    "dep_las_per_type":{
      "nsubj":{
        "p":0.0166666667,
        "r":0.0047238372,
        "f":0.0073612684
      },
      "case":{
        "p":0.2964946446,
        "r":0.2267311988,
        "f":0.2569620253
      },
      "obl":{
        "p":0.0810810811,
        "r":0.0222799851,
        "f":0.03495485
      },
      "root":{
        "p":0.1743820225,
        "r":0.2503225806,
        "f":0.2055629139
      },
      "det":{
        "p":0.4131355932,
        "r":0.1265138408,
        "f":0.1937086093
      },
      "flat:name":{
        "p":0.0,
        "r":0.0,
        "f":0.0
      },
      "advcl":{
        "p":0.0175879397,
        "r":0.0034313725,
        "f":0.0057424118
      },
      "cop":{
        "p":0.0055555556,
        "r":0.0019723866,
        "f":0.0029112082
      },
      "acl":{
        "p":0.0014224751,
        "r":0.002016129,
        "f":0.0016680567
      },
      "advmod":{
        "p":0.0576663972,
        "r":0.0528786756,
        "f":0.055168858
      },
      "xcomp":{
        "p":0.0139240506,
        "r":0.0113636364,
        "f":0.0125142207
      },
      "flat":{
        "p":0.0,
        "r":0.0,
        "f":0.0
      },
      "cc:nc":{
        "p":0.0,
        "r":0.0,
        "f":0.0
      },
      "nmod":{
        "p":0.0543307087,
        "r":0.0226303706,
        "f":0.0319518407
      },
      "obj":{
        "p":0.0297029703,
        "r":0.0095602294,
        "f":0.0144648023
      },
      "cc":{
        "p":0.0158102767,
        "r":0.0015816528,
        "f":0.002875629
      },
      "conj":{
        "p":0.0091081594,
        "r":0.0114068441,
        "f":0.0101287191
      },
      "appos":{
        "p":0.0,
        "r":0.0,
        "f":0.0
      },
      "case:det":{
        "p":0.0,
        "r":0.0,
        "f":0.0
      },
      "mark":{
        "p":0.0275927688,
        "r":0.0430267062,
        "f":0.0336231884
      },
      "nummod":{
        "p":0.0014727541,
        "r":0.0090909091,
        "f":0.0025348542
      },
      "amod":{
        "p":0.0099118943,
        "r":0.0541082164,
        "f":0.0167545765
      },
      "nsubj:pass":{
        "p":0.0,
        "r":0.0,
        "f":0.0
      },
      "dislocated":{
        "p":0.0,
        "r":0.0,
        "f":0.0
      },
      "csubj":{
        "p":0.0,
        "r":0.0,
        "f":0.0
      },
      "aux":{
        "p":0.0,
        "r":0.0,
        "f":0.0
      },
      "ccomp":{
        "p":0.0198019802,
        "r":0.0051020408,
        "f":0.0081135903
      },
      "obl:arg":{
        "p":0.0,
        "r":0.0,
        "f":0.0
      },
      "dep":{
        "p":0.0,
        "r":0.0,
        "f":0.0
      },
      "discourse":{
        "p":0.0,
        "r":0.0,
        "f":0.0
      },
      "orphan":{
        "p":0.0,
        "r":0.0,
        "f":0.0
      },
      "acl:relcl":{
        "p":0.0,
        "r":0.0,
        "f":0.0
      },
      "iobj":{
        "p":0.0,
        "r":0.0,
        "f":0.0
      },
      "vocative":{
        "p":0.005,
        "r":0.0056497175,
        "f":0.0053050398
      },
      "obl:agent":{
        "p":0.0,
        "r":0.0,
        "f":0.0
      },
      "parataxis":{
        "p":0.0,
        "r":0.0,
        "f":0.0
      },
      "expl":{
        "p":0.0,
        "r":0.0,
        "f":0.0
      },
      "fixed":{
        "p":0.0,
        "r":0.0,
        "f":0.0
      },
      "nsubj:outer":{
        "p":0.0,
        "r":0.0,
        "f":0.0
      },
      "advcl:cmp":{
        "p":0.0,
        "r":0.0,
        "f":0.0
      },
      "csubj:pass":{
        "p":0.0,
        "r":0.0,
        "f":0.0
      },
      "aux:pass":{
        "p":0.0,
        "r":0.0,
        "f":0.0
      },
      "obl:advmod":{
        "p":0.0,
        "r":0.0,
        "f":0.0
      }
    }
  },
  "trainable_lemmatizer":{
    "lemma_acc":0.2117069333
  },
  "tagger":{
    "tag_acc":0.0
  },
  "morphologizer":{
    "pos_acc":0.2737296318,
    "morph_acc":0.2207996943,
    "morph_micro_p":0.2002094868,
    "morph_micro_r":0.0111878522,
    "morph_micro_f":0.0211915076,
    "morph_per_feat":{
      "Case":{
        "p":0.0,
        "r":0.0,
        "f":0.0
      },
      "Gender":{
        "p":0.0,
        "r":0.0,
        "f":0.0
      },
      "Number":{
        "p":0.0,
        "r":0.0,
        "f":0.0
      },
      "Aspect":{
        "p":0.0,
        "r":0.0,
        "f":0.0
      },
      "Mood":{
        "p":0.0,
        "r":0.0,
        "f":0.0
      },
      "Person":{
        "p":0.0,
        "r":0.0,
        "f":0.0
      },
      "Tense":{
        "p":0.1387096774,
        "r":0.0052747792,
        "f":0.010163082
      },
      "VerbForm":{
        "p":0.2324017651,
        "r":0.1356389502,
        "f":0.1713002401
      },
      "Voice":{
        "p":0.0,
        "r":0.0,
        "f":0.0
      },
      "Definite":{
        "p":0.0909090909,
        "r":0.0051508462,
        "f":0.0097493036
      },
      "PronType":{
        "p":0.1423324151,
        "r":0.0331196581,
        "f":0.0537354828
      },
      "Poss":{
        "p":0.0,
        "r":0.0,
        "f":0.0
      },
      "Degree":{
        "p":0.0,
        "r":0.0,
        "f":0.0
      },
      "NumType":{
        "p":0.0,
        "r":0.0,
        "f":0.0
      },
      "Polarity":{
        "p":0.3389830508,
        "r":0.0510204082,
        "f":0.088691796
      },
      "Reflex":{
        "p":0.0,
        "r":0.0,
        "f":0.0
      }
    }
  },
  "speed":4156.8526664267
}