{
  "tokenizer":{
    "token_acc":0.9981644203,
    "token_p":0.9974335877,
    "token_r":0.9959947049,
    "token_f":0.996713627
  },
  "transformer":{

  },
  "parser":{
    "sents_p":0.3595358003,
    "sents_r":0.6019061584,
    "sents_f":0.4501713502,
    "dep_uas":0.3475984453,
    "dep_las":0.1126864702,
    "dep_las_per_type":{
      "root":{
        "p":0.2056362836,
        "r":0.3422499084,
        "f":0.2569110164
      },
      "nsubj":{
        "p":0.0929443691,
        "r":0.0229403885,
        "f":0.036798281
      },
      "advmod":{
        "p":0.0599545534,
        "r":0.0825710159,
        "f":0.0694683544
      },
      "mark":{
        "p":0.1684322034,
        "r":0.1018251681,
        "f":0.1269207743
      },
      "acl":{
        "p":0.0084507042,
        "r":0.0195058518,
        "f":0.0117924528
      },
      "compound:prt":{
        "p":0.0,
        "r":0.0,
        "f":0.0
      },
      "obj":{
        "p":0.0697471665,
        "r":0.084835631,
        "f":0.0765550239
      },
      "cc":{
        "p":0.3326168726,
        "r":0.1763030476,
        "f":0.230454207
      },
      "conj":{
        "p":0.0480507706,
        "r":0.0350645055,
        "f":0.0405431249
      },
      "case":{
        "p":0.4349801249,
        "r":0.3118892508,
        "f":0.3632914394
      },
      "amod":{
        "p":0.1148666491,
        "r":0.1766856214,
        "f":0.1392222756
      },
      "obl":{
        "p":0.2134416544,
        "r":0.1011904762,
        "f":0.1372921615
      },
      "nmod:poss":{
        "p":0.0,
        "r":0.0,
        "f":0.0
      },
      "dep":{
        "p":0.0017647059,
        "r":0.0283018868,
        "f":0.0033222591
      },
      "det":{
        "p":0.075426519,
        "r":0.1988950276,
        "f":0.109375
      },
      "advcl":{
        "p":0.0181043663,
        "r":0.0293609672,
        "f":0.022397892
      },
      "aux":{
        "p":0.0125,
        "r":0.0024,
        "f":0.0040268456
      },
      "iobj":{
        "p":0.0,
        "r":0.0,
        "f":0.0
      },
      "acl:relcl":{
        "p":0.0375,
        "r":0.0033745782,
        "f":0.0061919505
      },
      "xcomp":{
        "p":0.003869969,
        "r":0.0124688279,
        "f":0.0059066745
      },
      "nummod":{
        "p":0.0044642857,
        "r":0.0051020408,
        "f":0.0047619048
      },
      "parataxis":{
        "p":0.004048583,
        "r":0.0080645161,
        "f":0.0053908356
      },
      "ccomp":{
        "p":0.0526315789,
        "r":0.0027932961,
        "f":0.0053050398
      },
      "cop":{
        "p":0.1356993737,
        "r":0.0392038601,
        "f":0.0608329434
      },
      "cc:nc":{
        "p":0.0,
        "r":0.0,
        "f":0.0
      },
      "expl":{
        "p":0.0,
        "r":0.0,
        "f":0.0
      },
      "appos":{
        "p":0.0099009901,
        "r":0.0031298905,
        "f":0.0047562426
      },
      "vocative":{
        "p":0.0173913043,
        "r":0.0327868852,
        "f":0.0227272727
      },
      "nmod":{
        "p":0.0011261261,
        "r":0.0224719101,
        "f":0.0021447721
      },
      "case:det":{
        "p":0.0,
        "r":0.0,
        "f":0.0
      },
      "aux:pass":{
        "p":0.0,
        "r":0.0,
        "f":0.0
      },
      "flat":{
        "p":0.0,
        "r":0.0,
        "f":0.0
      },
      "flat:name":{
        "p":0.0,
        "r":0.0,
        "f":0.0
      },
      "fixed":{
        "p":0.0,
        "r":0.0,
        "f":0.0
      },
      "flat:foreign":{
        "p":0.0,
        "r":0.0,
        "f":0.0
      },
      "obl:advmod":{
        "p":0.0,
        "r":0.0,
        "f":0.0
      },
      "csubj":{
        "p":0.0,
        "r":0.0,
        "f":0.0
      },
      "discourse":{
        "p":0.0,
        "r":0.0,
        "f":0.0
      },
      "dislocated":{
        "p":0.0,
        "r":0.0,
        "f":0.0
      }
    }
  },
  "trainable_lemmatizer":{
    "lemma_acc":0.5230724771
  },
  "tagger":{
    "tag_acc":0.0
  },
  "morphologizer":{
    "pos_acc":0.4308275534,
    "morph_acc":0.3337045128,
    "morph_micro_p":0.3568685576,
    "morph_micro_r":0.0346921132,
    "morph_micro_f":0.0632368127,
    "morph_per_feat":{
      "Mood":{
        "p":0.0,
        "r":0.0,
        "f":0.0
      },
      "Number":{
        "p":0.0,
        "r":0.0,
        "f":0.0
      },
      "Person":{
        "p":0.0,
        "r":0.0,
        "f":0.0
      },
      "Tense":{
        "p":0.0444444444,
        "r":0.0045708481,
        "f":0.008289201
      },
      "VerbForm":{
        "p":0.3534532792,
        "r":0.3460227273,
        "f":0.3496985357
      },
      "Voice":{
        "p":0.0,
        "r":0.0,
        "f":0.0
      },
      "Case":{
        "p":0.0,
        "r":0.0,
        "f":0.0
      },
      "Gender":{
        "p":0.0,
        "r":0.0,
        "f":0.0
      },
      "PronType":{
        "p":0.4874923734,
        "r":0.1733376722,
        "f":0.2557413779
      },
      "Definite":{
        "p":0.0434782609,
        "r":0.0002826056,
        "f":0.0005615611
      },
      "Degree":{
        "p":0.0,
        "r":0.0,
        "f":0.0
      },
      "Poss":{
        "p":0.0,
        "r":0.0,
        "f":0.0
      },
      "Foreign":{
        "p":0.0,
        "r":0.0,
        "f":0.0
      },
      "NumType":{
        "p":0.0381679389,
        "r":0.014619883,
        "f":0.021141649
      },
      "Polarity":{
        "p":0.0,
        "r":0.0,
        "f":0.0
      }
    }
  },
  "speed":6630.2140098981
}