{
  "tokenizer":{
    "token_acc":1.0,
    "token_p":0.9963401882,
    "token_r":0.998777079,
    "token_f":0.9975571453
  },
  "transformer":{

  },
  "parser":{
    "sents_p":0.3692848769,
    "sents_r":0.5833333333,
    "sents_f":0.4522613065,
    "dep_uas":0.3165659438,
    "dep_las":0.0804904051,
    "dep_las_per_type":{
      "cc":{
        "p":0.4920634921,
        "r":0.0593869732,
        "f":0.105982906
      },
      "xcomp":{
        "p":0.0208333333,
        "r":0.0184331797,
        "f":0.0195599022
      },
      "root":{
        "p":0.2086752638,
        "r":0.3296296296,
        "f":0.2555635319
      },
      "nsubj":{
        "p":0.0096618357,
        "r":0.0044345898,
        "f":0.0060790274
      },
      "nsubj:pass":{
        "p":0.0,
        "r":0.0,
        "f":0.0
      },
      "advmod":{
        "p":0.0566893424,
        "r":0.0690607735,
        "f":0.0622665006
      },
      "acl":{
        "p":0.0,
        "r":0.0,
        "f":0.0
      },
      "case":{
        "p":0.3405797101,
        "r":0.1868787276,
        "f":0.2413350449
      },
      "obl":{
        "p":0.0901639344,
        "r":0.025,
        "f":0.0391459075
      },
      "cc:nc":{
        "p":0.0,
        "r":0.0,
        "f":0.0
      },
      "dep":{
        "p":0.0,
        "r":0.0,
        "f":0.0
      },
      "case:det":{
        "p":0.0,
        "r":0.0,
        "f":0.0
      },
      "det":{
        "p":0.1263345196,
        "r":0.152360515,
        "f":0.1381322957
      },
      "appos":{
        "p":0.0,
        "r":0.0,
        "f":0.0
      },
      "mark":{
        "p":0.0265151515,
        "r":0.0344827586,
        "f":0.0299785867
      },
      "advcl":{
        "p":0.0,
        "r":0.0,
        "f":0.0
      },
      "amod":{
        "p":0.0064516129,
        "r":0.0243902439,
        "f":0.0102040816
      },
      "flat":{
        "p":0.0,
        "r":0.0,
        "f":0.0
      },
      "obj":{
        "p":0.0306122449,
        "r":0.0165745856,
        "f":0.0215053763
      },
      "conj":{
        "p":0.0654545455,
        "r":0.0527859238,
        "f":0.0584415584
      },
      "nmod":{
        "p":0.0281690141,
        "r":0.0165289256,
        "f":0.0208333333
      },
      "obl:arg":{
        "p":0.0,
        "r":0.0,
        "f":0.0
      },
      "discourse":{
        "p":0.0,
        "r":0.0,
        "f":0.0
      },
      "nummod":{
        "p":0.0,
        "r":0.0,
        "f":0.0
      },
      "ccomp":{
        "p":0.0,
        "r":0.0,
        "f":0.0
      },
      "aux":{
        "p":0.0,
        "r":0.0,
        "f":0.0
      },
      "orphan":{
        "p":0.0,
        "r":0.0,
        "f":0.0
      },
      "vocative":{
        "p":0.0,
        "r":0.0,
        "f":0.0
      },
      "dislocated":{
        "p":0.0,
        "r":0.0,
        "f":0.0
      },
      "cop":{
        "p":0.0,
        "r":0.0,
        "f":0.0
      },
      "iobj":{
        "p":0.0,
        "r":0.0,
        "f":0.0
      },
      "flat:name":{
        "p":0.0,
        "r":0.0,
        "f":0.0
      },
      "advcl:cmp":{
        "p":0.0,
        "r":0.0,
        "f":0.0
      },
      "obl:advmod":{
        "p":0.0,
        "r":0.0,
        "f":0.0
      },
      "expl:pv":{
        "p":0.0,
        "r":0.0,
        "f":0.0
      },
      "expl":{
        "p":0.0,
        "r":0.0,
        "f":0.0
      },
      "parataxis":{
        "p":0.0,
        "r":0.0,
        "f":0.0
      },
      "acl:relcl":{
        "p":0.0,
        "r":0.0,
        "f":0.0
      },
      "obl:agent":{
        "p":0.0,
        "r":0.0,
        "f":0.0
      },
      "csubj:pass":{
        "p":0.0,
        "r":0.0,
        "f":0.0
      },
      "aux:pass":{
        "p":0.0,
        "r":0.0,
        "f":0.0
      },
      "nsubj:outer":{
        "p":0.0,
        "r":0.0,
        "f":0.0
      },
      "csubj":{
        "p":0.0,
        "r":0.0,
        "f":0.0
      }
    }
  },
  "trainable_lemmatizer":{
    "lemma_acc":0.4115542368
  },
  "tagger":{
    "tag_acc":0.0
  },
  "morphologizer":{
    "pos_acc":0.2808027923,
    "morph_acc":0.1837394114,
    "morph_micro_p":0.202,
    "morph_micro_r":0.0171778445,
    "morph_micro_f":0.0316630963,
    "morph_per_feat":{
      "Case":{
        "p":0.0,
        "r":0.0,
        "f":0.0
      },
      "Degree":{
        "p":0.0,
        "r":0.0,
        "f":0.0
      },
      "Gender":{
        "p":0.0,
        "r":0.0,
        "f":0.0
      },
      "Number":{
        "p":0.0,
        "r":0.0,
        "f":0.0
      },
      "Strength":{
        "p":0.0,
        "r":0.0,
        "f":0.0
      },
      "Mood":{
        "p":0.0,
        "r":0.0,
        "f":0.0
      },
      "Person":{
        "p":0.0,
        "r":0.0,
        "f":0.0
      },
      "Tense":{
        "p":0.0909090909,
        "r":0.0030864198,
        "f":0.0059701493
      },
      "VerbForm":{
        "p":0.2736625514,
        "r":0.2052469136,
        "f":0.2345679012
      },
      "Voice":{
        "p":0.0,
        "r":0.0,
        "f":0.0
      },
      "PronType":{
        "p":0.1114982578,
        "r":0.0514469453,
        "f":0.0704070407
      },
      "Polarity":{
        "p":0.0,
        "r":0.0,
        "f":0.0
      },
      "Definite":{
        "p":0.0,
        "r":0.0,
        "f":0.0
      },
      "Poss":{
        "p":0.012987013,
        "r":0.0070921986,
        "f":0.0091743119
      },
      "Aspect":{
        "p":0.0,
        "r":0.0,
        "f":0.0
      },
      "Reflex":{
        "p":0.0,
        "r":0.0,
        "f":0.0
      },
      "NumType":{
        "p":0.0,
        "r":0.0,
        "f":0.0
      }
    }
  },
  "speed":1731.1921389795
}